,flow,layer,key,data
0,WEEE_generatedComplementaryExported,product,WEEE_Cat1,135511.97030558067
1,WEEE_generatedComplementaryExported,product,WEEE_Cat2,123339.6500870779
2,WEEE_generatedComplementaryExported,product,WEEE_Cat3,20937.232031893116
3,WEEE_generatedComplementaryExported,product,WEEE_Cat4a,418518.51673793973
4,WEEE_generatedComplementaryExported,product,WEEE_Cat4b,48473.303733785186
5,WEEE_generatedComplementaryExported,product,WEEE_Cat5,2789496.226482073
6,WEEE_generatedComplementaryExported,product,WEEE_Cat6,86681.8941458569
7,WEEE_generatedComplementaryUndocumented,product,WEEE_Cat1,830010.8181216817
8,WEEE_generatedComplementaryUndocumented,product,WEEE_Cat2,472801.9920004653
9,WEEE_generatedComplementaryUndocumented,product,WEEE_Cat3,25345.07035439693
10,WEEE_generatedComplementaryUndocumented,product,WEEE_Cat4a,1720576.1243670855
11,WEEE_generatedComplementaryUndocumented,product,WEEE_Cat4b,36722.19979832211
12,WEEE_generatedComplementaryUndocumented,product,WEEE_Cat5,1239776.100658699
13,WEEE_generatedComplementaryUndocumented,product,WEEE_Cat6,381400.3342417703
14,WEEE_generatedComplementaryMSW,product,WEEE_Cat1,931644.7958508673
15,WEEE_generatedComplementaryMSW,product,WEEE_Cat2,534471.8170440042
16,WEEE_generatedComplementaryMSW,product,WEEE_Cat3,62811.69609567934
17,WEEE_generatedComplementaryMSW,product,WEEE_Cat4a,1720576.1243670855
18,WEEE_generatedComplementaryMSW,product,WEEE_Cat4b,42597.75176605364
19,WEEE_generatedComplementaryMSW,product,WEEE_Cat5,2117950.8386252774
20,WEEE_generatedComplementaryMSW,product,WEEE_Cat6,43340.94707292845
21,WEEE_wasteBinLandfill,product,WEEE_Cat1,335392.1265063122
22,WEEE_wasteBinLandfill,product,WEEE_Cat2,90860.20889748073
23,WEEE_wasteBinLandfill,product,WEEE_Cat3,18215.391867747006
24,WEEE_wasteBinLandfill,product,WEEE_Cat4a,498967.07606645476
25,WEEE_wasteBinLandfill,product,WEEE_Cat4b,8945.527870871263
26,WEEE_wasteBinLandfill,product,WEEE_Cat5,698923.7767463416
27,WEEE_wasteBinLandfill,product,WEEE_Cat6,16036.150416983526
28,WEEE_wasteBinIncineration,product,WEEE_Cat1,139746.7193776301
29,WEEE_wasteBinIncineration,product,WEEE_Cat2,112239.08157924088
30,WEEE_wasteBinIncineration,product,WEEE_Cat3,21355.97667253098
31,WEEE_wasteBinIncineration,product,WEEE_Cat4a,980728.3908892387
32,WEEE_wasteBinIncineration,product,WEEE_Cat4b,23002.78595366897
33,WEEE_wasteBinIncineration,product,WEEE_Cat5,720103.2851325944
34,WEEE_wasteBinIncineration,product,WEEE_Cat6,17336.378829171383
35,WEEE_generatedComplementaryMetalScrap,product,WEEE_Cat1,355718.92205214925
36,WEEE_generatedComplementaryMetalScrap,product,WEEE_Cat2,328905.73356554104
37,WEEE_generatedComplementaryMetalScrap,product,WEEE_Cat3,16529.3937093893
38,WEEE_generatedComplementaryMetalScrap,product,WEEE_Cat4a,2092592.5836896987
39,WEEE_generatedComplementaryMetalScrap,product,WEEE_Cat4b,80788.83955630864
40,WEEE_generatedComplementaryMetalScrap,product,WEEE_Cat5,2737838.888954627
41,WEEE_generatedComplementaryMetalScrap,product,WEEE_Cat6,424741.28131469875
42,WEEE_collected,product,WEEE_Cat1,948583.7921390649
43,WEEE_collected,product,WEEE_Cat2,185009.47513061683
44,WEEE_collected,product,WEEE_Cat3,18733.31287064121
45,WEEE_collected,product,WEEE_Cat4a,1255555.5502138194
46,WEEE_collected,product,WEEE_Cat4b,54348.85570151672
47,WEEE_collected,product,WEEE_Cat5,568230.7128019037
48,WEEE_collected,product,WEEE_Cat6,277382.06126674206
49,WEEE_generatedDedicated,product,WEEE_Cat1,1693899.6288197585
50,WEEE_generatedDedicated,product,WEEE_Cat2,1027830.4173923158
51,WEEE_generatedDedicated,product,WEEE_Cat3,110195.95806259534
52,WEEE_generatedDedicated,product,WEEE_Cat4a,4650205.741532664
53,WEEE_generatedDedicated,product,WEEE_Cat4b,146888.79919328843
54,WEEE_generatedDedicated,product,WEEE_Cat5,5165733.752744579
55,WEEE_generatedDedicated,product,WEEE_Cat6,866818.9414585689
56,WEEE_categ_mechRec2,product,WEEE_Cat1,464806.0581481418
57,WEEE_categ_mechRec2,product,WEEE_Cat2,16650.852761755516
58,WEEE_categ_mechRec2,product,WEEE_Cat3,5057.994475073127
59,WEEE_categ_mechRec2,product,WEEE_Cat4a,527333.3310898041
60,WEEE_categ_mechRec2,product,WEEE_Cat4b,29891.870635834195
61,WEEE_categ_mechRec2,product,WEEE_Cat5,227292.2851207615
62,WEEE_categ_mechRec2,product,WEEE_Cat6,158107.77492204297
63,WEEE_categ_mechRec1,product,WEEE_Cat1,322518.48932728206
64,WEEE_categ_mechRec1,product,WEEE_Cat2,99905.1165705331
65,WEEE_categ_mechRec1,product,WEEE_Cat3,7493.325148256485
66,WEEE_categ_mechRec1,product,WEEE_Cat4a,175777.77702993472
67,WEEE_categ_mechRec1,product,WEEE_Cat4b,4347.908456121338
68,WEEE_categ_mechRec1,product,WEEE_Cat5,79552.29979226652
69,WEEE_categ_mechRec1,product,WEEE_Cat6,47154.95041534615
0,WEEE_generatedComplementaryExported,component,ComponentShadowWEEE,17173.551412973073
1,WEEE_generatedComplementaryExported,component,ConductivitySensor,28708.016595372366
2,WEEE_generatedComplementaryExported,component,LED,24601.286192333082
3,WEEE_generatedComplementaryExported,component,LidarSensor (&lt;15cm),11580.730044094991
4,WEEE_generatedComplementaryExported,component,MagnetSensor,59945.27741462772
5,WEEE_generatedComplementaryExported,component,PCBWEEECat,29505.153500574652
6,WEEE_generatedComplementaryExported,component,PCBunspecified,19470.18681804221
7,WEEE_generatedComplementaryExported,component,PVBacksheet,30823.022424468647
8,WEEE_generatedComplementaryExported,component,PVEncapsulationEVA,88273.78059517227
9,WEEE_generatedComplementaryExported,component,PVFrameAl,68908.22098378466
10,WEEE_generatedComplementaryExported,component,PVSolarGlass,31637.41199508877
11,WEEE_generatedComplementaryExported,component,PVcellSi,15473.639752491506
12,WEEE_generatedComplementaryExported,component,WEEEEvaporator,22388.968407693195
13,WEEE_generatedComplementaryExported,component,brush,14877.437326175626
14,WEEE_generatedComplementaryExported,component,cableUnspecified,23705.711207802997
15,WEEE_generatedComplementaryExported,component,cableWOPlug,14305.389792503709
16,WEEE_generatedComplementaryExported,component,cableWPlug,20691.429277881558
17,WEEE_generatedComplementaryExported,component,cableWithConnector,7963.004658797225
18,WEEE_generatedComplementaryExported,component,cables,149674.22945565422
19,WEEE_generatedComplementaryExported,component,cablewire,19265.071940382266
20,WEEE_generatedComplementaryExported,component,capElectrolytic,44101.617860253704
21,WEEE_generatedComplementaryExported,component,casingPlasticBased,50227.06128556166
22,WEEE_generatedComplementaryExported,component,casingSteelBased,20932.414255449796
23,WEEE_generatedComplementaryExported,component,casingUnspecified,31820.12053162075
24,WEEE_generatedComplementaryExported,component,coldCathodeLamp,109455.0001914219
25,WEEE_generatedComplementaryExported,component,compContainHazardSubst,17645.309752893416
26,WEEE_generatedComplementaryExported,component,compressor,82498.28562464693
27,WEEE_generatedComplementaryExported,component,condensator,48741.50631287199
28,WEEE_generatedComplementaryExported,component,contactor,8258.535065269276
29,WEEE_generatedComplementaryExported,component,displayCRT,68453.91023430186
30,WEEE_generatedComplementaryExported,component,displayLCD,53055.97107648965
31,WEEE_generatedComplementaryExported,component,displayLCDunder100cm2,29875.495119295872
32,WEEE_generatedComplementaryExported,component,displayOther,61607.75058936226
33,WEEE_generatedComplementaryExported,component,displayPlasma,142958.2210929699
34,WEEE_generatedComplementaryExported,component,driveCDDExt,7252.47017629258
35,WEEE_generatedComplementaryExported,component,driveCDDInt,54345.44308773871
36,WEEE_generatedComplementaryExported,component,driveFDD,28263.91478551838
37,WEEE_generatedComplementaryExported,component,driveHDD,60869.64523352022
38,WEEE_generatedComplementaryExported,component,driveUnspecified,27199.624342514446
39,WEEE_generatedComplementaryExported,component,electricEngine,161612.0792781212
40,WEEE_generatedComplementaryExported,component,filterFoamBased,12721.466685386647
41,WEEE_generatedComplementaryExported,component,fuse,99974.4936778082
42,WEEE_generatedComplementaryExported,component,gear,11795.620312051904
43,WEEE_generatedComplementaryExported,component,heatingCoolingEEEairCondenser,22813.561386676472
44,WEEE_generatedComplementaryExported,component,heatingCoolingEEEfan,42802.08056800769
45,WEEE_generatedComplementaryExported,component,heatingCoolingEEEheatSink,18226.35584645794
46,WEEE_generatedComplementaryExported,component,inductor,17458.20212534827
47,WEEE_generatedComplementaryExported,component,insulation,67757.12963970631
48,WEEE_generatedComplementaryExported,component,keyboard,36705.67161558801
49,WEEE_generatedComplementaryExported,component,knob,60878.35366266722
50,WEEE_generatedComplementaryExported,component,lenseAssembly,3513.530572521161
51,WEEE_generatedComplementaryExported,component,lighting,55941.90042329108
52,WEEE_generatedComplementaryExported,component,lightingFlash,20826.032170813767
53,WEEE_generatedComplementaryExported,component,magnetPermanent,63563.620560024996
54,WEEE_generatedComplementaryExported,component,magnetron,11388.679745887948
55,WEEE_generatedComplementaryExported,component,mainboardInclCPUgpu,123273.18835562655
56,WEEE_generatedComplementaryExported,component,non-electricCoil,35906.703937501996
57,WEEE_generatedComplementaryExported,component,nonElectricCoil,61648.87560650471
58,WEEE_generatedComplementaryExported,component,onOffSwitch,86388.95150170743
59,WEEE_generatedComplementaryExported,component,otherElectricCompUnspecified,56172.5894139603
60,WEEE_generatedComplementaryExported,component,otherNonElectricCompUnspecified,35243.83919007518
61,WEEE_generatedComplementaryExported,component,passiveJunctionBox,29377.7114187002
62,WEEE_generatedComplementaryExported,component,pcbWEEECat,77372.63439361815
63,WEEE_generatedComplementaryExported,component,plug,60517.36004477315
64,WEEE_generatedComplementaryExported,component,powerSupply,31383.854810912067
65,WEEE_generatedComplementaryExported,component,printedCircuitBoard,25586.86647860861
66,WEEE_generatedComplementaryExported,component,pump,22007.588542038564
67,WEEE_generatedComplementaryExported,component,refrigerant,38275.34763758832
68,WEEE_generatedComplementaryExported,component,remoteControl,4900.498285582476
69,WEEE_generatedComplementaryExported,component,resistor,22621.921429459133
70,WEEE_generatedComplementaryExported,component,rotor,58060.868655099905
71,WEEE_generatedComplementaryExported,component,screw,8346.00929457361
72,WEEE_generatedComplementaryExported,component,sensorUnspecified,24166.662155226808
73,WEEE_generatedComplementaryExported,component,shadowComponentWEEE,17528.28634157169
74,WEEE_generatedComplementaryExported,component,solenoidValve,17330.982476380654
75,WEEE_generatedComplementaryExported,component,speakerEEE2,104365.8524551926
76,WEEE_generatedComplementaryExported,component,switch,26345.415986168216
77,WEEE_generatedComplementaryExported,component,tonerCartridge,17540.126605571255
78,WEEE_generatedComplementaryExported,component,transformator,6606.502912861184
79,WEEE_generatedComplementaryExported,component,transmission,101346.10767769447
80,WEEE_generatedComplementaryExported,component,transmitter,33334.04981578853
81,WEEE_generatedComplementaryExported,component,wheel,142797.40341714534
82,WEEE_generatedComplementaryUndocumented,component,ComponentShadowWEEE,47653.320019164734
83,WEEE_generatedComplementaryUndocumented,component,ConductivitySensor,67795.08930033482
84,WEEE_generatedComplementaryUndocumented,component,LED,33503.749217284785
85,WEEE_generatedComplementaryUndocumented,component,LidarSensor (&lt;15cm),41499.91409664283
86,WEEE_generatedComplementaryUndocumented,component,MagnetSensor,144431.94450610838
87,WEEE_generatedComplementaryUndocumented,component,PCBWEEECat,25897.29399409945
88,WEEE_generatedComplementaryUndocumented,component,PCBunspecified,47598.89659022864
89,WEEE_generatedComplementaryUndocumented,component,PVBacksheet,62909.74294006123
90,WEEE_generatedComplementaryUndocumented,component,PVEncapsulationEVA,84811.97034123958
91,WEEE_generatedComplementaryUndocumented,component,PVFrameAl,60727.698675959036
92,WEEE_generatedComplementaryUndocumented,component,PVSolarGlass,40002.833112470835
93,WEEE_generatedComplementaryUndocumented,component,PVcellSi,50824.86245084473
94,WEEE_generatedComplementaryUndocumented,component,WEEEEvaporator,28662.904413493343
95,WEEE_generatedComplementaryUndocumented,component,brush,35967.873224164396
96,WEEE_generatedComplementaryUndocumented,component,cableUnspecified,93384.19642522672
97,WEEE_generatedComplementaryUndocumented,component,cableWOPlug,16591.825697082622
98,WEEE_generatedComplementaryUndocumented,component,cableWPlug,37794.343446113395
99,WEEE_generatedComplementaryUndocumented,component,cableWithConnector,25533.402162702234
100,WEEE_generatedComplementaryUndocumented,component,cables,86954.75415091915
101,WEEE_generatedComplementaryUndocumented,component,cablewire,62446.99719220196
102,WEEE_generatedComplementaryUndocumented,component,capElectrolytic,46805.03167940442
103,WEEE_generatedComplementaryUndocumented,component,casingPlasticBased,52030.096134292275
104,WEEE_generatedComplementaryUndocumented,component,casingSteelBased,35168.20772690903
105,WEEE_generatedComplementaryUndocumented,component,casingUnspecified,74985.0658359626
106,WEEE_generatedComplementaryUndocumented,component,coldCathodeLamp,103061.26813933061
107,WEEE_generatedComplementaryUndocumented,component,compContainHazardSubst,39242.00799347047
108,WEEE_generatedComplementaryUndocumented,component,compressor,101521.4715809243
109,WEEE_generatedComplementaryUndocumented,component,condensator,66211.8792310164
110,WEEE_generatedComplementaryUndocumented,component,contactor,11571.471760315782
111,WEEE_generatedComplementaryUndocumented,component,displayCRT,74296.90716687072
112,WEEE_generatedComplementaryUndocumented,component,displayLCD,37075.943785774674
113,WEEE_generatedComplementaryUndocumented,component,displayLCDunder100cm2,44355.00614676448
114,WEEE_generatedComplementaryUndocumented,component,displayOther,57245.40411665474
115,WEEE_generatedComplementaryUndocumented,component,displayPlasma,94609.20792164175
116,WEEE_generatedComplementaryUndocumented,component,driveCDDExt,20650.28248906289
117,WEEE_generatedComplementaryUndocumented,component,driveCDDInt,61049.37328858943
118,WEEE_generatedComplementaryUndocumented,component,driveFDD,46233.60791226219
119,WEEE_generatedComplementaryUndocumented,component,driveHDD,70584.04759500857
120,WEEE_generatedComplementaryUndocumented,component,driveUnspecified,90205.63626189472
121,WEEE_generatedComplementaryUndocumented,component,electricEngine,158889.74121435184
122,WEEE_generatedComplementaryUndocumented,component,filterFoamBased,24024.73718709743
123,WEEE_generatedComplementaryUndocumented,component,fuse,64925.827028982676
124,WEEE_generatedComplementaryUndocumented,component,gear,22706.395528868463
125,WEEE_generatedComplementaryUndocumented,component,heatingCoolingEEEairCondenser,51699.25798678961
126,WEEE_generatedComplementaryUndocumented,component,heatingCoolingEEEfan,44755.73000015903
127,WEEE_generatedComplementaryUndocumented,component,heatingCoolingEEEheatSink,49292.792775985494
128,WEEE_generatedComplementaryUndocumented,component,inductor,32063.364535615656
129,WEEE_generatedComplementaryUndocumented,component,insulation,54535.997568340055
130,WEEE_generatedComplementaryUndocumented,component,keyboard,41934.694973866775
131,WEEE_generatedComplementaryUndocumented,component,knob,68368.3921128375
132,WEEE_generatedComplementaryUndocumented,component,lenseAssembly,8137.619451208912
133,WEEE_generatedComplementaryUndocumented,component,lighting,93880.3088935564
134,WEEE_generatedComplementaryUndocumented,component,lightingFlash,56066.39946284346
135,WEEE_generatedComplementaryUndocumented,component,magnetPermanent,85262.43784176304
136,WEEE_generatedComplementaryUndocumented,component,magnetron,36769.0244457963
137,WEEE_generatedComplementaryUndocumented,component,mainboardInclCPUgpu,72650.9962102273
138,WEEE_generatedComplementaryUndocumented,component,non-electricCoil,61043.9949632905
139,WEEE_generatedComplementaryUndocumented,component,nonElectricCoil,95375.0191582518
140,WEEE_generatedComplementaryUndocumented,component,onOffSwitch,76202.00124620083
141,WEEE_generatedComplementaryUndocumented,component,otherElectricCompUnspecified,51089.67166878203
142,WEEE_generatedComplementaryUndocumented,component,otherNonElectricCompUnspecified,29588.06232582944
143,WEEE_generatedComplementaryUndocumented,component,passiveJunctionBox,64602.954218964005
144,WEEE_generatedComplementaryUndocumented,component,pcbWEEECat,84607.87746407177
145,WEEE_generatedComplementaryUndocumented,component,plug,57343.4087814095
146,WEEE_generatedComplementaryUndocumented,component,powerSupply,38068.941324109466
147,WEEE_generatedComplementaryUndocumented,component,printedCircuitBoard,58213.76646584809
148,WEEE_generatedComplementaryUndocumented,component,pump,33810.800626101045
149,WEEE_generatedComplementaryUndocumented,component,refrigerant,96115.52884077147
150,WEEE_generatedComplementaryUndocumented,component,remoteControl,10272.710506514233
151,WEEE_generatedComplementaryUndocumented,component,resistor,38475.13480610396
152,WEEE_generatedComplementaryUndocumented,component,rotor,86401.91162229874
153,WEEE_generatedComplementaryUndocumented,component,screw,30100.022578769698
154,WEEE_generatedComplementaryUndocumented,component,sensorUnspecified,83826.31547925452
155,WEEE_generatedComplementaryUndocumented,component,shadowComponentWEEE,50749.59350270881
156,WEEE_generatedComplementaryUndocumented,component,solenoidValve,21085.164591923414
157,WEEE_generatedComplementaryUndocumented,component,speakerEEE2,93012.48289931907
158,WEEE_generatedComplementaryUndocumented,component,switch,43200.40811756543
159,WEEE_generatedComplementaryUndocumented,component,tonerCartridge,41615.949755757036
160,WEEE_generatedComplementaryUndocumented,component,transformator,13626.128177210643
161,WEEE_generatedComplementaryUndocumented,component,transmission,85094.02583456667
162,WEEE_generatedComplementaryUndocumented,component,transmitter,84962.29392667042
163,WEEE_generatedComplementaryUndocumented,component,wheel,90289.22471933393
164,WEEE_2RM_mechRec1Smelter_other,component,ComponentShadowWEEE,1632.6854757384338
165,WEEE_2RM_mechRec1Smelter_other,component,ConductivitySensor,348.9959910022902
166,WEEE_2RM_mechRec1Smelter_other,component,LED,40.88678900895018
167,WEEE_2RM_mechRec1Smelter_other,component,LidarSensor (&lt;15cm),441.1637526680382
168,WEEE_2RM_mechRec1Smelter_other,component,MagnetSensor,209.80443964851236
169,WEEE_2RM_mechRec1Smelter_other,component,PCBWEEECat,15.192501280062197
170,WEEE_2RM_mechRec1Smelter_other,component,PCBunspecified,10.723317171675758
171,WEEE_2RM_mechRec1Smelter_other,component,PVBacksheet,1599.154459813982
172,WEEE_2RM_mechRec1Smelter_other,component,PVEncapsulationEVA,695.0817793580949
173,WEEE_2RM_mechRec1Smelter_other,component,PVFrameAl,80.04578290998107
174,WEEE_2RM_mechRec1Smelter_other,component,PVSolarGlass,611.164468353711
175,WEEE_2RM_mechRec1Smelter_other,component,PVcellSi,57.01689472612539
176,WEEE_2RM_mechRec1Smelter_other,component,WEEEEvaporator,36.70586462322938
177,WEEE_2RM_mechRec1Smelter_other,component,brush,18.537343055599113
178,WEEE_2RM_mechRec1Smelter_other,component,cableUnspecified,1705.2741648701012
179,WEEE_2RM_mechRec1Smelter_other,component,cableWOPlug,168.64993189621924
180,WEEE_2RM_mechRec1Smelter_other,component,cableWPlug,525.4907781035591
181,WEEE_2RM_mechRec1Smelter_other,component,cableWithConnector,593.2871627568251
182,WEEE_2RM_mechRec1Smelter_other,component,cables,1068.3144932222626
183,WEEE_2RM_mechRec1Smelter_other,component,cablewire,7.590416503897391
184,WEEE_2RM_mechRec1Smelter_other,component,capElectrolytic,16.45166755410103
185,WEEE_2RM_mechRec1Smelter_other,component,casingPlasticBased,717.9167212922025
186,WEEE_2RM_mechRec1Smelter_other,component,casingSteelBased,12.519449346642432
187,WEEE_2RM_mechRec1Smelter_other,component,casingUnspecified,150.79317546419486
188,WEEE_2RM_mechRec1Smelter_other,component,coldCathodeLamp,488.9531326188938
189,WEEE_2RM_mechRec1Smelter_other,component,compContainHazardSubst,157.32626409520935
190,WEEE_2RM_mechRec1Smelter_other,component,compressor,89.90675558454365
191,WEEE_2RM_mechRec1Smelter_other,component,condensator,16.140945910755235
192,WEEE_2RM_mechRec1Smelter_other,component,contactor,179.55846785890836
193,WEEE_2RM_mechRec1Smelter_other,component,displayCRT,71.87374905402478
194,WEEE_2RM_mechRec1Smelter_other,component,displayLCD,0.1647470069675998
195,WEEE_2RM_mechRec1Smelter_other,component,displayLCDunder100cm2,499.24523737867315
196,WEEE_2RM_mechRec1Smelter_other,component,displayOther,796.6872268733722
197,WEEE_2RM_mechRec1Smelter_other,component,displayPlasma,23.836283555435507
198,WEEE_2RM_mechRec1Smelter_other,component,driveCDDExt,1.0368477742371744
199,WEEE_2RM_mechRec1Smelter_other,component,driveCDDInt,1317.6572632823454
200,WEEE_2RM_mechRec1Smelter_other,component,driveFDD,6.686203682631491
201,WEEE_2RM_mechRec1Smelter_other,component,driveHDD,965.4621298920273
202,WEEE_2RM_mechRec1Smelter_other,component,driveUnspecified,3007.810717742256
203,WEEE_2RM_mechRec1Smelter_other,component,electricEngine,2335.0123627831163
204,WEEE_2RM_mechRec1Smelter_other,component,filterFoamBased,6.8617397017561075
205,WEEE_2RM_mechRec1Smelter_other,component,fuse,43.76754705141847
206,WEEE_2RM_mechRec1Smelter_other,component,gear,159.9369253581593
207,WEEE_2RM_mechRec1Smelter_other,component,heatingCoolingEEEairCondenser,107.15035028028815
208,WEEE_2RM_mechRec1Smelter_other,component,heatingCoolingEEEfan,55.910477211533724
209,WEEE_2RM_mechRec1Smelter_other,component,heatingCoolingEEEheatSink,381.49610473041935
210,WEEE_2RM_mechRec1Smelter_other,component,inductor,38.15014082873297
211,WEEE_2RM_mechRec1Smelter_other,component,insulation,36.2989985819699
212,WEEE_2RM_mechRec1Smelter_other,component,keyboard,70.65592347723005
213,WEEE_2RM_mechRec1Smelter_other,component,knob,589.6022389399249
214,WEEE_2RM_mechRec1Smelter_other,component,lenseAssembly,59.38716417439073
215,WEEE_2RM_mechRec1Smelter_other,component,lighting,45.18920727913702
216,WEEE_2RM_mechRec1Smelter_other,component,lightingFlash,168.45474310750916
217,WEEE_2RM_mechRec1Smelter_other,component,magnetPermanent,612.6558350044716
218,WEEE_2RM_mechRec1Smelter_other,component,magnetron,5.924322023782006
219,WEEE_2RM_mechRec1Smelter_other,component,mainboardInclCPUgpu,1.3383675349682196
220,WEEE_2RM_mechRec1Smelter_other,component,non-electricCoil,339.2124294994096
221,WEEE_2RM_mechRec1Smelter_other,component,nonElectricCoil,62.880449612132175
222,WEEE_2RM_mechRec1Smelter_other,component,onOffSwitch,481.6845977164001
223,WEEE_2RM_mechRec1Smelter_other,component,otherElectricCompUnspecified,908.6297654119161
224,WEEE_2RM_mechRec1Smelter_other,component,otherNonElectricCompUnspecified,115.87725071260834
225,WEEE_2RM_mechRec1Smelter_other,component,passiveJunctionBox,20.244388573693367
226,WEEE_2RM_mechRec1Smelter_other,component,plug,85.98324274447907
227,WEEE_2RM_mechRec1Smelter_other,component,powerSupply,450.07913441063255
228,WEEE_2RM_mechRec1Smelter_other,component,printedCircuitBoard,410.70125110352336
229,WEEE_2RM_mechRec1Smelter_other,component,pump,333.66049289684963
230,WEEE_2RM_mechRec1Smelter_other,component,refrigerant,1471.1468965165107
231,WEEE_2RM_mechRec1Smelter_other,component,remoteControl,29.80541012045688
232,WEEE_2RM_mechRec1Smelter_other,component,resistor,23.7541555571775
233,WEEE_2RM_mechRec1Smelter_other,component,rotor,86.80386427481658
234,WEEE_2RM_mechRec1Smelter_other,component,screw,641.1303619009873
235,WEEE_2RM_mechRec1Smelter_other,component,sensorUnspecified,400.1239625685124
236,WEEE_2RM_mechRec1Smelter_other,component,shadowComponentWEEE,110.92619483505369
237,WEEE_2RM_mechRec1Smelter_other,component,solenoidValve,43.54547604817978
238,WEEE_2RM_mechRec1Smelter_other,component,speakerEEE2,1207.84826353458
239,WEEE_2RM_mechRec1Smelter_other,component,switch,44.288684031559754
240,WEEE_2RM_mechRec1Smelter_other,component,tonerCartridge,1.574802993721742
241,WEEE_2RM_mechRec1Smelter_other,component,transformator,88.57478960031226
242,WEEE_2RM_mechRec1Smelter_other,component,transmission,1112.592838237126
243,WEEE_2RM_mechRec1Smelter_other,component,transmitter,35.34796689765598
244,WEEE_2RM_mechRec1Smelter_other,component,wheel,52.01411882526818
245,WEEE_generatedComplementaryMSW,component,ComponentShadowWEEE,44168.113040702956
246,WEEE_generatedComplementaryMSW,component,ConductivitySensor,69782.05044956383
247,WEEE_generatedComplementaryMSW,component,LED,37757.060313909096
248,WEEE_generatedComplementaryMSW,component,LidarSensor (&lt;15cm),44906.51351778804
249,WEEE_generatedComplementaryMSW,component,MagnetSensor,152485.76545081346
250,WEEE_generatedComplementaryMSW,component,PCBWEEECat,34960.65277661705
251,WEEE_generatedComplementaryMSW,component,PCBunspecified,45326.23336478033
252,WEEE_generatedComplementaryMSW,component,PVBacksheet,70126.39259011282
253,WEEE_generatedComplementaryMSW,component,PVEncapsulationEVA,100824.41377204441
254,WEEE_generatedComplementaryMSW,component,PVFrameAl,79021.03917323617
255,WEEE_generatedComplementaryMSW,component,PVSolarGlass,47404.03442667838
256,WEEE_generatedComplementaryMSW,component,PVcellSi,52233.85266310908
257,WEEE_generatedComplementaryMSW,component,WEEEEvaporator,34760.600610609654
258,WEEE_generatedComplementaryMSW,component,brush,33356.73285802657
259,WEEE_generatedComplementaryMSW,component,cableUnspecified,83997.12674170322
260,WEEE_generatedComplementaryMSW,component,cableWOPlug,16553.54743101958
261,WEEE_generatedComplementaryMSW,component,cableWPlug,40909.967735077305
262,WEEE_generatedComplementaryMSW,component,cableWithConnector,21765.925076468844
263,WEEE_generatedComplementaryMSW,component,cables,130628.57716491258
264,WEEE_generatedComplementaryMSW,component,cablewire,65137.32855510118
265,WEEE_generatedComplementaryMSW,component,capElectrolytic,53869.96776010792
266,WEEE_generatedComplementaryMSW,component,casingPlasticBased,66550.26447291044
267,WEEE_generatedComplementaryMSW,component,casingSteelBased,43112.51233186432
268,WEEE_generatedComplementaryMSW,component,casingUnspecified,76337.34284465796
269,WEEE_generatedComplementaryMSW,component,coldCathodeLamp,129715.71331950776
270,WEEE_generatedComplementaryMSW,component,compContainHazardSubst,43000.07265342399
271,WEEE_generatedComplementaryMSW,component,compressor,120079.41748333299
272,WEEE_generatedComplementaryMSW,component,condensator,74575.64891531358
273,WEEE_generatedComplementaryMSW,component,contactor,7811.200367425148
274,WEEE_generatedComplementaryMSW,component,displayCRT,92818.15493355792
275,WEEE_generatedComplementaryMSW,component,displayLCD,50315.716082490406
276,WEEE_generatedComplementaryMSW,component,displayLCDunder100cm2,49586.86702303019
277,WEEE_generatedComplementaryMSW,component,displayOther,72508.85188510004
278,WEEE_generatedComplementaryMSW,component,displayPlasma,124503.86091365428
279,WEEE_generatedComplementaryMSW,component,driveCDDExt,14062.49788929892
280,WEEE_generatedComplementaryMSW,component,driveCDDInt,72506.33828100364
281,WEEE_generatedComplementaryMSW,component,driveFDD,54622.196148315445
282,WEEE_generatedComplementaryMSW,component,driveHDD,86184.49702291546
283,WEEE_generatedComplementaryMSW,component,driveUnspecified,91997.47286709772
284,WEEE_generatedComplementaryMSW,component,electricEngine,203290.93773353568
285,WEEE_generatedComplementaryMSW,component,filterFoamBased,27784.27113249272
286,WEEE_generatedComplementaryMSW,component,fuse,96628.18970745095
287,WEEE_generatedComplementaryMSW,component,gear,23051.711666355124
288,WEEE_generatedComplementaryMSW,component,heatingCoolingEEEairCondenser,51867.59199977077
289,WEEE_generatedComplementaryMSW,component,heatingCoolingEEEfan,61247.749067389734
290,WEEE_generatedComplementaryMSW,component,heatingCoolingEEEheatSink,53355.82462181233
291,WEEE_generatedComplementaryMSW,component,inductor,36078.78472939558
292,WEEE_generatedComplementaryMSW,component,insulation,75956.73839514631
293,WEEE_generatedComplementaryMSW,component,keyboard,41030.56983491127
294,WEEE_generatedComplementaryMSW,component,knob,86160.1991505967
295,WEEE_generatedComplementaryMSW,component,lenseAssembly,8477.066691565256
296,WEEE_generatedComplementaryMSW,component,lighting,100146.01137214577
297,WEEE_generatedComplementaryMSW,component,lightingFlash,58626.58566504078
298,WEEE_generatedComplementaryMSW,component,magnetPermanent,91513.16300512326
299,WEEE_generatedComplementaryMSW,component,magnetron,39526.72490254107
300,WEEE_generatedComplementaryMSW,component,mainboardInclCPUgpu,109541.17203356313
301,WEEE_generatedComplementaryMSW,component,non-electricCoil,68474.48717415071
302,WEEE_generatedComplementaryMSW,component,nonElectricCoil,110181.3485053468
303,WEEE_generatedComplementaryMSW,component,onOffSwitch,94084.3586660647
304,WEEE_generatedComplementaryMSW,component,otherElectricCompUnspecified,67662.8284319788
305,WEEE_generatedComplementaryMSW,component,otherNonElectricCompUnspecified,39416.38532964278
306,WEEE_generatedComplementaryMSW,component,passiveJunctionBox,64992.632178691936
307,WEEE_generatedComplementaryMSW,component,pcbWEEECat,100030.20690330908
308,WEEE_generatedComplementaryMSW,component,plug,69367.14204406909
309,WEEE_generatedComplementaryMSW,component,powerSupply,46766.79326440069
310,WEEE_generatedComplementaryMSW,component,printedCircuitBoard,59115.572049167175
311,WEEE_generatedComplementaryMSW,component,pump,38377.82220767119
312,WEEE_generatedComplementaryMSW,component,refrigerant,98128.01272871504
313,WEEE_generatedComplementaryMSW,component,remoteControl,9916.347891490244
314,WEEE_generatedComplementaryMSW,component,resistor,43621.65065415485
315,WEEE_generatedComplementaryMSW,component,rotor,98805.2331977776
316,WEEE_generatedComplementaryMSW,component,screw,25143.40477925998
317,WEEE_generatedComplementaryMSW,component,sensorUnspecified,84363.04947839538
318,WEEE_generatedComplementaryMSW,component,shadowComponentWEEE,53078.63840495139
319,WEEE_generatedComplementaryMSW,component,solenoidValve,25818.711516379724
320,WEEE_generatedComplementaryMSW,component,speakerEEE2,127686.98949006338
321,WEEE_generatedComplementaryMSW,component,switch,46397.82400902121
322,WEEE_generatedComplementaryMSW,component,tonerCartridge,41207.57547787956
323,WEEE_generatedComplementaryMSW,component,transformator,13520.473007806304
324,WEEE_generatedComplementaryMSW,component,transmission,109870.5465722994
325,WEEE_generatedComplementaryMSW,component,transmitter,90920.39992507377
326,WEEE_generatedComplementaryMSW,component,wheel,131897.72431800296
327,WEEE_wasteBinLandfill,component,ComponentShadowWEEE,12150.345696831308
328,WEEE_wasteBinLandfill,component,ConductivitySensor,21900.30369291164
329,WEEE_wasteBinLandfill,component,LED,12042.048321151453
330,WEEE_wasteBinLandfill,component,LidarSensor (&lt;15cm),10403.677337804407
331,WEEE_wasteBinLandfill,component,MagnetSensor,46245.14842906119
332,WEEE_wasteBinLandfill,component,PCBWEEECat,11367.592982846147
333,WEEE_wasteBinLandfill,component,PCBunspecified,14745.625356221182
334,WEEE_wasteBinLandfill,component,PVBacksheet,21310.234116294578
335,WEEE_wasteBinLandfill,component,PVEncapsulationEVA,30679.188296324268
336,WEEE_wasteBinLandfill,component,PVFrameAl,25583.151768560503
337,WEEE_wasteBinLandfill,component,PVSolarGlass,14312.14791404453
338,WEEE_wasteBinLandfill,component,PVcellSi,17120.97593060417
339,WEEE_wasteBinLandfill,component,WEEEEvaporator,11051.976360393284
340,WEEE_wasteBinLandfill,component,brush,9226.624870043692
341,WEEE_wasteBinLandfill,component,cableUnspecified,25296.321981348876
342,WEEE_wasteBinLandfill,component,cableWOPlug,4878.675129611652
343,WEEE_wasteBinLandfill,component,cableWPlug,12192.327943472734
344,WEEE_wasteBinLandfill,component,cableWithConnector,6511.298750726938
345,WEEE_wasteBinLandfill,component,cables,42853.967093115134
346,WEEE_wasteBinLandfill,component,cablewire,18932.458147252568
347,WEEE_wasteBinLandfill,component,capElectrolytic,17188.498452542844
348,WEEE_wasteBinLandfill,component,casingPlasticBased,20568.37087941952
349,WEEE_wasteBinLandfill,component,casingSteelBased,14213.385926877705
350,WEEE_wasteBinLandfill,component,casingUnspecified,22146.634514085144
351,WEEE_wasteBinLandfill,component,coldCathodeLamp,42648.69607292321
352,WEEE_wasteBinLandfill,component,compContainHazardSubst,13800.934203517923
353,WEEE_wasteBinLandfill,component,compressor,37505.59016717417
354,WEEE_wasteBinLandfill,component,condensator,23077.27360017861
355,WEEE_wasteBinLandfill,component,contactor,2487.469479184351
356,WEEE_wasteBinLandfill,component,displayCRT,27918.079860883216
357,WEEE_wasteBinLandfill,component,displayLCD,16836.366596402346
358,WEEE_wasteBinLandfill,component,displayLCDunder100cm2,15647.593692345832
359,WEEE_wasteBinLandfill,component,displayOther,21473.130389056238
360,WEEE_wasteBinLandfill,component,displayPlasma,39736.03233108758
361,WEEE_wasteBinLandfill,component,driveCDDExt,3229.042427810537
362,WEEE_wasteBinLandfill,component,driveCDDInt,22841.277339882818
363,WEEE_wasteBinLandfill,component,driveFDD,17646.691587873018
364,WEEE_wasteBinLandfill,component,driveHDD,24754.974558989517
365,WEEE_wasteBinLandfill,component,driveUnspecified,27380.468289372595
366,WEEE_wasteBinLandfill,component,electricEngine,63219.73964259083
367,WEEE_wasteBinLandfill,component,filterFoamBased,9426.36868999031
368,WEEE_wasteBinLandfill,component,fuse,31729.93527498034
369,WEEE_wasteBinLandfill,component,gear,5996.113860578931
370,WEEE_wasteBinLandfill,component,heatingCoolingEEEairCondenser,15360.16624425335
371,WEEE_wasteBinLandfill,component,heatingCoolingEEEfan,19379.3097392841
372,WEEE_wasteBinLandfill,component,heatingCoolingEEEheatSink,16666.726252185945
373,WEEE_wasteBinLandfill,component,inductor,10309.618758688082
374,WEEE_wasteBinLandfill,component,insulation,21931.999560156157
375,WEEE_wasteBinLandfill,component,keyboard,11738.591722985197
376,WEEE_wasteBinLandfill,component,knob,27881.00937213874
377,WEEE_wasteBinLandfill,component,lenseAssembly,1975.0627959285716
378,WEEE_wasteBinLandfill,component,lighting,30691.74891226454
379,WEEE_wasteBinLandfill,component,lightingFlash,19368.691477785058
380,WEEE_wasteBinLandfill,component,magnetPermanent,28265.513607811565
381,WEEE_wasteBinLandfill,component,magnetron,10970.605441820971
382,WEEE_wasteBinLandfill,component,mainboardInclCPUgpu,35124.58252685528
383,WEEE_wasteBinLandfill,component,non-electricCoil,20048.778663131758
384,WEEE_wasteBinLandfill,component,nonElectricCoil,34066.2555460788
385,WEEE_wasteBinLandfill,component,onOffSwitch,29180.218466422666
386,WEEE_wasteBinLandfill,component,otherElectricCompUnspecified,20185.1418466159
387,WEEE_wasteBinLandfill,component,otherNonElectricCompUnspecified,11314.151371449896
388,WEEE_wasteBinLandfill,component,passiveJunctionBox,19350.917513600674
389,WEEE_wasteBinLandfill,component,pcbWEEECat,30431.58526041449
390,WEEE_wasteBinLandfill,component,plug,23006.0008684329
391,WEEE_wasteBinLandfill,component,powerSupply,14444.056772387119
392,WEEE_wasteBinLandfill,component,printedCircuitBoard,17972.01891221123
393,WEEE_wasteBinLandfill,component,pump,11222.169680951873
394,WEEE_wasteBinLandfill,component,refrigerant,29018.793121045397
395,WEEE_wasteBinLandfill,component,remoteControl,2730.3571900282345
396,WEEE_wasteBinLandfill,component,resistor,12260.040932756798
397,WEEE_wasteBinLandfill,component,rotor,29239.72432564383
398,WEEE_wasteBinLandfill,component,screw,6346.1871009171045
399,WEEE_wasteBinLandfill,component,sensorUnspecified,20237.070781260645
400,WEEE_wasteBinLandfill,component,shadowComponentWEEE,15901.576015806848
401,WEEE_wasteBinLandfill,component,solenoidValve,6794.220929482657
402,WEEE_wasteBinLandfill,component,speakerEEE2,40830.22772535811
403,WEEE_wasteBinLandfill,component,switch,13499.887171770803
404,WEEE_wasteBinLandfill,component,tonerCartridge,12642.477486627904
405,WEEE_wasteBinLandfill,component,transformator,4365.987566663193
406,WEEE_wasteBinLandfill,component,transmission,33901.835356772004
407,WEEE_wasteBinLandfill,component,transmitter,26908.358790452865
408,WEEE_wasteBinLandfill,component,wheel,41501.83460737798
409,WEEE_wasteBinIncineration,component,ComponentShadowWEEE,15945.115230331812
410,WEEE_wasteBinIncineration,component,ConductivitySensor,24787.958519414835
411,WEEE_wasteBinIncineration,component,LED,12271.292415076996
412,WEEE_wasteBinIncineration,component,LidarSensor (&lt;15cm),16317.632524059067
413,WEEE_wasteBinIncineration,component,MagnetSensor,73738.24869495489
414,WEEE_wasteBinIncineration,component,PCBWEEECat,10164.362456242288
415,WEEE_wasteBinIncineration,component,PCBunspecified,13568.584048128012
416,WEEE_wasteBinIncineration,component,PVBacksheet,24658.520365725715
417,WEEE_wasteBinIncineration,component,PVEncapsulationEVA,39706.16941184559
418,WEEE_wasteBinIncineration,component,PVFrameAl,25404.379771199143
419,WEEE_wasteBinIncineration,component,PVSolarGlass,20556.363909807966
420,WEEE_wasteBinIncineration,component,PVcellSi,15651.792357946102
421,WEEE_wasteBinIncineration,component,WEEEEvaporator,9360.348771927976
422,WEEE_wasteBinIncineration,component,brush,12012.031750282551
423,WEEE_wasteBinIncineration,component,cableUnspecified,41379.936579884685
424,WEEE_wasteBinIncineration,component,cableWOPlug,6614.378166323311
425,WEEE_wasteBinIncineration,component,cableWPlug,12206.808871664438
426,WEEE_wasteBinIncineration,component,cableWithConnector,8620.738615301429
427,WEEE_wasteBinIncineration,component,cables,43273.08105485454
428,WEEE_wasteBinIncineration,component,cablewire,29023.709206064414
429,WEEE_wasteBinIncineration,component,capElectrolytic,21430.2109593047
430,WEEE_wasteBinIncineration,component,casingPlasticBased,19674.01819535674
431,WEEE_wasteBinIncineration,component,casingSteelBased,10648.099709180922
432,WEEE_wasteBinIncineration,component,casingUnspecified,38174.14917460991
433,WEEE_wasteBinIncineration,component,coldCathodeLamp,38047.82792885798
434,WEEE_wasteBinIncineration,component,compContainHazardSubst,12368.164344416313
435,WEEE_wasteBinIncineration,component,compressor,51184.60354065105
436,WEEE_wasteBinIncineration,component,condensator,32392.238122233884
437,WEEE_wasteBinIncineration,component,contactor,2641.2888379768146
438,WEEE_wasteBinIncineration,component,displayCRT,38080.072565944814
439,WEEE_wasteBinIncineration,component,displayLCD,15494.116385044052
440,WEEE_wasteBinIncineration,component,displayLCDunder100cm2,17080.774322714413
441,WEEE_wasteBinIncineration,component,displayOther,25929.956194283153
442,WEEE_wasteBinIncineration,component,displayPlasma,40575.442292433254
443,WEEE_wasteBinIncineration,component,driveCDDExt,4342.960123300077
444,WEEE_wasteBinIncineration,component,driveCDDInt,23897.35559341536
445,WEEE_wasteBinIncineration,component,driveFDD,19042.259111634357
446,WEEE_wasteBinIncineration,component,driveHDD,31331.755653720444
447,WEEE_wasteBinIncineration,component,driveUnspecified,41220.37535683178
448,WEEE_wasteBinIncineration,component,electricEngine,82179.41202164581
449,WEEE_wasteBinIncineration,component,filterFoamBased,6986.162084176383
450,WEEE_wasteBinIncineration,component,fuse,30120.95743187091
451,WEEE_wasteBinIncineration,component,gear,8359.725987042824
452,WEEE_wasteBinIncineration,component,heatingCoolingEEEairCondenser,26909.288842718684
453,WEEE_wasteBinIncineration,component,heatingCoolingEEEfan,19936.176890998362
454,WEEE_wasteBinIncineration,component,heatingCoolingEEEheatSink,13189.487514511424
455,WEEE_wasteBinIncineration,component,inductor,16055.485057544329
456,WEEE_wasteBinIncineration,component,insulation,23318.09826484453
457,WEEE_wasteBinIncineration,component,keyboard,14311.32009761511
458,WEEE_wasteBinIncineration,component,knob,26024.703746537187
459,WEEE_wasteBinIncineration,component,lenseAssembly,2181.158560729354
460,WEEE_wasteBinIncineration,component,lighting,46358.70247088549
461,WEEE_wasteBinIncineration,component,lightingFlash,18235.78795688799
462,WEEE_wasteBinIncineration,component,magnetPermanent,32193.006062186123
463,WEEE_wasteBinIncineration,component,magnetron,14730.104607888565
464,WEEE_wasteBinIncineration,component,mainboardInclCPUgpu,36400.08936696176
465,WEEE_wasteBinIncineration,component,non-electricCoil,32036.591707326068
466,WEEE_wasteBinIncineration,component,nonElectricCoil,48101.54503179905
467,WEEE_wasteBinIncineration,component,onOffSwitch,30706.62319180408
468,WEEE_wasteBinIncineration,component,otherElectricCompUnspecified,26597.09604232071
469,WEEE_wasteBinIncineration,component,otherNonElectricCompUnspecified,11679.556311805705
470,WEEE_wasteBinIncineration,component,passiveJunctionBox,31985.326390746806
471,WEEE_wasteBinIncineration,component,pcbWEEECat,36257.639967668925
472,WEEE_wasteBinIncineration,component,plug,19239.53750340907
473,WEEE_wasteBinIncineration,component,powerSupply,20313.20340583212
474,WEEE_wasteBinIncineration,component,printedCircuitBoard,12752.883628838053
475,WEEE_wasteBinIncineration,component,pump,16576.73042955343
476,WEEE_wasteBinIncineration,component,refrigerant,45676.5854731544
477,WEEE_wasteBinIncineration,component,remoteControl,3045.5651862023446
478,WEEE_wasteBinIncineration,component,resistor,10506.904366723164
479,WEEE_wasteBinIncineration,component,rotor,33216.329520132065
480,WEEE_wasteBinIncineration,component,screw,8450.007004915104
481,WEEE_wasteBinIncineration,component,sensorUnspecified,28340.051758635174
482,WEEE_wasteBinIncineration,component,shadowComponentWEEE,25670.98187083219
483,WEEE_wasteBinIncineration,component,solenoidValve,7870.521256353515
484,WEEE_wasteBinIncineration,component,speakerEEE2,36848.61803767613
485,WEEE_wasteBinIncineration,component,switch,20771.144529991263
486,WEEE_wasteBinIncineration,component,tonerCartridge,17495.36475158934
487,WEEE_wasteBinIncineration,component,transformator,4630.810276384673
488,WEEE_wasteBinIncineration,component,transmission,38381.996059627956
489,WEEE_wasteBinIncineration,component,transmitter,43736.80022879655
490,WEEE_wasteBinIncineration,component,wheel,47317.41640396184
491,WEEE_generatedComplementaryMetalScrap,component,ComponentShadowWEEE,48655.05766963257
492,WEEE_generatedComplementaryMetalScrap,component,ConductivitySensor,69129.35247838654
493,WEEE_generatedComplementaryMetalScrap,component,LED,39643.51797398409
494,WEEE_generatedComplementaryMetalScrap,component,LidarSensor (&lt;15cm),39214.883176877345
495,WEEE_generatedComplementaryMetalScrap,component,MagnetSensor,174935.2145349443
496,WEEE_generatedComplementaryMetalScrap,component,PCBWEEECat,35136.371264330126
497,WEEE_generatedComplementaryMetalScrap,component,PCBunspecified,44998.34571429245
498,WEEE_generatedComplementaryMetalScrap,component,PVBacksheet,65910.18217873145
499,WEEE_generatedComplementaryMetalScrap,component,PVEncapsulationEVA,129731.0141006124
500,WEEE_generatedComplementaryMetalScrap,component,PVFrameAl,86900.38013317362
501,WEEE_generatedComplementaryMetalScrap,component,PVSolarGlass,56281.021212805135
502,WEEE_generatedComplementaryMetalScrap,component,PVcellSi,42480.163613845994
503,WEEE_generatedComplementaryMetalScrap,component,WEEEEvaporator,31223.494229917756
504,WEEE_generatedComplementaryMetalScrap,component,brush,38150.649559211226
505,WEEE_generatedComplementaryMetalScrap,component,cableUnspecified,103385.64021631624
506,WEEE_generatedComplementaryMetalScrap,component,cableWOPlug,24023.922949381187
507,WEEE_generatedComplementaryMetalScrap,component,cableWPlug,38352.9485992434
508,WEEE_generatedComplementaryMetalScrap,component,cableWithConnector,26432.413461030283
509,WEEE_generatedComplementaryMetalScrap,component,cables,160125.87312766945
510,WEEE_generatedComplementaryMetalScrap,component,cablewire,67202.62348193904
511,WEEE_generatedComplementaryMetalScrap,component,capElectrolytic,68291.95531982665
512,WEEE_generatedComplementaryMetalScrap,component,casingPlasticBased,65897.84553877579
513,WEEE_generatedComplementaryMetalScrap,component,casingSteelBased,31483.681134221984
514,WEEE_generatedComplementaryMetalScrap,component,casingUnspecified,93866.05705907544
515,WEEE_generatedComplementaryMetalScrap,component,coldCathodeLamp,137211.455611865
516,WEEE_generatedComplementaryMetalScrap,component,compContainHazardSubst,35672.31999987629
517,WEEE_generatedComplementaryMetalScrap,component,compressor,143021.15187900377
518,WEEE_generatedComplementaryMetalScrap,component,condensator,91000.6142897236
519,WEEE_generatedComplementaryMetalScrap,component,contactor,15261.81901594444
520,WEEE_generatedComplementaryMetalScrap,component,displayCRT,108270.9768743194
521,WEEE_generatedComplementaryMetalScrap,component,displayLCD,59584.64982154635
522,WEEE_generatedComplementaryMetalScrap,component,displayLCDunder100cm2,51965.07539846508
523,WEEE_generatedComplementaryMetalScrap,component,displayOther,84727.92087943493
524,WEEE_generatedComplementaryMetalScrap,component,displayPlasma,163510.0974907999
525,WEEE_generatedComplementaryMetalScrap,component,driveCDDExt,21421.429620612114
526,WEEE_generatedComplementaryMetalScrap,component,driveCDDInt,78738.15781420402
527,WEEE_generatedComplementaryMetalScrap,component,driveFDD,51262.52702015936
528,WEEE_generatedComplementaryMetalScrap,component,driveHDD,94364.39472136623
529,WEEE_generatedComplementaryMetalScrap,component,driveUnspecified,96939.18955510095
530,WEEE_generatedComplementaryMetalScrap,component,electricEngine,239747.25664916533
531,WEEE_generatedComplementaryMetalScrap,component,filterFoamBased,21095.865717244287
532,WEEE_generatedComplementaryMetalScrap,component,fuse,107865.36796127554
533,WEEE_generatedComplementaryMetalScrap,component,gear,25933.856570205833
534,WEEE_generatedComplementaryMetalScrap,component,heatingCoolingEEEairCondenser,66738.25700151848
535,WEEE_generatedComplementaryMetalScrap,component,heatingCoolingEEEfan,56880.00833270718
536,WEEE_generatedComplementaryMetalScrap,component,heatingCoolingEEEheatSink,39025.84909395602
537,WEEE_generatedComplementaryMetalScrap,component,inductor,40233.73440319255
538,WEEE_generatedComplementaryMetalScrap,component,insulation,80442.37377377767
539,WEEE_generatedComplementaryMetalScrap,component,keyboard,58044.85144045134
540,WEEE_generatedComplementaryMetalScrap,component,knob,83162.58010744366
541,WEEE_generatedComplementaryMetalScrap,component,lenseAssembly,7393.502302734353
542,WEEE_generatedComplementaryMetalScrap,component,lighting,123637.25873934495
543,WEEE_generatedComplementaryMetalScrap,component,lightingFlash,50397.89928960411
544,WEEE_generatedComplementaryMetalScrap,component,magnetPermanent,106918.34634638674
545,WEEE_generatedComplementaryMetalScrap,component,magnetron,35427.70341018142
546,WEEE_generatedComplementaryMetalScrap,component,mainboardInclCPUgpu,132719.92021517793
547,WEEE_generatedComplementaryMetalScrap,component,non-electricCoil,80635.48555215549
548,WEEE_generatedComplementaryMetalScrap,component,nonElectricCoil,124150.9491642088
549,WEEE_generatedComplementaryMetalScrap,component,onOffSwitch,111781.66891566337
550,WEEE_generatedComplementaryMetalScrap,component,otherElectricCompUnspecified,79053.12673217707
551,WEEE_generatedComplementaryMetalScrap,component,otherNonElectricCompUnspecified,42465.86619051129
552,WEEE_generatedComplementaryMetalScrap,component,passiveJunctionBox,81404.52690721507
553,WEEE_generatedComplementaryMetalScrap,component,pcbWEEECat,116585.4614613433
554,WEEE_generatedComplementaryMetalScrap,component,plug,75365.5272970185
555,WEEE_generatedComplementaryMetalScrap,component,powerSupply,54193.71036510394
556,WEEE_generatedComplementaryMetalScrap,component,printedCircuitBoard,48388.934396883866
557,WEEE_generatedComplementaryMetalScrap,component,pump,44291.2763635516
558,WEEE_generatedComplementaryMetalScrap,component,refrigerant,113002.5413909091
559,WEEE_generatedComplementaryMetalScrap,component,remoteControl,10568.415952229843
560,WEEE_generatedComplementaryMetalScrap,component,resistor,36333.715480365136
561,WEEE_generatedComplementaryMetalScrap,component,rotor,99956.8925178538
562,WEEE_generatedComplementaryMetalScrap,component,screw,28788.237231143685
563,WEEE_generatedComplementaryMetalScrap,component,sensorUnspecified,77519.38769626849
564,WEEE_generatedComplementaryMetalScrap,component,shadowComponentWEEE,58881.37422785346
565,WEEE_generatedComplementaryMetalScrap,component,solenoidValve,25544.569990973912
566,WEEE_generatedComplementaryMetalScrap,component,speakerEEE2,123890.4395447708
567,WEEE_generatedComplementaryMetalScrap,component,switch,56789.91490311663
568,WEEE_generatedComplementaryMetalScrap,component,tonerCartridge,47201.31993395094
569,WEEE_generatedComplementaryMetalScrap,component,transformator,14402.037097793564
570,WEEE_generatedComplementaryMetalScrap,component,transmission,130916.00794519397
571,WEEE_generatedComplementaryMetalScrap,component,transmitter,101381.27182596392
572,WEEE_generatedComplementaryMetalScrap,component,wheel,163553.9636831652
573,WEEE_collected,component,ComponentShadowWEEE,33368.279214690425
574,WEEE_collected,component,ConductivitySensor,55312.37355652679
575,WEEE_collected,component,LED,26120.580493490976
576,WEEE_collected,component,LidarSensor (&lt;15cm),23922.204436882355
577,WEEE_collected,component,MagnetSensor,108749.99417041047
578,WEEE_collected,component,PCBWEEECat,19148.08763183435
579,WEEE_collected,component,PCBunspecified,41199.70296707443
580,WEEE_collected,component,PVBacksheet,49198.72794224502
581,WEEE_collected,component,PVEncapsulationEVA,51245.82491411821
582,WEEE_collected,component,PVFrameAl,42910.32876836305
583,WEEE_collected,component,PVSolarGlass,27086.14641267939
584,WEEE_collected,component,PVcellSi,46391.73178174287
585,WEEE_collected,component,WEEEEvaporator,24759.015657466807
586,WEEE_collected,component,brush,24941.734047864375
587,WEEE_collected,component,cableUnspecified,72168.17458608522
588,WEEE_collected,component,cableWOPlug,10927.469263572413
589,WEEE_collected,component,cableWPlug,28379.786786880817
590,WEEE_collected,component,cableWithConnector,20070.735419162545
591,WEEE_collected,component,cables,50723.2682446261
592,WEEE_collected,component,cablewire,47134.172375023416
593,WEEE_collected,component,capElectrolytic,32024.002272203514
594,WEEE_collected,component,casingPlasticBased,36912.73898565315
595,WEEE_collected,component,casingSteelBased,31764.862426657193
596,WEEE_collected,component,casingUnspecified,51951.11896920829
597,WEEE_collected,component,coldCathodeLamp,75911.51391424348
598,WEEE_collected,component,compContainHazardSubst,34438.74848389583
599,WEEE_collected,component,compressor,72097.77967561316
600,WEEE_collected,component,condensator,48693.517068992616
601,WEEE_collected,component,contactor,8092.620063901269
602,WEEE_collected,component,displayCRT,46728.63110812632
603,WEEE_collected,component,displayLCD,24889.51193807523
604,WEEE_collected,component,displayLCDunder100cm2,33706.99650568428
605,WEEE_collected,component,displayOther,34012.00883766309
606,WEEE_collected,component,displayPlasma,53177.58738417675
607,WEEE_collected,component,driveCDDExt,13019.642631538814
608,WEEE_collected,component,driveCDDInt,43243.24534261906
609,WEEE_collected,component,driveFDD,38575.03469723012
610,WEEE_collected,component,driveHDD,42514.026702671064
611,WEEE_collected,component,driveUnspecified,69669.43214028222
612,WEEE_collected,component,electricEngine,102162.02743923302
613,WEEE_collected,component,filterFoamBased,22613.506752149282
614,WEEE_collected,component,fuse,42498.426191337225
615,WEEE_collected,component,gear,15542.960302166266
616,WEEE_collected,component,heatingCoolingEEEairCondenser,36510.11907767078
617,WEEE_collected,component,heatingCoolingEEEfan,33887.17741918833
618,WEEE_collected,component,heatingCoolingEEEheatSink,42885.09561952542
619,WEEE_collected,component,inductor,22644.31157128782
620,WEEE_collected,component,insulation,29277.809854820665
621,WEEE_collected,component,keyboard,24636.779373116893
622,WEEE_collected,component,knob,52502.77209231851
623,WEEE_collected,component,lenseAssembly,4651.1690431486095
624,WEEE_collected,component,lighting,67212.3846143695
625,WEEE_collected,component,lightingFlash,50618.73154866899
626,WEEE_collected,component,magnetPermanent,60350.941976347385
627,WEEE_collected,component,magnetron,27105.999530714453
628,WEEE_collected,component,mainboardInclCPUgpu,39571.10848489003
629,WEEE_collected,component,non-electricCoil,41221.91782397271
630,WEEE_collected,component,nonElectricCoil,69920.42075651186
631,WEEE_collected,component,onOffSwitch,48038.47029732976
632,WEEE_collected,component,otherElectricCompUnspecified,29801.45050563398
633,WEEE_collected,component,otherNonElectricCompUnspecified,15896.783293290882
634,WEEE_collected,component,passiveJunctionBox,46290.626911338215
635,WEEE_collected,component,pcbWEEECat,55704.0813531301
636,WEEE_collected,component,plug,44269.64456428873
637,WEEE_collected,component,powerSupply,25962.307279594206
638,WEEE_collected,component,printedCircuitBoard,47913.69650644014
639,WEEE_collected,component,pump,23366.97531201976
640,WEEE_collected,component,refrigerant,70478.41249132939
641,WEEE_collected,component,remoteControl,7514.71927528943
642,WEEE_collected,component,resistor,27088.51947242928
643,WEEE_collected,component,rotor,59933.458526213144
644,WEEE_collected,component,screw,20172.96149471379
645,WEEE_collected,component,sensorUnspecified,51604.95341509853
646,WEEE_collected,component,shadowComponentWEEE,38501.626468874776
647,WEEE_collected,component,solenoidValve,12367.40839497029
648,WEEE_collected,component,speakerEEE2,65700.02921695005
649,WEEE_collected,component,switch,29928.36320549257
650,WEEE_collected,component,tonerCartridge,32303.77886052356
651,WEEE_collected,component,transformator,11596.733199346729
652,WEEE_collected,component,transmission,51234.99126433287
653,WEEE_collected,component,transmitter,63142.70796665469
654,WEEE_collected,component,wheel,48036.04355839855
655,WEEE_generatedDedicated,component,ComponentShadowWEEE,119159.28297311006
656,WEEE_generatedDedicated,component,ConductivitySensor,173751.34756415526
657,WEEE_generatedDedicated,component,LED,93830.47685416452
658,WEEE_generatedDedicated,component,LidarSensor (&lt;15cm),101640.64276179945
659,WEEE_generatedDedicated,component,MagnetSensor,397677.69428777514
660,WEEE_generatedDedicated,component,PCBWEEECat,80275.43632532803
661,WEEE_generatedDedicated,component,PCBunspecified,117729.92205030879
662,WEEE_generatedDedicated,component,PVBacksheet,165418.1525304807
663,WEEE_generatedDedicated,component,PVEncapsulationEVA,269172.28270782455
664,WEEE_generatedDedicated,component,PVFrameAl,190961.71508419677
665,WEEE_generatedDedicated,component,PVSolarGlass,121765.96722527493
666,WEEE_generatedDedicated,component,PVcellSi,121321.8088639082
667,WEEE_generatedDedicated,component,WEEEEvaporator,81050.59138664074
668,WEEE_generatedDedicated,component,brush,91621.38321633392
669,WEEE_generatedDedicated,component,cableUnspecified,241619.35034748464
670,WEEE_generatedDedicated,component,cableWOPlug,49960.30599391175
671,WEEE_generatedDedicated,component,cableWPlug,98515.37447420714
672,WEEE_generatedDedicated,component,cableWithConnector,64149.57771020805
673,WEEE_generatedDedicated,component,cables,320007.9617378181
674,WEEE_generatedDedicated,component,cablewire,162639.76766219627
675,WEEE_generatedDedicated,component,capElectrolytic,144967.84912876246
676,WEEE_generatedDedicated,component,casingPlasticBased,153577.95804902588
677,WEEE_generatedDedicated,component,casingSteelBased,90100.98365994653
678,WEEE_generatedDedicated,component,casingUnspecified,207470.26855018057
679,WEEE_generatedDedicated,component,coldCathodeLamp,311898.6217053906
680,WEEE_generatedDedicated,component,compContainHazardSubst,98234.39120363978
681,WEEE_generatedDedicated,component,compressor,308073.7329842245
682,WEEE_generatedDedicated,component,condensator,197432.22666001142
683,WEEE_generatedDedicated,component,contactor,32039.00448500235
684,WEEE_generatedDedicated,component,displayCRT,231075.05625059665
685,WEEE_generatedDedicated,component,displayLCD,125419.72637427838
686,WEEE_generatedDedicated,component,displayLCDunder100cm2,122823.99713680035
687,WEEE_generatedDedicated,component,displayOther,180402.6084578534
688,WEEE_generatedDedicated,component,displayPlasma,328473.98342014686
689,WEEE_generatedDedicated,component,driveCDDExt,49749.90926832652
690,WEEE_generatedDedicated,component,driveCDDInt,180663.60676799604
691,WEEE_generatedDedicated,component,driveFDD,126931.02547191085
692,WEEE_generatedDedicated,component,driveHDD,210364.6746738035
693,WEEE_generatedDedicated,component,driveUnspecified,233665.67188243582
694,WEEE_generatedDedicated,component,electricEngine,506356.0900849143
695,WEEE_generatedDedicated,component,filterFoamBased,60322.77504883738
696,WEEE_generatedDedicated,component,fuse,226718.7213080321
697,WEEE_generatedDedicated,component,gear,60517.798613119274
698,WEEE_generatedDedicated,component,heatingCoolingEEEairCondenser,145095.7476220309
699,WEEE_generatedDedicated,component,heatingCoolingEEEfan,137876.4840521871
700,WEEE_generatedDedicated,component,heatingCoolingEEEheatSink,116341.83398697904
701,WEEE_generatedDedicated,component,inductor,90897.18634150067
702,WEEE_generatedDedicated,component,insulation,175384.15199175198
703,WEEE_generatedDedicated,component,keyboard,123463.74467043448
704,WEEE_generatedDedicated,component,knob,198170.9467467913
705,WEEE_generatedDedicated,component,lenseAssembly,19682.299766262866
706,WEEE_generatedDedicated,component,lighting,270304.6801234358
707,WEEE_generatedDedicated,component,lightingFlash,137837.2088110785
708,WEEE_generatedDedicated,component,magnetPermanent,242287.28329129342
709,WEEE_generatedDedicated,component,magnetron,92100.2224983391
710,WEEE_generatedDedicated,component,mainboardInclCPUgpu,265720.7247794599
711,WEEE_generatedDedicated,component,non-electricCoil,176586.19675741557
712,WEEE_generatedDedicated,component,nonElectricCoil,276917.11900045956
713,WEEE_generatedDedicated,component,onOffSwitch,239476.99037012077
714,WEEE_generatedDedicated,component,otherElectricCompUnspecified,166676.23770618037
715,WEEE_generatedDedicated,component,otherNonElectricCompUnspecified,92950.13868854038
716,WEEE_generatedDedicated,component,passiveJunctionBox,180041.2612995502
717,WEEE_generatedDedicated,component,pcbWEEECat,255373.01583574802
718,WEEE_generatedDedicated,component,plug,172726.76752546715
719,WEEE_generatedDedicated,component,powerSupply,117071.54156856693
720,WEEE_generatedDedicated,component,printedCircuitBoard,138367.09118947064
721,WEEE_generatedDedicated,component,pump,98180.14068712607
722,WEEE_generatedDedicated,component,refrigerant,259934.411551966
723,WEEE_generatedDedicated,component,remoteControl,26253.46333314889
724,WEEE_generatedDedicated,component,resistor,97473.37376177855
725,WEEE_generatedDedicated,component,rotor,238806.04658662912
726,WEEE_generatedDedicated,component,screw,71808.6558637327
727,WEEE_generatedDedicated,component,sensorUnspecified,201633.4754360782
728,WEEE_generatedDedicated,component,shadowComponentWEEE,136296.45934500176
729,WEEE_generatedDedicated,component,solenoidValve,60688.138805396695
730,WEEE_generatedDedicated,component,speakerEEE2,285928.4825461568
731,WEEE_generatedDedicated,component,switch,123991.00179470176
732,WEEE_generatedDedicated,component,tonerCartridge,110402.40643015748
733,WEEE_generatedDedicated,component,transformator,35482.666089017555
734,WEEE_generatedDedicated,component,transmission,275377.17116811476
735,WEEE_generatedDedicated,component,transmitter,232178.5876220372
736,WEEE_generatedDedicated,component,wheel,326240.1606172662
737,WEEE_mechRec1_mechRec2,component,ComponentShadowWEEE,1328.2864887363528
738,WEEE_mechRec1_mechRec2,component,ConductivitySensor,279.19679280183215
739,WEEE_mechRec1_mechRec2,component,LED,122.66036702685055
740,WEEE_mechRec1_mechRec2,component,LidarSensor (&lt;15cm),709.6982108138006
741,WEEE_mechRec1_mechRec2,component,MagnetSensor,274.3596518480546
742,WEEE_mechRec1_mechRec2,component,PCBWEEECat,7.826440053365374
743,WEEE_mechRec1_mechRec2,component,PCBunspecified,31.633785656443482
744,WEEE_mechRec1_mechRec2,component,PVBacksheet,4143.263827699862
745,WEEE_mechRec1_mechRec2,component,PVEncapsulationEVA,467.8435053371792
746,WEEE_mechRec1_mechRec2,component,PVFrameAl,333.52409545825446
747,WEEE_mechRec1_mechRec2,component,PVSolarGlass,724.3430736043981
748,WEEE_mechRec1_mechRec2,component,PVcellSi,68.42027367135047
749,WEEE_mechRec1_mechRec2,component,WEEEEvaporator,32.3875276087318
750,WEEE_mechRec1_mechRec2,component,brush,25.27819507581697
751,WEEE_mechRec1_mechRec2,component,cableUnspecified,374.3284752153881
752,WEEE_mechRec1_mechRec2,component,cableWOPlug,239.37409688495637
753,WEEE_mechRec1_mechRec2,component,cableWPlug,525.4907781035591
754,WEEE_mechRec1_mechRec2,component,cableWithConnector,496.2038088511628
755,WEEE_mechRec1_mechRec2,component,cables,1931.1838915940903
756,WEEE_mechRec1_mechRec2,component,cablewire,2.7964692382779863
757,WEEE_mechRec1_mechRec2,component,capElectrolytic,19.53635522049497
758,WEEE_mechRec1_mechRec2,component,casingPlasticBased,2093.9237704355905
759,WEEE_mechRec1_mechRec2,component,casingSteelBased,2.4494574808648237
760,WEEE_mechRec1_mechRec2,component,casingUnspecified,103.67030813163396
761,WEEE_mechRec1_mechRec2,component,coldCathodeLamp,239.86380090738186
762,WEEE_mechRec1_mechRec2,component,compContainHazardSubst,117.27957868915604
763,WEEE_mechRec1_mechRec2,component,compressor,79.53289917094246
764,WEEE_mechRec1_mechRec2,component,condensator,12.105709433066425
765,WEEE_mechRec1_mechRec2,component,contactor,170.42837627286218
766,WEEE_mechRec1_mechRec2,component,displayCRT,23.95791635134159
767,WEEE_mechRec1_mechRec2,component,displayLCD,0.47776632020603943
768,WEEE_mechRec1_mechRec2,component,displayLCDunder100cm2,102.78578416619742
769,WEEE_mechRec1_mechRec2,component,displayOther,105.22284128516236
770,WEEE_mechRec1_mechRec2,component,displayPlasma,3.880325229954618
771,WEEE_mechRec1_mechRec2,component,driveCDDExt,5.806347535728178
772,WEEE_mechRec1_mechRec2,component,driveCDDInt,2964.7288423852774
773,WEEE_mechRec1_mechRec2,component,driveFDD,30.087916571841706
774,WEEE_mechRec1_mechRec2,component,driveHDD,932.1703323095437
775,WEEE_mechRec1_mechRec2,component,driveUnspecified,626.6272328629701
776,WEEE_mechRec1_mechRec2,component,electricEngine,751.9531337776137
777,WEEE_mechRec1_mechRec2,component,filterFoamBased,4.5030166792774455
778,WEEE_mechRec1_mechRec2,component,fuse,24.480153435539144
779,WEEE_mechRec1_mechRec2,component,gear,135.9463865544354
780,WEEE_mechRec1_mechRec2,component,heatingCoolingEEEairCondenser,96.43531525225933
781,WEEE_mechRec1_mechRec2,component,heatingCoolingEEEfan,248.4910098290388
782,WEEE_mechRec1_mechRec2,component,heatingCoolingEEEheatSink,167.8582860813845
783,WEEE_mechRec1_mechRec2,component,inductor,125.35046272297977
784,WEEE_mechRec1_mechRec2,component,insulation,18.775344094122364
785,WEEE_mechRec1_mechRec2,component,keyboard,80.20402124442329
786,WEEE_mechRec1_mechRec2,component,knob,1080.937438056529
787,WEEE_mechRec1_mechRec2,component,lenseAssembly,37.791831747339565
788,WEEE_mechRec1_mechRec2,component,lighting,90.37841455827405
789,WEEE_mechRec1_mechRec2,component,lightingFlash,748.6877471444852
790,WEEE_mechRec1_mechRec2,component,magnetPermanent,668.351820004878
791,WEEE_mechRec1_mechRec2,component,magnetron,13.96447334177187
792,WEEE_mechRec1_mechRec2,component,mainboardInclCPUgpu,5.175021135210449
793,WEEE_mechRec1_mechRec2,component,non-electricCoil,221.22549749961496
794,WEEE_mechRec1_mechRec2,component,nonElectricCoil,83.8405994828429
795,WEEE_mechRec1_mechRec2,component,onOffSwitch,649.2270664873218
796,WEEE_mechRec1_mechRec2,component,otherElectricCompUnspecified,185.85608837971012
797,WEEE_mechRec1_mechRec2,component,otherNonElectricCompUnspecified,151.53178939341092
798,WEEE_mechRec1_mechRec2,component,passiveJunctionBox,23.078602974010437
799,WEEE_mechRec1_mechRec2,component,plug,49.60571696796869
800,WEEE_mechRec1_mechRec2,component,powerSupply,525.0923234790713
801,WEEE_mechRec1_mechRec2,component,printedCircuitBoard,186.68238686523787
802,WEEE_mechRec1_mechRec2,component,pump,37.07338809964996
803,WEEE_mechRec1_mechRec2,component,refrigerant,1671.7578369505802
804,WEEE_mechRec1_mechRec2,component,remoteControl,33.04512861181089
805,WEEE_mechRec1_mechRec2,component,resistor,10.0653201513464
806,WEEE_mechRec1_mechRec2,component,rotor,70.38151157417559
807,WEEE_mechRec1_mechRec2,component,screw,523.371724000806
808,WEEE_mechRec1_mechRec2,component,sensorUnspecified,266.7493083790083
809,WEEE_mechRec1_mechRec2,component,shadowComponentWEEE,134.6960937282795
810,WEEE_mechRec1_mechRec2,component,solenoidValve,45.83734320861029
811,WEEE_mechRec1_mechRec2,component,speakerEEE2,268.4107252299067
812,WEEE_mechRec1_mechRec2,component,switch,34.600534399656055
813,WEEE_mechRec1_mechRec2,component,tonerCartridge,2.2378779384466863
814,WEEE_mechRec1_mechRec2,component,transformator,256.8668898409055
815,WEEE_mechRec1_mechRec2,component,transmission,879.7245697688904
816,WEEE_mechRec1_mechRec2,component,transmitter,15.618869094313107
817,WEEE_mechRec1_mechRec2,component,wheel,21.053333810227596
818,WEEE_categ_mechRec2,component,ComponentShadowWEEE,14167.482229580839
819,WEEE_categ_mechRec2,component,ConductivitySensor,25160.441165405035
820,WEEE_categ_mechRec2,component,LED,11957.306646932891
821,WEEE_categ_mechRec2,component,LidarSensor (&lt;15cm),7538.792770258185
822,WEEE_categ_mechRec2,component,MagnetSensor,47266.46155829047
823,WEEE_categ_mechRec2,component,PCBWEEECat,8579.033250902254
824,WEEE_categ_mechRec2,component,PCBunspecified,19658.95323712914
825,WEEE_categ_mechRec2,component,PVBacksheet,21441.988437763575
826,WEEE_categ_mechRec2,component,PVEncapsulationEVA,21575.874078204015
827,WEEE_categ_mechRec2,component,PVFrameAl,19195.80990991171
828,WEEE_categ_mechRec2,component,PVSolarGlass,11442.235272122944
829,WEEE_categ_mechRec2,component,PVcellSi,21754.386435260447
830,WEEE_categ_mechRec2,component,WEEEEvaporator,11568.67403386663
831,WEEE_categ_mechRec2,component,brush,10670.630495811612
832,WEEE_categ_mechRec2,component,cableUnspecified,32555.168205796985
833,WEEE_categ_mechRec2,component,cableWOPlug,4963.731223326236
834,WEEE_categ_mechRec2,component,cableWPlug,12340.374560699976
835,WEEE_categ_mechRec2,component,cableWithConnector,9310.354487669976
836,WEEE_categ_mechRec2,component,cables,21971.238887548134
837,WEEE_categ_mechRec2,component,cablewire,19941.959723139287
838,WEEE_categ_mechRec2,component,capElectrolytic,14421.249503424991
839,WEEE_categ_mechRec2,component,casingPlasticBased,15849.99750946755
840,WEEE_categ_mechRec2,component,casingSteelBased,14645.160569580692
841,WEEE_categ_mechRec2,component,casingUnspecified,21825.80344485882
842,WEEE_categ_mechRec2,component,coldCathodeLamp,34678.91807266806
843,WEEE_categ_mechRec2,component,compContainHazardSubst,15888.918107115516
844,WEEE_categ_mechRec2,component,compressor,31579.51074910013
845,WEEE_categ_mechRec2,component,condensator,21765.90338531848
846,WEEE_categ_mechRec2,component,contactor,4158.963171341437
847,WEEE_categ_mechRec2,component,displayCRT,18900.16912857026
848,WEEE_categ_mechRec2,component,displayLCD,11465.926950416724
849,WEEE_categ_mechRec2,component,displayLCDunder100cm2,15119.462656358854
850,WEEE_categ_mechRec2,component,displayOther,13579.155248965848
851,WEEE_categ_mechRec2,component,displayPlasma,23166.92961264071
852,WEEE_categ_mechRec2,component,driveCDDExt,5702.381274409048
853,WEEE_categ_mechRec2,component,driveCDDInt,19144.98970335913
854,WEEE_categ_mechRec2,component,driveFDD,17533.092555299732
855,WEEE_categ_mechRec2,component,driveHDD,16402.298592107672
856,WEEE_categ_mechRec2,component,driveUnspecified,30180.4038387075
857,WEEE_categ_mechRec2,component,electricEngine,42691.40385689125
858,WEEE_categ_mechRec2,component,filterFoamBased,10748.167042064817
859,WEEE_categ_mechRec2,component,fuse,18695.40469665761
860,WEEE_categ_mechRec2,component,gear,6410.25062176568
861,WEEE_categ_mechRec2,component,heatingCoolingEEEairCondenser,15736.803055004753
862,WEEE_categ_mechRec2,component,heatingCoolingEEEfan,14721.494667745583
863,WEEE_categ_mechRec2,component,heatingCoolingEEEheatSink,19382.05591363629
864,WEEE_categ_mechRec2,component,inductor,9359.84382995589
865,WEEE_categ_mechRec2,component,insulation,10465.951353760624
866,WEEE_categ_mechRec2,component,keyboard,10665.467741698982
867,WEEE_categ_mechRec2,component,knob,23524.270319200303
868,WEEE_categ_mechRec2,component,lenseAssembly,1564.2097823671968
869,WEEE_categ_mechRec2,component,lighting,29500.944936622782
870,WEEE_categ_mechRec2,component,lightingFlash,23804.718089420596
871,WEEE_categ_mechRec2,component,magnetPermanent,26963.947079225116
872,WEEE_categ_mechRec2,component,magnetron,11009.34087621529
873,WEEE_categ_mechRec2,component,mainboardInclCPUgpu,16210.011871199307
874,WEEE_categ_mechRec2,component,non-electricCoil,16941.536637191297
875,WEEE_categ_mechRec2,component,nonElectricCoil,30311.57648502729
876,WEEE_categ_mechRec2,component,onOffSwitch,20686.19092721239
877,WEEE_categ_mechRec2,component,otherElectricCompUnspecified,11582.628931201478
878,WEEE_categ_mechRec2,component,otherNonElectricCompUnspecified,5789.773306702275
879,WEEE_categ_mechRec2,component,passiveJunctionBox,20126.99442190809
880,WEEE_categ_mechRec2,component,pcbWEEECat,23781.894464376324
881,WEEE_categ_mechRec2,component,plug,20954.729380725417
882,WEEE_categ_mechRec2,component,powerSupply,10956.541606842819
883,WEEE_categ_mechRec2,component,printedCircuitBoard,21735.92160466063
884,WEEE_categ_mechRec2,component,pump,9781.387062527056
885,WEEE_categ_mechRec2,component,refrigerant,30350.392620575036
886,WEEE_categ_mechRec2,component,remoteControl,3279.0344701079025
887,WEEE_categ_mechRec2,component,resistor,11017.619635834228
888,WEEE_categ_mechRec2,component,rotor,25068.8267213999
889,WEEE_categ_mechRec2,component,screw,8422.3819182934
890,WEEE_categ_mechRec2,component,sensorUnspecified,18377.832849143047
891,WEEE_categ_mechRec2,component,shadowComponentWEEE,16573.673836070244
892,WEEE_categ_mechRec2,component,solenoidValve,4464.233316042297
893,WEEE_categ_mechRec2,component,speakerEEE2,28318.013429580267
894,WEEE_categ_mechRec2,component,switch,12745.897060699435
895,WEEE_categ_mechRec2,component,tonerCartridge,14568.351198846767
896,WEEE_categ_mechRec2,component,transformator,5505.7633881462625
897,WEEE_categ_mechRec2,component,transmission,21288.49776629827
898,WEEE_categ_mechRec2,component,transmitter,26833.463909248625
899,WEEE_categ_mechRec2,component,wheel,19152.593787985385
900,WEEE_categ_mechRec1,component,ComponentShadowWEEE,8230.225097125482
901,WEEE_categ_mechRec1,component,ConductivitySensor,13590.578282889832
902,WEEE_categ_mechRec1,component,LED,6454.0955253189795
903,WEEE_categ_mechRec1,component,LidarSensor (&lt;15cm),6895.50211038269
904,WEEE_categ_mechRec1,component,MagnetSensor,19142.2157983918
905,WEEE_categ_mechRec1,component,PCBWEEECat,5072.57104838063
906,WEEE_categ_mechRec1,component,PCBunspecified,10827.870569314211
907,WEEE_categ_mechRec1,component,PVBacksheet,12418.626909666587
908,WEEE_categ_mechRec1,component,PVEncapsulationEVA,9147.744951823184
909,WEEE_categ_mechRec1,component,PVFrameAl,10185.386542345826
910,WEEE_categ_mechRec1,component,PVSolarGlass,4745.2839306284695
911,WEEE_categ_mechRec1,component,PVcellSi,12819.440537913199
912,WEEE_categ_mechRec1,component,WEEEEvaporator,6869.813346045938
913,WEEE_categ_mechRec1,component,brush,6032.393313434402
914,WEEE_categ_mechRec1,component,cableUnspecified,13182.153204480066
915,WEEE_categ_mechRec1,component,cableWOPlug,1897.0456635722537
916,WEEE_categ_mechRec1,component,cableWPlug,7931.351726654857
917,WEEE_categ_mechRec1,component,cableWithConnector,4424.355891928004
918,WEEE_categ_mechRec1,component,cables,9908.917664031116
919,WEEE_categ_mechRec1,component,cablewire,9832.562844332551
920,WEEE_categ_mechRec1,component,capElectrolytic,5892.30142574923
921,WEEE_categ_mechRec1,component,casingPlasticBased,10020.580714126947
922,WEEE_categ_mechRec1,component,casingSteelBased,9746.475866216366
923,WEEE_categ_mechRec1,component,casingUnspecified,8436.449931663541
924,WEEE_categ_mechRec1,component,coldCathodeLamp,19649.550020171075
925,WEEE_categ_mechRec1,component,compContainHazardSubst,9694.015659996441
926,WEEE_categ_mechRec1,component,compressor,12892.275766464436
927,WEEE_categ_mechRec1,component,condensator,8589.029747447177
928,WEEE_categ_mechRec1,component,contactor,1540.7001428735225
929,WEEE_categ_mechRec1,component,displayCRT,8634.034468172533
930,WEEE_categ_mechRec1,component,displayLCD,5669.763227291233
931,WEEE_categ_mechRec1,component,displayLCDunder100cm2,8157.249354835895
932,WEEE_categ_mechRec1,component,displayOther,7300.619621431859
933,WEEE_categ_mechRec1,component,displayPlasma,10602.46765110054
934,WEEE_categ_mechRec1,component,driveCDDExt,3207.7191996809725
935,WEEE_categ_mechRec1,component,driveCDDInt,10492.018442826165
936,WEEE_categ_mechRec1,component,driveFDD,9483.5085600015
937,WEEE_categ_mechRec1,component,driveHDD,9796.782182402998
938,WEEE_categ_mechRec1,component,driveUnspecified,14384.719827585015
939,WEEE_categ_mechRec1,component,electricEngine,18595.76819974595
940,WEEE_categ_mechRec1,component,filterFoamBased,6681.665176704012
941,WEEE_categ_mechRec1,component,fuse,9851.538560482324
942,WEEE_categ_mechRec1,component,gear,3647.600073256517
943,WEEE_categ_mechRec1,component,heatingCoolingEEEairCondenser,5439.8123425022
944,WEEE_categ_mechRec1,component,heatingCoolingEEEfan,8684.610639205623
945,WEEE_categ_mechRec1,component,heatingCoolingEEEheatSink,13278.247159606988
946,WEEE_categ_mechRec1,component,inductor,4262.93654634839
947,WEEE_categ_mechRec1,component,insulation,7916.965532217337
948,WEEE_categ_mechRec1,component,keyboard,5138.313096057627
949,WEEE_categ_mechRec1,component,knob,13982.463738816028
950,WEEE_categ_mechRec1,component,lenseAssembly,1616.0514064459908
951,WEEE_categ_mechRec1,component,lighting,11455.276556149696
952,WEEE_categ_mechRec1,component,lightingFlash,13571.602484327912
953,WEEE_categ_mechRec1,component,magnetPermanent,13767.89135385828
954,WEEE_categ_mechRec1,component,magnetron,6949.9449580775245
955,WEEE_categ_mechRec1,component,mainboardInclCPUgpu,7898.718152498071
956,WEEE_categ_mechRec1,component,non-electricCoil,6970.755708484752
957,WEEE_categ_mechRec1,component,nonElectricCoil,13109.936125838743
958,WEEE_categ_mechRec1,component,onOffSwitch,11031.433429812401
959,WEEE_categ_mechRec1,component,otherElectricCompUnspecified,5536.843999029204
960,WEEE_categ_mechRec1,component,otherNonElectricCompUnspecified,4417.712716805826
961,WEEE_categ_mechRec1,component,passiveJunctionBox,7608.2466029548
962,WEEE_categ_mechRec1,component,pcbWEEECat,12078.601722809313
963,WEEE_categ_mechRec1,component,plug,11459.745565459516
964,WEEE_categ_mechRec1,component,powerSupply,4545.613653787711
965,WEEE_categ_mechRec1,component,printedCircuitBoard,15162.218004296037
966,WEEE_categ_mechRec1,component,pump,4381.679356626152
967,WEEE_categ_mechRec1,component,refrigerant,13194.160915596316
968,WEEE_categ_mechRec1,component,remoteControl,1986.491261416786
969,WEEE_categ_mechRec1,component,resistor,8899.690115082856
970,WEEE_categ_mechRec1,component,rotor,15363.166600419763
971,WEEE_categ_mechRec1,component,screw,5264.391286484288
972,WEEE_categ_mechRec1,component,sensorUnspecified,15010.886623468146
973,WEEE_categ_mechRec1,component,shadowComponentWEEE,7030.542031613546
974,WEEE_categ_mechRec1,component,solenoidValve,3545.9368338338254
975,WEEE_categ_mechRec1,component,speakerEEE2,18182.60155397553
976,WEEE_categ_mechRec1,component,switch,5295.671746858098
977,WEEE_categ_mechRec1,component,tonerCartridge,6656.3680656082815
978,WEEE_categ_mechRec1,component,transformator,2778.9868519087904
979,WEEE_categ_mechRec1,component,transmission,10874.503481764536
980,WEEE_categ_mechRec1,component,transmitter,11348.067205633322
981,WEEE_categ_mechRec1,component,wheel,8477.812535172168
0,WEEE_generatedComplementaryExported,material,AlAndAlAlloys,342243.41790755244
1,WEEE_generatedComplementaryExported,material,CuAndCuAlloys,305708.1056644465
2,WEEE_generatedComplementaryExported,material,MaterialShadowWEEE,741.6511637577743
3,WEEE_generatedComplementaryExported,material,aggregateBinderMixedMaterials,1282.8884107167598
4,WEEE_generatedComplementaryExported,material,bitumen,1797.440764305257
5,WEEE_generatedComplementaryExported,material,carbon,31216.413077904148
6,WEEE_generatedComplementaryExported,material,ceramicComposites,1048.9592847064946
7,WEEE_generatedComplementaryExported,material,concrete,1346.72937738133
8,WEEE_generatedComplementaryExported,material,ferrousMetals,433199.3994762484
9,WEEE_generatedComplementaryExported,material,glass,105826.3703538282
10,WEEE_generatedComplementaryExported,material,glassAndCeramics,1858.0847836533253
11,WEEE_generatedComplementaryExported,material,ironWroughtAndCast,14058.985840407438
12,WEEE_generatedComplementaryExported,material,non-ferrousMetals,1814.089991997919
13,WEEE_generatedComplementaryExported,material,oil4,601.421282760427
14,WEEE_generatedComplementaryExported,material,otherFerrousAlloys,7060.31774048917
15,WEEE_generatedComplementaryExported,material,otherMetalsAndMetalAlloys,115641.38810941807
16,WEEE_generatedComplementaryExported,material,otherMinerals,1155.2449120024185
17,WEEE_generatedComplementaryExported,material,otherOrUndefinedMaterials,341711.3276837367
18,WEEE_generatedComplementaryExported,material,otherOrganics,24291.102531773315
19,WEEE_generatedComplementaryExported,material,plasticComposites,8586.341826275702
20,WEEE_generatedComplementaryExported,material,plastics,681434.3029722556
21,WEEE_generatedComplementaryExported,material,polymerPA6GF30,21938.271161373414
22,WEEE_generatedComplementaryExported,material,polymerPPGF30,1752.6559755153996
23,WEEE_generatedComplementaryExported,material,polymerPPTF20,38831.91734014988
24,WEEE_generatedComplementaryExported,material,polymerPPTF30,59871.56337038575
25,WEEE_generatedComplementaryExported,material,reinforcedPlastics,407.593142003508
26,WEEE_generatedComplementaryExported,material,sand,842.4953645303875
27,WEEE_generatedComplementaryExported,material,steelAndSteelAlloys,54748.662980098576
28,WEEE_generatedComplementaryExported,material,undefinedAndMixedMaterials,151303.44398276086
29,WEEE_generatedComplementaryExported,material,wood,891.2412417514875
30,WEEE_mechRec2_chem,material,AlAndAlAlloys,15.796411358842164
31,WEEE_mechRec2_chem,material,CuAndCuAlloys,1.1324193635640718
32,WEEE_mechRec2_chem,material,ferrousMetals,53.375517509225226
33,WEEE_mechRec2_chem,material,otherMetalsAndMetalAlloys,35.73109637420924
34,WEEE_generatedComplementaryUndocumented,material,AlAndAlAlloys,417267.45255208376
35,WEEE_generatedComplementaryUndocumented,material,CuAndCuAlloys,505700.84535646683
36,WEEE_generatedComplementaryUndocumented,material,MaterialShadowWEEE,2923.0221411676157
37,WEEE_generatedComplementaryUndocumented,material,aggregateBinderMixedMaterials,5156.449659196805
38,WEEE_generatedComplementaryUndocumented,material,bitumen,1425.926895088189
39,WEEE_generatedComplementaryUndocumented,material,carbon,22895.669916572268
40,WEEE_generatedComplementaryUndocumented,material,ceramicComposites,3788.7767933276104
41,WEEE_generatedComplementaryUndocumented,material,concrete,5636.504961937737
42,WEEE_generatedComplementaryUndocumented,material,ferrousMetals,632990.5635912514
43,WEEE_generatedComplementaryUndocumented,material,glass,137967.97865123747
44,WEEE_generatedComplementaryUndocumented,material,glassAndCeramics,3286.352382836825
45,WEEE_generatedComplementaryUndocumented,material,ironWroughtAndCast,23554.01187631919
46,WEEE_generatedComplementaryUndocumented,material,non-ferrousMetals,3482.9295112126933
47,WEEE_generatedComplementaryUndocumented,material,oil4,2280.6140848394675
48,WEEE_generatedComplementaryUndocumented,material,otherFerrousAlloys,3722.0545967058647
49,WEEE_generatedComplementaryUndocumented,material,otherMetalsAndMetalAlloys,110854.565261714
50,WEEE_generatedComplementaryUndocumented,material,otherMinerals,3352.5083696865877
51,WEEE_generatedComplementaryUndocumented,material,otherOrUndefinedMaterials,426917.7324719034
52,WEEE_generatedComplementaryUndocumented,material,otherOrganics,36849.96968611565
53,WEEE_generatedComplementaryUndocumented,material,plasticComposites,22100.520991708905
54,WEEE_generatedComplementaryUndocumented,material,plastics,903646.6977062185
55,WEEE_generatedComplementaryUndocumented,material,polymerPA6GF30,19266.53109478422
56,WEEE_generatedComplementaryUndocumented,material,polymerPPGF30,3795.89065415201
57,WEEE_generatedComplementaryUndocumented,material,polymerPPTF20,23715.40694630031
58,WEEE_generatedComplementaryUndocumented,material,polymerPPTF30,35437.81486905943
59,WEEE_generatedComplementaryUndocumented,material,reinforcedPlastics,1648.855362039221
60,WEEE_generatedComplementaryUndocumented,material,sand,2442.2942485329127
61,WEEE_generatedComplementaryUndocumented,material,steelAndSteelAlloys,84314.37275622238
62,WEEE_generatedComplementaryUndocumented,material,undefinedAndMixedMaterials,221776.46080862943
63,WEEE_generatedComplementaryUndocumented,material,wood,3217.157135594171
64,WEEE_2RM_mechRec1Smelter_other,material,AlAndAlAlloys,2275.126384743763
65,WEEE_2RM_mechRec1Smelter_other,material,CuAndCuAlloys,3141.9905094295477
66,WEEE_2RM_mechRec1Smelter_other,material,MaterialShadowWEEE,291.9094492168413
67,WEEE_2RM_mechRec1Smelter_other,material,aggregateBinderMixedMaterials,231.319291901793
68,WEEE_2RM_mechRec1Smelter_other,material,bitumen,0.03621195193557219
69,WEEE_2RM_mechRec1Smelter_other,material,carbon,484.62046349617657
70,WEEE_2RM_mechRec1Smelter_other,material,ceramicComposites,6.526900148960822
71,WEEE_2RM_mechRec1Smelter_other,material,concrete,0.3026835900362267
72,WEEE_2RM_mechRec1Smelter_other,material,ferrousMetals,5508.184321932936
73,WEEE_2RM_mechRec1Smelter_other,material,glass,1054.172883868901
74,WEEE_2RM_mechRec1Smelter_other,material,glassAndCeramics,81.17983813825983
75,WEEE_2RM_mechRec1Smelter_other,material,ironWroughtAndCast,193.03373227028644
76,WEEE_2RM_mechRec1Smelter_other,material,non-ferrousMetals,76.33775039551945
77,WEEE_2RM_mechRec1Smelter_other,material,oil4,4.897137293874405
78,WEEE_2RM_mechRec1Smelter_other,material,otherFerrousAlloys,6.940010966353336
79,WEEE_2RM_mechRec1Smelter_other,material,otherMetalsAndMetalAlloys,1363.1228896620814
80,WEEE_2RM_mechRec1Smelter_other,material,otherMinerals,69.61572973754897
81,WEEE_2RM_mechRec1Smelter_other,material,otherOrUndefinedMaterials,3416.8689804195524
82,WEEE_2RM_mechRec1Smelter_other,material,otherOrganics,282.43297591891496
83,WEEE_2RM_mechRec1Smelter_other,material,plasticComposites,234.0547692921663
84,WEEE_2RM_mechRec1Smelter_other,material,plastics,5693.4066091829445
85,WEEE_2RM_mechRec1Smelter_other,material,polymerPA6GF30,192.3556403813044
86,WEEE_2RM_mechRec1Smelter_other,material,polymerPPGF30,75.24460007950346
87,WEEE_2RM_mechRec1Smelter_other,material,polymerPPTF20,12.508965755751607
88,WEEE_2RM_mechRec1Smelter_other,material,polymerPPTF30,145.94482804783036
89,WEEE_2RM_mechRec1Smelter_other,material,reinforcedPlastics,5.392670626840057
90,WEEE_2RM_mechRec1Smelter_other,material,sand,15.70084045327846
91,WEEE_2RM_mechRec1Smelter_other,material,steelAndSteelAlloys,240.37030348132214
92,WEEE_2RM_mechRec1Smelter_other,material,undefinedAndMixedMaterials,4078.6639481704165
93,WEEE_2RM_mechRec1Smelter_other,material,wood,100.21267169234055
94,WEEE_generatedComplementaryMSW,material,AlAndAlAlloys,491302.9427880306
95,WEEE_generatedComplementaryMSW,material,CuAndCuAlloys,553542.1529065814
96,WEEE_generatedComplementaryMSW,material,MaterialShadowWEEE,2955.4284617207263
97,WEEE_generatedComplementaryMSW,material,aggregateBinderMixedMaterials,4759.025169477827
98,WEEE_generatedComplementaryMSW,material,bitumen,1983.1855679316104
99,WEEE_generatedComplementaryMSW,material,carbon,31583.94925079988
100,WEEE_generatedComplementaryMSW,material,ceramicComposites,3938.7389913363736
101,WEEE_generatedComplementaryMSW,material,concrete,5646.055009676493
102,WEEE_generatedComplementaryMSW,material,ferrousMetals,721855.5400523569
103,WEEE_generatedComplementaryMSW,material,glass,162425.50906036876
104,WEEE_generatedComplementaryMSW,material,glassAndCeramics,3722.5218660721735
105,WEEE_generatedComplementaryMSW,material,ironWroughtAndCast,27150.255662659078
106,WEEE_generatedComplementaryMSW,material,non-ferrousMetals,2859.4432067838693
107,WEEE_generatedComplementaryMSW,material,oil4,2253.787120510049
108,WEEE_generatedComplementaryMSW,material,otherFerrousAlloys,5864.6561426298285
109,WEEE_generatedComplementaryMSW,material,otherMetalsAndMetalAlloys,140957.0393143489
110,WEEE_generatedComplementaryMSW,material,otherMinerals,2432.7039865579586
111,WEEE_generatedComplementaryMSW,material,otherOrUndefinedMaterials,497524.9097198112
112,WEEE_generatedComplementaryMSW,material,otherOrganics,42660.60910087361
113,WEEE_generatedComplementaryMSW,material,plasticComposites,23191.637506647214
114,WEEE_generatedComplementaryMSW,material,plastics,1047979.5789479183
115,WEEE_generatedComplementaryMSW,material,polymerPA6GF30,26178.8743084505
116,WEEE_generatedComplementaryMSW,material,polymerPPGF30,4036.935673488583
117,WEEE_generatedComplementaryMSW,material,polymerPPTF20,34795.5859261319
118,WEEE_generatedComplementaryMSW,material,polymerPPTF30,53451.75721450706
119,WEEE_generatedComplementaryMSW,material,reinforcedPlastics,1722.7367906515412
120,WEEE_generatedComplementaryMSW,material,sand,2527.330278128155
121,WEEE_generatedComplementaryMSW,material,steelAndSteelAlloys,96661.17846731422
122,WEEE_generatedComplementaryMSW,material,undefinedAndMixedMaterials,249326.78811611165
123,WEEE_generatedComplementaryMSW,material,wood,2569.1567541211853
124,WEEE_wasteBinLandfill,material,AlAndAlAlloys,151607.53804959563
125,WEEE_wasteBinLandfill,material,CuAndCuAlloys,169445.22250494984
126,WEEE_wasteBinLandfill,material,MaterialShadowWEEE,957.3400527818612
127,WEEE_wasteBinLandfill,material,aggregateBinderMixedMaterials,1451.9968566598316
128,WEEE_wasteBinLandfill,material,bitumen,664.507182920328
129,WEEE_wasteBinLandfill,material,carbon,9966.306782792888
130,WEEE_wasteBinLandfill,material,ceramicComposites,1194.600872689629
131,WEEE_wasteBinLandfill,material,concrete,1667.6096107362653
132,WEEE_wasteBinLandfill,material,ferrousMetals,220092.55879568603
133,WEEE_wasteBinLandfill,material,glass,47981.457508218715
134,WEEE_wasteBinLandfill,material,glassAndCeramics,1073.6838270710005
135,WEEE_wasteBinLandfill,material,ironWroughtAndCast,7961.01275242072
136,WEEE_wasteBinLandfill,material,non-ferrousMetals,892.3963462536931
137,WEEE_wasteBinLandfill,material,oil4,647.547419458544
138,WEEE_wasteBinLandfill,material,otherFerrousAlloys,1897.1871163786109
139,WEEE_wasteBinLandfill,material,otherMetalsAndMetalAlloys,43239.04817818018
140,WEEE_wasteBinLandfill,material,otherMinerals,583.4043147323335
141,WEEE_wasteBinLandfill,material,otherOrUndefinedMaterials,155468.80253589596
142,WEEE_wasteBinLandfill,material,otherOrganics,12681.697929733726
143,WEEE_wasteBinLandfill,material,plasticComposites,6001.587591192892
144,WEEE_wasteBinLandfill,material,plastics,314109.526629207
145,WEEE_wasteBinLandfill,material,polymerPA6GF30,7900.445126006939
146,WEEE_wasteBinLandfill,material,polymerPPGF30,1310.1795253576759
147,WEEE_wasteBinLandfill,material,polymerPPTF20,11120.492841576206
148,WEEE_wasteBinLandfill,material,polymerPPTF30,17413.686176178027
149,WEEE_wasteBinLandfill,material,reinforcedPlastics,576.528867386644
150,WEEE_wasteBinLandfill,material,sand,732.7571117578707
151,WEEE_wasteBinLandfill,material,steelAndSteelAlloys,29469.61791722653
152,WEEE_wasteBinLandfill,material,undefinedAndMixedMaterials,75418.8080078466
153,WEEE_wasteBinLandfill,material,wood,699.7536469005428
154,WEEE_2RM_mechRec2Smelter_other,material,AlAndAlAlloys,17699.857554956478
155,WEEE_2RM_mechRec2Smelter_other,material,CuAndCuAlloys,9933.159699211183
156,WEEE_2RM_mechRec2Smelter_other,material,MaterialShadowWEEE,123.70935852763726
157,WEEE_2RM_mechRec2Smelter_other,material,aggregateBinderMixedMaterials,584.6958950026234
158,WEEE_2RM_mechRec2Smelter_other,material,bitumen,0.0070354649474825975
159,WEEE_2RM_mechRec2Smelter_other,material,carbon,73.35018201730266
160,WEEE_2RM_mechRec2Smelter_other,material,ceramicComposites,2.773932563308349
161,WEEE_2RM_mechRec2Smelter_other,material,concrete,0.0477807667128615
162,WEEE_2RM_mechRec2Smelter_other,material,ferrousMetals,10052.557341343976
163,WEEE_2RM_mechRec2Smelter_other,material,glass,470.27045056305593
164,WEEE_2RM_mechRec2Smelter_other,material,glassAndCeramics,5.34267052930742
165,WEEE_2RM_mechRec2Smelter_other,material,ironWroughtAndCast,2.765670881771601
166,WEEE_2RM_mechRec2Smelter_other,material,non-ferrousMetals,108.76645297630004
167,WEEE_2RM_mechRec2Smelter_other,material,oil4,0.8919785785271237
168,WEEE_2RM_mechRec2Smelter_other,material,otherFerrousAlloys,1.412025308154198
169,WEEE_2RM_mechRec2Smelter_other,material,otherMetalsAndMetalAlloys,789.1063623707041
170,WEEE_2RM_mechRec2Smelter_other,material,otherMinerals,16.10131201628049
171,WEEE_2RM_mechRec2Smelter_other,material,otherOrUndefinedMaterials,27102.905805838513
172,WEEE_2RM_mechRec2Smelter_other,material,otherOrganics,515.3766725962711
173,WEEE_2RM_mechRec2Smelter_other,material,plasticComposites,534.1835014776348
174,WEEE_2RM_mechRec2Smelter_other,material,plastics,4396.891695241171
175,WEEE_2RM_mechRec2Smelter_other,material,polymerPA6GF30,503.8070567503347
176,WEEE_2RM_mechRec2Smelter_other,material,polymerPPGF30,73.38406220324269
177,WEEE_2RM_mechRec2Smelter_other,material,polymerPPTF20,1.7721034820648112
178,WEEE_2RM_mechRec2Smelter_other,material,polymerPPTF30,52.57467237585784
179,WEEE_2RM_mechRec2Smelter_other,material,reinforcedPlastics,2.1609201583266233
180,WEEE_2RM_mechRec2Smelter_other,material,sand,1.9065306264695274
181,WEEE_2RM_mechRec2Smelter_other,material,steelAndSteelAlloys,132.75635761991913
182,WEEE_2RM_mechRec2Smelter_other,material,undefinedAndMixedMaterials,915.8407754737289
183,WEEE_2RM_mechRec2Smelter_other,material,wood,30.998986559586818
184,WEEE_wasteBinIncineration,material,AlAndAlAlloys,189004.51497728436
185,WEEE_wasteBinIncineration,material,CuAndCuAlloys,218407.88849604296
186,WEEE_wasteBinIncineration,material,MaterialShadowWEEE,1028.8453682444015
187,WEEE_wasteBinIncineration,material,aggregateBinderMixedMaterials,2148.3113153036343
188,WEEE_wasteBinIncineration,material,bitumen,605.4919308937529
189,WEEE_wasteBinIncineration,material,carbon,12122.357384290362
190,WEEE_wasteBinIncineration,material,ceramicComposites,1841.3310479063123
191,WEEE_wasteBinIncineration,material,concrete,3031.054609453713
192,WEEE_wasteBinIncineration,material,ferrousMetals,244564.80475494085
193,WEEE_wasteBinIncineration,material,glass,62520.90335610094
194,WEEE_wasteBinIncineration,material,glassAndCeramics,1532.0012628856778
195,WEEE_wasteBinIncineration,material,ironWroughtAndCast,11972.035389602232
196,WEEE_wasteBinIncineration,material,non-ferrousMetals,1223.7505659056833
197,WEEE_wasteBinIncineration,material,oil4,1251.8315698719994
198,WEEE_wasteBinIncineration,material,otherFerrousAlloys,2088.731685482641
199,WEEE_wasteBinIncineration,material,otherMetalsAndMetalAlloys,48379.053523425784
200,WEEE_wasteBinIncineration,material,otherMinerals,642.1669314315396
201,WEEE_wasteBinIncineration,material,otherOrUndefinedMaterials,189960.3360292228
202,WEEE_wasteBinIncineration,material,otherOrganics,18900.27209159633
203,WEEE_wasteBinIncineration,material,plasticComposites,8101.95885268939
204,WEEE_wasteBinIncineration,material,plastics,395185.5879533707
205,WEEE_wasteBinIncineration,material,polymerPA6GF30,7685.7617784984695
206,WEEE_wasteBinIncineration,material,polymerPPGF30,1311.6953350519686
207,WEEE_wasteBinIncineration,material,polymerPPTF20,12772.585447587351
208,WEEE_wasteBinIncineration,material,polymerPPTF30,18194.221803804605
209,WEEE_wasteBinIncineration,material,reinforcedPlastics,445.7024591978855
210,WEEE_wasteBinIncineration,material,sand,1224.0152518537234
211,WEEE_wasteBinIncineration,material,steelAndSteelAlloys,39779.963206854205
212,WEEE_wasteBinIncineration,material,undefinedAndMixedMaterials,100054.11499338676
213,WEEE_wasteBinIncineration,material,wood,931.1986643631536
214,WEEE_generatedComplementaryMetalScrap,material,AlAndAlAlloys,559878.4389925791
215,WEEE_generatedComplementaryMetalScrap,material,CuAndCuAlloys,612161.770320098
216,WEEE_generatedComplementaryMetalScrap,material,MaterialShadowWEEE,2555.0404894736475
217,WEEE_generatedComplementaryMetalScrap,material,aggregateBinderMixedMaterials,5397.2394466181695
218,WEEE_generatedComplementaryMetalScrap,material,bitumen,2080.0307888622583
219,WEEE_generatedComplementaryMetalScrap,material,carbon,39250.86107946308
220,WEEE_generatedComplementaryMetalScrap,material,ceramicComposites,4095.3844301702393
221,WEEE_generatedComplementaryMetalScrap,material,concrete,6545.629668182783
222,WEEE_generatedComplementaryMetalScrap,material,ferrousMetals,739942.6471552794
223,WEEE_generatedComplementaryMetalScrap,material,glass,180579.54707470932
224,WEEE_generatedComplementaryMetalScrap,material,glassAndCeramics,3976.3952245905452
225,WEEE_generatedComplementaryMetalScrap,material,ironWroughtAndCast,30175.20040322595
226,WEEE_generatedComplementaryMetalScrap,material,non-ferrousMetals,4313.782011821575
227,WEEE_generatedComplementaryMetalScrap,material,oil4,2762.55359419752
228,WEEE_generatedComplementaryMetalScrap,material,otherFerrousAlloys,7517.580829717674
229,WEEE_generatedComplementaryMetalScrap,material,otherMetalsAndMetalAlloys,156815.0950711841
230,WEEE_generatedComplementaryMetalScrap,material,otherMinerals,3234.9506020846266
231,WEEE_generatedComplementaryMetalScrap,material,otherOrUndefinedMaterials,564694.5262616583
232,WEEE_generatedComplementaryMetalScrap,material,otherOrganics,48912.468989874025
233,WEEE_generatedComplementaryMetalScrap,material,plasticComposites,22171.744843576533
234,WEEE_generatedComplementaryMetalScrap,material,plastics,1162739.9965880644
235,WEEE_generatedComplementaryMetalScrap,material,polymerPA6GF30,26419.571616450547
236,WEEE_generatedComplementaryMetalScrap,material,polymerPPGF30,3757.6639881091405
237,WEEE_generatedComplementaryMetalScrap,material,polymerPPTF20,44300.537692714555
238,WEEE_generatedComplementaryMetalScrap,material,polymerPPTF30,65030.516926710254
239,WEEE_generatedComplementaryMetalScrap,material,reinforcedPlastics,1185.196359866751
240,WEEE_generatedComplementaryMetalScrap,material,sand,2847.8269330855856
241,WEEE_generatedComplementaryMetalScrap,material,steelAndSteelAlloys,106547.73708547476
242,WEEE_generatedComplementaryMetalScrap,material,undefinedAndMixedMaterials,283185.78975357773
243,WEEE_generatedComplementaryMetalScrap,material,wood,3182.0312192281517
244,WEEE_collected,material,AlAndAlAlloys,288419.41292124224
245,WEEE_collected,material,CuAndCuAlloys,374136.06751358695
246,WEEE_collected,material,MaterialShadowWEEE,2669.4469278178117
247,WEEE_collected,material,aggregateBinderMixedMaterials,4132.547188692309
248,WEEE_collected,material,bitumen,1045.5679707830225
249,WEEE_collected,material,carbon,13230.273116386745
250,WEEE_collected,material,ceramicComposites,3013.546061040531
251,WEEE_collected,material,concrete,4273.203898245209
252,WEEE_collected,material,ferrousMetals,461711.78817170043
253,WEEE_collected,material,glass,91572.56089000867
254,WEEE_collected,material,glassAndCeramics,2229.519160695343
255,WEEE_collected,material,ironWroughtAndCast,16973.438938300744
256,WEEE_collected,material,non-ferrousMetals,2521.934210402438
257,WEEE_collected,material,oil4,1644.1101670877351
258,WEEE_collected,material,otherFerrousAlloys,2007.2395456794331
259,WEEE_collected,material,otherMetalsAndMetalAlloys,71055.57481451306
260,WEEE_collected,material,otherMinerals,2118.78161187103
261,WEEE_collected,material,otherOrUndefinedMaterials,304026.2831140043
262,WEEE_collected,material,otherOrganics,24946.88153437992
263,WEEE_collected,material,plasticComposites,14560.57140466133
264,WEEE_collected,material,plastics,615904.0972875112
265,WEEE_collected,material,polymerPA6GF30,12014.890034092501
266,WEEE_collected,material,polymerPPGF30,3325.26928314657
267,WEEE_collected,material,polymerPPTF20,12679.562933708781
268,WEEE_collected,material,polymerPPTF30,20296.006627840557
269,WEEE_collected,material,reinforcedPlastics,1602.0864496938398
270,WEEE_collected,material,sand,1772.6785430176262
271,WEEE_collected,material,steelAndSteelAlloys,62537.6497541237
272,WEEE_collected,material,undefinedAndMixedMaterials,155151.94661306386
273,WEEE_collected,material,wood,2295.6956756040468
274,WEEE_generatedDedicated,material,AlAndAlAlloys,1241081.563883071
275,WEEE_generatedDedicated,material,CuAndCuAlloys,1411540.6727903034
276,WEEE_generatedDedicated,material,MaterialShadowWEEE,7118.811266446357
277,WEEE_generatedDedicated,material,aggregateBinderMixedMaterials,13027.0109468185
278,WEEE_generatedDedicated,material,bitumen,4601.989935699553
279,WEEE_generatedDedicated,material,carbon,79246.69927408773
280,WEEE_generatedDedicated,material,ceramicComposites,9856.525162564823
281,WEEE_generatedDedicated,material,concrete,14964.945447085853
282,WEEE_generatedDedicated,material,ferrousMetals,1758338.9144080477
283,WEEE_generatedDedicated,material,glass,403826.8932999945
284,WEEE_generatedDedicated,material,glassAndCeramics,9140.24143128804
285,WEEE_generatedDedicated,material,ironWroughtAndCast,67909.10822272359
286,WEEE_generatedDedicated,material,non-ferrousMetals,9408.789840910144
287,WEEE_generatedDedicated,material,oil4,6148.287305284047
288,WEEE_generatedDedicated,material,otherFerrousAlloys,14508.834347124088
289,WEEE_generatedDedicated,material,otherMetalsAndMetalAlloys,345589.8064712697
290,WEEE_generatedDedicated,material,otherMinerals,7880.075452143128
291,WEEE_generatedDedicated,material,otherOrUndefinedMaterials,1258855.1499416162
292,WEEE_generatedDedicated,material,otherOrganics,107765.3494982676
293,WEEE_generatedDedicated,material,plasticComposites,55961.829718119996
294,WEEE_generatedDedicated,material,plastics,2619816.8676949856
295,WEEE_generatedDedicated,material,polymerPA6GF30,59659.243932419704
296,WEEE_generatedDedicated,material,polymerPPGF30,9723.44203336372
297,WEEE_generatedDedicated,material,polymerPPTF20,87250.36302558506
298,WEEE_generatedDedicated,material,polymerPPTF30,130257.78167602328
299,WEEE_generatedDedicated,material,reinforcedPlastics,3763.3167211237574
300,WEEE_generatedDedicated,material,sand,6550.21815695939
301,WEEE_generatedDedicated,material,steelAndSteelAlloys,243178.97243834598
302,WEEE_generatedDedicated,material,undefinedAndMixedMaterials,637311.4530011921
303,WEEE_generatedDedicated,material,wood,7773.490724486379
304,WEEE_mechRec2_thermal,material,AlAndAlAlloys,35.71362568086054
305,WEEE_mechRec2_thermal,material,CuAndCuAlloys,4.3409408936622755
306,WEEE_mechRec2_thermal,material,ferrousMetals,19.860657677851247
307,WEEE_mechRec2_thermal,material,otherMetalsAndMetalAlloys,26.590583348248735
308,WEEE_mechRec1_mechRec2,material,AlAndAlAlloys,2430.649554718161
309,WEEE_mechRec1_mechRec2,material,CuAndCuAlloys,2898.2823499396945
310,WEEE_mechRec1_mechRec2,material,MaterialShadowWEEE,237.4856536001421
311,WEEE_mechRec1_mechRec2,material,aggregateBinderMixedMaterials,188.19196629298415
312,WEEE_mechRec1_mechRec2,material,bitumen,0.04397165592176623
313,WEEE_mechRec1_mechRec2,material,carbon,156.06421705809078
314,WEEE_mechRec1_mechRec2,material,ceramicComposites,7.925521609452427
315,WEEE_mechRec1_mechRec2,material,concrete,0.36754435932970386
316,WEEE_mechRec1_mechRec2,material,ferrousMetals,4379.5240692246525
317,WEEE_mechRec1_mechRec2,material,glass,1031.8310819788314
318,WEEE_mechRec1_mechRec2,material,glassAndCeramics,66.04461407858426
319,WEEE_mechRec1_mechRec2,material,ironWroughtAndCast,23.126807322366624
320,WEEE_mechRec1_mechRec2,material,non-ferrousMetals,62.105288457371756
321,WEEE_mechRec1_mechRec2,material,oil4,5.946523856847492
322,WEEE_mechRec1_mechRec2,material,otherFerrousAlloys,6.139240470235643
323,WEEE_mechRec1_mechRec2,material,otherMetalsAndMetalAlloys,1133.678529399314
324,WEEE_mechRec1_mechRec2,material,otherMinerals,56.63652588817544
325,WEEE_mechRec1_mechRec2,material,otherOrUndefinedMaterials,4416.848541147527
326,WEEE_mechRec1_mechRec2,material,otherOrganics,160.74902764815744
327,WEEE_mechRec1_mechRec2,material,plasticComposites,604.4927110710775
328,WEEE_mechRec1_mechRec2,material,plastics,6897.584998242666
329,WEEE_mechRec1_mechRec2,material,polymerPA6GF30,541.0286467852865
330,WEEE_mechRec1_mechRec2,material,polymerPPGF30,219.4634168985517
331,WEEE_mechRec1_mechRec2,material,polymerPPTF20,5.063152805899461
332,WEEE_mechRec1_mechRec2,material,polymerPPTF30,383.1822680712057
333,WEEE_mechRec1_mechRec2,material,reinforcedPlastics,6.5482429040200705
334,WEEE_mechRec1_mechRec2,material,sand,19.065306264695273
335,WEEE_mechRec1_mechRec2,material,steelAndSteelAlloys,142.17478579309144
336,WEEE_mechRec1_mechRec2,material,undefinedAndMixedMaterials,2663.123656641779
337,WEEE_mechRec1_mechRec2,material,wood,81.5289532412262
338,WEEE_categ_mechRec2,material,AlAndAlAlloys,124487.79630218472
339,WEEE_categ_mechRec2,material,CuAndCuAlloys,164452.68559341645
340,WEEE_categ_mechRec2,material,MaterialShadowWEEE,1250.2677498960857
341,WEEE_categ_mechRec2,material,aggregateBinderMixedMaterials,1874.2180160623122
342,WEEE_categ_mechRec2,material,bitumen,475.94107345355974
343,WEEE_categ_mechRec2,material,carbon,5451.439039704467
344,WEEE_categ_mechRec2,material,ceramicComposites,1314.665836003755
345,WEEE_categ_mechRec2,material,concrete,1830.832057363703
346,WEEE_categ_mechRec2,material,ferrousMetals,200365.7018979067
347,WEEE_categ_mechRec2,material,glass,37755.63395076317
348,WEEE_categ_mechRec2,material,glassAndCeramics,901.1226260850602
349,WEEE_categ_mechRec2,material,ironWroughtAndCast,7137.221234243806
350,WEEE_categ_mechRec2,material,non-ferrousMetals,1201.1445929235456
351,WEEE_categ_mechRec2,material,oil4,690.419408795306
352,WEEE_categ_mechRec2,material,otherFerrousAlloys,841.7763656189661
353,WEEE_categ_mechRec2,material,otherMetalsAndMetalAlloys,29697.91586346919
354,WEEE_categ_mechRec2,material,otherMinerals,909.6780982961628
355,WEEE_categ_mechRec2,material,otherOrUndefinedMaterials,133555.93195301236
356,WEEE_categ_mechRec2,material,otherOrganics,10297.044282044999
357,WEEE_categ_mechRec2,material,plasticComposites,5582.872079682148
358,WEEE_categ_mechRec2,material,plastics,259718.59919212345
359,WEEE_categ_mechRec2,material,polymerPA6GF30,4792.296760315398
360,WEEE_categ_mechRec2,material,polymerPPGF30,1556.1145038969526
361,WEEE_categ_mechRec2,material,polymerPPTF20,5183.137542273711
362,WEEE_categ_mechRec2,material,polymerPPTF30,8602.118142617752
363,WEEE_categ_mechRec2,material,reinforcedPlastics,759.8875097880317
364,WEEE_categ_mechRec2,material,sand,743.89457923429
365,WEEE_categ_mechRec2,material,steelAndSteelAlloys,27266.810448495162
366,WEEE_categ_mechRec2,material,undefinedAndMixedMaterials,66551.27120758382
367,WEEE_categ_mechRec2,material,wood,1019.2445509510064
368,WEEE_categ_mechRec1,material,AlAndAlAlloys,60266.9662315358
369,WEEE_categ_mechRec1,material,CuAndCuAlloys,80411.648083457
370,WEEE_categ_mechRec1,material,MaterialShadowWEEE,679.8539392387597
371,WEEE_categ_mechRec1,material,aggregateBinderMixedMaterials,844.0803475812587
372,WEEE_categ_mechRec1,material,bitumen,259.7574057965477
373,WEEE_categ_mechRec1,material,carbon,2229.010268562909
374,WEEE_categ_mechRec1,material,ceramicComposites,597.373639758073
375,WEEE_categ_mechRec1,material,concrete,688.694670662871
376,WEEE_categ_mechRec1,material,ferrousMetals,115049.79217056991
377,WEEE_categ_mechRec1,material,glass,19688.28754617169
378,WEEE_categ_mechRec1,material,glassAndCeramics,475.31381728420865
379,WEEE_categ_mechRec1,material,ironWroughtAndCast,3179.599021943071
380,WEEE_categ_mechRec1,material,non-ferrousMetals,465.9560324168951
381,WEEE_categ_mechRec1,material,oil4,240.06579783358413
382,WEEE_categ_mechRec1,material,otherFerrousAlloys,301.9992649099325
383,WEEE_categ_mechRec1,material,otherMetalsAndMetalAlloys,16384.099363431265
384,WEEE_categ_mechRec1,material,otherMinerals,589.7073517410696
385,WEEE_categ_mechRec1,material,otherOrUndefinedMaterials,64229.81358947497
386,WEEE_categ_mechRec1,material,otherOrganics,4532.9216853639045
387,WEEE_categ_mechRec1,material,plasticComposites,3910.3049109321323
388,WEEE_categ_mechRec1,material,plastics,135477.44497983207
389,WEEE_categ_mechRec1,material,polymerPA6GF30,3349.5234041067465
390,WEEE_categ_mechRec1,material,polymerPPGF30,853.3759572409328
391,WEEE_categ_mechRec1,material,polymerPPTF20,2029.2946672271078
392,WEEE_categ_mechRec1,material,polymerPPTF30,3869.865871929576
393,WEEE_categ_mechRec1,material,reinforcedPlastics,474.46809449639557
394,WEEE_categ_mechRec1,material,sand,321.77729845768727
395,WEEE_categ_mechRec1,material,steelAndSteelAlloys,12659.946544681727
396,WEEE_categ_mechRec1,material,undefinedAndMixedMaterials,32043.69879018704
397,WEEE_categ_mechRec1,material,wood,550.0609640124911
0,WEEE_generatedComplementaryExported,element,Ag,1617157.8650730408
1,WEEE_generatedComplementaryExported,element,Al,34944.5685334634
2,WEEE_generatedComplementaryExported,element,As,57077.291663590084
3,WEEE_generatedComplementaryExported,element,Bi,134.53284707504744
4,WEEE_generatedComplementaryExported,element,Ca,24322.96482077379
5,WEEE_generatedComplementaryExported,element,Cl,241.90626090242
6,WEEE_generatedComplementaryExported,element,Cu,132582.19702264713
7,WEEE_generatedComplementaryExported,element,Dy,107117.86757626111
8,WEEE_generatedComplementaryExported,element,Ga,161166.7705420672
9,WEEE_generatedComplementaryExported,element,Mn,42779.35969743671
10,WEEE_generatedComplementaryExported,element,Mo,138170.29853115638
11,WEEE_generatedComplementaryExported,element,O,51276.66549098834
12,WEEE_generatedComplementaryExported,element,Pd,21298.144169596188
13,WEEE_generatedComplementaryExported,element,Sc,50838.88729161982
14,WEEE_generatedComplementaryExported,element,Sm,122340.47831594158
15,WEEE_generatedComplementaryExported,element,Sr,3025.843796355709
16,WEEE_generatedComplementaryExported,element,Zr,96068.05225822878
17,WEEE_2RM_thermal2Smelter_other,element,Ag,7.958185129317754
18,WEEE_2RM_thermal2Smelter_other,element,Al,2.117564650018884
19,WEEE_2RM_thermal2Smelter_other,element,Cu,1.0618969293156757
20,WEEE_2RM_thermal2Smelter_other,element,Dy,1.5111774655220864
21,WEEE_mechRec2_chem,element,Ag,31.75168190356099
22,WEEE_mechRec2_chem,element,Al,5.9675118754013825
23,WEEE_mechRec2_chem,element,As,2.575441973247246
24,WEEE_mechRec2_chem,element,Cu,7.17512535584942
25,WEEE_mechRec2_chem,element,Dy,11.778836787855393
26,WEEE_mechRec2_chem,element,Ga,32.604451581982495
27,WEEE_mechRec2_chem,element,Mn,0.5075747853288125
28,WEEE_mechRec2_chem,element,Mo,7.614401319049159
29,WEEE_mechRec2_chem,element,O,1.4164013112764664
30,WEEE_mechRec2_chem,element,Sm,4.564856251669229
31,WEEE_mechRec2_chem,element,Zr,0.07916146062015343
32,WEEE_generatedComplementaryUndocumented,element,Ag,2053435.3880245448
33,WEEE_generatedComplementaryUndocumented,element,Al,32166.726083009595
34,WEEE_generatedComplementaryUndocumented,element,As,74141.43564786416
35,WEEE_generatedComplementaryUndocumented,element,Bi,553.9708486394145
36,WEEE_generatedComplementaryUndocumented,element,Ca,43503.3583534324
37,WEEE_generatedComplementaryUndocumented,element,Cl,536.6790777570825
38,WEEE_generatedComplementaryUndocumented,element,Cu,150598.88893138524
39,WEEE_generatedComplementaryUndocumented,element,Dy,182867.0559932617
40,WEEE_generatedComplementaryUndocumented,element,Ga,185556.8312386979
41,WEEE_generatedComplementaryUndocumented,element,Mn,49511.347968927155
42,WEEE_generatedComplementaryUndocumented,element,Mo,175684.8599900384
43,WEEE_generatedComplementaryUndocumented,element,O,76521.789602592
44,WEEE_generatedComplementaryUndocumented,element,Pd,28354.232445404123
45,WEEE_generatedComplementaryUndocumented,element,Sc,57926.83486186602
46,WEEE_generatedComplementaryUndocumented,element,Sm,176274.540047155
47,WEEE_generatedComplementaryUndocumented,element,Sr,10843.795403695822
48,WEEE_generatedComplementaryUndocumented,element,Zr,155009.813139051
49,WEEE_2RM_mechRec1Smelter_other,element,Ag,17527.56525489838
50,WEEE_2RM_mechRec1Smelter_other,element,Al,688.2544956470913
51,WEEE_2RM_mechRec1Smelter_other,element,As,263.3780091962164
52,WEEE_2RM_mechRec1Smelter_other,element,Bi,1.706366786881962
53,WEEE_2RM_mechRec1Smelter_other,element,Ca,283.3143842173362
54,WEEE_2RM_mechRec1Smelter_other,element,Cl,4.422073692214214
55,WEEE_2RM_mechRec1Smelter_other,element,Cu,1324.2020989210075
56,WEEE_2RM_mechRec1Smelter_other,element,Dy,1181.7696861020154
57,WEEE_2RM_mechRec1Smelter_other,element,Ga,1475.8526923666614
58,WEEE_2RM_mechRec1Smelter_other,element,Mn,185.8997008530852
59,WEEE_2RM_mechRec1Smelter_other,element,Mo,1035.8726341713966
60,WEEE_2RM_mechRec1Smelter_other,element,O,404.2476867878134
61,WEEE_2RM_mechRec1Smelter_other,element,Pd,303.03264009518233
62,WEEE_2RM_mechRec1Smelter_other,element,Sc,637.058953058589
63,WEEE_2RM_mechRec1Smelter_other,element,Sm,983.5716505754295
64,WEEE_2RM_mechRec1Smelter_other,element,Sr,7.265443630327168
65,WEEE_2RM_mechRec1Smelter_other,element,Zr,1378.4787000763536
66,WEEE_generatedComplementaryMSW,element,Ag,2397487.0051105334
67,WEEE_generatedComplementaryMSW,element,Al,41752.547222538786
68,WEEE_generatedComplementaryMSW,element,As,87188.87593087116
69,WEEE_generatedComplementaryMSW,element,Bi,563.774100969543
70,WEEE_generatedComplementaryMSW,element,Ca,48660.53444012125
71,WEEE_generatedComplementaryMSW,element,Cl,568.503524722652
72,WEEE_generatedComplementaryMSW,element,Cu,184776.54073733147
73,WEEE_generatedComplementaryMSW,element,Dy,200317.5873370344
74,WEEE_generatedComplementaryMSW,element,Ga,227383.10092710584
75,WEEE_generatedComplementaryMSW,element,Mn,58815.02198957904
76,WEEE_generatedComplementaryMSW,element,Mo,207133.3371981131
77,WEEE_generatedComplementaryMSW,element,O,81509.32724243982
78,WEEE_generatedComplementaryMSW,element,Pd,32164.03484888528
79,WEEE_generatedComplementaryMSW,element,Sc,70756.66814351731
80,WEEE_generatedComplementaryMSW,element,Sm,204186.0049131334
81,WEEE_generatedComplementaryMSW,element,Sr,11146.110689604766
82,WEEE_generatedComplementaryMSW,element,Zr,169006.84336396892
83,WEEE_wasteBinLandfill,element,Ag,732443.5862542437
84,WEEE_wasteBinLandfill,element,Al,13094.263036442115
85,WEEE_wasteBinLandfill,element,As,26881.1475757786
86,WEEE_wasteBinLandfill,element,Bi,164.8367347408329
87,WEEE_wasteBinLandfill,element,Ca,14448.075192023674
88,WEEE_wasteBinLandfill,element,Cl,169.2195242107994
89,WEEE_wasteBinLandfill,element,Cu,57848.33123820032
90,WEEE_wasteBinLandfill,element,Dy,60047.37153653262
91,WEEE_wasteBinLandfill,element,Ga,70419.53292675212
92,WEEE_wasteBinLandfill,element,Mn,18173.25669240617
93,WEEE_wasteBinLandfill,element,Mo,63868.95054381088
94,WEEE_wasteBinLandfill,element,O,24730.452963271222
95,WEEE_wasteBinLandfill,element,Pd,9371.55889956634
96,WEEE_wasteBinLandfill,element,Sc,21088.68837741588
97,WEEE_wasteBinLandfill,element,Sm,63308.091371240625
98,WEEE_wasteBinLandfill,element,Sr,3257.564064982094
99,WEEE_wasteBinLandfill,element,Zr,51515.88151480547
100,WEEE_2RM_mechRec2Smelter_other,element,Ag,42154.72285518709
101,WEEE_2RM_mechRec2Smelter_other,element,Al,391.3274573190673
102,WEEE_2RM_mechRec2Smelter_other,element,As,3188.927403635635
103,WEEE_2RM_mechRec2Smelter_other,element,Bi,1.24545169264622
104,WEEE_2RM_mechRec2Smelter_other,element,Ca,414.8582960531942
105,WEEE_2RM_mechRec2Smelter_other,element,Cl,4.946859667123778
106,WEEE_2RM_mechRec2Smelter_other,element,Cu,5016.233219193039
107,WEEE_2RM_mechRec2Smelter_other,element,Dy,2274.806959685213
108,WEEE_2RM_mechRec2Smelter_other,element,Ga,4792.3340735074025
109,WEEE_2RM_mechRec2Smelter_other,element,Mn,1445.4325118515776
110,WEEE_2RM_mechRec2Smelter_other,element,Mo,3840.474550839523
111,WEEE_2RM_mechRec2Smelter_other,element,O,973.6416200589385
112,WEEE_2RM_mechRec2Smelter_other,element,Pd,148.95621742958835
113,WEEE_2RM_mechRec2Smelter_other,element,Sc,145.7076698822264
114,WEEE_2RM_mechRec2Smelter_other,element,Sm,3675.501506262347
115,WEEE_2RM_mechRec2Smelter_other,element,Sr,13.491777651418175
116,WEEE_2RM_mechRec2Smelter_other,element,Zr,3025.117631472062
117,WEEE_wasteBinIncineration,element,Ag,914717.5811882868
118,WEEE_wasteBinIncineration,element,Al,12715.84405778806
119,WEEE_wasteBinIncineration,element,As,34748.40331371032
120,WEEE_wasteBinIncineration,element,Bi,289.0660273646591
121,WEEE_wasteBinIncineration,element,Ca,20734.177052797317
122,WEEE_wasteBinIncineration,element,Cl,270.91129931374456
123,WEEE_wasteBinIncineration,element,Cu,63855.39542244059
124,WEEE_wasteBinIncineration,element,Dy,81154.19895568742
125,WEEE_wasteBinIncineration,element,Ga,79939.66411301815
126,WEEE_wasteBinIncineration,element,Mn,22404.803070478167
127,WEEE_wasteBinIncineration,element,Mo,74598.43613245044
128,WEEE_wasteBinIncineration,element,O,27845.098967857382
129,WEEE_wasteBinIncineration,element,Pd,11948.2995548663
130,WEEE_wasteBinIncineration,element,Sc,27576.99762237434
131,WEEE_wasteBinIncineration,element,Sm,74740.1765580797
132,WEEE_wasteBinIncineration,element,Sr,5964.2788496971
133,WEEE_wasteBinIncineration,element,Zr,64735.23180418062
134,WEEE_thermal_chem,element,Ag,7.07681708721062
135,WEEE_thermal_chem,element,Al,1.7763756280264582
136,WEEE_thermal_chem,element,Cu,0.4187290730740046
137,WEEE_thermal_chem,element,Dy,3.254611070411866
138,WEEE_2RM_chem2Smelter_other,element,Ag,8.341213539645835
139,WEEE_2RM_chem2Smelter_other,element,Al,2.792795557687847
140,WEEE_2RM_chem2Smelter_other,element,Cu,2.0695684436682678
141,WEEE_2RM_chem2Smelter_other,element,Dy,7.545481960486279
142,WEEE_generatedComplementaryMetalScrap,element,Ag,2700867.2624680568
143,WEEE_generatedComplementaryMetalScrap,element,Al,43913.47650898078
144,WEEE_generatedComplementaryMetalScrap,element,As,98425.44033265935
145,WEEE_generatedComplementaryMetalScrap,element,Bi,625.5757787510065
146,WEEE_generatedComplementaryMetalScrap,element,Ca,53286.3059390453
147,WEEE_generatedComplementaryMetalScrap,element,Cl,660.4484174187272
148,WEEE_generatedComplementaryMetalScrap,element,Cu,196524.90495676314
149,WEEE_generatedComplementaryMetalScrap,element,Dy,222352.64992032555
150,WEEE_generatedComplementaryMetalScrap,element,Ga,242772.85260570594
151,WEEE_generatedComplementaryMetalScrap,element,Mn,67722.6711149138
152,WEEE_generatedComplementaryMetalScrap,element,Mo,223495.25767704306
153,WEEE_generatedComplementaryMetalScrap,element,O,90746.41548433644
154,WEEE_generatedComplementaryMetalScrap,element,Pd,36470.35892266077
155,WEEE_generatedComplementaryMetalScrap,element,Sc,80675.44970579243
156,WEEE_generatedComplementaryMetalScrap,element,Sm,214360.99949878958
157,WEEE_generatedComplementaryMetalScrap,element,Sr,12886.484864936754
158,WEEE_generatedComplementaryMetalScrap,element,Zr,186727.96108540357
159,WEEE_collected,element,Ag,1421062.4737556677
160,WEEE_collected,element,Al,21654.16641053212
161,WEEE_collected,element,As,52208.8909717626
162,WEEE_collected,element,Bi,418.2396635079105
163,WEEE_collected,element,Ca,30804.775383750366
164,WEEE_collected,element,Cl,386.28883753875334
165,WEEE_collected,element,Cu,107230.04621837274
166,WEEE_collected,element,Dy,131148.68510761423
167,WEEE_collected,element,Ga,130551.61277310182
168,WEEE_collected,element,Mn,34005.091562227986
169,WEEE_collected,element,Mo,125148.12302245919
170,WEEE_collected,element,O,56007.56543847258
171,WEEE_collected,element,Pd,18586.275754452934
172,WEEE_collected,element,Sc,36822.64025482287
173,WEEE_collected,element,Sm,131101.17536964902
174,WEEE_collected,element,Sr,8057.788436473879
175,WEEE_collected,element,Zr,113587.2005747045
176,WEEE_generatedDedicated,element,Ag,6033629.679822262
177,WEEE_generatedDedicated,element,Al,98879.01662232967
178,WEEE_generatedDedicated,element,As,219097.12846964953
179,WEEE_generatedDedicated,element,Bi,1457.599383475333
180,WEEE_generatedDedicated,element,Ca,122319.8705290872
181,WEEE_generatedDedicated,element,Cl,1485.1991798166325
182,WEEE_generatedDedicated,element,Cu,446468.98997356184
183,WEEE_generatedDedicated,element,Dy,509969.5062340326
184,WEEE_generatedDedicated,element,Ga,551045.5005535244
185,WEEE_generatedDedicated,element,Mn,148804.02850137398
186,WEEE_generatedDedicated,element,Mo,511200.57834662974
187,WEEE_generatedDedicated,element,O,211684.65777979535
188,WEEE_generatedDedicated,element,Pd,81649.36868513525
189,WEEE_generatedDedicated,element,Sc,175588.22667362168
190,WEEE_generatedDedicated,element,Sm,499460.7058385311
191,WEEE_generatedDedicated,element,Sr,29455.21418422068
192,WEEE_generatedDedicated,element,Zr,432165.1026045679
193,WEEE_mechRec2_thermal,element,Ag,25.742904470907913
194,WEEE_mechRec2_thermal,element,Al,4.440939070066145
195,WEEE_mechRec2_thermal,element,As,5.822738374298121
196,WEEE_mechRec2_thermal,element,Cu,7.720001799069984
197,WEEE_mechRec2_thermal,element,Dy,10.511114963511686
198,WEEE_mechRec2_thermal,element,Ga,23.66796842331239
199,WEEE_mechRec2_thermal,element,Mn,1.147560384221663
200,WEEE_mechRec2_thermal,element,Mo,3.61432521792811
201,WEEE_mechRec2_thermal,element,O,0.5270330460563597
202,WEEE_mechRec2_thermal,element,Sm,3.00776958553985
203,WEEE_mechRec2_thermal,element,Zr,0.3034522657105882
204,WEEE_mechRec1_mechRec2,element,Ag,18649.178796192733
205,WEEE_mechRec1_mechRec2,element,Al,668.6990284197881
206,WEEE_mechRec1_mechRec2,element,As,412.60611009903596
207,WEEE_mechRec1_mechRec2,element,Bi,2.0720168126423824
208,WEEE_mechRec1_mechRec2,element,Ca,225.73062750556016
209,WEEE_mechRec1_mechRec2,element,Cl,4.414714653803612
210,WEEE_mechRec1_mechRec2,element,Cu,1145.049822283574
211,WEEE_mechRec1_mechRec2,element,Dy,828.6019621377476
212,WEEE_mechRec1_mechRec2,element,Ga,1256.7000791442454
213,WEEE_mechRec1_mechRec2,element,Mn,197.644508851205
214,WEEE_mechRec1_mechRec2,element,Mo,830.2703642014867
215,WEEE_mechRec1_mechRec2,element,O,376.7094678475774
216,WEEE_mechRec1_mechRec2,element,Pd,213.77313345976748
217,WEEE_mechRec1_mechRec2,element,Sc,427.5941912582196
218,WEEE_mechRec1_mechRec2,element,Sm,983.4239563831296
219,WEEE_mechRec1_mechRec2,element,Sr,7.269651928609023
220,WEEE_mechRec1_mechRec2,element,Zr,1231.6037466263108
221,WEEE_chem_thermal,element,Ag,5.254580192852132
222,WEEE_chem_thermal,element,Al,0.8951267813102074
223,WEEE_chem_thermal,element,Cu,1.440428011374576
224,WEEE_chem_thermal,element,Dy,2.5791749588440185
225,WEEE_categ_mechRec2,element,Ag,609894.5883516507
226,WEEE_categ_mechRec2,element,Al,9286.28546339036
227,WEEE_categ_mechRec2,element,As,22525.313865136788
228,WEEE_categ_mechRec2,element,Bi,177.25059629500268
229,WEEE_categ_mechRec2,element,Ca,12945.034682293066
230,WEEE_categ_mechRec2,element,Cl,164.33980405110157
231,WEEE_categ_mechRec2,element,Cu,46646.92046251307
232,WEEE_categ_mechRec2,element,Dy,56313.56432121812
233,WEEE_categ_mechRec2,element,Ga,56238.426552089746
234,WEEE_categ_mechRec2,element,Mn,14704.94745346946
235,WEEE_categ_mechRec2,element,Mo,54284.3581848116
236,WEEE_categ_mechRec2,element,O,24965.86795045554
237,WEEE_categ_mechRec2,element,Pd,7690.374047502416
238,WEEE_categ_mechRec2,element,Sc,14946.975373457573
239,WEEE_categ_mechRec2,element,Sm,57479.05267201199
240,WEEE_categ_mechRec2,element,Sr,3409.1233852006735
241,WEEE_categ_mechRec2,element,Zr,49866.65798033833
242,WEEE_categ_mechRec1,element,Ag,303485.7794574051
243,WEEE_categ_mechRec1,element,Al,5618.021087072735
244,WEEE_categ_mechRec1,element,As,10625.358745531174
245,WEEE_categ_mechRec1,element,Bi,73.08292868456141
246,WEEE_categ_mechRec1,element,Ca,6215.338270245893
247,WEEE_categ_mechRec1,element,Cl,68.2346452264115
248,WEEE_categ_mechRec1,element,Cu,25293.896034039935
249,WEEE_categ_mechRec1,element,Dy,27659.6077236932
250,WEEE_categ_mechRec1,element,Ga,30391.86497689357
251,WEEE_categ_mechRec1,element,Mn,7069.7387745989
252,WEEE_categ_mechRec1,element,Mo,28707.632306209623
253,WEEE_categ_mechRec1,element,O,13377.253846972142
254,WEEE_categ_mechRec1,element,Pd,4137.826123913901
255,WEEE_categ_mechRec1,element,Sc,7528.575688812765
256,WEEE_categ_mechRec1,element,Sm,30229.69328309949
257,WEEE_categ_mechRec1,element,Sr,1269.2084616249845
258,WEEE_categ_mechRec1,element,Zr,25075.157038728994
