scenario,year,region,flow,product,component,material,element,parameterCode,data,unit,DQS
OBS,2020,EU27+4,WEEE_generatedDedicated,WEEE_Cat1,ComponentShadowWEEE,AlAndAlAlloys,Ag,e-m,0.14776931297068,%,3
OBS,2020,EU27+4,WEEE_generatedDedicated,WEEE_Cat1,ComponentShadowWEEE,AlAndAlAlloys,As,e-m,0.0026361341711086,%,2
OBS,2020,EU27+4,WEEE_generatedDedicated,WEEE_Cat1,ComponentShadowWEEE,AlAndAlAlloys,Cu,e-m,0.512635774355431,%,3
OBS,2020,EU27+4,WEEE_generatedDedicated,WEEE_Cat1,ComponentShadowWEEE,AlAndAlAlloys,Ga,e-m,0.214658607587648,%,1
OBS,2020,EU27+4,WEEE_generatedDedicated,WEEE_Cat1,ComponentShadowWEEE,AlAndAlAlloys,Mn,e-m,0.0323760422576396,%,2
OBS,2020,EU27+4,WEEE_generatedDedicated,WEEE_Cat1,ComponentShadowWEEE,AlAndAlAlloys,Mo,e-m,0.0187082141726422,%,2
OBS,2020,EU27+4,WEEE_generatedDedicated,WEEE_Cat1,ComponentShadowWEEE,AlAndAlAlloys,Sm,e-m,0.0712159144848499,%,1
OBS,2020,EU27+4,WEEE_generatedDedicated,WEEE_Cat1,ComponentShadowWEEE,AlAndAlAlloys,,m-c,0.067972077846691,%,3
OBS,2020,EU27+4,WEEE_generatedDedicated,WEEE_Cat1,ComponentShadowWEEE,CuAndCuAlloys,Ag,e-m,0.586775552358292,%,3
OBS,2020,EU27+4,WEEE_generatedDedicated,WEEE_Cat1,ComponentShadowWEEE,CuAndCuAlloys,Dy,e-m,0.148766629346951,%,2
OBS,2020,EU27+4,WEEE_generatedDedicated,WEEE_Cat1,ComponentShadowWEEE,CuAndCuAlloys,Zr,e-m,0.264457818294756,%,1
OBS,2020,EU27+4,WEEE_generatedDedicated,WEEE_Cat1,ComponentShadowWEEE,CuAndCuAlloys,,m-c,0.0124664605899301,%,3
OBS,2020,EU27+4,WEEE_generatedDedicated,WEEE_Cat1,ComponentShadowWEEE,MaterialShadowWEEE,,m-c,0.178790987948745,%,2
OBS,2020,EU27+4,WEEE_generatedDedicated,WEEE_Cat1,ComponentShadowWEEE,aggregateBinderMixedMaterials,Ag,e-m,1,%,2
OBS,2020,EU27+4,WEEE_generatedDedicated,WEEE_Cat1,ComponentShadowWEEE,aggregateBinderMixedMaterials,,m-c,0.141680253385712,%,1
OBS,2020,EU27+4,WEEE_generatedDedicated,WEEE_Cat1,ComponentShadowWEEE,ferrousMetals,Ag,e-m,0.196671405241336,%,1
OBS,2020,EU27+4,WEEE_generatedDedicated,WEEE_Cat1,ComponentShadowWEEE,ferrousMetals,Ca,e-m,0.118657502417028,%,2
OBS,2020,EU27+4,WEEE_generatedDedicated,WEEE_Cat1,ComponentShadowWEEE,ferrousMetals,Cu,e-m,0.262956462012994,%,2
OBS,2020,EU27+4,WEEE_generatedDedicated,WEEE_Cat1,ComponentShadowWEEE,ferrousMetals,Ga,e-m,0.270739189019317,%,3
OBS,2020,EU27+4,WEEE_generatedDedicated,WEEE_Cat1,ComponentShadowWEEE,ferrousMetals,Mo,e-m,0.0897612136681557,%,1
OBS,2020,EU27+4,WEEE_generatedDedicated,WEEE_Cat1,ComponentShadowWEEE,ferrousMetals,O,e-m,0.0289829222964726,%,3
OBS,2020,EU27+4,WEEE_generatedDedicated,WEEE_Cat1,ComponentShadowWEEE,ferrousMetals,Sm,e-m,0.0322313053446966,%,3
OBS,2020,EU27+4,WEEE_generatedDedicated,WEEE_Cat1,ComponentShadowWEEE,ferrousMetals,,m-c,0.104585936953647,%,2
OBS,2020,EU27+4,WEEE_generatedDedicated,WEEE_Cat1,ComponentShadowWEEE,glass,Ag,e-m,0.566687456471036,%,1
OBS,2020,EU27+4,WEEE_generatedDedicated,WEEE_Cat1,ComponentShadowWEEE,glass,Pd,e-m,0.0691969597821312,%,2
OBS,2020,EU27+4,WEEE_generatedDedicated,WEEE_Cat1,ComponentShadowWEEE,glass,Sc,e-m,0.0728708379533835,%,3
OBS,2020,EU27+4,WEEE_generatedDedicated,WEEE_Cat1,ComponentShadowWEEE,glass,Zr,e-m,0.291244745793449,%,1
OBS,2020,EU27+4,WEEE_generatedDedicated,WEEE_Cat1,ComponentShadowWEEE,glass,,m-c,0.0295452262984178,%,3
OBS,2020,EU27+4,WEEE_generatedDedicated,WEEE_Cat1,ComponentShadowWEEE,glassAndCeramics,Ag,e-m,0.441241342990536,%,1
OBS,2020,EU27+4,WEEE_generatedDedicated,WEEE_Cat1,ComponentShadowWEEE,glassAndCeramics,Pd,e-m,0.158770024441821,%,2
OBS,2020,EU27+4,WEEE_generatedDedicated,WEEE_Cat1,ComponentShadowWEEE,glassAndCeramics,Sc,e-m,0.187918162120945,%,1
OBS,2020,EU27+4,WEEE_generatedDedicated,WEEE_Cat1,ComponentShadowWEEE,glassAndCeramics,Zr,e-m,0.212070470446699,%,1
OBS,2020,EU27+4,WEEE_generatedDedicated,WEEE_Cat1,ComponentShadowWEEE,glassAndCeramics,,m-c,0.049721663691253,%,1
OBS,2020,EU27+4,WEEE_generatedDedicated,WEEE_Cat1,ComponentShadowWEEE,,,c-p,0.0085801701600822,%,3
OBS,2020,EU27+4,WEEE_generatedDedicated,WEEE_Cat1,ComponentShadowWEEE,non-ferrousMetals,Ag,e-m,0.0052970881587666,%,2
OBS,2020,EU27+4,WEEE_generatedDedicated,WEEE_Cat1,ComponentShadowWEEE,non-ferrousMetals,Al,e-m,0.0541772902423329,%,1
OBS,2020,EU27+4,WEEE_generatedDedicated,WEEE_Cat1,ComponentShadowWEEE,non-ferrousMetals,As,e-m,0.0983049665949616,%,1
OBS,2020,EU27+4,WEEE_generatedDedicated,WEEE_Cat1,ComponentShadowWEEE,non-ferrousMetals,Ca,e-m,0.0656440870647553,%,1
OBS,2020,EU27+4,WEEE_generatedDedicated,WEEE_Cat1,ComponentShadowWEEE,non-ferrousMetals,Cl,e-m,0.0312170332772597,%,1
OBS,2020,EU27+4,WEEE_generatedDedicated,WEEE_Cat1,ComponentShadowWEEE,non-ferrousMetals,Cu,e-m,0.0666589862832109,%,1
OBS,2020,EU27+4,WEEE_generatedDedicated,WEEE_Cat1,ComponentShadowWEEE,non-ferrousMetals,Dy,e-m,0.0436636272757903,%,2
OBS,2020,EU27+4,WEEE_generatedDedicated,WEEE_Cat1,ComponentShadowWEEE,non-ferrousMetals,Ga,e-m,0.0253574619192034,%,1
OBS,2020,EU27+4,WEEE_generatedDedicated,WEEE_Cat1,ComponentShadowWEEE,non-ferrousMetals,Mn,e-m,0.188721602901148,%,3
OBS,2020,EU27+4,WEEE_generatedDedicated,WEEE_Cat1,ComponentShadowWEEE,non-ferrousMetals,Mo,e-m,0.0254705103599369,%,1
OBS,2020,EU27+4,WEEE_generatedDedicated,WEEE_Cat1,ComponentShadowWEEE,non-ferrousMetals,O,e-m,0.0323808497983719,%,3
OBS,2020,EU27+4,WEEE_generatedDedicated,WEEE_Cat1,ComponentShadowWEEE,non-ferrousMetals,Pd,e-m,0.251462302692411,%,2
OBS,2020,EU27+4,WEEE_generatedDedicated,WEEE_Cat1,ComponentShadowWEEE,non-ferrousMetals,Sm,e-m,0.0586138081302996,%,1
OBS,2020,EU27+4,WEEE_generatedDedicated,WEEE_Cat1,ComponentShadowWEEE,non-ferrousMetals,Sr,e-m,0.0433059682689133,%,2
OBS,2020,EU27+4,WEEE_generatedDedicated,WEEE_Cat1,ComponentShadowWEEE,non-ferrousMetals,Zr,e-m,0.0097244170326394,%,2
OBS,2020,EU27+4,WEEE_generatedDedicated,WEEE_Cat1,ComponentShadowWEEE,non-ferrousMetals,,m-c,0.0467559438298998,%,3
OBS,2020,EU27+4,WEEE_generatedDedicated,WEEE_Cat1,ComponentShadowWEEE,otherMetalsAndMetalAlloys,Ag,e-m,0.317538794001545,%,2
OBS,2020,EU27+4,WEEE_generatedDedicated,WEEE_Cat1,ComponentShadowWEEE,otherMetalsAndMetalAlloys,Al,e-m,0.648912642515686,%,1
OBS,2020,EU27+4,WEEE_generatedDedicated,WEEE_Cat1,ComponentShadowWEEE,otherMetalsAndMetalAlloys,Dy,e-m,0.0335485634827684,%,3
OBS,2020,EU27+4,WEEE_generatedDedicated,WEEE_Cat1,ComponentShadowWEEE,otherMetalsAndMetalAlloys,,m-c,0.060002625538394,%,2
OBS,2020,EU27+4,WEEE_generatedDedicated,WEEE_Cat1,ComponentShadowWEEE,otherMinerals,Ag,e-m,0.0034198741604511,%,1
OBS,2020,EU27+4,WEEE_generatedDedicated,WEEE_Cat1,ComponentShadowWEEE,otherMinerals,Pd,e-m,0.202237305310182,%,1
OBS,2020,EU27+4,WEEE_generatedDedicated,WEEE_Cat1,ComponentShadowWEEE,otherMinerals,Sc,e-m,0.217482158439708,%,1
OBS,2020,EU27+4,WEEE_generatedDedicated,WEEE_Cat1,ComponentShadowWEEE,otherMinerals,Zr,e-m,0.576860662089659,%,1
OBS,2020,EU27+4,WEEE_generatedDedicated,WEEE_Cat1,ComponentShadowWEEE,otherMinerals,,m-c,0.0426387879184526,%,2
OBS,2020,EU27+4,WEEE_generatedDedicated,WEEE_Cat1,ComponentShadowWEEE,otherOrUndefinedMaterials,Ag,e-m,1,%,3
OBS,2020,EU27+4,WEEE_generatedDedicated,WEEE_Cat1,ComponentShadowWEEE,otherOrUndefinedMaterials,,m-c,0.014174474912349,%,2
OBS,2020,EU27+4,WEEE_generatedDedicated,WEEE_Cat1,ComponentShadowWEEE,otherOrganics,Ag,e-m,1,%,3
OBS,2020,EU27+4,WEEE_generatedDedicated,WEEE_Cat1,ComponentShadowWEEE,otherOrganics,,m-c,0.033263578315898,%,1
OBS,2020,EU27+4,WEEE_generatedDedicated,WEEE_Cat1,ComponentShadowWEEE,plastics,Ag,e-m,1,%,2
OBS,2020,EU27+4,WEEE_generatedDedicated,WEEE_Cat1,ComponentShadowWEEE,plastics,,m-c,0.0991309589529389,%,2
OBS,2020,EU27+4,WEEE_generatedDedicated,WEEE_Cat1,ComponentShadowWEEE,undefinedAndMixedMaterials,Ag,e-m,1,%,1
OBS,2020,EU27+4,WEEE_generatedDedicated,WEEE_Cat1,ComponentShadowWEEE,undefinedAndMixedMaterials,,m-c,0.0578919810188645,%,1
OBS,2020,EU27+4,WEEE_generatedDedicated,WEEE_Cat1,ComponentShadowWEEE,wood,Ag,e-m,1,%,2
OBS,2020,EU27+4,WEEE_generatedDedicated,WEEE_Cat1,ComponentShadowWEEE,wood,,m-c,0.0613790427988074,%,1
OBS,2020,EU27+4,WEEE_generatedDedicated,WEEE_Cat1,ConductivitySensor,CuAndCuAlloys,,m-c,0.325055931517185,%,1
OBS,2020,EU27+4,WEEE_generatedDedicated,WEEE_Cat1,ConductivitySensor,ferrousMetals,,m-c,0.674944068482815,%,2
OBS,2020,EU27+4,WEEE_generatedDedicated,WEEE_Cat1,ConductivitySensor,,,c-p,0.0264631601643859,%,1
OBS,2020,EU27+4,WEEE_generatedDedicated,WEEE_Cat1,LED,,,c-p,0.0126021118632839,%,1
OBS,2020,EU27+4,WEEE_generatedDedicated,WEEE_Cat1,LidarSensor (&lt;15cm),AlAndAlAlloys,Ag,e-m,0.052270246623077,%,3
OBS,2020,EU27+4,WEEE_generatedDedicated,WEEE_Cat1,LidarSensor (&lt;15cm),AlAndAlAlloys,As,e-m,0.172470019104259,%,2
OBS,2020,EU27+4,WEEE_generatedDedicated,WEEE_Cat1,LidarSensor (&lt;15cm),AlAndAlAlloys,Cu,e-m,0.0360982636073384,%,3
OBS,2020,EU27+4,WEEE_generatedDedicated,WEEE_Cat1,LidarSensor (&lt;15cm),AlAndAlAlloys,Ga,e-m,0.405492551461314,%,3
OBS,2020,EU27+4,WEEE_generatedDedicated,WEEE_Cat1,LidarSensor (&lt;15cm),AlAndAlAlloys,Mn,e-m,0.0671903551704059,%,2
OBS,2020,EU27+4,WEEE_generatedDedicated,WEEE_Cat1,LidarSensor (&lt;15cm),AlAndAlAlloys,Mo,e-m,0.151587705342119,%,3
OBS,2020,EU27+4,WEEE_generatedDedicated,WEEE_Cat1,LidarSensor (&lt;15cm),AlAndAlAlloys,Sm,e-m,0.114890858691487,%,1
OBS,2020,EU27+4,WEEE_generatedDedicated,WEEE_Cat1,LidarSensor (&lt;15cm),AlAndAlAlloys,,m-c,0.0339707346273752,%,1
OBS,2020,EU27+4,WEEE_generatedDedicated,WEEE_Cat1,LidarSensor (&lt;15cm),CuAndCuAlloys,Ag,e-m,0.834828370156582,%,1
OBS,2020,EU27+4,WEEE_generatedDedicated,WEEE_Cat1,LidarSensor (&lt;15cm),CuAndCuAlloys,Dy,e-m,0.0187444939421661,%,2
OBS,2020,EU27+4,WEEE_generatedDedicated,WEEE_Cat1,LidarSensor (&lt;15cm),CuAndCuAlloys,Zr,e-m,0.146427135901252,%,1
OBS,2020,EU27+4,WEEE_generatedDedicated,WEEE_Cat1,LidarSensor (&lt;15cm),CuAndCuAlloys,,m-c,0.217707966067326,%,2
OBS,2020,EU27+4,WEEE_generatedDedicated,WEEE_Cat1,LidarSensor (&lt;15cm),ferrousMetals,Ag,e-m,0.627912310646958,%,2
OBS,2020,EU27+4,WEEE_generatedDedicated,WEEE_Cat1,LidarSensor (&lt;15cm),ferrousMetals,Ca,e-m,0.0230000019963877,%,3
OBS,2020,EU27+4,WEEE_generatedDedicated,WEEE_Cat1,LidarSensor (&lt;15cm),ferrousMetals,Cu,e-m,0.0447795153395063,%,1
OBS,2020,EU27+4,WEEE_generatedDedicated,WEEE_Cat1,LidarSensor (&lt;15cm),ferrousMetals,Ga,e-m,0.122311686829983,%,1
OBS,2020,EU27+4,WEEE_generatedDedicated,WEEE_Cat1,LidarSensor (&lt;15cm),ferrousMetals,Mo,e-m,0.0426048910460315,%,1
OBS,2020,EU27+4,WEEE_generatedDedicated,WEEE_Cat1,LidarSensor (&lt;15cm),ferrousMetals,O,e-m,0.004217120106769,%,3
OBS,2020,EU27+4,WEEE_generatedDedicated,WEEE_Cat1,LidarSensor (&lt;15cm),ferrousMetals,Sm,e-m,0.135174474034364,%,3
OBS,2020,EU27+4,WEEE_generatedDedicated,WEEE_Cat1,LidarSensor (&lt;15cm),ferrousMetals,,m-c,0.478267294282448,%,2
OBS,2020,EU27+4,WEEE_generatedDedicated,WEEE_Cat1,LidarSensor (&lt;15cm),glass,Ag,e-m,0.484912569579454,%,1
OBS,2020,EU27+4,WEEE_generatedDedicated,WEEE_Cat1,LidarSensor (&lt;15cm),glass,Pd,e-m,0.26875564788417,%,1
OBS,2020,EU27+4,WEEE_generatedDedicated,WEEE_Cat1,LidarSensor (&lt;15cm),glass,Sc,e-m,0.131084308059573,%,2
OBS,2020,EU27+4,WEEE_generatedDedicated,WEEE_Cat1,LidarSensor (&lt;15cm),glass,Zr,e-m,0.115247474476803,%,3
OBS,2020,EU27+4,WEEE_generatedDedicated,WEEE_Cat1,LidarSensor (&lt;15cm),glass,,m-c,0.212386062497191,%,3
OBS,2020,EU27+4,WEEE_generatedDedicated,WEEE_Cat1,LidarSensor (&lt;15cm),,,c-p,0.0017109447788619,%,1
OBS,2020,EU27+4,WEEE_generatedDedicated,WEEE_Cat1,LidarSensor (&lt;15cm),plastics,Ag,e-m,1,%,3
OBS,2020,EU27+4,WEEE_generatedDedicated,WEEE_Cat1,LidarSensor (&lt;15cm),plastics,,m-c,0.0576679425256601,%,1
OBS,2020,EU27+4,WEEE_generatedDedicated,WEEE_Cat1,MagnetSensor,CuAndCuAlloys,Ag,e-m,0.855675185957524,%,2
OBS,2020,EU27+4,WEEE_generatedDedicated,WEEE_Cat1,MagnetSensor,CuAndCuAlloys,Dy,e-m,0.0358048369735917,%,3
OBS,2020,EU27+4,WEEE_generatedDedicated,WEEE_Cat1,MagnetSensor,CuAndCuAlloys,Zr,e-m,0.108519977068884,%,2
OBS,2020,EU27+4,WEEE_generatedDedicated,WEEE_Cat1,MagnetSensor,CuAndCuAlloys,,m-c,0.0280010985193631,%,3
OBS,2020,EU27+4,WEEE_generatedDedicated,WEEE_Cat1,MagnetSensor,ferrousMetals,Ag,e-m,0.242740918176217,%,3
OBS,2020,EU27+4,WEEE_generatedDedicated,WEEE_Cat1,MagnetSensor,ferrousMetals,Ca,e-m,0.347130939983965,%,2
OBS,2020,EU27+4,WEEE_generatedDedicated,WEEE_Cat1,MagnetSensor,ferrousMetals,Ga,e-m,0.0879330021447304,%,3
OBS,2020,EU27+4,WEEE_generatedDedicated,WEEE_Cat1,MagnetSensor,ferrousMetals,Mo,e-m,0.0238109464191302,%,3
OBS,2020,EU27+4,WEEE_generatedDedicated,WEEE_Cat1,MagnetSensor,ferrousMetals,Sm,e-m,0.298384193275958,%,2
OBS,2020,EU27+4,WEEE_generatedDedicated,WEEE_Cat1,MagnetSensor,ferrousMetals,,m-c,0.372316451197311,%,1
OBS,2020,EU27+4,WEEE_generatedDedicated,WEEE_Cat1,MagnetSensor,,,c-p,0.0192387371692473,%,2
OBS,2020,EU27+4,WEEE_generatedDedicated,WEEE_Cat1,MagnetSensor,plastics,Ag,e-m,1,%,2
OBS,2020,EU27+4,WEEE_generatedDedicated,WEEE_Cat1,MagnetSensor,plastics,,m-c,0.599682450283326,%,1
OBS,2020,EU27+4,WEEE_generatedDedicated,WEEE_Cat1,PCBWEEECat,,,c-p,0.0110363893204878,%,3
OBS,2020,EU27+4,WEEE_generatedDedicated,WEEE_Cat1,PCBWEEECat,otherOrUndefinedMaterials,Ag,e-m,1,%,2
OBS,2020,EU27+4,WEEE_generatedDedicated,WEEE_Cat1,PCBWEEECat,otherOrUndefinedMaterials,,m-c,1,%,2
OBS,2020,EU27+4,WEEE_generatedDedicated,WEEE_Cat1,PCBunspecified,ferrousMetals,Ag,e-m,0.263002623578651,%,1
OBS,2020,EU27+4,WEEE_generatedDedicated,WEEE_Cat1,PCBunspecified,ferrousMetals,Cu,e-m,0.0667710326950938,%,1
OBS,2020,EU27+4,WEEE_generatedDedicated,WEEE_Cat1,PCBunspecified,ferrousMetals,Ga,e-m,0.23570516938025,%,1
OBS,2020,EU27+4,WEEE_generatedDedicated,WEEE_Cat1,PCBunspecified,ferrousMetals,Mo,e-m,0.114910645569763,%,2
OBS,2020,EU27+4,WEEE_generatedDedicated,WEEE_Cat1,PCBunspecified,ferrousMetals,O,e-m,0.219063698024491,%,1
OBS,2020,EU27+4,WEEE_generatedDedicated,WEEE_Cat1,PCBunspecified,ferrousMetals,Sm,e-m,0.100546830751751,%,2
OBS,2020,EU27+4,WEEE_generatedDedicated,WEEE_Cat1,PCBunspecified,ferrousMetals,,m-c,1,%,1
OBS,2020,EU27+4,WEEE_generatedDedicated,WEEE_Cat1,PCBunspecified,,,c-p,0.0237451202485211,%,2
OBS,2020,EU27+4,WEEE_generatedDedicated,WEEE_Cat1,PVBacksheet,,,c-p,0.0225378827843545,%,2
OBS,2020,EU27+4,WEEE_generatedDedicated,WEEE_Cat1,PVBacksheet,plasticComposites,Ag,e-m,1,%,2
OBS,2020,EU27+4,WEEE_generatedDedicated,WEEE_Cat1,PVBacksheet,plasticComposites,,m-c,0.145488546954241,%,2
OBS,2020,EU27+4,WEEE_generatedDedicated,WEEE_Cat1,PVBacksheet,plastics,Ag,e-m,1,%,1
OBS,2020,EU27+4,WEEE_generatedDedicated,WEEE_Cat1,PVBacksheet,plastics,,m-c,0.854511453045759,%,1
OBS,2020,EU27+4,WEEE_generatedDedicated,WEEE_Cat1,PVEncapsulationEVA,,,c-p,0.0024657252150669,%,1
OBS,2020,EU27+4,WEEE_generatedDedicated,WEEE_Cat1,PVEncapsulationEVA,plastics,Ag,e-m,1,%,3
OBS,2020,EU27+4,WEEE_generatedDedicated,WEEE_Cat1,PVEncapsulationEVA,plastics,,m-c,1,%,3
OBS,2020,EU27+4,WEEE_generatedDedicated,WEEE_Cat1,PVFrameAl,CuAndCuAlloys,Ag,e-m,0.0075304442923247,%,1
OBS,2020,EU27+4,WEEE_generatedDedicated,WEEE_Cat1,PVFrameAl,CuAndCuAlloys,As,e-m,0.0378280493281077,%,1
OBS,2020,EU27+4,WEEE_generatedDedicated,WEEE_Cat1,PVFrameAl,CuAndCuAlloys,Cu,e-m,0.0791626824477998,%,2
OBS,2020,EU27+4,WEEE_generatedDedicated,WEEE_Cat1,PVFrameAl,CuAndCuAlloys,Ga,e-m,0.272796799976355,%,1
OBS,2020,EU27+4,WEEE_generatedDedicated,WEEE_Cat1,PVFrameAl,CuAndCuAlloys,Mn,e-m,0.143328521527305,%,1
OBS,2020,EU27+4,WEEE_generatedDedicated,WEEE_Cat1,PVFrameAl,CuAndCuAlloys,Mo,e-m,0.255782587255994,%,3
OBS,2020,EU27+4,WEEE_generatedDedicated,WEEE_Cat1,PVFrameAl,CuAndCuAlloys,Sm,e-m,0.203570915172114,%,2
OBS,2020,EU27+4,WEEE_generatedDedicated,WEEE_Cat1,PVFrameAl,CuAndCuAlloys,,m-c,1,%,2
OBS,2020,EU27+4,WEEE_generatedDedicated,WEEE_Cat1,PVFrameAl,,,c-p,0.0192396862375469,%,2
OBS,2020,EU27+4,WEEE_generatedDedicated,WEEE_Cat1,PVSolarGlass,glass,Ag,e-m,0.398154774633419,%,1
OBS,2020,EU27+4,WEEE_generatedDedicated,WEEE_Cat1,PVSolarGlass,glass,Pd,e-m,0.0023229417588576,%,3
OBS,2020,EU27+4,WEEE_generatedDedicated,WEEE_Cat1,PVSolarGlass,glass,Sc,e-m,0.202502492870602,%,3
OBS,2020,EU27+4,WEEE_generatedDedicated,WEEE_Cat1,PVSolarGlass,glass,Zr,e-m,0.397019790737122,%,2
OBS,2020,EU27+4,WEEE_generatedDedicated,WEEE_Cat1,PVSolarGlass,glass,,m-c,1,%,1
OBS,2020,EU27+4,WEEE_generatedDedicated,WEEE_Cat1,PVSolarGlass,,,c-p,0.002852512817387,%,3
OBS,2020,EU27+4,WEEE_generatedDedicated,WEEE_Cat1,PVcellSi,,,c-p,0.0310499767339857,%,1
OBS,2020,EU27+4,WEEE_generatedDedicated,WEEE_Cat1,PVcellSi,otherOrUndefinedMaterials,Ag,e-m,1,%,3
OBS,2020,EU27+4,WEEE_generatedDedicated,WEEE_Cat1,PVcellSi,otherOrUndefinedMaterials,,m-c,1,%,3
OBS,2020,EU27+4,WEEE_generatedDedicated,WEEE_Cat1,WEEEEvaporator,CuAndCuAlloys,Ag,e-m,0.278724418261726,%,2
OBS,2020,EU27+4,WEEE_generatedDedicated,WEEE_Cat1,WEEEEvaporator,CuAndCuAlloys,Dy,e-m,0.200227801678909,%,1
OBS,2020,EU27+4,WEEE_generatedDedicated,WEEE_Cat1,WEEEEvaporator,CuAndCuAlloys,Zr,e-m,0.521047780059365,%,2
OBS,2020,EU27+4,WEEE_generatedDedicated,WEEE_Cat1,WEEEEvaporator,CuAndCuAlloys,,m-c,0.165283251183904,%,3
OBS,2020,EU27+4,WEEE_generatedDedicated,WEEE_Cat1,WEEEEvaporator,,,c-p,0.0150427016912077,%,1
OBS,2020,EU27+4,WEEE_generatedDedicated,WEEE_Cat1,WEEEEvaporator,steelAndSteelAlloys,Ag,e-m,0.0720101304115142,%,3
OBS,2020,EU27+4,WEEE_generatedDedicated,WEEE_Cat1,WEEEEvaporator,steelAndSteelAlloys,Cu,e-m,0.289774113957374,%,1
OBS,2020,EU27+4,WEEE_generatedDedicated,WEEE_Cat1,WEEEEvaporator,steelAndSteelAlloys,Ga,e-m,0.0356865534456729,%,1
OBS,2020,EU27+4,WEEE_generatedDedicated,WEEE_Cat1,WEEEEvaporator,steelAndSteelAlloys,Mo,e-m,0.134753082492704,%,1
OBS,2020,EU27+4,WEEE_generatedDedicated,WEEE_Cat1,WEEEEvaporator,steelAndSteelAlloys,O,e-m,0.212157250658961,%,1
OBS,2020,EU27+4,WEEE_generatedDedicated,WEEE_Cat1,WEEEEvaporator,steelAndSteelAlloys,Sm,e-m,0.255618869033774,%,2
OBS,2020,EU27+4,WEEE_generatedDedicated,WEEE_Cat1,WEEEEvaporator,steelAndSteelAlloys,,m-c,0.834716748816096,%,1
OBS,2020,EU27+4,WEEE_generatedDedicated,WEEE_Cat1,brush,AlAndAlAlloys,Ag,e-m,0.0845947426135173,%,1
OBS,2020,EU27+4,WEEE_generatedDedicated,WEEE_Cat1,brush,AlAndAlAlloys,As,e-m,0.563303046680473,%,3
OBS,2020,EU27+4,WEEE_generatedDedicated,WEEE_Cat1,brush,AlAndAlAlloys,Cu,e-m,0.0927517697152945,%,2
OBS,2020,EU27+4,WEEE_generatedDedicated,WEEE_Cat1,brush,AlAndAlAlloys,Ga,e-m,0.0473659966553557,%,3
OBS,2020,EU27+4,WEEE_generatedDedicated,WEEE_Cat1,brush,AlAndAlAlloys,Mn,e-m,0.0831025654731198,%,3
OBS,2020,EU27+4,WEEE_generatedDedicated,WEEE_Cat1,brush,AlAndAlAlloys,Mo,e-m,0.0886632684505944,%,2
OBS,2020,EU27+4,WEEE_generatedDedicated,WEEE_Cat1,brush,AlAndAlAlloys,Sm,e-m,0.0402186104116449,%,1
OBS,2020,EU27+4,WEEE_generatedDedicated,WEEE_Cat1,brush,AlAndAlAlloys,,m-c,0.623453230642739,%,2
OBS,2020,EU27+4,WEEE_generatedDedicated,WEEE_Cat1,brush,ferrousMetals,Ag,e-m,0.246490294153959,%,3
OBS,2020,EU27+4,WEEE_generatedDedicated,WEEE_Cat1,brush,ferrousMetals,Ca,e-m,0.066665115211,%,2
OBS,2020,EU27+4,WEEE_generatedDedicated,WEEE_Cat1,brush,ferrousMetals,Ga,e-m,0.141651015124841,%,3
OBS,2020,EU27+4,WEEE_generatedDedicated,WEEE_Cat1,brush,ferrousMetals,Mo,e-m,0.145519697268097,%,2
OBS,2020,EU27+4,WEEE_generatedDedicated,WEEE_Cat1,brush,ferrousMetals,Sm,e-m,0.399673878242104,%,1
OBS,2020,EU27+4,WEEE_generatedDedicated,WEEE_Cat1,brush,ferrousMetals,,m-c,0.0379479768144739,%,2
OBS,2020,EU27+4,WEEE_generatedDedicated,WEEE_Cat1,brush,,,c-p,0.0058866019067991,%,3
OBS,2020,EU27+4,WEEE_generatedDedicated,WEEE_Cat1,brush,plastics,Ag,e-m,1,%,1
OBS,2020,EU27+4,WEEE_generatedDedicated,WEEE_Cat1,brush,plastics,,m-c,0.338598792542787,%,1
OBS,2020,EU27+4,WEEE_generatedDedicated,WEEE_Cat1,cableUnspecified,AlAndAlAlloys,Ag,e-m,0.0272953893328794,%,1
OBS,2020,EU27+4,WEEE_generatedDedicated,WEEE_Cat1,cableUnspecified,AlAndAlAlloys,As,e-m,0.0128576414460215,%,1
OBS,2020,EU27+4,WEEE_generatedDedicated,WEEE_Cat1,cableUnspecified,AlAndAlAlloys,Cu,e-m,0.0775434581634656,%,1
OBS,2020,EU27+4,WEEE_generatedDedicated,WEEE_Cat1,cableUnspecified,AlAndAlAlloys,Ga,e-m,0.0284611553582591,%,1
OBS,2020,EU27+4,WEEE_generatedDedicated,WEEE_Cat1,cableUnspecified,AlAndAlAlloys,Mn,e-m,0.207934982334716,%,1
OBS,2020,EU27+4,WEEE_generatedDedicated,WEEE_Cat1,cableUnspecified,AlAndAlAlloys,Mo,e-m,0.114964922320189,%,3
OBS,2020,EU27+4,WEEE_generatedDedicated,WEEE_Cat1,cableUnspecified,AlAndAlAlloys,Sm,e-m,0.530942451044469,%,3
OBS,2020,EU27+4,WEEE_generatedDedicated,WEEE_Cat1,cableUnspecified,AlAndAlAlloys,,m-c,0.103553291317291,%,2
OBS,2020,EU27+4,WEEE_generatedDedicated,WEEE_Cat1,cableUnspecified,CuAndCuAlloys,Ag,e-m,0.304464739761477,%,1
OBS,2020,EU27+4,WEEE_generatedDedicated,WEEE_Cat1,cableUnspecified,CuAndCuAlloys,Dy,e-m,0.13487711988881,%,2
OBS,2020,EU27+4,WEEE_generatedDedicated,WEEE_Cat1,cableUnspecified,CuAndCuAlloys,Zr,e-m,0.560658140349713,%,2
OBS,2020,EU27+4,WEEE_generatedDedicated,WEEE_Cat1,cableUnspecified,CuAndCuAlloys,,m-c,0.0457195535406603,%,2
OBS,2020,EU27+4,WEEE_generatedDedicated,WEEE_Cat1,cableUnspecified,ferrousMetals,Ag,e-m,0.254159291892928,%,3
OBS,2020,EU27+4,WEEE_generatedDedicated,WEEE_Cat1,cableUnspecified,ferrousMetals,Cu,e-m,0.242351353168495,%,1
OBS,2020,EU27+4,WEEE_generatedDedicated,WEEE_Cat1,cableUnspecified,ferrousMetals,Ga,e-m,0.303995668015286,%,2
OBS,2020,EU27+4,WEEE_generatedDedicated,WEEE_Cat1,cableUnspecified,ferrousMetals,Mo,e-m,0.123687950591397,%,2
OBS,2020,EU27+4,WEEE_generatedDedicated,WEEE_Cat1,cableUnspecified,ferrousMetals,O,e-m,0.0561015385827472,%,3
OBS,2020,EU27+4,WEEE_generatedDedicated,WEEE_Cat1,cableUnspecified,ferrousMetals,Sm,e-m,0.0197041977491481,%,3
OBS,2020,EU27+4,WEEE_generatedDedicated,WEEE_Cat1,cableUnspecified,ferrousMetals,,m-c,0.839725370897865,%,2
OBS,2020,EU27+4,WEEE_generatedDedicated,WEEE_Cat1,cableUnspecified,,,c-p,0.0128960212136872,%,2
OBS,2020,EU27+4,WEEE_generatedDedicated,WEEE_Cat1,cableUnspecified,plastics,Ag,e-m,1,%,2
OBS,2020,EU27+4,WEEE_generatedDedicated,WEEE_Cat1,cableUnspecified,plastics,,m-c,0.0110017842441835,%,2
OBS,2020,EU27+4,WEEE_generatedDedicated,WEEE_Cat1,cableWOPlug,,,c-p,0.000285448089916,%,1
OBS,2020,EU27+4,WEEE_generatedDedicated,WEEE_Cat1,cableWPlug,AlAndAlAlloys,,m-c,0.126948169609969,%,3
OBS,2020,EU27+4,WEEE_generatedDedicated,WEEE_Cat1,cableWPlug,ferrousMetals,,m-c,0.596169173468786,%,3
OBS,2020,EU27+4,WEEE_generatedDedicated,WEEE_Cat1,cableWPlug,,,c-p,0.0137347681816512,%,1
OBS,2020,EU27+4,WEEE_generatedDedicated,WEEE_Cat1,cableWPlug,plastics,Ag,e-m,1,%,1
OBS,2020,EU27+4,WEEE_generatedDedicated,WEEE_Cat1,cableWPlug,plastics,,m-c,0.276882656921245,%,2
OBS,2020,EU27+4,WEEE_generatedDedicated,WEEE_Cat1,cableWithConnector,CuAndCuAlloys,Ag,e-m,0.619462223919211,%,1
OBS,2020,EU27+4,WEEE_generatedDedicated,WEEE_Cat1,cableWithConnector,CuAndCuAlloys,Dy,e-m,0.304965515106443,%,3
OBS,2020,EU27+4,WEEE_generatedDedicated,WEEE_Cat1,cableWithConnector,CuAndCuAlloys,Zr,e-m,0.0755722609743464,%,2
OBS,2020,EU27+4,WEEE_generatedDedicated,WEEE_Cat1,cableWithConnector,CuAndCuAlloys,,m-c,1,%,3
OBS,2020,EU27+4,WEEE_generatedDedicated,WEEE_Cat1,cables,,,c-p,0.0133568650988588,%,3
OBS,2020,EU27+4,WEEE_generatedDedicated,WEEE_Cat1,cables,otherOrUndefinedMaterials,Ag,e-m,1,%,1
OBS,2020,EU27+4,WEEE_generatedDedicated,WEEE_Cat1,cables,otherOrUndefinedMaterials,,m-c,1,%,1
OBS,2020,EU27+4,WEEE_generatedDedicated,WEEE_Cat1,cablewire,AlAndAlAlloys,Ag,e-m,0.0349371614958827,%,1
OBS,2020,EU27+4,WEEE_generatedDedicated,WEEE_Cat1,cablewire,AlAndAlAlloys,As,e-m,0.0259346179270023,%,3
OBS,2020,EU27+4,WEEE_generatedDedicated,WEEE_Cat1,cablewire,AlAndAlAlloys,Cu,e-m,0.18757165810194,%,3
OBS,2020,EU27+4,WEEE_generatedDedicated,WEEE_Cat1,cablewire,AlAndAlAlloys,Ga,e-m,0.147280517556458,%,3
OBS,2020,EU27+4,WEEE_generatedDedicated,WEEE_Cat1,cablewire,AlAndAlAlloys,Mn,e-m,0.177458810400457,%,2
OBS,2020,EU27+4,WEEE_generatedDedicated,WEEE_Cat1,cablewire,AlAndAlAlloys,Mo,e-m,0.0608984528669714,%,2
OBS,2020,EU27+4,WEEE_generatedDedicated,WEEE_Cat1,cablewire,AlAndAlAlloys,Sm,e-m,0.365918781651288,%,3
OBS,2020,EU27+4,WEEE_generatedDedicated,WEEE_Cat1,cablewire,AlAndAlAlloys,,m-c,0.265280577849763,%,1
OBS,2020,EU27+4,WEEE_generatedDedicated,WEEE_Cat1,cablewire,CuAndCuAlloys,Ag,e-m,0.349462497697699,%,1
OBS,2020,EU27+4,WEEE_generatedDedicated,WEEE_Cat1,cablewire,CuAndCuAlloys,Dy,e-m,0.197475110762158,%,2
OBS,2020,EU27+4,WEEE_generatedDedicated,WEEE_Cat1,cablewire,CuAndCuAlloys,Zr,e-m,0.453062391540143,%,1
OBS,2020,EU27+4,WEEE_generatedDedicated,WEEE_Cat1,cablewire,CuAndCuAlloys,,m-c,0.504730579021685,%,2
OBS,2020,EU27+4,WEEE_generatedDedicated,WEEE_Cat1,cablewire,ferrousMetals,Ag,e-m,0.009757006089133,%,3
OBS,2020,EU27+4,WEEE_generatedDedicated,WEEE_Cat1,cablewire,ferrousMetals,Ca,e-m,0.140411513410693,%,1
OBS,2020,EU27+4,WEEE_generatedDedicated,WEEE_Cat1,cablewire,ferrousMetals,Ga,e-m,0.426015416563699,%,3
OBS,2020,EU27+4,WEEE_generatedDedicated,WEEE_Cat1,cablewire,ferrousMetals,Mo,e-m,0.383148697039634,%,3
OBS,2020,EU27+4,WEEE_generatedDedicated,WEEE_Cat1,cablewire,ferrousMetals,Sm,e-m,0.0406673668968414,%,3
OBS,2020,EU27+4,WEEE_generatedDedicated,WEEE_Cat1,cablewire,ferrousMetals,,m-c,0.22417552714954,%,2
OBS,2020,EU27+4,WEEE_generatedDedicated,WEEE_Cat1,cablewire,,,c-p,0.0115371562585412,%,3
OBS,2020,EU27+4,WEEE_generatedDedicated,WEEE_Cat1,cablewire,plastics,Ag,e-m,1,%,3
OBS,2020,EU27+4,WEEE_generatedDedicated,WEEE_Cat1,cablewire,plastics,,m-c,0.0058133159790124,%,1
OBS,2020,EU27+4,WEEE_generatedDedicated,WEEE_Cat1,capElectrolytic,CuAndCuAlloys,Ag,e-m,0.0512897366443415,%,1
OBS,2020,EU27+4,WEEE_generatedDedicated,WEEE_Cat1,capElectrolytic,CuAndCuAlloys,Dy,e-m,0.0140552496505,%,3
OBS,2020,EU27+4,WEEE_generatedDedicated,WEEE_Cat1,capElectrolytic,CuAndCuAlloys,Zr,e-m,0.934655013705159,%,3
OBS,2020,EU27+4,WEEE_generatedDedicated,WEEE_Cat1,capElectrolytic,CuAndCuAlloys,,m-c,0.767592740172338,%,3
OBS,2020,EU27+4,WEEE_generatedDedicated,WEEE_Cat1,capElectrolytic,,,c-p,0.006380489411442,%,1
OBS,2020,EU27+4,WEEE_generatedDedicated,WEEE_Cat1,capElectrolytic,undefinedAndMixedMaterials,Ag,e-m,1,%,2
OBS,2020,EU27+4,WEEE_generatedDedicated,WEEE_Cat1,capElectrolytic,undefinedAndMixedMaterials,,m-c,0.232407259827662,%,2
OBS,2020,EU27+4,WEEE_generatedDedicated,WEEE_Cat1,casingPlasticBased,AlAndAlAlloys,Ag,e-m,0.0642626144334058,%,3
OBS,2020,EU27+4,WEEE_generatedDedicated,WEEE_Cat1,casingPlasticBased,AlAndAlAlloys,As,e-m,0.0421966504721345,%,3
OBS,2020,EU27+4,WEEE_generatedDedicated,WEEE_Cat1,casingPlasticBased,AlAndAlAlloys,Cu,e-m,0.105279560648761,%,2
OBS,2020,EU27+4,WEEE_generatedDedicated,WEEE_Cat1,casingPlasticBased,AlAndAlAlloys,Ga,e-m,0.200268121359283,%,1
OBS,2020,EU27+4,WEEE_generatedDedicated,WEEE_Cat1,casingPlasticBased,AlAndAlAlloys,Mn,e-m,0.10669233979663,%,2
OBS,2020,EU27+4,WEEE_generatedDedicated,WEEE_Cat1,casingPlasticBased,AlAndAlAlloys,Mo,e-m,0.0666412606759051,%,2
OBS,2020,EU27+4,WEEE_generatedDedicated,WEEE_Cat1,casingPlasticBased,AlAndAlAlloys,Sm,e-m,0.414659452613881,%,1
OBS,2020,EU27+4,WEEE_generatedDedicated,WEEE_Cat1,casingPlasticBased,AlAndAlAlloys,,m-c,0.201460776066828,%,2
OBS,2020,EU27+4,WEEE_generatedDedicated,WEEE_Cat1,casingPlasticBased,CuAndCuAlloys,Ag,e-m,0.58411934123818,%,2
OBS,2020,EU27+4,WEEE_generatedDedicated,WEEE_Cat1,casingPlasticBased,CuAndCuAlloys,Dy,e-m,0.148017328961131,%,1
OBS,2020,EU27+4,WEEE_generatedDedicated,WEEE_Cat1,casingPlasticBased,CuAndCuAlloys,Zr,e-m,0.267863329800689,%,1
OBS,2020,EU27+4,WEEE_generatedDedicated,WEEE_Cat1,casingPlasticBased,CuAndCuAlloys,,m-c,0.0427543589073593,%,1
OBS,2020,EU27+4,WEEE_generatedDedicated,WEEE_Cat1,casingPlasticBased,ferrousMetals,Ag,e-m,0.0036001712514985,%,1
OBS,2020,EU27+4,WEEE_generatedDedicated,WEEE_Cat1,casingPlasticBased,ferrousMetals,Ca,e-m,0.108490893641577,%,2
OBS,2020,EU27+4,WEEE_generatedDedicated,WEEE_Cat1,casingPlasticBased,ferrousMetals,Cu,e-m,0.25329028138905,%,3
OBS,2020,EU27+4,WEEE_generatedDedicated,WEEE_Cat1,casingPlasticBased,ferrousMetals,Ga,e-m,0.155962022286917,%,3
OBS,2020,EU27+4,WEEE_generatedDedicated,WEEE_Cat1,casingPlasticBased,ferrousMetals,Mo,e-m,0.206734578662694,%,1
OBS,2020,EU27+4,WEEE_generatedDedicated,WEEE_Cat1,casingPlasticBased,ferrousMetals,O,e-m,0.128154164028865,%,3
OBS,2020,EU27+4,WEEE_generatedDedicated,WEEE_Cat1,casingPlasticBased,ferrousMetals,Sm,e-m,0.143767888739398,%,1
OBS,2020,EU27+4,WEEE_generatedDedicated,WEEE_Cat1,casingPlasticBased,ferrousMetals,,m-c,0.0884774459658344,%,2
OBS,2020,EU27+4,WEEE_generatedDedicated,WEEE_Cat1,casingPlasticBased,,,c-p,0.018549756190972,%,3
OBS,2020,EU27+4,WEEE_generatedDedicated,WEEE_Cat1,casingPlasticBased,otherOrganics,Ag,e-m,1,%,1
OBS,2020,EU27+4,WEEE_generatedDedicated,WEEE_Cat1,casingPlasticBased,otherOrganics,,m-c,0.0192454676091109,%,1
OBS,2020,EU27+4,WEEE_generatedDedicated,WEEE_Cat1,casingPlasticBased,plastics,Ag,e-m,1,%,2
OBS,2020,EU27+4,WEEE_generatedDedicated,WEEE_Cat1,casingPlasticBased,plastics,,m-c,0.0762233829212469,%,3
OBS,2020,EU27+4,WEEE_generatedDedicated,WEEE_Cat1,casingPlasticBased,polymerPA6GF30,Ag,e-m,1,%,1
OBS,2020,EU27+4,WEEE_generatedDedicated,WEEE_Cat1,casingPlasticBased,polymerPA6GF30,,m-c,0.256840537231108,%,3
OBS,2020,EU27+4,WEEE_generatedDedicated,WEEE_Cat1,casingPlasticBased,polymerPPGF30,Ag,e-m,1,%,3
OBS,2020,EU27+4,WEEE_generatedDedicated,WEEE_Cat1,casingPlasticBased,polymerPPGF30,,m-c,0.104809649709883,%,2
OBS,2020,EU27+4,WEEE_generatedDedicated,WEEE_Cat1,casingPlasticBased,polymerPPTF30,Ag,e-m,1,%,3
OBS,2020,EU27+4,WEEE_generatedDedicated,WEEE_Cat1,casingPlasticBased,polymerPPTF30,,m-c,0.179727418843375,%,1
OBS,2020,EU27+4,WEEE_generatedDedicated,WEEE_Cat1,casingPlasticBased,undefinedAndMixedMaterials,,m-c,0.0304609627452541,%,2
OBS,2020,EU27+4,WEEE_generatedDedicated,WEEE_Cat1,casingSteelBased,ferrousMetals,Ag,e-m,0.0269967071454728,%,3
OBS,2020,EU27+4,WEEE_generatedDedicated,WEEE_Cat1,casingSteelBased,ferrousMetals,Cu,e-m,0.132343324552728,%,3
OBS,2020,EU27+4,WEEE_generatedDedicated,WEEE_Cat1,casingSteelBased,ferrousMetals,Ga,e-m,0.0905382157307399,%,1
OBS,2020,EU27+4,WEEE_generatedDedicated,WEEE_Cat1,casingSteelBased,ferrousMetals,Mo,e-m,0.325251587089369,%,2
OBS,2020,EU27+4,WEEE_generatedDedicated,WEEE_Cat1,casingSteelBased,ferrousMetals,O,e-m,0.0556821781824911,%,1
OBS,2020,EU27+4,WEEE_generatedDedicated,WEEE_Cat1,casingSteelBased,ferrousMetals,Sm,e-m,0.3691879872992,%,2
OBS,2020,EU27+4,WEEE_generatedDedicated,WEEE_Cat1,casingSteelBased,ferrousMetals,,m-c,1,%,3
OBS,2020,EU27+4,WEEE_generatedDedicated,WEEE_Cat1,casingSteelBased,,,c-p,0.0254300130073247,%,1
OBS,2020,EU27+4,WEEE_generatedDedicated,WEEE_Cat1,casingUnspecified,AlAndAlAlloys,Ag,e-m,0.71307751405634,%,3
OBS,2020,EU27+4,WEEE_generatedDedicated,WEEE_Cat1,casingUnspecified,AlAndAlAlloys,As,e-m,0.0059662601639196,%,2
OBS,2020,EU27+4,WEEE_generatedDedicated,WEEE_Cat1,casingUnspecified,AlAndAlAlloys,Cu,e-m,0.168656579775458,%,2
OBS,2020,EU27+4,WEEE_generatedDedicated,WEEE_Cat1,casingUnspecified,AlAndAlAlloys,Ga,e-m,0.0082151804396612,%,3
OBS,2020,EU27+4,WEEE_generatedDedicated,WEEE_Cat1,casingUnspecified,AlAndAlAlloys,Mn,e-m,0.0329511255607972,%,3
OBS,2020,EU27+4,WEEE_generatedDedicated,WEEE_Cat1,casingUnspecified,AlAndAlAlloys,Mo,e-m,0.0610473567800066,%,1
OBS,2020,EU27+4,WEEE_generatedDedicated,WEEE_Cat1,casingUnspecified,AlAndAlAlloys,Sm,e-m,0.0100859832238175,%,1
OBS,2020,EU27+4,WEEE_generatedDedicated,WEEE_Cat1,casingUnspecified,AlAndAlAlloys,,m-c,0.38065245009349,%,3
OBS,2020,EU27+4,WEEE_generatedDedicated,WEEE_Cat1,casingUnspecified,CuAndCuAlloys,Ag,e-m,0.166670275846755,%,2
OBS,2020,EU27+4,WEEE_generatedDedicated,WEEE_Cat1,casingUnspecified,CuAndCuAlloys,Dy,e-m,0.329827391936927,%,3
OBS,2020,EU27+4,WEEE_generatedDedicated,WEEE_Cat1,casingUnspecified,CuAndCuAlloys,Zr,e-m,0.503502332216318,%,1
OBS,2020,EU27+4,WEEE_generatedDedicated,WEEE_Cat1,casingUnspecified,CuAndCuAlloys,,m-c,0.132965317320875,%,1
OBS,2020,EU27+4,WEEE_generatedDedicated,WEEE_Cat1,casingUnspecified,ferrousMetals,Ag,e-m,0.0635607023237186,%,2
OBS,2020,EU27+4,WEEE_generatedDedicated,WEEE_Cat1,casingUnspecified,ferrousMetals,Cu,e-m,0.127646611142604,%,1
OBS,2020,EU27+4,WEEE_generatedDedicated,WEEE_Cat1,casingUnspecified,ferrousMetals,Ga,e-m,0.068985066210249,%,3
OBS,2020,EU27+4,WEEE_generatedDedicated,WEEE_Cat1,casingUnspecified,ferrousMetals,Mo,e-m,0.0087309897336687,%,1
OBS,2020,EU27+4,WEEE_generatedDedicated,WEEE_Cat1,casingUnspecified,ferrousMetals,O,e-m,0.0955579641439454,%,3
OBS,2020,EU27+4,WEEE_generatedDedicated,WEEE_Cat1,casingUnspecified,ferrousMetals,Sm,e-m,0.635518666445814,%,3
OBS,2020,EU27+4,WEEE_generatedDedicated,WEEE_Cat1,casingUnspecified,ferrousMetals,,m-c,0.171768380327837,%,2
OBS,2020,EU27+4,WEEE_generatedDedicated,WEEE_Cat1,casingUnspecified,glass,Ag,e-m,0.0294278418207442,%,2
OBS,2020,EU27+4,WEEE_generatedDedicated,WEEE_Cat1,casingUnspecified,glass,Pd,e-m,0.398508868462444,%,1
OBS,2020,EU27+4,WEEE_generatedDedicated,WEEE_Cat1,casingUnspecified,glass,Sc,e-m,0.534230030198709,%,2
OBS,2020,EU27+4,WEEE_generatedDedicated,WEEE_Cat1,casingUnspecified,glass,Zr,e-m,0.0378332595181037,%,3
OBS,2020,EU27+4,WEEE_generatedDedicated,WEEE_Cat1,casingUnspecified,glass,,m-c,0.125423947664265,%,3
OBS,2020,EU27+4,WEEE_generatedDedicated,WEEE_Cat1,casingUnspecified,,,c-p,0.0016600224277701,%,3
OBS,2020,EU27+4,WEEE_generatedDedicated,WEEE_Cat1,casingUnspecified,otherMetalsAndMetalAlloys,Ag,e-m,0.375264769284275,%,1
OBS,2020,EU27+4,WEEE_generatedDedicated,WEEE_Cat1,casingUnspecified,otherMetalsAndMetalAlloys,Al,e-m,0.442992695359245,%,3
OBS,2020,EU27+4,WEEE_generatedDedicated,WEEE_Cat1,casingUnspecified,otherMetalsAndMetalAlloys,Dy,e-m,0.181742535356481,%,2
OBS,2020,EU27+4,WEEE_generatedDedicated,WEEE_Cat1,casingUnspecified,otherMetalsAndMetalAlloys,,m-c,0.0499843742341627,%,3
OBS,2020,EU27+4,WEEE_generatedDedicated,WEEE_Cat1,casingUnspecified,plastics,Ag,e-m,1,%,2
OBS,2020,EU27+4,WEEE_generatedDedicated,WEEE_Cat1,casingUnspecified,plastics,,m-c,0.0732149361328738,%,2
OBS,2020,EU27+4,WEEE_generatedDedicated,WEEE_Cat1,casingUnspecified,undefinedAndMixedMaterials,Ag,e-m,1,%,2
OBS,2020,EU27+4,WEEE_generatedDedicated,WEEE_Cat1,casingUnspecified,undefinedAndMixedMaterials,,m-c,0.0659905942264959,%,3
OBS,2020,EU27+4,WEEE_generatedDedicated,WEEE_Cat1,coldCathodeLamp,,,c-p,0.0418255991175176,%,2
OBS,2020,EU27+4,WEEE_generatedDedicated,WEEE_Cat1,compContainHazardSubst,,,c-p,0.0226367349256263,%,2
OBS,2020,EU27+4,WEEE_generatedDedicated,WEEE_Cat1,compressor,CuAndCuAlloys,Ag,e-m,0.002052421855291,%,1
OBS,2020,EU27+4,WEEE_generatedDedicated,WEEE_Cat1,compressor,CuAndCuAlloys,As,e-m,0.0510672478270101,%,3
OBS,2020,EU27+4,WEEE_generatedDedicated,WEEE_Cat1,compressor,CuAndCuAlloys,Cu,e-m,0.203951218815691,%,2
OBS,2020,EU27+4,WEEE_generatedDedicated,WEEE_Cat1,compressor,CuAndCuAlloys,Dy,e-m,0.231027552048756,%,2
OBS,2020,EU27+4,WEEE_generatedDedicated,WEEE_Cat1,compressor,CuAndCuAlloys,Ga,e-m,0.186273178639521,%,2
OBS,2020,EU27+4,WEEE_generatedDedicated,WEEE_Cat1,compressor,CuAndCuAlloys,Mn,e-m,0.0260445581555279,%,1
OBS,2020,EU27+4,WEEE_generatedDedicated,WEEE_Cat1,compressor,CuAndCuAlloys,Mo,e-m,0.0049976510705249,%,2
OBS,2020,EU27+4,WEEE_generatedDedicated,WEEE_Cat1,compressor,CuAndCuAlloys,Sm,e-m,0.26962669351694,%,1
OBS,2020,EU27+4,WEEE_generatedDedicated,WEEE_Cat1,compressor,CuAndCuAlloys,Zr,e-m,0.024959478070738,%,3
OBS,2020,EU27+4,WEEE_generatedDedicated,WEEE_Cat1,compressor,CuAndCuAlloys,,m-c,0.122627925878124,%,2
OBS,2020,EU27+4,WEEE_generatedDedicated,WEEE_Cat1,compressor,glass,Ag,e-m,0.276315582946933,%,2
OBS,2020,EU27+4,WEEE_generatedDedicated,WEEE_Cat1,compressor,glass,Pd,e-m,0.150358224486631,%,3
OBS,2020,EU27+4,WEEE_generatedDedicated,WEEE_Cat1,compressor,glass,Sc,e-m,0.477895516900908,%,3
OBS,2020,EU27+4,WEEE_generatedDedicated,WEEE_Cat1,compressor,glass,Zr,e-m,0.0954306756655282,%,2
OBS,2020,EU27+4,WEEE_generatedDedicated,WEEE_Cat1,compressor,glass,,m-c,0.573902739793744,%,2
OBS,2020,EU27+4,WEEE_generatedDedicated,WEEE_Cat1,compressor,,,c-p,0.0143620779289491,%,3
OBS,2020,EU27+4,WEEE_generatedDedicated,WEEE_Cat1,compressor,otherFerrousAlloys,Ag,e-m,0.343755566453722,%,3
OBS,2020,EU27+4,WEEE_generatedDedicated,WEEE_Cat1,compressor,otherFerrousAlloys,Ca,e-m,0.312332442396621,%,3
OBS,2020,EU27+4,WEEE_generatedDedicated,WEEE_Cat1,compressor,otherFerrousAlloys,Ga,e-m,0.165493175319831,%,3
OBS,2020,EU27+4,WEEE_generatedDedicated,WEEE_Cat1,compressor,otherFerrousAlloys,Mo,e-m,0.0418900497614129,%,3
OBS,2020,EU27+4,WEEE_generatedDedicated,WEEE_Cat1,compressor,otherFerrousAlloys,Sm,e-m,0.136528766068412,%,3
OBS,2020,EU27+4,WEEE_generatedDedicated,WEEE_Cat1,compressor,otherFerrousAlloys,,m-c,0.0082364678819053,%,2
OBS,2020,EU27+4,WEEE_generatedDedicated,WEEE_Cat1,compressor,otherOrUndefinedMaterials,Ag,e-m,1,%,1
OBS,2020,EU27+4,WEEE_generatedDedicated,WEEE_Cat1,compressor,otherOrUndefinedMaterials,,m-c,0.193205370468747,%,2
OBS,2020,EU27+4,WEEE_generatedDedicated,WEEE_Cat1,compressor,plastics,Ag,e-m,1,%,3
OBS,2020,EU27+4,WEEE_generatedDedicated,WEEE_Cat1,compressor,plastics,,m-c,0.0030867617453037,%,3
OBS,2020,EU27+4,WEEE_generatedDedicated,WEEE_Cat1,compressor,steelAndSteelAlloys,Ag,e-m,0.128109534737611,%,3
OBS,2020,EU27+4,WEEE_generatedDedicated,WEEE_Cat1,compressor,steelAndSteelAlloys,Cu,e-m,0.269220382513225,%,1
OBS,2020,EU27+4,WEEE_generatedDedicated,WEEE_Cat1,compressor,steelAndSteelAlloys,Ga,e-m,0.122216839709836,%,2
OBS,2020,EU27+4,WEEE_generatedDedicated,WEEE_Cat1,compressor,steelAndSteelAlloys,Mo,e-m,0.0567696890058348,%,3
OBS,2020,EU27+4,WEEE_generatedDedicated,WEEE_Cat1,compressor,steelAndSteelAlloys,O,e-m,0.173394433866704,%,1
OBS,2020,EU27+4,WEEE_generatedDedicated,WEEE_Cat1,compressor,steelAndSteelAlloys,Sm,e-m,0.250289120166788,%,1
OBS,2020,EU27+4,WEEE_generatedDedicated,WEEE_Cat1,compressor,steelAndSteelAlloys,,m-c,0.0989407342321769,%,3
OBS,2020,EU27+4,WEEE_generatedDedicated,WEEE_Cat1,condensator,,,c-p,0.0091121291519648,%,2
OBS,2020,EU27+4,WEEE_generatedDedicated,WEEE_Cat1,contactor,,,c-p,0.0009436246177276,%,3
OBS,2020,EU27+4,WEEE_generatedDedicated,WEEE_Cat1,displayCRT,AlAndAlAlloys,Ag,e-m,0.113032775935234,%,3
OBS,2020,EU27+4,WEEE_generatedDedicated,WEEE_Cat1,displayCRT,AlAndAlAlloys,As,e-m,0.0104093837394568,%,2
OBS,2020,EU27+4,WEEE_generatedDedicated,WEEE_Cat1,displayCRT,AlAndAlAlloys,Cu,e-m,0.373047316409798,%,2
OBS,2020,EU27+4,WEEE_generatedDedicated,WEEE_Cat1,displayCRT,AlAndAlAlloys,Ga,e-m,0.170281214718461,%,3
OBS,2020,EU27+4,WEEE_generatedDedicated,WEEE_Cat1,displayCRT,AlAndAlAlloys,Mn,e-m,0.128272607422243,%,2
OBS,2020,EU27+4,WEEE_generatedDedicated,WEEE_Cat1,displayCRT,AlAndAlAlloys,Mo,e-m,0.120028104020929,%,1
OBS,2020,EU27+4,WEEE_generatedDedicated,WEEE_Cat1,displayCRT,AlAndAlAlloys,Sm,e-m,0.0849285977538783,%,2
OBS,2020,EU27+4,WEEE_generatedDedicated,WEEE_Cat1,displayCRT,AlAndAlAlloys,,m-c,0.565941134790931,%,2
OBS,2020,EU27+4,WEEE_generatedDedicated,WEEE_Cat1,displayCRT,glass,Ag,e-m,0.0139618493325906,%,1
OBS,2020,EU27+4,WEEE_generatedDedicated,WEEE_Cat1,displayCRT,glass,Pd,e-m,0.0094363598634268,%,2
OBS,2020,EU27+4,WEEE_generatedDedicated,WEEE_Cat1,displayCRT,glass,Sc,e-m,0.0384193124581214,%,3
OBS,2020,EU27+4,WEEE_generatedDedicated,WEEE_Cat1,displayCRT,glass,Zr,e-m,0.938182478345861,%,3
OBS,2020,EU27+4,WEEE_generatedDedicated,WEEE_Cat1,displayCRT,glass,,m-c,0.434058865209069,%,1
OBS,2020,EU27+4,WEEE_generatedDedicated,WEEE_Cat1,displayCRT,,,c-p,0.0047299563149459,%,1
OBS,2020,EU27+4,WEEE_generatedDedicated,WEEE_Cat1,displayLCD,AlAndAlAlloys,Ag,e-m,0.286741710516432,%,1
OBS,2020,EU27+4,WEEE_generatedDedicated,WEEE_Cat1,displayLCD,AlAndAlAlloys,As,e-m,0.129237240451927,%,1
OBS,2020,EU27+4,WEEE_generatedDedicated,WEEE_Cat1,displayLCD,AlAndAlAlloys,Cu,e-m,0.148547072175343,%,3
OBS,2020,EU27+4,WEEE_generatedDedicated,WEEE_Cat1,displayLCD,AlAndAlAlloys,Ga,e-m,0.0071683307096925,%,2
OBS,2020,EU27+4,WEEE_generatedDedicated,WEEE_Cat1,displayLCD,AlAndAlAlloys,Mn,e-m,0.0458026808546247,%,3
OBS,2020,EU27+4,WEEE_generatedDedicated,WEEE_Cat1,displayLCD,AlAndAlAlloys,Mo,e-m,0.290563504886588,%,3
OBS,2020,EU27+4,WEEE_generatedDedicated,WEEE_Cat1,displayLCD,AlAndAlAlloys,Sm,e-m,0.0919394604053931,%,1
OBS,2020,EU27+4,WEEE_generatedDedicated,WEEE_Cat1,displayLCD,AlAndAlAlloys,,m-c,0.0087055551391739,%,2
OBS,2020,EU27+4,WEEE_generatedDedicated,WEEE_Cat1,displayLCD,CuAndCuAlloys,Ag,e-m,0.696223750558868,%,1
OBS,2020,EU27+4,WEEE_generatedDedicated,WEEE_Cat1,displayLCD,CuAndCuAlloys,Dy,e-m,0.182424958467892,%,1
OBS,2020,EU27+4,WEEE_generatedDedicated,WEEE_Cat1,displayLCD,CuAndCuAlloys,Zr,e-m,0.12135129097324,%,2
OBS,2020,EU27+4,WEEE_generatedDedicated,WEEE_Cat1,displayLCD,CuAndCuAlloys,,m-c,0.278603646528969,%,2
OBS,2020,EU27+4,WEEE_generatedDedicated,WEEE_Cat1,displayLCD,ferrousMetals,Ag,e-m,0.0813500502953883,%,2
OBS,2020,EU27+4,WEEE_generatedDedicated,WEEE_Cat1,displayLCD,ferrousMetals,Cu,e-m,0.192439552641934,%,3
OBS,2020,EU27+4,WEEE_generatedDedicated,WEEE_Cat1,displayLCD,ferrousMetals,Ga,e-m,0.468969135227181,%,2
OBS,2020,EU27+4,WEEE_generatedDedicated,WEEE_Cat1,displayLCD,ferrousMetals,Mo,e-m,0.116909709221881,%,1
OBS,2020,EU27+4,WEEE_generatedDedicated,WEEE_Cat1,displayLCD,ferrousMetals,O,e-m,0.1114582376844,%,1
OBS,2020,EU27+4,WEEE_generatedDedicated,WEEE_Cat1,displayLCD,ferrousMetals,Sm,e-m,0.0288733149292151,%,1
OBS,2020,EU27+4,WEEE_generatedDedicated,WEEE_Cat1,displayLCD,ferrousMetals,,m-c,0.0222072527564234,%,3
OBS,2020,EU27+4,WEEE_generatedDedicated,WEEE_Cat1,displayLCD,glass,Ag,e-m,0.295917198767673,%,3
OBS,2020,EU27+4,WEEE_generatedDedicated,WEEE_Cat1,displayLCD,glass,Pd,e-m,0.472162784628634,%,1
OBS,2020,EU27+4,WEEE_generatedDedicated,WEEE_Cat1,displayLCD,glass,Sc,e-m,0.148089808634281,%,3
OBS,2020,EU27+4,WEEE_generatedDedicated,WEEE_Cat1,displayLCD,glass,Zr,e-m,0.0838302079694118,%,3
OBS,2020,EU27+4,WEEE_generatedDedicated,WEEE_Cat1,displayLCD,glass,,m-c,0.0960674248341761,%,1
OBS,2020,EU27+4,WEEE_generatedDedicated,WEEE_Cat1,displayLCD,,,c-p,0.0108473886247867,%,2
OBS,2020,EU27+4,WEEE_generatedDedicated,WEEE_Cat1,displayLCD,plastics,Ag,e-m,1,%,3
OBS,2020,EU27+4,WEEE_generatedDedicated,WEEE_Cat1,displayLCD,plastics,,m-c,0.272864557203017,%,3
OBS,2020,EU27+4,WEEE_generatedDedicated,WEEE_Cat1,displayLCD,undefinedAndMixedMaterials,Ag,e-m,1,%,3
OBS,2020,EU27+4,WEEE_generatedDedicated,WEEE_Cat1,displayLCD,undefinedAndMixedMaterials,,m-c,0.32155156353824,%,2
OBS,2020,EU27+4,WEEE_generatedDedicated,WEEE_Cat1,displayLCDunder100cm2,,,c-p,0.0149668134689405,%,2
OBS,2020,EU27+4,WEEE_generatedDedicated,WEEE_Cat1,displayOther,AlAndAlAlloys,Ag,e-m,0.0081158187447839,%,3
OBS,2020,EU27+4,WEEE_generatedDedicated,WEEE_Cat1,displayOther,AlAndAlAlloys,As,e-m,0.0409057075546978,%,1
OBS,2020,EU27+4,WEEE_generatedDedicated,WEEE_Cat1,displayOther,AlAndAlAlloys,Cu,e-m,0.121058541128245,%,3
OBS,2020,EU27+4,WEEE_generatedDedicated,WEEE_Cat1,displayOther,AlAndAlAlloys,Ga,e-m,0.374964961518579,%,1
OBS,2020,EU27+4,WEEE_generatedDedicated,WEEE_Cat1,displayOther,AlAndAlAlloys,Mn,e-m,0.146869237449306,%,3
OBS,2020,EU27+4,WEEE_generatedDedicated,WEEE_Cat1,displayOther,AlAndAlAlloys,Mo,e-m,0.294409397422883,%,2
OBS,2020,EU27+4,WEEE_generatedDedicated,WEEE_Cat1,displayOther,AlAndAlAlloys,Sm,e-m,0.0136763361815052,%,3
OBS,2020,EU27+4,WEEE_generatedDedicated,WEEE_Cat1,displayOther,AlAndAlAlloys,,m-c,0.151351763750667,%,2
OBS,2020,EU27+4,WEEE_generatedDedicated,WEEE_Cat1,displayOther,CuAndCuAlloys,Ag,e-m,0.142768064079714,%,2
OBS,2020,EU27+4,WEEE_generatedDedicated,WEEE_Cat1,displayOther,CuAndCuAlloys,Dy,e-m,0.501694637310976,%,3
OBS,2020,EU27+4,WEEE_generatedDedicated,WEEE_Cat1,displayOther,CuAndCuAlloys,Zr,e-m,0.35553729860931,%,2
OBS,2020,EU27+4,WEEE_generatedDedicated,WEEE_Cat1,displayOther,CuAndCuAlloys,,m-c,0.220169224775166,%,3
OBS,2020,EU27+4,WEEE_generatedDedicated,WEEE_Cat1,displayOther,ferrousMetals,Ag,e-m,0.166940610117652,%,3
OBS,2020,EU27+4,WEEE_generatedDedicated,WEEE_Cat1,displayOther,ferrousMetals,Cu,e-m,0.037160591753664,%,2
OBS,2020,EU27+4,WEEE_generatedDedicated,WEEE_Cat1,displayOther,ferrousMetals,Ga,e-m,0.0600824679137219,%,2
OBS,2020,EU27+4,WEEE_generatedDedicated,WEEE_Cat1,displayOther,ferrousMetals,Mo,e-m,0.0787569353222772,%,1
OBS,2020,EU27+4,WEEE_generatedDedicated,WEEE_Cat1,displayOther,ferrousMetals,O,e-m,0.0259239149295609,%,3
OBS,2020,EU27+4,WEEE_generatedDedicated,WEEE_Cat1,displayOther,ferrousMetals,Sm,e-m,0.631135479963124,%,1
OBS,2020,EU27+4,WEEE_generatedDedicated,WEEE_Cat1,displayOther,ferrousMetals,,m-c,0.0237886683653119,%,3
OBS,2020,EU27+4,WEEE_generatedDedicated,WEEE_Cat1,displayOther,glass,Ag,e-m,0.1035707455201,%,3
OBS,2020,EU27+4,WEEE_generatedDedicated,WEEE_Cat1,displayOther,glass,Pd,e-m,0.0228844989369793,%,2
OBS,2020,EU27+4,WEEE_generatedDedicated,WEEE_Cat1,displayOther,glass,Sc,e-m,0.0449336991171377,%,2
OBS,2020,EU27+4,WEEE_generatedDedicated,WEEE_Cat1,displayOther,glass,Zr,e-m,0.828611056425783,%,1
OBS,2020,EU27+4,WEEE_generatedDedicated,WEEE_Cat1,displayOther,glass,,m-c,0.231015207142309,%,2
OBS,2020,EU27+4,WEEE_generatedDedicated,WEEE_Cat1,displayOther,,,c-p,0.0046001491456551,%,2
OBS,2020,EU27+4,WEEE_generatedDedicated,WEEE_Cat1,displayOther,otherMetalsAndMetalAlloys,Ag,e-m,0.184245657233141,%,1
OBS,2020,EU27+4,WEEE_generatedDedicated,WEEE_Cat1,displayOther,otherMetalsAndMetalAlloys,Al,e-m,0.292574760775258,%,3
OBS,2020,EU27+4,WEEE_generatedDedicated,WEEE_Cat1,displayOther,otherMetalsAndMetalAlloys,Dy,e-m,0.523179581991601,%,2
OBS,2020,EU27+4,WEEE_generatedDedicated,WEEE_Cat1,displayOther,otherMetalsAndMetalAlloys,,m-c,0.109891204576719,%,2
OBS,2020,EU27+4,WEEE_generatedDedicated,WEEE_Cat1,displayOther,plastics,Ag,e-m,1,%,1
OBS,2020,EU27+4,WEEE_generatedDedicated,WEEE_Cat1,displayOther,plastics,,m-c,0.0726130284134788,%,2
OBS,2020,EU27+4,WEEE_generatedDedicated,WEEE_Cat1,displayOther,undefinedAndMixedMaterials,Ag,e-m,1,%,3
OBS,2020,EU27+4,WEEE_generatedDedicated,WEEE_Cat1,displayOther,undefinedAndMixedMaterials,,m-c,0.191170902976348,%,2
OBS,2020,EU27+4,WEEE_generatedDedicated,WEEE_Cat1,displayPlasma,,,c-p,0.0080212851574588,%,3
OBS,2020,EU27+4,WEEE_generatedDedicated,WEEE_Cat1,driveCDDExt,,,c-p,0.0005185120303464,%,3
OBS,2020,EU27+4,WEEE_generatedDedicated,WEEE_Cat1,driveCDDInt,AlAndAlAlloys,Ag,e-m,0.0670186654638646,%,2
OBS,2020,EU27+4,WEEE_generatedDedicated,WEEE_Cat1,driveCDDInt,AlAndAlAlloys,As,e-m,0.410244905877672,%,3
OBS,2020,EU27+4,WEEE_generatedDedicated,WEEE_Cat1,driveCDDInt,AlAndAlAlloys,Cu,e-m,0.114158894931581,%,1
OBS,2020,EU27+4,WEEE_generatedDedicated,WEEE_Cat1,driveCDDInt,AlAndAlAlloys,Ga,e-m,0.0002827216705706,%,2
OBS,2020,EU27+4,WEEE_generatedDedicated,WEEE_Cat1,driveCDDInt,AlAndAlAlloys,Mn,e-m,0.174196565099134,%,3
OBS,2020,EU27+4,WEEE_generatedDedicated,WEEE_Cat1,driveCDDInt,AlAndAlAlloys,Mo,e-m,0.0353507633593959,%,3
OBS,2020,EU27+4,WEEE_generatedDedicated,WEEE_Cat1,driveCDDInt,AlAndAlAlloys,Sm,e-m,0.198747483597782,%,3
OBS,2020,EU27+4,WEEE_generatedDedicated,WEEE_Cat1,driveCDDInt,AlAndAlAlloys,,m-c,0.0458385973056832,%,3
OBS,2020,EU27+4,WEEE_generatedDedicated,WEEE_Cat1,driveCDDInt,CuAndCuAlloys,Ag,e-m,0.195893948696882,%,3
OBS,2020,EU27+4,WEEE_generatedDedicated,WEEE_Cat1,driveCDDInt,CuAndCuAlloys,Dy,e-m,0.141259267842961,%,1
OBS,2020,EU27+4,WEEE_generatedDedicated,WEEE_Cat1,driveCDDInt,CuAndCuAlloys,Zr,e-m,0.662846783460157,%,2
OBS,2020,EU27+4,WEEE_generatedDedicated,WEEE_Cat1,driveCDDInt,CuAndCuAlloys,,m-c,0.135872827242731,%,2
OBS,2020,EU27+4,WEEE_generatedDedicated,WEEE_Cat1,driveCDDInt,ferrousMetals,Ag,e-m,0.165978163387142,%,3
OBS,2020,EU27+4,WEEE_generatedDedicated,WEEE_Cat1,driveCDDInt,ferrousMetals,Cu,e-m,0.0626804665114913,%,3
OBS,2020,EU27+4,WEEE_generatedDedicated,WEEE_Cat1,driveCDDInt,ferrousMetals,Ga,e-m,0.0990185601089376,%,1
OBS,2020,EU27+4,WEEE_generatedDedicated,WEEE_Cat1,driveCDDInt,ferrousMetals,Mo,e-m,0.340192263265028,%,3
OBS,2020,EU27+4,WEEE_generatedDedicated,WEEE_Cat1,driveCDDInt,ferrousMetals,O,e-m,0.0516500681070263,%,3
OBS,2020,EU27+4,WEEE_generatedDedicated,WEEE_Cat1,driveCDDInt,ferrousMetals,Sm,e-m,0.280480478620374,%,1
OBS,2020,EU27+4,WEEE_generatedDedicated,WEEE_Cat1,driveCDDInt,ferrousMetals,,m-c,0.154761743291297,%,2
OBS,2020,EU27+4,WEEE_generatedDedicated,WEEE_Cat1,driveCDDInt,,,c-p,0.0170230196986891,%,2
OBS,2020,EU27+4,WEEE_generatedDedicated,WEEE_Cat1,driveCDDInt,otherMetalsAndMetalAlloys,Ag,e-m,0.196817989695868,%,1
OBS,2020,EU27+4,WEEE_generatedDedicated,WEEE_Cat1,driveCDDInt,otherMetalsAndMetalAlloys,Al,e-m,0.696494096982882,%,3
OBS,2020,EU27+4,WEEE_generatedDedicated,WEEE_Cat1,driveCDDInt,otherMetalsAndMetalAlloys,Dy,e-m,0.10668791332125,%,2
OBS,2020,EU27+4,WEEE_generatedDedicated,WEEE_Cat1,driveCDDInt,otherMetalsAndMetalAlloys,,m-c,0.23533600868956,%,1
OBS,2020,EU27+4,WEEE_generatedDedicated,WEEE_Cat1,driveCDDInt,plastics,Ag,e-m,1,%,2
OBS,2020,EU27+4,WEEE_generatedDedicated,WEEE_Cat1,driveCDDInt,plastics,,m-c,0.0030576709225668,%,2
OBS,2020,EU27+4,WEEE_generatedDedicated,WEEE_Cat1,driveCDDInt,undefinedAndMixedMaterials,Ag,e-m,1,%,1
OBS,2020,EU27+4,WEEE_generatedDedicated,WEEE_Cat1,driveCDDInt,undefinedAndMixedMaterials,,m-c,0.425133152548162,%,3
OBS,2020,EU27+4,WEEE_generatedDedicated,WEEE_Cat1,driveFDD,AlAndAlAlloys,Ag,e-m,0.165606140552344,%,2
OBS,2020,EU27+4,WEEE_generatedDedicated,WEEE_Cat1,driveFDD,AlAndAlAlloys,As,e-m,0.400659851876506,%,1
OBS,2020,EU27+4,WEEE_generatedDedicated,WEEE_Cat1,driveFDD,AlAndAlAlloys,Cu,e-m,0.1389501071173,%,1
OBS,2020,EU27+4,WEEE_generatedDedicated,WEEE_Cat1,driveFDD,AlAndAlAlloys,Ga,e-m,0.0687449258291609,%,2
OBS,2020,EU27+4,WEEE_generatedDedicated,WEEE_Cat1,driveFDD,AlAndAlAlloys,Mn,e-m,0.0011471934843952,%,1
OBS,2020,EU27+4,WEEE_generatedDedicated,WEEE_Cat1,driveFDD,AlAndAlAlloys,Mo,e-m,0.198948948907043,%,1
OBS,2020,EU27+4,WEEE_generatedDedicated,WEEE_Cat1,driveFDD,AlAndAlAlloys,Sm,e-m,0.0259428322332499,%,2
OBS,2020,EU27+4,WEEE_generatedDedicated,WEEE_Cat1,driveFDD,AlAndAlAlloys,,m-c,0.312809570833451,%,3
OBS,2020,EU27+4,WEEE_generatedDedicated,WEEE_Cat1,driveFDD,ferrousMetals,Ag,e-m,0.0325272667398657,%,1
OBS,2020,EU27+4,WEEE_generatedDedicated,WEEE_Cat1,driveFDD,ferrousMetals,Cu,e-m,0.387259497494349,%,3
OBS,2020,EU27+4,WEEE_generatedDedicated,WEEE_Cat1,driveFDD,ferrousMetals,Ga,e-m,0.259561218631802,%,3
OBS,2020,EU27+4,WEEE_generatedDedicated,WEEE_Cat1,driveFDD,ferrousMetals,Mo,e-m,0.123513021501102,%,2
OBS,2020,EU27+4,WEEE_generatedDedicated,WEEE_Cat1,driveFDD,ferrousMetals,O,e-m,0.11629083935436,%,3
OBS,2020,EU27+4,WEEE_generatedDedicated,WEEE_Cat1,driveFDD,ferrousMetals,Sm,e-m,0.0808481562785213,%,2
OBS,2020,EU27+4,WEEE_generatedDedicated,WEEE_Cat1,driveFDD,ferrousMetals,,m-c,0.687190429166549,%,2
OBS,2020,EU27+4,WEEE_generatedDedicated,WEEE_Cat1,driveFDD,,,c-p,0.0207216519479099,%,1
OBS,2020,EU27+4,WEEE_generatedDedicated,WEEE_Cat1,driveHDD,AlAndAlAlloys,Ag,e-m,0.100290084353048,%,3
OBS,2020,EU27+4,WEEE_generatedDedicated,WEEE_Cat1,driveHDD,AlAndAlAlloys,As,e-m,0.170670203960641,%,2
OBS,2020,EU27+4,WEEE_generatedDedicated,WEEE_Cat1,driveHDD,AlAndAlAlloys,Cu,e-m,0.0618960012299089,%,2
OBS,2020,EU27+4,WEEE_generatedDedicated,WEEE_Cat1,driveHDD,AlAndAlAlloys,Ga,e-m,0.0722844593079104,%,2
OBS,2020,EU27+4,WEEE_generatedDedicated,WEEE_Cat1,driveHDD,AlAndAlAlloys,Mn,e-m,0.419925136270344,%,1
OBS,2020,EU27+4,WEEE_generatedDedicated,WEEE_Cat1,driveHDD,AlAndAlAlloys,Mo,e-m,0.0252788348811216,%,3
OBS,2020,EU27+4,WEEE_generatedDedicated,WEEE_Cat1,driveHDD,AlAndAlAlloys,Sm,e-m,0.149655279997026,%,3
OBS,2020,EU27+4,WEEE_generatedDedicated,WEEE_Cat1,driveHDD,AlAndAlAlloys,,m-c,0.04157763792938,%,3
OBS,2020,EU27+4,WEEE_generatedDedicated,WEEE_Cat1,driveHDD,CuAndCuAlloys,Ag,e-m,0.34925725913471,%,3
OBS,2020,EU27+4,WEEE_generatedDedicated,WEEE_Cat1,driveHDD,CuAndCuAlloys,Dy,e-m,0.361341719354962,%,1
OBS,2020,EU27+4,WEEE_generatedDedicated,WEEE_Cat1,driveHDD,CuAndCuAlloys,Zr,e-m,0.289401021510328,%,1
OBS,2020,EU27+4,WEEE_generatedDedicated,WEEE_Cat1,driveHDD,CuAndCuAlloys,,m-c,0.0579106844865477,%,1
OBS,2020,EU27+4,WEEE_generatedDedicated,WEEE_Cat1,driveHDD,ferrousMetals,Ag,e-m,0.175635735627327,%,2
OBS,2020,EU27+4,WEEE_generatedDedicated,WEEE_Cat1,driveHDD,ferrousMetals,Cu,e-m,0.0732823699491635,%,1
OBS,2020,EU27+4,WEEE_generatedDedicated,WEEE_Cat1,driveHDD,ferrousMetals,Ga,e-m,0.0203962963944135,%,3
OBS,2020,EU27+4,WEEE_generatedDedicated,WEEE_Cat1,driveHDD,ferrousMetals,Mo,e-m,0.144872369115219,%,2
OBS,2020,EU27+4,WEEE_generatedDedicated,WEEE_Cat1,driveHDD,ferrousMetals,O,e-m,0.280747637170912,%,1
OBS,2020,EU27+4,WEEE_generatedDedicated,WEEE_Cat1,driveHDD,ferrousMetals,Sm,e-m,0.305065591742965,%,1
OBS,2020,EU27+4,WEEE_generatedDedicated,WEEE_Cat1,driveHDD,ferrousMetals,,m-c,0.0815043964636249,%,3
OBS,2020,EU27+4,WEEE_generatedDedicated,WEEE_Cat1,driveHDD,,,c-p,0.0061322938538764,%,3
OBS,2020,EU27+4,WEEE_generatedDedicated,WEEE_Cat1,driveHDD,otherMetalsAndMetalAlloys,Ag,e-m,0.0295235152761761,%,1
OBS,2020,EU27+4,WEEE_generatedDedicated,WEEE_Cat1,driveHDD,otherMetalsAndMetalAlloys,Al,e-m,0.839715910926123,%,3
OBS,2020,EU27+4,WEEE_generatedDedicated,WEEE_Cat1,driveHDD,otherMetalsAndMetalAlloys,Dy,e-m,0.130760573797701,%,3
OBS,2020,EU27+4,WEEE_generatedDedicated,WEEE_Cat1,driveHDD,otherMetalsAndMetalAlloys,,m-c,0.542397482227132,%,1
OBS,2020,EU27+4,WEEE_generatedDedicated,WEEE_Cat1,driveHDD,plastics,Ag,e-m,1,%,1
OBS,2020,EU27+4,WEEE_generatedDedicated,WEEE_Cat1,driveHDD,plastics,,m-c,0.0486478074495411,%,1
OBS,2020,EU27+4,WEEE_generatedDedicated,WEEE_Cat1,driveHDD,undefinedAndMixedMaterials,Ag,e-m,1,%,2
OBS,2020,EU27+4,WEEE_generatedDedicated,WEEE_Cat1,driveHDD,undefinedAndMixedMaterials,,m-c,0.227961991443775,%,2
OBS,2020,EU27+4,WEEE_generatedDedicated,WEEE_Cat1,driveUnspecified,CuAndCuAlloys,Ag,e-m,0.2740940162012,%,2
OBS,2020,EU27+4,WEEE_generatedDedicated,WEEE_Cat1,driveUnspecified,CuAndCuAlloys,Dy,e-m,0.321400824146822,%,1
OBS,2020,EU27+4,WEEE_generatedDedicated,WEEE_Cat1,driveUnspecified,CuAndCuAlloys,Zr,e-m,0.404505159651978,%,3
OBS,2020,EU27+4,WEEE_generatedDedicated,WEEE_Cat1,driveUnspecified,CuAndCuAlloys,,m-c,0.517989561052639,%,2
OBS,2020,EU27+4,WEEE_generatedDedicated,WEEE_Cat1,driveUnspecified,ferrousMetals,Ag,e-m,0.210576462904253,%,3
OBS,2020,EU27+4,WEEE_generatedDedicated,WEEE_Cat1,driveUnspecified,ferrousMetals,Cu,e-m,0.111635385957686,%,2
OBS,2020,EU27+4,WEEE_generatedDedicated,WEEE_Cat1,driveUnspecified,ferrousMetals,Ga,e-m,0.0308003189237524,%,3
OBS,2020,EU27+4,WEEE_generatedDedicated,WEEE_Cat1,driveUnspecified,ferrousMetals,Mo,e-m,0.150876298552088,%,2
OBS,2020,EU27+4,WEEE_generatedDedicated,WEEE_Cat1,driveUnspecified,ferrousMetals,O,e-m,0.219581673628139,%,3
OBS,2020,EU27+4,WEEE_generatedDedicated,WEEE_Cat1,driveUnspecified,ferrousMetals,Sm,e-m,0.276529860034082,%,3
OBS,2020,EU27+4,WEEE_generatedDedicated,WEEE_Cat1,driveUnspecified,ferrousMetals,,m-c,0.310513932026377,%,3
OBS,2020,EU27+4,WEEE_generatedDedicated,WEEE_Cat1,driveUnspecified,,,c-p,0.0190818664352267,%,2
OBS,2020,EU27+4,WEEE_generatedDedicated,WEEE_Cat1,driveUnspecified,plastics,Ag,e-m,1,%,2
OBS,2020,EU27+4,WEEE_generatedDedicated,WEEE_Cat1,driveUnspecified,plastics,,m-c,0.156368880970508,%,1
OBS,2020,EU27+4,WEEE_generatedDedicated,WEEE_Cat1,driveUnspecified,undefinedAndMixedMaterials,Ag,e-m,1,%,3
OBS,2020,EU27+4,WEEE_generatedDedicated,WEEE_Cat1,driveUnspecified,undefinedAndMixedMaterials,,m-c,0.0151276259504761,%,2
OBS,2020,EU27+4,WEEE_generatedDedicated,WEEE_Cat1,electricEngine,AlAndAlAlloys,Ag,e-m,0.0641783697843923,%,3
OBS,2020,EU27+4,WEEE_generatedDedicated,WEEE_Cat1,electricEngine,AlAndAlAlloys,As,e-m,0.0682062236146028,%,3
OBS,2020,EU27+4,WEEE_generatedDedicated,WEEE_Cat1,electricEngine,AlAndAlAlloys,Cu,e-m,0.164795564974114,%,1
OBS,2020,EU27+4,WEEE_generatedDedicated,WEEE_Cat1,electricEngine,AlAndAlAlloys,Ga,e-m,0.137951948219705,%,3
OBS,2020,EU27+4,WEEE_generatedDedicated,WEEE_Cat1,electricEngine,AlAndAlAlloys,Mn,e-m,0.11859292064488,%,2
OBS,2020,EU27+4,WEEE_generatedDedicated,WEEE_Cat1,electricEngine,AlAndAlAlloys,Mo,e-m,0.323313337842416,%,2
OBS,2020,EU27+4,WEEE_generatedDedicated,WEEE_Cat1,electricEngine,AlAndAlAlloys,Sm,e-m,0.12296163491989,%,1
OBS,2020,EU27+4,WEEE_generatedDedicated,WEEE_Cat1,electricEngine,AlAndAlAlloys,,m-c,0.341143227757186,%,3
OBS,2020,EU27+4,WEEE_generatedDedicated,WEEE_Cat1,electricEngine,CuAndCuAlloys,Ag,e-m,0.19710428817383,%,2
OBS,2020,EU27+4,WEEE_generatedDedicated,WEEE_Cat1,electricEngine,CuAndCuAlloys,Dy,e-m,0.66421297432701,%,1
OBS,2020,EU27+4,WEEE_generatedDedicated,WEEE_Cat1,electricEngine,CuAndCuAlloys,Zr,e-m,0.13868273749916,%,2
OBS,2020,EU27+4,WEEE_generatedDedicated,WEEE_Cat1,electricEngine,CuAndCuAlloys,,m-c,0.449849573094847,%,1
OBS,2020,EU27+4,WEEE_generatedDedicated,WEEE_Cat1,electricEngine,carbon,Ag,e-m,0.387388702905653,%,3
OBS,2020,EU27+4,WEEE_generatedDedicated,WEEE_Cat1,electricEngine,carbon,Pd,e-m,0.108521209213751,%,2
OBS,2020,EU27+4,WEEE_generatedDedicated,WEEE_Cat1,electricEngine,carbon,Sc,e-m,0.154320114165521,%,2
OBS,2020,EU27+4,WEEE_generatedDedicated,WEEE_Cat1,electricEngine,carbon,Zr,e-m,0.349769973715075,%,1
OBS,2020,EU27+4,WEEE_generatedDedicated,WEEE_Cat1,electricEngine,carbon,,m-c,0.0635846413178295,%,2
OBS,2020,EU27+4,WEEE_generatedDedicated,WEEE_Cat1,electricEngine,ferrousMetals,Ag,e-m,0.157625901238397,%,1
OBS,2020,EU27+4,WEEE_generatedDedicated,WEEE_Cat1,electricEngine,ferrousMetals,Ca,e-m,0.0200318069515637,%,3
OBS,2020,EU27+4,WEEE_generatedDedicated,WEEE_Cat1,electricEngine,ferrousMetals,Cu,e-m,0.0476347427222837,%,3
OBS,2020,EU27+4,WEEE_generatedDedicated,WEEE_Cat1,electricEngine,ferrousMetals,Ga,e-m,0.0528276433346667,%,1
OBS,2020,EU27+4,WEEE_generatedDedicated,WEEE_Cat1,electricEngine,ferrousMetals,Mo,e-m,0.242424176022101,%,1
OBS,2020,EU27+4,WEEE_generatedDedicated,WEEE_Cat1,electricEngine,ferrousMetals,O,e-m,0.203143630144672,%,1
OBS,2020,EU27+4,WEEE_generatedDedicated,WEEE_Cat1,electricEngine,ferrousMetals,Sm,e-m,0.276312099586316,%,3
OBS,2020,EU27+4,WEEE_generatedDedicated,WEEE_Cat1,electricEngine,ferrousMetals,,m-c,0.0337084161174432,%,3
OBS,2020,EU27+4,WEEE_generatedDedicated,WEEE_Cat1,electricEngine,,,c-p,0.0159491605622559,%,1
OBS,2020,EU27+4,WEEE_generatedDedicated,WEEE_Cat1,electricEngine,otherOrganics,Ag,e-m,1,%,3
OBS,2020,EU27+4,WEEE_generatedDedicated,WEEE_Cat1,electricEngine,otherOrganics,,m-c,0.0547313244965325,%,3
OBS,2020,EU27+4,WEEE_generatedDedicated,WEEE_Cat1,electricEngine,plastics,Ag,e-m,1,%,1
OBS,2020,EU27+4,WEEE_generatedDedicated,WEEE_Cat1,electricEngine,plastics,,m-c,0.056982817216162,%,2
OBS,2020,EU27+4,WEEE_generatedDedicated,WEEE_Cat1,filterFoamBased,,,c-p,0.0180244102367448,%,3
OBS,2020,EU27+4,WEEE_generatedDedicated,WEEE_Cat1,filterFoamBased,plastics,Ag,e-m,1,%,3
OBS,2020,EU27+4,WEEE_generatedDedicated,WEEE_Cat1,filterFoamBased,plastics,,m-c,1,%,1
OBS,2020,EU27+4,WEEE_generatedDedicated,WEEE_Cat1,fuse,,,c-p,0.0188748976584857,%,1
OBS,2020,EU27+4,WEEE_generatedDedicated,WEEE_Cat1,gear,,,c-p,0.0024795001007812,%,1
OBS,2020,EU27+4,WEEE_generatedDedicated,WEEE_Cat1,gear,plastics,Ag,e-m,1,%,1
OBS,2020,EU27+4,WEEE_generatedDedicated,WEEE_Cat1,gear,plastics,,m-c,1,%,2
OBS,2020,EU27+4,WEEE_generatedDedicated,WEEE_Cat1,heatingCoolingEEEairCondenser,CuAndCuAlloys,Ag,e-m,0.510723773767832,%,2
OBS,2020,EU27+4,WEEE_generatedDedicated,WEEE_Cat1,heatingCoolingEEEairCondenser,CuAndCuAlloys,Dy,e-m,0.377304527075781,%,2
OBS,2020,EU27+4,WEEE_generatedDedicated,WEEE_Cat1,heatingCoolingEEEairCondenser,CuAndCuAlloys,Zr,e-m,0.111971699156387,%,1
OBS,2020,EU27+4,WEEE_generatedDedicated,WEEE_Cat1,heatingCoolingEEEairCondenser,CuAndCuAlloys,,m-c,0.0182236374819425,%,3
OBS,2020,EU27+4,WEEE_generatedDedicated,WEEE_Cat1,heatingCoolingEEEairCondenser,,,c-p,0.000608405037985,%,3
OBS,2020,EU27+4,WEEE_generatedDedicated,WEEE_Cat1,heatingCoolingEEEairCondenser,otherOrUndefinedMaterials,Ag,e-m,1,%,1
OBS,2020,EU27+4,WEEE_generatedDedicated,WEEE_Cat1,heatingCoolingEEEairCondenser,otherOrUndefinedMaterials,,m-c,0.532895322675205,%,1
OBS,2020,EU27+4,WEEE_generatedDedicated,WEEE_Cat1,heatingCoolingEEEairCondenser,plastics,Ag,e-m,1,%,2
OBS,2020,EU27+4,WEEE_generatedDedicated,WEEE_Cat1,heatingCoolingEEEairCondenser,plastics,,m-c,0.262569386316578,%,2
OBS,2020,EU27+4,WEEE_generatedDedicated,WEEE_Cat1,heatingCoolingEEEairCondenser,steelAndSteelAlloys,Ag,e-m,0.122197958796098,%,2
OBS,2020,EU27+4,WEEE_generatedDedicated,WEEE_Cat1,heatingCoolingEEEairCondenser,steelAndSteelAlloys,Cu,e-m,0.354448198181,%,1
OBS,2020,EU27+4,WEEE_generatedDedicated,WEEE_Cat1,heatingCoolingEEEairCondenser,steelAndSteelAlloys,Ga,e-m,0.353795973704826,%,1
OBS,2020,EU27+4,WEEE_generatedDedicated,WEEE_Cat1,heatingCoolingEEEairCondenser,steelAndSteelAlloys,Mo,e-m,0.0995888018409878,%,1
OBS,2020,EU27+4,WEEE_generatedDedicated,WEEE_Cat1,heatingCoolingEEEairCondenser,steelAndSteelAlloys,O,e-m,0.0272157256020053,%,2
OBS,2020,EU27+4,WEEE_generatedDedicated,WEEE_Cat1,heatingCoolingEEEairCondenser,steelAndSteelAlloys,Sm,e-m,0.0427533418750829,%,1
OBS,2020,EU27+4,WEEE_generatedDedicated,WEEE_Cat1,heatingCoolingEEEairCondenser,steelAndSteelAlloys,,m-c,0.186311653526274,%,2
OBS,2020,EU27+4,WEEE_generatedDedicated,WEEE_Cat1,heatingCoolingEEEfan,AlAndAlAlloys,Ag,e-m,0.0524039123471765,%,3
OBS,2020,EU27+4,WEEE_generatedDedicated,WEEE_Cat1,heatingCoolingEEEfan,AlAndAlAlloys,As,e-m,0.172302223528524,%,1
OBS,2020,EU27+4,WEEE_generatedDedicated,WEEE_Cat1,heatingCoolingEEEfan,AlAndAlAlloys,Cu,e-m,0.143926568619988,%,2
OBS,2020,EU27+4,WEEE_generatedDedicated,WEEE_Cat1,heatingCoolingEEEfan,AlAndAlAlloys,Ga,e-m,0.348755516315059,%,3
OBS,2020,EU27+4,WEEE_generatedDedicated,WEEE_Cat1,heatingCoolingEEEfan,AlAndAlAlloys,Mn,e-m,0.0255830407715141,%,1
OBS,2020,EU27+4,WEEE_generatedDedicated,WEEE_Cat1,heatingCoolingEEEfan,AlAndAlAlloys,Mo,e-m,0.141158590097206,%,2
OBS,2020,EU27+4,WEEE_generatedDedicated,WEEE_Cat1,heatingCoolingEEEfan,AlAndAlAlloys,Sm,e-m,0.115870148320533,%,2
OBS,2020,EU27+4,WEEE_generatedDedicated,WEEE_Cat1,heatingCoolingEEEfan,AlAndAlAlloys,,m-c,0.0130613648131114,%,2
OBS,2020,EU27+4,WEEE_generatedDedicated,WEEE_Cat1,heatingCoolingEEEfan,CuAndCuAlloys,Ag,e-m,0.288281089450116,%,1
OBS,2020,EU27+4,WEEE_generatedDedicated,WEEE_Cat1,heatingCoolingEEEfan,CuAndCuAlloys,Dy,e-m,0.471572437455675,%,1
OBS,2020,EU27+4,WEEE_generatedDedicated,WEEE_Cat1,heatingCoolingEEEfan,CuAndCuAlloys,Zr,e-m,0.24014647309421,%,2
OBS,2020,EU27+4,WEEE_generatedDedicated,WEEE_Cat1,heatingCoolingEEEfan,CuAndCuAlloys,,m-c,0.306783982216853,%,3
OBS,2020,EU27+4,WEEE_generatedDedicated,WEEE_Cat1,heatingCoolingEEEfan,ferrousMetals,Ag,e-m,0.238010605002559,%,3
OBS,2020,EU27+4,WEEE_generatedDedicated,WEEE_Cat1,heatingCoolingEEEfan,ferrousMetals,Ca,e-m,0.126454613639788,%,3
OBS,2020,EU27+4,WEEE_generatedDedicated,WEEE_Cat1,heatingCoolingEEEfan,ferrousMetals,Cu,e-m,0.041138916944695,%,1
OBS,2020,EU27+4,WEEE_generatedDedicated,WEEE_Cat1,heatingCoolingEEEfan,ferrousMetals,Ga,e-m,0.307657665235526,%,3
OBS,2020,EU27+4,WEEE_generatedDedicated,WEEE_Cat1,heatingCoolingEEEfan,ferrousMetals,Mo,e-m,0.195212346805108,%,1
OBS,2020,EU27+4,WEEE_generatedDedicated,WEEE_Cat1,heatingCoolingEEEfan,ferrousMetals,O,e-m,0.0533032706848391,%,2
OBS,2020,EU27+4,WEEE_generatedDedicated,WEEE_Cat1,heatingCoolingEEEfan,ferrousMetals,Sm,e-m,0.0382225816874857,%,1
OBS,2020,EU27+4,WEEE_generatedDedicated,WEEE_Cat1,heatingCoolingEEEfan,ferrousMetals,,m-c,0.347346854769416,%,1
OBS,2020,EU27+4,WEEE_generatedDedicated,WEEE_Cat1,heatingCoolingEEEfan,,,c-p,0.0163473542937306,%,3
OBS,2020,EU27+4,WEEE_generatedDedicated,WEEE_Cat1,heatingCoolingEEEfan,otherMetalsAndMetalAlloys,,m-c,0.0536306880334939,%,2
OBS,2020,EU27+4,WEEE_generatedDedicated,WEEE_Cat1,heatingCoolingEEEfan,plastics,Ag,e-m,1,%,2
OBS,2020,EU27+4,WEEE_generatedDedicated,WEEE_Cat1,heatingCoolingEEEfan,plastics,,m-c,0.110029035047965,%,1
OBS,2020,EU27+4,WEEE_generatedDedicated,WEEE_Cat1,heatingCoolingEEEfan,steelAndSteelAlloys,Ag,e-m,0.0128155959836205,%,3
OBS,2020,EU27+4,WEEE_generatedDedicated,WEEE_Cat1,heatingCoolingEEEfan,steelAndSteelAlloys,Cu,e-m,0.0851311003223573,%,1
OBS,2020,EU27+4,WEEE_generatedDedicated,WEEE_Cat1,heatingCoolingEEEfan,steelAndSteelAlloys,Ga,e-m,0.614801153208247,%,2
OBS,2020,EU27+4,WEEE_generatedDedicated,WEEE_Cat1,heatingCoolingEEEfan,steelAndSteelAlloys,Mo,e-m,0.0458793231980264,%,2
OBS,2020,EU27+4,WEEE_generatedDedicated,WEEE_Cat1,heatingCoolingEEEfan,steelAndSteelAlloys,O,e-m,0.131502960385965,%,1
OBS,2020,EU27+4,WEEE_generatedDedicated,WEEE_Cat1,heatingCoolingEEEfan,steelAndSteelAlloys,Sm,e-m,0.109869866901784,%,1
OBS,2020,EU27+4,WEEE_generatedDedicated,WEEE_Cat1,heatingCoolingEEEfan,steelAndSteelAlloys,,m-c,0.0440731129952058,%,1
OBS,2020,EU27+4,WEEE_generatedDedicated,WEEE_Cat1,heatingCoolingEEEfan,undefinedAndMixedMaterials,Ag,e-m,1,%,3
OBS,2020,EU27+4,WEEE_generatedDedicated,WEEE_Cat1,heatingCoolingEEEfan,undefinedAndMixedMaterials,,m-c,0.125074962123955,%,3
OBS,2020,EU27+4,WEEE_generatedDedicated,WEEE_Cat1,heatingCoolingEEEheatSink,AlAndAlAlloys,Ag,e-m,0.006003167614297,%,3
OBS,2020,EU27+4,WEEE_generatedDedicated,WEEE_Cat1,heatingCoolingEEEheatSink,AlAndAlAlloys,As,e-m,0.11022376185623,%,2
OBS,2020,EU27+4,WEEE_generatedDedicated,WEEE_Cat1,heatingCoolingEEEheatSink,AlAndAlAlloys,Cu,e-m,0.0942581104566249,%,1
OBS,2020,EU27+4,WEEE_generatedDedicated,WEEE_Cat1,heatingCoolingEEEheatSink,AlAndAlAlloys,Ga,e-m,0.143481361358698,%,3
OBS,2020,EU27+4,WEEE_generatedDedicated,WEEE_Cat1,heatingCoolingEEEheatSink,AlAndAlAlloys,Mn,e-m,0.0682503068733104,%,1
OBS,2020,EU27+4,WEEE_generatedDedicated,WEEE_Cat1,heatingCoolingEEEheatSink,AlAndAlAlloys,Mo,e-m,0.128507074412142,%,3
OBS,2020,EU27+4,WEEE_generatedDedicated,WEEE_Cat1,heatingCoolingEEEheatSink,AlAndAlAlloys,Sm,e-m,0.449276217428698,%,1
OBS,2020,EU27+4,WEEE_generatedDedicated,WEEE_Cat1,heatingCoolingEEEheatSink,AlAndAlAlloys,,m-c,0.0630691705077057,%,2
OBS,2020,EU27+4,WEEE_generatedDedicated,WEEE_Cat1,heatingCoolingEEEheatSink,CuAndCuAlloys,Ag,e-m,0.408325589577479,%,1
OBS,2020,EU27+4,WEEE_generatedDedicated,WEEE_Cat1,heatingCoolingEEEheatSink,CuAndCuAlloys,Dy,e-m,0.379454969135673,%,1
OBS,2020,EU27+4,WEEE_generatedDedicated,WEEE_Cat1,heatingCoolingEEEheatSink,CuAndCuAlloys,Zr,e-m,0.212219441286849,%,2
OBS,2020,EU27+4,WEEE_generatedDedicated,WEEE_Cat1,heatingCoolingEEEheatSink,CuAndCuAlloys,,m-c,0.324502024057998,%,2
OBS,2020,EU27+4,WEEE_generatedDedicated,WEEE_Cat1,heatingCoolingEEEheatSink,ferrousMetals,Ag,e-m,0.0485260228905154,%,2
OBS,2020,EU27+4,WEEE_generatedDedicated,WEEE_Cat1,heatingCoolingEEEheatSink,ferrousMetals,Cu,e-m,0.0090330714951224,%,3
OBS,2020,EU27+4,WEEE_generatedDedicated,WEEE_Cat1,heatingCoolingEEEheatSink,ferrousMetals,Ga,e-m,0.196485484368058,%,2
OBS,2020,EU27+4,WEEE_generatedDedicated,WEEE_Cat1,heatingCoolingEEEheatSink,ferrousMetals,Mo,e-m,0.198695432769087,%,2
OBS,2020,EU27+4,WEEE_generatedDedicated,WEEE_Cat1,heatingCoolingEEEheatSink,ferrousMetals,O,e-m,0.193873278225963,%,3
OBS,2020,EU27+4,WEEE_generatedDedicated,WEEE_Cat1,heatingCoolingEEEheatSink,ferrousMetals,Sm,e-m,0.353386710251255,%,2
OBS,2020,EU27+4,WEEE_generatedDedicated,WEEE_Cat1,heatingCoolingEEEheatSink,ferrousMetals,,m-c,0.32171076029904,%,3
OBS,2020,EU27+4,WEEE_generatedDedicated,WEEE_Cat1,heatingCoolingEEEheatSink,,,c-p,0.031151884824954,%,1
OBS,2020,EU27+4,WEEE_generatedDedicated,WEEE_Cat1,heatingCoolingEEEheatSink,otherMetalsAndMetalAlloys,Ag,e-m,0.157233634313941,%,3
OBS,2020,EU27+4,WEEE_generatedDedicated,WEEE_Cat1,heatingCoolingEEEheatSink,otherMetalsAndMetalAlloys,Al,e-m,0.341011810764833,%,2
OBS,2020,EU27+4,WEEE_generatedDedicated,WEEE_Cat1,heatingCoolingEEEheatSink,otherMetalsAndMetalAlloys,Dy,e-m,0.501754554921226,%,3
OBS,2020,EU27+4,WEEE_generatedDedicated,WEEE_Cat1,heatingCoolingEEEheatSink,otherMetalsAndMetalAlloys,,m-c,0.149294000601216,%,3
OBS,2020,EU27+4,WEEE_generatedDedicated,WEEE_Cat1,heatingCoolingEEEheatSink,plastics,Ag,e-m,1,%,3
OBS,2020,EU27+4,WEEE_generatedDedicated,WEEE_Cat1,heatingCoolingEEEheatSink,plastics,,m-c,0.0631462761137995,%,1
OBS,2020,EU27+4,WEEE_generatedDedicated,WEEE_Cat1,heatingCoolingEEEheatSink,undefinedAndMixedMaterials,Ag,e-m,1,%,3
OBS,2020,EU27+4,WEEE_generatedDedicated,WEEE_Cat1,heatingCoolingEEEheatSink,undefinedAndMixedMaterials,,m-c,0.0782777684202405,%,2
OBS,2020,EU27+4,WEEE_generatedDedicated,WEEE_Cat1,inductor,CuAndCuAlloys,Ag,e-m,0.331858942363349,%,1
OBS,2020,EU27+4,WEEE_generatedDedicated,WEEE_Cat1,inductor,CuAndCuAlloys,Dy,e-m,0.135542926407709,%,1
OBS,2020,EU27+4,WEEE_generatedDedicated,WEEE_Cat1,inductor,CuAndCuAlloys,Zr,e-m,0.532598131228942,%,2
OBS,2020,EU27+4,WEEE_generatedDedicated,WEEE_Cat1,inductor,CuAndCuAlloys,,m-c,0.0902072034516288,%,2
OBS,2020,EU27+4,WEEE_generatedDedicated,WEEE_Cat1,inductor,ferrousMetals,Ag,e-m,0.389243427795319,%,1
OBS,2020,EU27+4,WEEE_generatedDedicated,WEEE_Cat1,inductor,ferrousMetals,Cu,e-m,0.456703062281637,%,2
OBS,2020,EU27+4,WEEE_generatedDedicated,WEEE_Cat1,inductor,ferrousMetals,Ga,e-m,0.0205991215289898,%,1
OBS,2020,EU27+4,WEEE_generatedDedicated,WEEE_Cat1,inductor,ferrousMetals,Mo,e-m,0.0507181318726054,%,3
OBS,2020,EU27+4,WEEE_generatedDedicated,WEEE_Cat1,inductor,ferrousMetals,O,e-m,0.0273404025745027,%,2
OBS,2020,EU27+4,WEEE_generatedDedicated,WEEE_Cat1,inductor,ferrousMetals,Sm,e-m,0.0553958539469464,%,3
OBS,2020,EU27+4,WEEE_generatedDedicated,WEEE_Cat1,inductor,ferrousMetals,,m-c,0.0515576076122238,%,2
OBS,2020,EU27+4,WEEE_generatedDedicated,WEEE_Cat1,inductor,,,c-p,0.0027438137992025,%,3
OBS,2020,EU27+4,WEEE_generatedDedicated,WEEE_Cat1,inductor,plastics,Ag,e-m,1,%,2
OBS,2020,EU27+4,WEEE_generatedDedicated,WEEE_Cat1,inductor,plastics,,m-c,0.858235188936147,%,3
OBS,2020,EU27+4,WEEE_generatedDedicated,WEEE_Cat1,insulation,,,c-p,0.0059342062715148,%,3
OBS,2020,EU27+4,WEEE_generatedDedicated,WEEE_Cat1,keyboard,AlAndAlAlloys,Ag,e-m,0.19184211846036,%,2
OBS,2020,EU27+4,WEEE_generatedDedicated,WEEE_Cat1,keyboard,AlAndAlAlloys,As,e-m,0.176730734169319,%,2
OBS,2020,EU27+4,WEEE_generatedDedicated,WEEE_Cat1,keyboard,AlAndAlAlloys,Cu,e-m,0.0375535408195372,%,1
OBS,2020,EU27+4,WEEE_generatedDedicated,WEEE_Cat1,keyboard,AlAndAlAlloys,Ga,e-m,0.0706769904537858,%,2
OBS,2020,EU27+4,WEEE_generatedDedicated,WEEE_Cat1,keyboard,AlAndAlAlloys,Mn,e-m,0.0151441349191838,%,2
OBS,2020,EU27+4,WEEE_generatedDedicated,WEEE_Cat1,keyboard,AlAndAlAlloys,Mo,e-m,0.283961297778647,%,3
OBS,2020,EU27+4,WEEE_generatedDedicated,WEEE_Cat1,keyboard,AlAndAlAlloys,Sm,e-m,0.224091183399167,%,1
OBS,2020,EU27+4,WEEE_generatedDedicated,WEEE_Cat1,keyboard,AlAndAlAlloys,,m-c,0.493924840023051,%,1
OBS,2020,EU27+4,WEEE_generatedDedicated,WEEE_Cat1,keyboard,CuAndCuAlloys,Ag,e-m,0.0688397926219488,%,2
OBS,2020,EU27+4,WEEE_generatedDedicated,WEEE_Cat1,keyboard,CuAndCuAlloys,Dy,e-m,0.583142339896039,%,3
OBS,2020,EU27+4,WEEE_generatedDedicated,WEEE_Cat1,keyboard,CuAndCuAlloys,Zr,e-m,0.348017867482012,%,2
OBS,2020,EU27+4,WEEE_generatedDedicated,WEEE_Cat1,keyboard,CuAndCuAlloys,,m-c,0.099240041540078,%,2
OBS,2020,EU27+4,WEEE_generatedDedicated,WEEE_Cat1,keyboard,ferrousMetals,Ag,e-m,0.199982705030635,%,1
OBS,2020,EU27+4,WEEE_generatedDedicated,WEEE_Cat1,keyboard,ferrousMetals,Cu,e-m,0.175812760728827,%,2
OBS,2020,EU27+4,WEEE_generatedDedicated,WEEE_Cat1,keyboard,ferrousMetals,Ga,e-m,0.0735315102535536,%,1
OBS,2020,EU27+4,WEEE_generatedDedicated,WEEE_Cat1,keyboard,ferrousMetals,Mo,e-m,0.234956518285387,%,3
OBS,2020,EU27+4,WEEE_generatedDedicated,WEEE_Cat1,keyboard,ferrousMetals,O,e-m,0.129012925795571,%,3
OBS,2020,EU27+4,WEEE_generatedDedicated,WEEE_Cat1,keyboard,ferrousMetals,Sm,e-m,0.186703579906026,%,3
OBS,2020,EU27+4,WEEE_generatedDedicated,WEEE_Cat1,keyboard,ferrousMetals,,m-c,0.29929427179163,%,1
OBS,2020,EU27+4,WEEE_generatedDedicated,WEEE_Cat1,keyboard,,,c-p,5.20382638887592E-05,%,1
OBS,2020,EU27+4,WEEE_generatedDedicated,WEEE_Cat1,keyboard,otherMetalsAndMetalAlloys,Ag,e-m,0.276208737635909,%,3
OBS,2020,EU27+4,WEEE_generatedDedicated,WEEE_Cat1,keyboard,otherMetalsAndMetalAlloys,Al,e-m,0.240884951517823,%,1
OBS,2020,EU27+4,WEEE_generatedDedicated,WEEE_Cat1,keyboard,otherMetalsAndMetalAlloys,Dy,e-m,0.482906310846268,%,2
OBS,2020,EU27+4,WEEE_generatedDedicated,WEEE_Cat1,keyboard,otherMetalsAndMetalAlloys,,m-c,0.0065422852472574,%,2
OBS,2020,EU27+4,WEEE_generatedDedicated,WEEE_Cat1,keyboard,plastics,Ag,e-m,1,%,1
OBS,2020,EU27+4,WEEE_generatedDedicated,WEEE_Cat1,keyboard,plastics,,m-c,0.0936627692196003,%,2
OBS,2020,EU27+4,WEEE_generatedDedicated,WEEE_Cat1,keyboard,undefinedAndMixedMaterials,Ag,e-m,1,%,2
OBS,2020,EU27+4,WEEE_generatedDedicated,WEEE_Cat1,keyboard,undefinedAndMixedMaterials,,m-c,0.0073357921783831,%,2
OBS,2020,EU27+4,WEEE_generatedDedicated,WEEE_Cat1,knob,AlAndAlAlloys,Ag,e-m,0.0419769686342308,%,1
OBS,2020,EU27+4,WEEE_generatedDedicated,WEEE_Cat1,knob,AlAndAlAlloys,As,e-m,0.115115405861346,%,2
OBS,2020,EU27+4,WEEE_generatedDedicated,WEEE_Cat1,knob,AlAndAlAlloys,Cu,e-m,0.409198867000475,%,2
OBS,2020,EU27+4,WEEE_generatedDedicated,WEEE_Cat1,knob,AlAndAlAlloys,Ga,e-m,0.338546287776182,%,3
OBS,2020,EU27+4,WEEE_generatedDedicated,WEEE_Cat1,knob,AlAndAlAlloys,Mn,e-m,0.0313002746419914,%,1
OBS,2020,EU27+4,WEEE_generatedDedicated,WEEE_Cat1,knob,AlAndAlAlloys,Mo,e-m,0.048795033812029,%,2
OBS,2020,EU27+4,WEEE_generatedDedicated,WEEE_Cat1,knob,AlAndAlAlloys,Sm,e-m,0.0150671622737459,%,3
OBS,2020,EU27+4,WEEE_generatedDedicated,WEEE_Cat1,knob,AlAndAlAlloys,,m-c,0.5084758815568,%,2
OBS,2020,EU27+4,WEEE_generatedDedicated,WEEE_Cat1,knob,ferrousMetals,Ag,e-m,0.0813580949542285,%,2
OBS,2020,EU27+4,WEEE_generatedDedicated,WEEE_Cat1,knob,ferrousMetals,Ca,e-m,0.0690303918908214,%,1
OBS,2020,EU27+4,WEEE_generatedDedicated,WEEE_Cat1,knob,ferrousMetals,Ga,e-m,0.176655848320383,%,2
OBS,2020,EU27+4,WEEE_generatedDedicated,WEEE_Cat1,knob,ferrousMetals,Mo,e-m,0.264994797747982,%,3
OBS,2020,EU27+4,WEEE_generatedDedicated,WEEE_Cat1,knob,ferrousMetals,Sm,e-m,0.407960867086585,%,1
OBS,2020,EU27+4,WEEE_generatedDedicated,WEEE_Cat1,knob,ferrousMetals,,m-c,0.241903200709656,%,2
OBS,2020,EU27+4,WEEE_generatedDedicated,WEEE_Cat1,knob,,,c-p,0.0304686531393251,%,1
OBS,2020,EU27+4,WEEE_generatedDedicated,WEEE_Cat1,knob,plastics,Ag,e-m,1,%,1
OBS,2020,EU27+4,WEEE_generatedDedicated,WEEE_Cat1,knob,plastics,,m-c,0.249620917733545,%,3
OBS,2020,EU27+4,WEEE_generatedDedicated,WEEE_Cat1,lenseAssembly,AlAndAlAlloys,Ag,e-m,0.161233766607102,%,1
OBS,2020,EU27+4,WEEE_generatedDedicated,WEEE_Cat1,lenseAssembly,AlAndAlAlloys,As,e-m,0.127144703241997,%,1
OBS,2020,EU27+4,WEEE_generatedDedicated,WEEE_Cat1,lenseAssembly,AlAndAlAlloys,Cu,e-m,0.0953087166690581,%,1
OBS,2020,EU27+4,WEEE_generatedDedicated,WEEE_Cat1,lenseAssembly,AlAndAlAlloys,Ga,e-m,0.123308119996985,%,3
OBS,2020,EU27+4,WEEE_generatedDedicated,WEEE_Cat1,lenseAssembly,AlAndAlAlloys,Mn,e-m,0.0104371658069984,%,2
OBS,2020,EU27+4,WEEE_generatedDedicated,WEEE_Cat1,lenseAssembly,AlAndAlAlloys,Mo,e-m,0.393718991071236,%,1
OBS,2020,EU27+4,WEEE_generatedDedicated,WEEE_Cat1,lenseAssembly,AlAndAlAlloys,Sm,e-m,0.0888485366066245,%,3
OBS,2020,EU27+4,WEEE_generatedDedicated,WEEE_Cat1,lenseAssembly,AlAndAlAlloys,,m-c,0.203367090070567,%,1
OBS,2020,EU27+4,WEEE_generatedDedicated,WEEE_Cat1,lenseAssembly,CuAndCuAlloys,Ag,e-m,0.250602847928399,%,1
OBS,2020,EU27+4,WEEE_generatedDedicated,WEEE_Cat1,lenseAssembly,CuAndCuAlloys,Dy,e-m,0.0904681031193776,%,1
OBS,2020,EU27+4,WEEE_generatedDedicated,WEEE_Cat1,lenseAssembly,CuAndCuAlloys,Zr,e-m,0.658929048952223,%,2
OBS,2020,EU27+4,WEEE_generatedDedicated,WEEE_Cat1,lenseAssembly,CuAndCuAlloys,,m-c,0.107726473873186,%,3
OBS,2020,EU27+4,WEEE_generatedDedicated,WEEE_Cat1,lenseAssembly,ferrousMetals,Ag,e-m,0.002308695582933,%,3
OBS,2020,EU27+4,WEEE_generatedDedicated,WEEE_Cat1,lenseAssembly,ferrousMetals,Cu,e-m,0.0468971665923588,%,2
OBS,2020,EU27+4,WEEE_generatedDedicated,WEEE_Cat1,lenseAssembly,ferrousMetals,Ga,e-m,0.359659447940651,%,2
OBS,2020,EU27+4,WEEE_generatedDedicated,WEEE_Cat1,lenseAssembly,ferrousMetals,Mo,e-m,0.139884304829722,%,3
OBS,2020,EU27+4,WEEE_generatedDedicated,WEEE_Cat1,lenseAssembly,ferrousMetals,O,e-m,0.0357735866032544,%,2
OBS,2020,EU27+4,WEEE_generatedDedicated,WEEE_Cat1,lenseAssembly,ferrousMetals,Sm,e-m,0.41547679845108,%,2
OBS,2020,EU27+4,WEEE_generatedDedicated,WEEE_Cat1,lenseAssembly,ferrousMetals,,m-c,0.0690945354673297,%,1
OBS,2020,EU27+4,WEEE_generatedDedicated,WEEE_Cat1,lenseAssembly,glass,Ag,e-m,0.663556431399344,%,3
OBS,2020,EU27+4,WEEE_generatedDedicated,WEEE_Cat1,lenseAssembly,glass,Pd,e-m,0.194721553319053,%,2
OBS,2020,EU27+4,WEEE_generatedDedicated,WEEE_Cat1,lenseAssembly,glass,Sc,e-m,0.0860444637101644,%,2
OBS,2020,EU27+4,WEEE_generatedDedicated,WEEE_Cat1,lenseAssembly,glass,Zr,e-m,0.0556775515714385,%,2
OBS,2020,EU27+4,WEEE_generatedDedicated,WEEE_Cat1,lenseAssembly,glass,,m-c,0.379282047199587,%,2
OBS,2020,EU27+4,WEEE_generatedDedicated,WEEE_Cat1,lenseAssembly,,,c-p,0.0011935456647696,%,3
OBS,2020,EU27+4,WEEE_generatedDedicated,WEEE_Cat1,lenseAssembly,plastics,Ag,e-m,1,%,2
OBS,2020,EU27+4,WEEE_generatedDedicated,WEEE_Cat1,lenseAssembly,plastics,,m-c,0.0454933404207221,%,2
OBS,2020,EU27+4,WEEE_generatedDedicated,WEEE_Cat1,lenseAssembly,undefinedAndMixedMaterials,Ag,e-m,1,%,2
OBS,2020,EU27+4,WEEE_generatedDedicated,WEEE_Cat1,lenseAssembly,undefinedAndMixedMaterials,,m-c,0.195036512968609,%,3
OBS,2020,EU27+4,WEEE_generatedDedicated,WEEE_Cat1,lighting,,,c-p,0.0090668913062659,%,1
OBS,2020,EU27+4,WEEE_generatedDedicated,WEEE_Cat1,lightingFlash,AlAndAlAlloys,Ag,e-m,0.000490371089123,%,1
OBS,2020,EU27+4,WEEE_generatedDedicated,WEEE_Cat1,lightingFlash,AlAndAlAlloys,As,e-m,0.262438496442045,%,3
OBS,2020,EU27+4,WEEE_generatedDedicated,WEEE_Cat1,lightingFlash,AlAndAlAlloys,Cu,e-m,0.0063164231028249,%,1
OBS,2020,EU27+4,WEEE_generatedDedicated,WEEE_Cat1,lightingFlash,AlAndAlAlloys,Ga,e-m,0.23166566837228,%,2
OBS,2020,EU27+4,WEEE_generatedDedicated,WEEE_Cat1,lightingFlash,AlAndAlAlloys,Mn,e-m,0.247239260042023,%,1
OBS,2020,EU27+4,WEEE_generatedDedicated,WEEE_Cat1,lightingFlash,AlAndAlAlloys,Mo,e-m,0.0248610646962277,%,2
OBS,2020,EU27+4,WEEE_generatedDedicated,WEEE_Cat1,lightingFlash,AlAndAlAlloys,Sm,e-m,0.226988716255477,%,1
OBS,2020,EU27+4,WEEE_generatedDedicated,WEEE_Cat1,lightingFlash,AlAndAlAlloys,,m-c,0.127273510424528,%,3
OBS,2020,EU27+4,WEEE_generatedDedicated,WEEE_Cat1,lightingFlash,CuAndCuAlloys,Ag,e-m,0.108079880062027,%,2
OBS,2020,EU27+4,WEEE_generatedDedicated,WEEE_Cat1,lightingFlash,CuAndCuAlloys,Dy,e-m,0.744818620452153,%,1
OBS,2020,EU27+4,WEEE_generatedDedicated,WEEE_Cat1,lightingFlash,CuAndCuAlloys,Zr,e-m,0.14710149948582,%,3
OBS,2020,EU27+4,WEEE_generatedDedicated,WEEE_Cat1,lightingFlash,CuAndCuAlloys,,m-c,0.141627504488347,%,3
OBS,2020,EU27+4,WEEE_generatedDedicated,WEEE_Cat1,lightingFlash,ferrousMetals,Ag,e-m,0.379672944189748,%,1
OBS,2020,EU27+4,WEEE_generatedDedicated,WEEE_Cat1,lightingFlash,ferrousMetals,Cu,e-m,0.0418339517646926,%,2
OBS,2020,EU27+4,WEEE_generatedDedicated,WEEE_Cat1,lightingFlash,ferrousMetals,Ga,e-m,0.143702729405931,%,3
OBS,2020,EU27+4,WEEE_generatedDedicated,WEEE_Cat1,lightingFlash,ferrousMetals,Mo,e-m,0.0415637549396104,%,1
OBS,2020,EU27+4,WEEE_generatedDedicated,WEEE_Cat1,lightingFlash,ferrousMetals,O,e-m,0.171640557742416,%,2
OBS,2020,EU27+4,WEEE_generatedDedicated,WEEE_Cat1,lightingFlash,ferrousMetals,Sm,e-m,0.221586061957602,%,2
OBS,2020,EU27+4,WEEE_generatedDedicated,WEEE_Cat1,lightingFlash,ferrousMetals,,m-c,0.188186821500754,%,2
OBS,2020,EU27+4,WEEE_generatedDedicated,WEEE_Cat1,lightingFlash,glass,Ag,e-m,0.0370308772106176,%,3
OBS,2020,EU27+4,WEEE_generatedDedicated,WEEE_Cat1,lightingFlash,glass,Pd,e-m,0.630322004637032,%,2
OBS,2020,EU27+4,WEEE_generatedDedicated,WEEE_Cat1,lightingFlash,glass,Sc,e-m,0.159681245548716,%,3
OBS,2020,EU27+4,WEEE_generatedDedicated,WEEE_Cat1,lightingFlash,glass,Zr,e-m,0.172965872603635,%,3
OBS,2020,EU27+4,WEEE_generatedDedicated,WEEE_Cat1,lightingFlash,glass,,m-c,0.0561315227029041,%,1
OBS,2020,EU27+4,WEEE_generatedDedicated,WEEE_Cat1,lightingFlash,,,c-p,0.0328519370466599,%,2
OBS,2020,EU27+4,WEEE_generatedDedicated,WEEE_Cat1,lightingFlash,plastics,Ag,e-m,1,%,1
OBS,2020,EU27+4,WEEE_generatedDedicated,WEEE_Cat1,lightingFlash,plastics,,m-c,0.342917656884432,%,3
OBS,2020,EU27+4,WEEE_generatedDedicated,WEEE_Cat1,lightingFlash,undefinedAndMixedMaterials,Ag,e-m,1,%,3
OBS,2020,EU27+4,WEEE_generatedDedicated,WEEE_Cat1,lightingFlash,undefinedAndMixedMaterials,,m-c,0.143862983999034,%,3
OBS,2020,EU27+4,WEEE_generatedDedicated,WEEE_Cat1,magnetPermanent,,,c-p,0.0192166332104231,%,3
OBS,2020,EU27+4,WEEE_generatedDedicated,WEEE_Cat1,magnetPermanent,otherOrUndefinedMaterials,Ag,e-m,1,%,2
OBS,2020,EU27+4,WEEE_generatedDedicated,WEEE_Cat1,magnetPermanent,otherOrUndefinedMaterials,,m-c,1,%,2
OBS,2020,EU27+4,WEEE_generatedDedicated,WEEE_Cat1,magnetron,,,c-p,0.009364161540218,%,1
OBS,2020,EU27+4,WEEE_generatedDedicated,WEEE_Cat1,mainboardInclCPUgpu,AlAndAlAlloys,Ag,e-m,0.159536005585116,%,1
OBS,2020,EU27+4,WEEE_generatedDedicated,WEEE_Cat1,mainboardInclCPUgpu,AlAndAlAlloys,As,e-m,0.0728381106172469,%,1
OBS,2020,EU27+4,WEEE_generatedDedicated,WEEE_Cat1,mainboardInclCPUgpu,AlAndAlAlloys,Cu,e-m,0.0827957449292918,%,1
OBS,2020,EU27+4,WEEE_generatedDedicated,WEEE_Cat1,mainboardInclCPUgpu,AlAndAlAlloys,Ga,e-m,0.283569775337807,%,2
OBS,2020,EU27+4,WEEE_generatedDedicated,WEEE_Cat1,mainboardInclCPUgpu,AlAndAlAlloys,Mn,e-m,0.312810342195376,%,1
OBS,2020,EU27+4,WEEE_generatedDedicated,WEEE_Cat1,mainboardInclCPUgpu,AlAndAlAlloys,Mo,e-m,0.0693490164360573,%,1
OBS,2020,EU27+4,WEEE_generatedDedicated,WEEE_Cat1,mainboardInclCPUgpu,AlAndAlAlloys,Sm,e-m,0.0191010048991057,%,1
OBS,2020,EU27+4,WEEE_generatedDedicated,WEEE_Cat1,mainboardInclCPUgpu,AlAndAlAlloys,,m-c,0.0994978928490287,%,1
OBS,2020,EU27+4,WEEE_generatedDedicated,WEEE_Cat1,mainboardInclCPUgpu,CuAndCuAlloys,Ag,e-m,0.0481797110405168,%,1
OBS,2020,EU27+4,WEEE_generatedDedicated,WEEE_Cat1,mainboardInclCPUgpu,CuAndCuAlloys,Dy,e-m,0.0995446044601814,%,3
OBS,2020,EU27+4,WEEE_generatedDedicated,WEEE_Cat1,mainboardInclCPUgpu,CuAndCuAlloys,Zr,e-m,0.852275684499302,%,1
OBS,2020,EU27+4,WEEE_generatedDedicated,WEEE_Cat1,mainboardInclCPUgpu,CuAndCuAlloys,,m-c,0.432273606767879,%,1
OBS,2020,EU27+4,WEEE_generatedDedicated,WEEE_Cat1,mainboardInclCPUgpu,ferrousMetals,Ag,e-m,0.34011454361639,%,3
OBS,2020,EU27+4,WEEE_generatedDedicated,WEEE_Cat1,mainboardInclCPUgpu,ferrousMetals,Cu,e-m,0.16593833649022,%,3
OBS,2020,EU27+4,WEEE_generatedDedicated,WEEE_Cat1,mainboardInclCPUgpu,ferrousMetals,Ga,e-m,0.119146067970572,%,3
OBS,2020,EU27+4,WEEE_generatedDedicated,WEEE_Cat1,mainboardInclCPUgpu,ferrousMetals,Mo,e-m,0.0741580505873677,%,2
OBS,2020,EU27+4,WEEE_generatedDedicated,WEEE_Cat1,mainboardInclCPUgpu,ferrousMetals,O,e-m,0.0468288549122518,%,2
OBS,2020,EU27+4,WEEE_generatedDedicated,WEEE_Cat1,mainboardInclCPUgpu,ferrousMetals,Sm,e-m,0.253814146423198,%,3
OBS,2020,EU27+4,WEEE_generatedDedicated,WEEE_Cat1,mainboardInclCPUgpu,ferrousMetals,,m-c,0.06733595565022,%,2
OBS,2020,EU27+4,WEEE_generatedDedicated,WEEE_Cat1,mainboardInclCPUgpu,,,c-p,0.0076494763780201,%,3
OBS,2020,EU27+4,WEEE_generatedDedicated,WEEE_Cat1,mainboardInclCPUgpu,otherMetalsAndMetalAlloys,Ag,e-m,0.183333293805971,%,2
OBS,2020,EU27+4,WEEE_generatedDedicated,WEEE_Cat1,mainboardInclCPUgpu,otherMetalsAndMetalAlloys,Al,e-m,0.474690880882685,%,2
OBS,2020,EU27+4,WEEE_generatedDedicated,WEEE_Cat1,mainboardInclCPUgpu,otherMetalsAndMetalAlloys,Dy,e-m,0.341975825311345,%,3
OBS,2020,EU27+4,WEEE_generatedDedicated,WEEE_Cat1,mainboardInclCPUgpu,otherMetalsAndMetalAlloys,,m-c,0.251341361018726,%,2
OBS,2020,EU27+4,WEEE_generatedDedicated,WEEE_Cat1,mainboardInclCPUgpu,plastics,Ag,e-m,1,%,3
OBS,2020,EU27+4,WEEE_generatedDedicated,WEEE_Cat1,mainboardInclCPUgpu,plastics,,m-c,0.0162185285333138,%,1
OBS,2020,EU27+4,WEEE_generatedDedicated,WEEE_Cat1,mainboardInclCPUgpu,undefinedAndMixedMaterials,Ag,e-m,1,%,1
OBS,2020,EU27+4,WEEE_generatedDedicated,WEEE_Cat1,mainboardInclCPUgpu,undefinedAndMixedMaterials,,m-c,0.133332655180832,%,3
OBS,2020,EU27+4,WEEE_generatedDedicated,WEEE_Cat1,,,,c-p,0.0004124381444285,%,3
OBS,2020,EU27+4,WEEE_generatedDedicated,WEEE_Cat1,non-electricCoil,AlAndAlAlloys,Ag,e-m,0.0901076346621209,%,1
OBS,2020,EU27+4,WEEE_generatedDedicated,WEEE_Cat1,non-electricCoil,AlAndAlAlloys,As,e-m,0.0110504571515369,%,1
OBS,2020,EU27+4,WEEE_generatedDedicated,WEEE_Cat1,non-electricCoil,AlAndAlAlloys,Cu,e-m,0.0864425688054792,%,1
OBS,2020,EU27+4,WEEE_generatedDedicated,WEEE_Cat1,non-electricCoil,AlAndAlAlloys,Ga,e-m,0.209828438168249,%,2
OBS,2020,EU27+4,WEEE_generatedDedicated,WEEE_Cat1,non-electricCoil,AlAndAlAlloys,Mn,e-m,0.0461096447775634,%,2
OBS,2020,EU27+4,WEEE_generatedDedicated,WEEE_Cat1,non-electricCoil,AlAndAlAlloys,Mo,e-m,0.206280251865725,%,3
OBS,2020,EU27+4,WEEE_generatedDedicated,WEEE_Cat1,non-electricCoil,AlAndAlAlloys,Sm,e-m,0.350181004569325,%,2
OBS,2020,EU27+4,WEEE_generatedDedicated,WEEE_Cat1,non-electricCoil,AlAndAlAlloys,,m-c,0.573501227655855,%,3
OBS,2020,EU27+4,WEEE_generatedDedicated,WEEE_Cat1,non-electricCoil,ferrousMetals,Ag,e-m,0.0835012618948026,%,3
OBS,2020,EU27+4,WEEE_generatedDedicated,WEEE_Cat1,non-electricCoil,ferrousMetals,Ca,e-m,0.0006206579747131,%,1
OBS,2020,EU27+4,WEEE_generatedDedicated,WEEE_Cat1,non-electricCoil,ferrousMetals,Ga,e-m,0.381019135272693,%,3
OBS,2020,EU27+4,WEEE_generatedDedicated,WEEE_Cat1,non-electricCoil,ferrousMetals,Mo,e-m,0.244680529560885,%,3
OBS,2020,EU27+4,WEEE_generatedDedicated,WEEE_Cat1,non-electricCoil,ferrousMetals,Sm,e-m,0.290178415296906,%,3
OBS,2020,EU27+4,WEEE_generatedDedicated,WEEE_Cat1,non-electricCoil,ferrousMetals,,m-c,0.307312653250333,%,2
OBS,2020,EU27+4,WEEE_generatedDedicated,WEEE_Cat1,non-electricCoil,,,c-p,0.0022864373653022,%,3
OBS,2020,EU27+4,WEEE_generatedDedicated,WEEE_Cat1,non-electricCoil,plastics,Ag,e-m,1,%,2
OBS,2020,EU27+4,WEEE_generatedDedicated,WEEE_Cat1,non-electricCoil,plastics,,m-c,0.119186119093812,%,1
OBS,2020,EU27+4,WEEE_generatedDedicated,WEEE_Cat1,nonElectricCoil,,,c-p,0.0162289741964049,%,1
OBS,2020,EU27+4,WEEE_generatedDedicated,WEEE_Cat1,onOffSwitch,CuAndCuAlloys,Ag,e-m,0.264046133705855,%,2
OBS,2020,EU27+4,WEEE_generatedDedicated,WEEE_Cat1,onOffSwitch,CuAndCuAlloys,Dy,e-m,0.227231506535036,%,2
OBS,2020,EU27+4,WEEE_generatedDedicated,WEEE_Cat1,onOffSwitch,CuAndCuAlloys,Zr,e-m,0.508722359759109,%,3
OBS,2020,EU27+4,WEEE_generatedDedicated,WEEE_Cat1,onOffSwitch,CuAndCuAlloys,,m-c,0.145593483616227,%,2
OBS,2020,EU27+4,WEEE_generatedDedicated,WEEE_Cat1,onOffSwitch,,,c-p,0.013465403705423,%,2
OBS,2020,EU27+4,WEEE_generatedDedicated,WEEE_Cat1,onOffSwitch,plastics,Ag,e-m,1,%,3
OBS,2020,EU27+4,WEEE_generatedDedicated,WEEE_Cat1,onOffSwitch,plastics,,m-c,0.854406516383773,%,2
OBS,2020,EU27+4,WEEE_generatedDedicated,WEEE_Cat1,otherElectricCompUnspecified,AlAndAlAlloys,Ag,e-m,0.219405935184403,%,3
OBS,2020,EU27+4,WEEE_generatedDedicated,WEEE_Cat1,otherElectricCompUnspecified,AlAndAlAlloys,As,e-m,0.214047901114218,%,3
OBS,2020,EU27+4,WEEE_generatedDedicated,WEEE_Cat1,otherElectricCompUnspecified,AlAndAlAlloys,Cu,e-m,0.0491177278642349,%,3
OBS,2020,EU27+4,WEEE_generatedDedicated,WEEE_Cat1,otherElectricCompUnspecified,AlAndAlAlloys,Ga,e-m,0.0919588823530026,%,3
OBS,2020,EU27+4,WEEE_generatedDedicated,WEEE_Cat1,otherElectricCompUnspecified,AlAndAlAlloys,Mn,e-m,0.0624985285988717,%,3
OBS,2020,EU27+4,WEEE_generatedDedicated,WEEE_Cat1,otherElectricCompUnspecified,AlAndAlAlloys,Mo,e-m,0.177360217630555,%,2
OBS,2020,EU27+4,WEEE_generatedDedicated,WEEE_Cat1,otherElectricCompUnspecified,AlAndAlAlloys,Sm,e-m,0.185610807254715,%,2
OBS,2020,EU27+4,WEEE_generatedDedicated,WEEE_Cat1,otherElectricCompUnspecified,AlAndAlAlloys,,m-c,0.146196500715432,%,3
OBS,2020,EU27+4,WEEE_generatedDedicated,WEEE_Cat1,otherElectricCompUnspecified,CuAndCuAlloys,Ag,e-m,0.218093994548038,%,2
OBS,2020,EU27+4,WEEE_generatedDedicated,WEEE_Cat1,otherElectricCompUnspecified,CuAndCuAlloys,Dy,e-m,0.157002700398732,%,2
OBS,2020,EU27+4,WEEE_generatedDedicated,WEEE_Cat1,otherElectricCompUnspecified,CuAndCuAlloys,Zr,e-m,0.624903305053231,%,2
OBS,2020,EU27+4,WEEE_generatedDedicated,WEEE_Cat1,otherElectricCompUnspecified,CuAndCuAlloys,,m-c,0.116387993439427,%,2
OBS,2020,EU27+4,WEEE_generatedDedicated,WEEE_Cat1,otherElectricCompUnspecified,ferrousMetals,Ag,e-m,0.330192684805529,%,1
OBS,2020,EU27+4,WEEE_generatedDedicated,WEEE_Cat1,otherElectricCompUnspecified,ferrousMetals,Cu,e-m,0.119929839490415,%,1
OBS,2020,EU27+4,WEEE_generatedDedicated,WEEE_Cat1,otherElectricCompUnspecified,ferrousMetals,Ga,e-m,0.16437033775555,%,3
OBS,2020,EU27+4,WEEE_generatedDedicated,WEEE_Cat1,otherElectricCompUnspecified,ferrousMetals,Mo,e-m,0.0283423352902203,%,3
OBS,2020,EU27+4,WEEE_generatedDedicated,WEEE_Cat1,otherElectricCompUnspecified,ferrousMetals,O,e-m,0.1064111276861,%,1
OBS,2020,EU27+4,WEEE_generatedDedicated,WEEE_Cat1,otherElectricCompUnspecified,ferrousMetals,Sm,e-m,0.250753674972185,%,3
OBS,2020,EU27+4,WEEE_generatedDedicated,WEEE_Cat1,otherElectricCompUnspecified,ferrousMetals,,m-c,0.0533213239247509,%,3
OBS,2020,EU27+4,WEEE_generatedDedicated,WEEE_Cat1,otherElectricCompUnspecified,glass,Ag,e-m,0.302858575508024,%,2
OBS,2020,EU27+4,WEEE_generatedDedicated,WEEE_Cat1,otherElectricCompUnspecified,glass,Pd,e-m,0.368756618481954,%,2
OBS,2020,EU27+4,WEEE_generatedDedicated,WEEE_Cat1,otherElectricCompUnspecified,glass,Sc,e-m,0.275251359568245,%,3
OBS,2020,EU27+4,WEEE_generatedDedicated,WEEE_Cat1,otherElectricCompUnspecified,glass,Zr,e-m,0.0531334464417778,%,3
OBS,2020,EU27+4,WEEE_generatedDedicated,WEEE_Cat1,otherElectricCompUnspecified,glass,,m-c,0.107675664402668,%,1
OBS,2020,EU27+4,WEEE_generatedDedicated,WEEE_Cat1,otherElectricCompUnspecified,,,c-p,0.0008862331547345,%,2
OBS,2020,EU27+4,WEEE_generatedDedicated,WEEE_Cat1,otherElectricCompUnspecified,otherMetalsAndMetalAlloys,Ag,e-m,0.293024334591876,%,1
OBS,2020,EU27+4,WEEE_generatedDedicated,WEEE_Cat1,otherElectricCompUnspecified,otherMetalsAndMetalAlloys,Al,e-m,0.39010945326224,%,1
OBS,2020,EU27+4,WEEE_generatedDedicated,WEEE_Cat1,otherElectricCompUnspecified,otherMetalsAndMetalAlloys,Dy,e-m,0.316866212145884,%,3
OBS,2020,EU27+4,WEEE_generatedDedicated,WEEE_Cat1,otherElectricCompUnspecified,otherMetalsAndMetalAlloys,,m-c,0.0578095854980393,%,3
OBS,2020,EU27+4,WEEE_generatedDedicated,WEEE_Cat1,otherElectricCompUnspecified,otherOrUndefinedMaterials,Ag,e-m,1,%,3
OBS,2020,EU27+4,WEEE_generatedDedicated,WEEE_Cat1,otherElectricCompUnspecified,otherOrUndefinedMaterials,,m-c,0.0579842076196973,%,3
OBS,2020,EU27+4,WEEE_generatedDedicated,WEEE_Cat1,otherElectricCompUnspecified,plastics,Ag,e-m,1,%,3
OBS,2020,EU27+4,WEEE_generatedDedicated,WEEE_Cat1,otherElectricCompUnspecified,plastics,,m-c,0.301911385736816,%,1
OBS,2020,EU27+4,WEEE_generatedDedicated,WEEE_Cat1,otherElectricCompUnspecified,undefinedAndMixedMaterials,Ag,e-m,1,%,1
OBS,2020,EU27+4,WEEE_generatedDedicated,WEEE_Cat1,otherElectricCompUnspecified,undefinedAndMixedMaterials,,m-c,0.158713338663169,%,3
OBS,2020,EU27+4,WEEE_generatedDedicated,WEEE_Cat1,otherNonElectricCompUnspecified,AlAndAlAlloys,Ag,e-m,0.0390525172164127,%,1
OBS,2020,EU27+4,WEEE_generatedDedicated,WEEE_Cat1,otherNonElectricCompUnspecified,AlAndAlAlloys,As,e-m,0.025727980669447,%,3
OBS,2020,EU27+4,WEEE_generatedDedicated,WEEE_Cat1,otherNonElectricCompUnspecified,AlAndAlAlloys,Cu,e-m,0.252956080363967,%,1
OBS,2020,EU27+4,WEEE_generatedDedicated,WEEE_Cat1,otherNonElectricCompUnspecified,AlAndAlAlloys,Ga,e-m,0.194686494960573,%,3
OBS,2020,EU27+4,WEEE_generatedDedicated,WEEE_Cat1,otherNonElectricCompUnspecified,AlAndAlAlloys,Mn,e-m,0.270881887721141,%,3
OBS,2020,EU27+4,WEEE_generatedDedicated,WEEE_Cat1,otherNonElectricCompUnspecified,AlAndAlAlloys,Mo,e-m,0.0178090527769636,%,3
OBS,2020,EU27+4,WEEE_generatedDedicated,WEEE_Cat1,otherNonElectricCompUnspecified,AlAndAlAlloys,Sm,e-m,0.198885986291496,%,1
OBS,2020,EU27+4,WEEE_generatedDedicated,WEEE_Cat1,otherNonElectricCompUnspecified,AlAndAlAlloys,,m-c,0.0539621253423558,%,3
OBS,2020,EU27+4,WEEE_generatedDedicated,WEEE_Cat1,otherNonElectricCompUnspecified,CuAndCuAlloys,Ag,e-m,0.021787628796406,%,1
OBS,2020,EU27+4,WEEE_generatedDedicated,WEEE_Cat1,otherNonElectricCompUnspecified,CuAndCuAlloys,As,e-m,0.0408954514730901,%,1
OBS,2020,EU27+4,WEEE_generatedDedicated,WEEE_Cat1,otherNonElectricCompUnspecified,CuAndCuAlloys,Cu,e-m,0.112377724254545,%,2
OBS,2020,EU27+4,WEEE_generatedDedicated,WEEE_Cat1,otherNonElectricCompUnspecified,CuAndCuAlloys,Dy,e-m,0.0547733924799505,%,1
OBS,2020,EU27+4,WEEE_generatedDedicated,WEEE_Cat1,otherNonElectricCompUnspecified,CuAndCuAlloys,Ga,e-m,0.229336373817418,%,1
OBS,2020,EU27+4,WEEE_generatedDedicated,WEEE_Cat1,otherNonElectricCompUnspecified,CuAndCuAlloys,Mn,e-m,0.170166139902619,%,1
OBS,2020,EU27+4,WEEE_generatedDedicated,WEEE_Cat1,otherNonElectricCompUnspecified,CuAndCuAlloys,Mo,e-m,0.145328314576183,%,2
OBS,2020,EU27+4,WEEE_generatedDedicated,WEEE_Cat1,otherNonElectricCompUnspecified,CuAndCuAlloys,Sm,e-m,0.199919535404925,%,3
OBS,2020,EU27+4,WEEE_generatedDedicated,WEEE_Cat1,otherNonElectricCompUnspecified,CuAndCuAlloys,Zr,e-m,0.0254154392948644,%,1
OBS,2020,EU27+4,WEEE_generatedDedicated,WEEE_Cat1,otherNonElectricCompUnspecified,CuAndCuAlloys,,m-c,0.164418413913119,%,2
OBS,2020,EU27+4,WEEE_generatedDedicated,WEEE_Cat1,otherNonElectricCompUnspecified,ferrousMetals,Ag,e-m,0.0929623008240946,%,1
OBS,2020,EU27+4,WEEE_generatedDedicated,WEEE_Cat1,otherNonElectricCompUnspecified,ferrousMetals,Ca,e-m,0.156441235552695,%,1
OBS,2020,EU27+4,WEEE_generatedDedicated,WEEE_Cat1,otherNonElectricCompUnspecified,ferrousMetals,Cu,e-m,0.213359564374084,%,3
OBS,2020,EU27+4,WEEE_generatedDedicated,WEEE_Cat1,otherNonElectricCompUnspecified,ferrousMetals,Ga,e-m,0.0043170410673446,%,1
OBS,2020,EU27+4,WEEE_generatedDedicated,WEEE_Cat1,otherNonElectricCompUnspecified,ferrousMetals,Mo,e-m,0.16097659220512,%,3
OBS,2020,EU27+4,WEEE_generatedDedicated,WEEE_Cat1,otherNonElectricCompUnspecified,ferrousMetals,O,e-m,0.336212730167375,%,3
OBS,2020,EU27+4,WEEE_generatedDedicated,WEEE_Cat1,otherNonElectricCompUnspecified,ferrousMetals,Sm,e-m,0.0357305358092864,%,1
OBS,2020,EU27+4,WEEE_generatedDedicated,WEEE_Cat1,otherNonElectricCompUnspecified,ferrousMetals,,m-c,0.229734488899542,%,3
OBS,2020,EU27+4,WEEE_generatedDedicated,WEEE_Cat1,otherNonElectricCompUnspecified,,,c-p,0.0034150182951906,%,1
OBS,2020,EU27+4,WEEE_generatedDedicated,WEEE_Cat1,otherNonElectricCompUnspecified,plastics,Ag,e-m,1,%,2
OBS,2020,EU27+4,WEEE_generatedDedicated,WEEE_Cat1,otherNonElectricCompUnspecified,plastics,,m-c,0.426110595224818,%,1
OBS,2020,EU27+4,WEEE_generatedDedicated,WEEE_Cat1,otherNonElectricCompUnspecified,steelAndSteelAlloys,Ag,e-m,0.192785949981726,%,2
OBS,2020,EU27+4,WEEE_generatedDedicated,WEEE_Cat1,otherNonElectricCompUnspecified,steelAndSteelAlloys,Cu,e-m,0.216505237457171,%,3
OBS,2020,EU27+4,WEEE_generatedDedicated,WEEE_Cat1,otherNonElectricCompUnspecified,steelAndSteelAlloys,Ga,e-m,0.0118205129388106,%,1
OBS,2020,EU27+4,WEEE_generatedDedicated,WEEE_Cat1,otherNonElectricCompUnspecified,steelAndSteelAlloys,Mo,e-m,0.474423711505213,%,3
OBS,2020,EU27+4,WEEE_generatedDedicated,WEEE_Cat1,otherNonElectricCompUnspecified,steelAndSteelAlloys,O,e-m,0.0296913191094274,%,2
OBS,2020,EU27+4,WEEE_generatedDedicated,WEEE_Cat1,otherNonElectricCompUnspecified,steelAndSteelAlloys,Sm,e-m,0.0747732690076525,%,3
OBS,2020,EU27+4,WEEE_generatedDedicated,WEEE_Cat1,otherNonElectricCompUnspecified,steelAndSteelAlloys,,m-c,0.0634537532640485,%,3
OBS,2020,EU27+4,WEEE_generatedDedicated,WEEE_Cat1,otherNonElectricCompUnspecified,undefinedAndMixedMaterials,Ag,e-m,1,%,1
OBS,2020,EU27+4,WEEE_generatedDedicated,WEEE_Cat1,otherNonElectricCompUnspecified,undefinedAndMixedMaterials,,m-c,0.0623206233561159,%,2
OBS,2020,EU27+4,WEEE_generatedDedicated,WEEE_Cat1,passiveJunctionBox,CuAndCuAlloys,Ag,e-m,0.229483099988993,%,3
OBS,2020,EU27+4,WEEE_generatedDedicated,WEEE_Cat1,passiveJunctionBox,CuAndCuAlloys,Dy,e-m,0.137311091548266,%,1
OBS,2020,EU27+4,WEEE_generatedDedicated,WEEE_Cat1,passiveJunctionBox,CuAndCuAlloys,Sr,e-m,0.518679255180845,%,3
OBS,2020,EU27+4,WEEE_generatedDedicated,WEEE_Cat1,passiveJunctionBox,CuAndCuAlloys,Zr,e-m,0.114526553281896,%,2
OBS,2020,EU27+4,WEEE_generatedDedicated,WEEE_Cat1,passiveJunctionBox,CuAndCuAlloys,,m-c,0.256894017472149,%,3
OBS,2020,EU27+4,WEEE_generatedDedicated,WEEE_Cat1,passiveJunctionBox,,,c-p,0.0035836034117881,%,2
OBS,2020,EU27+4,WEEE_generatedDedicated,WEEE_Cat1,passiveJunctionBox,otherOrUndefinedMaterials,Ag,e-m,1,%,1
OBS,2020,EU27+4,WEEE_generatedDedicated,WEEE_Cat1,passiveJunctionBox,otherOrUndefinedMaterials,,m-c,0.108993915892534,%,2
OBS,2020,EU27+4,WEEE_generatedDedicated,WEEE_Cat1,passiveJunctionBox,plastics,Ag,e-m,1,%,1
OBS,2020,EU27+4,WEEE_generatedDedicated,WEEE_Cat1,passiveJunctionBox,plastics,,m-c,0.634112066635317,%,3
OBS,2020,EU27+4,WEEE_generatedDedicated,WEEE_Cat1,pcbWEEECat,,,c-p,0.0130140278646802,%,1
OBS,2020,EU27+4,WEEE_generatedDedicated,WEEE_Cat1,pcbWEEECat,plastics,Ag,e-m,1,%,2
OBS,2020,EU27+4,WEEE_generatedDedicated,WEEE_Cat1,pcbWEEECat,plastics,,m-c,1,%,3
OBS,2020,EU27+4,WEEE_generatedDedicated,WEEE_Cat1,plug,,,c-p,0.0249053100637668,%,1
OBS,2020,EU27+4,WEEE_generatedDedicated,WEEE_Cat1,powerSupply,AlAndAlAlloys,Ag,e-m,0.178852250174349,%,3
OBS,2020,EU27+4,WEEE_generatedDedicated,WEEE_Cat1,powerSupply,AlAndAlAlloys,As,e-m,0.163039687606364,%,1
OBS,2020,EU27+4,WEEE_generatedDedicated,WEEE_Cat1,powerSupply,AlAndAlAlloys,Cu,e-m,0.169265522374941,%,1
OBS,2020,EU27+4,WEEE_generatedDedicated,WEEE_Cat1,powerSupply,AlAndAlAlloys,Ga,e-m,0.386651076612136,%,1
OBS,2020,EU27+4,WEEE_generatedDedicated,WEEE_Cat1,powerSupply,AlAndAlAlloys,Mn,e-m,0.0321322845928986,%,1
OBS,2020,EU27+4,WEEE_generatedDedicated,WEEE_Cat1,powerSupply,AlAndAlAlloys,Mo,e-m,0.026178524550676,%,2
OBS,2020,EU27+4,WEEE_generatedDedicated,WEEE_Cat1,powerSupply,AlAndAlAlloys,Sm,e-m,0.0438806540886352,%,1
OBS,2020,EU27+4,WEEE_generatedDedicated,WEEE_Cat1,powerSupply,AlAndAlAlloys,,m-c,0.130796140631463,%,1
OBS,2020,EU27+4,WEEE_generatedDedicated,WEEE_Cat1,powerSupply,CuAndCuAlloys,Ag,e-m,0.431134701228499,%,3
OBS,2020,EU27+4,WEEE_generatedDedicated,WEEE_Cat1,powerSupply,CuAndCuAlloys,Dy,e-m,0.498960576927989,%,1
OBS,2020,EU27+4,WEEE_generatedDedicated,WEEE_Cat1,powerSupply,CuAndCuAlloys,Zr,e-m,0.0699047218435121,%,1
OBS,2020,EU27+4,WEEE_generatedDedicated,WEEE_Cat1,powerSupply,CuAndCuAlloys,,m-c,0.0359435002483967,%,2
OBS,2020,EU27+4,WEEE_generatedDedicated,WEEE_Cat1,powerSupply,ferrousMetals,Ag,e-m,0.185261952200219,%,1
OBS,2020,EU27+4,WEEE_generatedDedicated,WEEE_Cat1,powerSupply,ferrousMetals,Cu,e-m,0.0843333750303696,%,3
OBS,2020,EU27+4,WEEE_generatedDedicated,WEEE_Cat1,powerSupply,ferrousMetals,Ga,e-m,0.496421456127304,%,3
OBS,2020,EU27+4,WEEE_generatedDedicated,WEEE_Cat1,powerSupply,ferrousMetals,Mo,e-m,0.134909691043924,%,1
OBS,2020,EU27+4,WEEE_generatedDedicated,WEEE_Cat1,powerSupply,ferrousMetals,O,e-m,0.0265365354262216,%,2
OBS,2020,EU27+4,WEEE_generatedDedicated,WEEE_Cat1,powerSupply,ferrousMetals,Sm,e-m,0.0725369901719626,%,3
OBS,2020,EU27+4,WEEE_generatedDedicated,WEEE_Cat1,powerSupply,ferrousMetals,,m-c,0.236394829892267,%,2
OBS,2020,EU27+4,WEEE_generatedDedicated,WEEE_Cat1,powerSupply,,,c-p,0.003876428357379,%,3
OBS,2020,EU27+4,WEEE_generatedDedicated,WEEE_Cat1,powerSupply,otherMetalsAndMetalAlloys,Ag,e-m,0.51914948636477,%,2
OBS,2020,EU27+4,WEEE_generatedDedicated,WEEE_Cat1,powerSupply,otherMetalsAndMetalAlloys,Al,e-m,0.167011720348686,%,3
OBS,2020,EU27+4,WEEE_generatedDedicated,WEEE_Cat1,powerSupply,otherMetalsAndMetalAlloys,Dy,e-m,0.313838793286544,%,3
OBS,2020,EU27+4,WEEE_generatedDedicated,WEEE_Cat1,powerSupply,otherMetalsAndMetalAlloys,,m-c,0.158249452996601,%,2
OBS,2020,EU27+4,WEEE_generatedDedicated,WEEE_Cat1,powerSupply,plastics,Ag,e-m,1,%,2
OBS,2020,EU27+4,WEEE_generatedDedicated,WEEE_Cat1,powerSupply,plastics,,m-c,0.204658361640914,%,2
OBS,2020,EU27+4,WEEE_generatedDedicated,WEEE_Cat1,powerSupply,undefinedAndMixedMaterials,Ag,e-m,1,%,2
OBS,2020,EU27+4,WEEE_generatedDedicated,WEEE_Cat1,powerSupply,undefinedAndMixedMaterials,,m-c,0.23395771459036,%,3
OBS,2020,EU27+4,WEEE_generatedDedicated,WEEE_Cat1,printedCircuitBoard,,,c-p,0.0327215590553753,%,2
OBS,2020,EU27+4,WEEE_generatedDedicated,WEEE_Cat1,pump,ironWroughtAndCast,Ag,e-m,0.501530691112231,%,3
OBS,2020,EU27+4,WEEE_generatedDedicated,WEEE_Cat1,pump,ironWroughtAndCast,Ca,e-m,0.147587300102549,%,1
OBS,2020,EU27+4,WEEE_generatedDedicated,WEEE_Cat1,pump,ironWroughtAndCast,Ga,e-m,0.103943248063882,%,1
OBS,2020,EU27+4,WEEE_generatedDedicated,WEEE_Cat1,pump,ironWroughtAndCast,Mo,e-m,0.102383164954302,%,2
OBS,2020,EU27+4,WEEE_generatedDedicated,WEEE_Cat1,pump,ironWroughtAndCast,Sm,e-m,0.144555595767036,%,2
OBS,2020,EU27+4,WEEE_generatedDedicated,WEEE_Cat1,pump,ironWroughtAndCast,,m-c,0.869938174105302,%,2
OBS,2020,EU27+4,WEEE_generatedDedicated,WEEE_Cat1,pump,,,c-p,0.0029527175303931,%,3
OBS,2020,EU27+4,WEEE_generatedDedicated,WEEE_Cat1,pump,steelAndSteelAlloys,Ag,e-m,0.307069761676329,%,2
OBS,2020,EU27+4,WEEE_generatedDedicated,WEEE_Cat1,pump,steelAndSteelAlloys,Cu,e-m,0.0539549176516949,%,2
OBS,2020,EU27+4,WEEE_generatedDedicated,WEEE_Cat1,pump,steelAndSteelAlloys,Ga,e-m,0.222636203785127,%,1
OBS,2020,EU27+4,WEEE_generatedDedicated,WEEE_Cat1,pump,steelAndSteelAlloys,Mo,e-m,0.022893972647699,%,3
OBS,2020,EU27+4,WEEE_generatedDedicated,WEEE_Cat1,pump,steelAndSteelAlloys,O,e-m,0.0301582269894114,%,1
OBS,2020,EU27+4,WEEE_generatedDedicated,WEEE_Cat1,pump,steelAndSteelAlloys,Sm,e-m,0.363286917249739,%,3
OBS,2020,EU27+4,WEEE_generatedDedicated,WEEE_Cat1,pump,steelAndSteelAlloys,,m-c,0.130061825894698,%,2
OBS,2020,EU27+4,WEEE_generatedDedicated,WEEE_Cat1,refrigerant,,,c-p,0.0116293147586246,%,2
OBS,2020,EU27+4,WEEE_generatedDedicated,WEEE_Cat1,refrigerant,otherOrUndefinedMaterials,Ag,e-m,1,%,3
OBS,2020,EU27+4,WEEE_generatedDedicated,WEEE_Cat1,refrigerant,otherOrUndefinedMaterials,,m-c,1,%,1
OBS,2020,EU27+4,WEEE_generatedDedicated,WEEE_Cat1,remoteControl,AlAndAlAlloys,Ag,e-m,0.299493040389113,%,2
OBS,2020,EU27+4,WEEE_generatedDedicated,WEEE_Cat1,remoteControl,AlAndAlAlloys,As,e-m,0.18947449273731,%,3
OBS,2020,EU27+4,WEEE_generatedDedicated,WEEE_Cat1,remoteControl,AlAndAlAlloys,Cu,e-m,0.0739474419153787,%,3
OBS,2020,EU27+4,WEEE_generatedDedicated,WEEE_Cat1,remoteControl,AlAndAlAlloys,Ga,e-m,0.288009118718184,%,3
OBS,2020,EU27+4,WEEE_generatedDedicated,WEEE_Cat1,remoteControl,AlAndAlAlloys,Mn,e-m,0.0795930775129924,%,3
OBS,2020,EU27+4,WEEE_generatedDedicated,WEEE_Cat1,remoteControl,AlAndAlAlloys,Mo,e-m,0.0047265252971666,%,2
OBS,2020,EU27+4,WEEE_generatedDedicated,WEEE_Cat1,remoteControl,AlAndAlAlloys,Sm,e-m,0.0647563034298552,%,3
OBS,2020,EU27+4,WEEE_generatedDedicated,WEEE_Cat1,remoteControl,AlAndAlAlloys,,m-c,0.377951116302761,%,2
OBS,2020,EU27+4,WEEE_generatedDedicated,WEEE_Cat1,remoteControl,CuAndCuAlloys,Ag,e-m,0.356514475459538,%,1
OBS,2020,EU27+4,WEEE_generatedDedicated,WEEE_Cat1,remoteControl,CuAndCuAlloys,Dy,e-m,0.303065955581762,%,3
OBS,2020,EU27+4,WEEE_generatedDedicated,WEEE_Cat1,remoteControl,CuAndCuAlloys,Zr,e-m,0.3404195689587,%,3
OBS,2020,EU27+4,WEEE_generatedDedicated,WEEE_Cat1,remoteControl,CuAndCuAlloys,,m-c,0.219716544919914,%,2
OBS,2020,EU27+4,WEEE_generatedDedicated,WEEE_Cat1,remoteControl,ferrousMetals,Ag,e-m,0.556767113381091,%,2
OBS,2020,EU27+4,WEEE_generatedDedicated,WEEE_Cat1,remoteControl,ferrousMetals,Cu,e-m,0.0131669194232425,%,2
OBS,2020,EU27+4,WEEE_generatedDedicated,WEEE_Cat1,remoteControl,ferrousMetals,Ga,e-m,0.0162180660806476,%,3
OBS,2020,EU27+4,WEEE_generatedDedicated,WEEE_Cat1,remoteControl,ferrousMetals,Mo,e-m,0.0461285096368169,%,1
OBS,2020,EU27+4,WEEE_generatedDedicated,WEEE_Cat1,remoteControl,ferrousMetals,O,e-m,0.105303416355536,%,2
OBS,2020,EU27+4,WEEE_generatedDedicated,WEEE_Cat1,remoteControl,ferrousMetals,Sm,e-m,0.262415975122666,%,3
OBS,2020,EU27+4,WEEE_generatedDedicated,WEEE_Cat1,remoteControl,ferrousMetals,,m-c,0.155401340731344,%,1
OBS,2020,EU27+4,WEEE_generatedDedicated,WEEE_Cat1,remoteControl,,,c-p,0.0025550638072796,%,1
OBS,2020,EU27+4,WEEE_generatedDedicated,WEEE_Cat1,remoteControl,otherOrUndefinedMaterials,Ag,e-m,1,%,1
OBS,2020,EU27+4,WEEE_generatedDedicated,WEEE_Cat1,remoteControl,otherOrUndefinedMaterials,,m-c,0.10081106564799,%,1
OBS,2020,EU27+4,WEEE_generatedDedicated,WEEE_Cat1,remoteControl,plastics,Ag,e-m,1,%,2
OBS,2020,EU27+4,WEEE_generatedDedicated,WEEE_Cat1,remoteControl,plastics,,m-c,0.117610893005041,%,3
OBS,2020,EU27+4,WEEE_generatedDedicated,WEEE_Cat1,remoteControl,undefinedAndMixedMaterials,Ag,e-m,1,%,2
OBS,2020,EU27+4,WEEE_generatedDedicated,WEEE_Cat1,remoteControl,undefinedAndMixedMaterials,,m-c,0.0285090393929499,%,3
OBS,2020,EU27+4,WEEE_generatedDedicated,WEEE_Cat1,resistor,,,c-p,0.0152297027488574,%,3
OBS,2020,EU27+4,WEEE_generatedDedicated,WEEE_Cat1,rotor,ferrousMetals,Ag,e-m,0.572223362533109,%,2
OBS,2020,EU27+4,WEEE_generatedDedicated,WEEE_Cat1,rotor,ferrousMetals,Cu,e-m,0.138492086070506,%,3
OBS,2020,EU27+4,WEEE_generatedDedicated,WEEE_Cat1,rotor,ferrousMetals,Ga,e-m,0.0509307520222209,%,2
OBS,2020,EU27+4,WEEE_generatedDedicated,WEEE_Cat1,rotor,ferrousMetals,Mo,e-m,0.0652705227434429,%,3
OBS,2020,EU27+4,WEEE_generatedDedicated,WEEE_Cat1,rotor,ferrousMetals,O,e-m,0.120224926241026,%,1
OBS,2020,EU27+4,WEEE_generatedDedicated,WEEE_Cat1,rotor,ferrousMetals,Sm,e-m,0.0528583503896945,%,1
OBS,2020,EU27+4,WEEE_generatedDedicated,WEEE_Cat1,rotor,ferrousMetals,,m-c,0.540386659614929,%,3
OBS,2020,EU27+4,WEEE_generatedDedicated,WEEE_Cat1,rotor,,,c-p,0.0217943522365074,%,1
OBS,2020,EU27+4,WEEE_generatedDedicated,WEEE_Cat1,rotor,plastics,Ag,e-m,1,%,1
OBS,2020,EU27+4,WEEE_generatedDedicated,WEEE_Cat1,rotor,plastics,,m-c,0.459613340385071,%,1
OBS,2020,EU27+4,WEEE_generatedDedicated,WEEE_Cat1,screw,CuAndCuAlloys,Ag,e-m,0.0640224336129718,%,1
OBS,2020,EU27+4,WEEE_generatedDedicated,WEEE_Cat1,screw,CuAndCuAlloys,Dy,e-m,0.256968367218888,%,2
OBS,2020,EU27+4,WEEE_generatedDedicated,WEEE_Cat1,screw,CuAndCuAlloys,Zr,e-m,0.67900919916814,%,3
OBS,2020,EU27+4,WEEE_generatedDedicated,WEEE_Cat1,screw,CuAndCuAlloys,,m-c,0.694482368308541,%,2
OBS,2020,EU27+4,WEEE_generatedDedicated,WEEE_Cat1,screw,ferrousMetals,Ag,e-m,0.0273214722005369,%,3
OBS,2020,EU27+4,WEEE_generatedDedicated,WEEE_Cat1,screw,ferrousMetals,Ca,e-m,0.505149726216034,%,1
OBS,2020,EU27+4,WEEE_generatedDedicated,WEEE_Cat1,screw,ferrousMetals,Ga,e-m,0.183213905514381,%,1
OBS,2020,EU27+4,WEEE_generatedDedicated,WEEE_Cat1,screw,ferrousMetals,Mo,e-m,0.279234429860765,%,3
OBS,2020,EU27+4,WEEE_generatedDedicated,WEEE_Cat1,screw,ferrousMetals,Sm,e-m,0.0050804662082826,%,1
OBS,2020,EU27+4,WEEE_generatedDedicated,WEEE_Cat1,screw,ferrousMetals,,m-c,0.305517631691459,%,3
OBS,2020,EU27+4,WEEE_generatedDedicated,WEEE_Cat1,screw,,,c-p,0.0040569125594355,%,3
OBS,2020,EU27+4,WEEE_generatedDedicated,WEEE_Cat1,sensorUnspecified,ferrousMetals,,m-c,0.214496124578256,%,3
OBS,2020,EU27+4,WEEE_generatedDedicated,WEEE_Cat1,sensorUnspecified,,,c-p,0.0095408899022561,%,1
OBS,2020,EU27+4,WEEE_generatedDedicated,WEEE_Cat1,sensorUnspecified,plastics,,m-c,0.785503875421744,%,3
OBS,2020,EU27+4,WEEE_generatedDedicated,WEEE_Cat1,shadowComponentWEEE,CuAndCuAlloys,Ag,e-m,0.0071306726190672,%,3
OBS,2020,EU27+4,WEEE_generatedDedicated,WEEE_Cat1,shadowComponentWEEE,CuAndCuAlloys,As,e-m,0.147748259246985,%,1
OBS,2020,EU27+4,WEEE_generatedDedicated,WEEE_Cat1,shadowComponentWEEE,CuAndCuAlloys,Cu,e-m,0.190026353106632,%,1
OBS,2020,EU27+4,WEEE_generatedDedicated,WEEE_Cat1,shadowComponentWEEE,CuAndCuAlloys,Dy,e-m,0.112710972015526,%,3
OBS,2020,EU27+4,WEEE_generatedDedicated,WEEE_Cat1,shadowComponentWEEE,CuAndCuAlloys,Ga,e-m,0.144584733270946,%,1
OBS,2020,EU27+4,WEEE_generatedDedicated,WEEE_Cat1,shadowComponentWEEE,CuAndCuAlloys,Mn,e-m,0.0071538676194092,%,1
OBS,2020,EU27+4,WEEE_generatedDedicated,WEEE_Cat1,shadowComponentWEEE,CuAndCuAlloys,Mo,e-m,0.0580194010814081,%,2
OBS,2020,EU27+4,WEEE_generatedDedicated,WEEE_Cat1,shadowComponentWEEE,CuAndCuAlloys,Sm,e-m,0.116504374299099,%,3
OBS,2020,EU27+4,WEEE_generatedDedicated,WEEE_Cat1,shadowComponentWEEE,CuAndCuAlloys,Sr,e-m,0.17544924695338,%,1
OBS,2020,EU27+4,WEEE_generatedDedicated,WEEE_Cat1,shadowComponentWEEE,CuAndCuAlloys,Zr,e-m,0.040672119787547,%,1
OBS,2020,EU27+4,WEEE_generatedDedicated,WEEE_Cat1,shadowComponentWEEE,CuAndCuAlloys,,m-c,0.0111226689020365,%,2
OBS,2020,EU27+4,WEEE_generatedDedicated,WEEE_Cat1,shadowComponentWEEE,bitumen,Ag,e-m,1,%,1
OBS,2020,EU27+4,WEEE_generatedDedicated,WEEE_Cat1,shadowComponentWEEE,bitumen,,m-c,0.0790862873006211,%,2
OBS,2020,EU27+4,WEEE_generatedDedicated,WEEE_Cat1,shadowComponentWEEE,ceramicComposites,Ag,e-m,1,%,2
OBS,2020,EU27+4,WEEE_generatedDedicated,WEEE_Cat1,shadowComponentWEEE,ceramicComposites,,m-c,0.11479982337704,%,1
OBS,2020,EU27+4,WEEE_generatedDedicated,WEEE_Cat1,shadowComponentWEEE,concrete,Ag,e-m,1,%,3
OBS,2020,EU27+4,WEEE_generatedDedicated,WEEE_Cat1,shadowComponentWEEE,concrete,,m-c,0.0619642024832906,%,1
OBS,2020,EU27+4,WEEE_generatedDedicated,WEEE_Cat1,shadowComponentWEEE,glass,Ag,e-m,0.283133564244187,%,2
OBS,2020,EU27+4,WEEE_generatedDedicated,WEEE_Cat1,shadowComponentWEEE,glass,Pd,e-m,0.0364412283855073,%,3
OBS,2020,EU27+4,WEEE_generatedDedicated,WEEE_Cat1,shadowComponentWEEE,glass,Sc,e-m,0.394370433467189,%,1
OBS,2020,EU27+4,WEEE_generatedDedicated,WEEE_Cat1,shadowComponentWEEE,glass,Zr,e-m,0.286054773903117,%,2
OBS,2020,EU27+4,WEEE_generatedDedicated,WEEE_Cat1,shadowComponentWEEE,glass,,m-c,0.0262955820911526,%,2
OBS,2020,EU27+4,WEEE_generatedDedicated,WEEE_Cat1,shadowComponentWEEE,ironWroughtAndCast,Ag,e-m,0.27076339356382,%,2
OBS,2020,EU27+4,WEEE_generatedDedicated,WEEE_Cat1,shadowComponentWEEE,ironWroughtAndCast,Ca,e-m,0.461735545697415,%,3
OBS,2020,EU27+4,WEEE_generatedDedicated,WEEE_Cat1,shadowComponentWEEE,ironWroughtAndCast,Ga,e-m,0.143714990712171,%,3
OBS,2020,EU27+4,WEEE_generatedDedicated,WEEE_Cat1,shadowComponentWEEE,ironWroughtAndCast,Mo,e-m,0.0075435969494031,%,3
OBS,2020,EU27+4,WEEE_generatedDedicated,WEEE_Cat1,shadowComponentWEEE,ironWroughtAndCast,Sm,e-m,0.11624247307719,%,2
OBS,2020,EU27+4,WEEE_generatedDedicated,WEEE_Cat1,shadowComponentWEEE,ironWroughtAndCast,,m-c,0.0170577123496423,%,2
OBS,2020,EU27+4,WEEE_generatedDedicated,WEEE_Cat1,shadowComponentWEEE,,,c-p,0.0075222591619803,%,2
OBS,2020,EU27+4,WEEE_generatedDedicated,WEEE_Cat1,shadowComponentWEEE,oil4,Ag,e-m,1,%,1
OBS,2020,EU27+4,WEEE_generatedDedicated,WEEE_Cat1,shadowComponentWEEE,oil4,,m-c,5.94726967495564E-05,%,3
OBS,2020,EU27+4,WEEE_generatedDedicated,WEEE_Cat1,shadowComponentWEEE,otherMetalsAndMetalAlloys,Ag,e-m,0.169068974901908,%,3
OBS,2020,EU27+4,WEEE_generatedDedicated,WEEE_Cat1,shadowComponentWEEE,otherMetalsAndMetalAlloys,Al,e-m,0.0331323842418413,%,3
OBS,2020,EU27+4,WEEE_generatedDedicated,WEEE_Cat1,shadowComponentWEEE,otherMetalsAndMetalAlloys,As,e-m,0.0274297078018611,%,2
OBS,2020,EU27+4,WEEE_generatedDedicated,WEEE_Cat1,shadowComponentWEEE,otherMetalsAndMetalAlloys,Bi,e-m,0.183487538094827,%,1
OBS,2020,EU27+4,WEEE_generatedDedicated,WEEE_Cat1,shadowComponentWEEE,otherMetalsAndMetalAlloys,Ca,e-m,0.0895759159752588,%,3
OBS,2020,EU27+4,WEEE_generatedDedicated,WEEE_Cat1,shadowComponentWEEE,otherMetalsAndMetalAlloys,Cl,e-m,0.122813250263439,%,3
OBS,2020,EU27+4,WEEE_generatedDedicated,WEEE_Cat1,shadowComponentWEEE,otherMetalsAndMetalAlloys,Dy,e-m,0.0773698058382054,%,2
OBS,2020,EU27+4,WEEE_generatedDedicated,WEEE_Cat1,shadowComponentWEEE,otherMetalsAndMetalAlloys,Ga,e-m,0.0079586314668226,%,2
OBS,2020,EU27+4,WEEE_generatedDedicated,WEEE_Cat1,shadowComponentWEEE,otherMetalsAndMetalAlloys,Mn,e-m,0.0421794264243348,%,1
OBS,2020,EU27+4,WEEE_generatedDedicated,WEEE_Cat1,shadowComponentWEEE,otherMetalsAndMetalAlloys,Mo,e-m,0.192272618926144,%,1
OBS,2020,EU27+4,WEEE_generatedDedicated,WEEE_Cat1,shadowComponentWEEE,otherMetalsAndMetalAlloys,O,e-m,0.0223331253223027,%,3
OBS,2020,EU27+4,WEEE_generatedDedicated,WEEE_Cat1,shadowComponentWEEE,otherMetalsAndMetalAlloys,Sm,e-m,0.0278169505153835,%,3
OBS,2020,EU27+4,WEEE_generatedDedicated,WEEE_Cat1,shadowComponentWEEE,otherMetalsAndMetalAlloys,Zr,e-m,0.0045616702276719,%,3
OBS,2020,EU27+4,WEEE_generatedDedicated,WEEE_Cat1,shadowComponentWEEE,otherMetalsAndMetalAlloys,,m-c,0.0432957893261081,%,3
OBS,2020,EU27+4,WEEE_generatedDedicated,WEEE_Cat1,shadowComponentWEEE,otherOrUndefinedMaterials,Ag,e-m,1,%,1
OBS,2020,EU27+4,WEEE_generatedDedicated,WEEE_Cat1,shadowComponentWEEE,otherOrUndefinedMaterials,,m-c,0.102287090400911,%,2
OBS,2020,EU27+4,WEEE_generatedDedicated,WEEE_Cat1,shadowComponentWEEE,otherOrganics,Ag,e-m,1,%,3
OBS,2020,EU27+4,WEEE_generatedDedicated,WEEE_Cat1,shadowComponentWEEE,otherOrganics,,m-c,0.187329241123188,%,1
OBS,2020,EU27+4,WEEE_generatedDedicated,WEEE_Cat1,shadowComponentWEEE,plasticComposites,Ag,e-m,1,%,3
OBS,2020,EU27+4,WEEE_generatedDedicated,WEEE_Cat1,shadowComponentWEEE,plasticComposites,,m-c,0.0085205785732511,%,1
OBS,2020,EU27+4,WEEE_generatedDedicated,WEEE_Cat1,shadowComponentWEEE,plastics,Ag,e-m,1,%,1
OBS,2020,EU27+4,WEEE_generatedDedicated,WEEE_Cat1,shadowComponentWEEE,plastics,,m-c,0.0536147268075228,%,3
OBS,2020,EU27+4,WEEE_generatedDedicated,WEEE_Cat1,shadowComponentWEEE,reinforcedPlastics,Ag,e-m,1,%,3
OBS,2020,EU27+4,WEEE_generatedDedicated,WEEE_Cat1,shadowComponentWEEE,reinforcedPlastics,,m-c,0.166262384763522,%,1
OBS,2020,EU27+4,WEEE_generatedDedicated,WEEE_Cat1,shadowComponentWEEE,sand,Ag,e-m,0.0286385963654069,%,3
OBS,2020,EU27+4,WEEE_generatedDedicated,WEEE_Cat1,shadowComponentWEEE,sand,Pd,e-m,0.52551220012969,%,3
OBS,2020,EU27+4,WEEE_generatedDedicated,WEEE_Cat1,shadowComponentWEEE,sand,Sc,e-m,0.296919340354027,%,3
OBS,2020,EU27+4,WEEE_generatedDedicated,WEEE_Cat1,shadowComponentWEEE,sand,Zr,e-m,0.148929863150876,%,2
OBS,2020,EU27+4,WEEE_generatedDedicated,WEEE_Cat1,shadowComponentWEEE,sand,,m-c,0.0310003297423256,%,3
OBS,2020,EU27+4,WEEE_generatedDedicated,WEEE_Cat1,shadowComponentWEEE,steelAndSteelAlloys,Ag,e-m,0.299707848267133,%,3
OBS,2020,EU27+4,WEEE_generatedDedicated,WEEE_Cat1,shadowComponentWEEE,steelAndSteelAlloys,Cu,e-m,0.0543901688103081,%,1
OBS,2020,EU27+4,WEEE_generatedDedicated,WEEE_Cat1,shadowComponentWEEE,steelAndSteelAlloys,Ga,e-m,0.0066735569104706,%,2
OBS,2020,EU27+4,WEEE_generatedDedicated,WEEE_Cat1,shadowComponentWEEE,steelAndSteelAlloys,Mo,e-m,0.361717165158582,%,2
OBS,2020,EU27+4,WEEE_generatedDedicated,WEEE_Cat1,shadowComponentWEEE,steelAndSteelAlloys,O,e-m,0.180007125992054,%,1
OBS,2020,EU27+4,WEEE_generatedDedicated,WEEE_Cat1,shadowComponentWEEE,steelAndSteelAlloys,Sm,e-m,0.0975041348614514,%,1
OBS,2020,EU27+4,WEEE_generatedDedicated,WEEE_Cat1,shadowComponentWEEE,steelAndSteelAlloys,,m-c,0.0973041100626391,%,3
OBS,2020,EU27+4,WEEE_generatedDedicated,WEEE_Cat1,solenoidValve,,,c-p,0.0021314991314305,%,1
OBS,2020,EU27+4,WEEE_generatedDedicated,WEEE_Cat1,speakerEEE2,AlAndAlAlloys,Ag,e-m,0.272909348686732,%,1
OBS,2020,EU27+4,WEEE_generatedDedicated,WEEE_Cat1,speakerEEE2,AlAndAlAlloys,As,e-m,0.202496274322631,%,1
OBS,2020,EU27+4,WEEE_generatedDedicated,WEEE_Cat1,speakerEEE2,AlAndAlAlloys,Cu,e-m,0.166716639245358,%,3
OBS,2020,EU27+4,WEEE_generatedDedicated,WEEE_Cat1,speakerEEE2,AlAndAlAlloys,Ga,e-m,0.0860321808893704,%,1
OBS,2020,EU27+4,WEEE_generatedDedicated,WEEE_Cat1,speakerEEE2,AlAndAlAlloys,Mn,e-m,0.0462778480699544,%,1
OBS,2020,EU27+4,WEEE_generatedDedicated,WEEE_Cat1,speakerEEE2,AlAndAlAlloys,Mo,e-m,0.159794738421289,%,3
OBS,2020,EU27+4,WEEE_generatedDedicated,WEEE_Cat1,speakerEEE2,AlAndAlAlloys,Sm,e-m,0.0657729703646646,%,2
OBS,2020,EU27+4,WEEE_generatedDedicated,WEEE_Cat1,speakerEEE2,AlAndAlAlloys,,m-c,0.39332748252922,%,3
OBS,2020,EU27+4,WEEE_generatedDedicated,WEEE_Cat1,speakerEEE2,CuAndCuAlloys,Ag,e-m,0.103305724048649,%,2
OBS,2020,EU27+4,WEEE_generatedDedicated,WEEE_Cat1,speakerEEE2,CuAndCuAlloys,Dy,e-m,0.721096333322623,%,3
OBS,2020,EU27+4,WEEE_generatedDedicated,WEEE_Cat1,speakerEEE2,CuAndCuAlloys,Zr,e-m,0.175597942628729,%,1
OBS,2020,EU27+4,WEEE_generatedDedicated,WEEE_Cat1,speakerEEE2,CuAndCuAlloys,,m-c,0.0300191037274585,%,1
OBS,2020,EU27+4,WEEE_generatedDedicated,WEEE_Cat1,speakerEEE2,ferrousMetals,Ag,e-m,0.540937008404899,%,2
OBS,2020,EU27+4,WEEE_generatedDedicated,WEEE_Cat1,speakerEEE2,ferrousMetals,Cu,e-m,0.322254536916242,%,3
OBS,2020,EU27+4,WEEE_generatedDedicated,WEEE_Cat1,speakerEEE2,ferrousMetals,Ga,e-m,0.0101448165462036,%,2
OBS,2020,EU27+4,WEEE_generatedDedicated,WEEE_Cat1,speakerEEE2,ferrousMetals,Mo,e-m,0.0121821010161284,%,1
OBS,2020,EU27+4,WEEE_generatedDedicated,WEEE_Cat1,speakerEEE2,ferrousMetals,O,e-m,0.0704546176014708,%,1
OBS,2020,EU27+4,WEEE_generatedDedicated,WEEE_Cat1,speakerEEE2,ferrousMetals,Sm,e-m,0.0440269195150562,%,1
OBS,2020,EU27+4,WEEE_generatedDedicated,WEEE_Cat1,speakerEEE2,ferrousMetals,,m-c,0.0649418421435921,%,2
OBS,2020,EU27+4,WEEE_generatedDedicated,WEEE_Cat1,speakerEEE2,,,c-p,0.0378379033278452,%,2
OBS,2020,EU27+4,WEEE_generatedDedicated,WEEE_Cat1,speakerEEE2,otherMetalsAndMetalAlloys,Ag,e-m,0.555301594471802,%,2
OBS,2020,EU27+4,WEEE_generatedDedicated,WEEE_Cat1,speakerEEE2,otherMetalsAndMetalAlloys,Al,e-m,0.349789991934572,%,3
OBS,2020,EU27+4,WEEE_generatedDedicated,WEEE_Cat1,speakerEEE2,otherMetalsAndMetalAlloys,Dy,e-m,0.0949084135936259,%,1
OBS,2020,EU27+4,WEEE_generatedDedicated,WEEE_Cat1,speakerEEE2,otherMetalsAndMetalAlloys,,m-c,0.0671896063311847,%,1
OBS,2020,EU27+4,WEEE_generatedDedicated,WEEE_Cat1,speakerEEE2,plastics,Ag,e-m,1,%,1
OBS,2020,EU27+4,WEEE_generatedDedicated,WEEE_Cat1,speakerEEE2,plastics,,m-c,0.236039475498367,%,3
OBS,2020,EU27+4,WEEE_generatedDedicated,WEEE_Cat1,speakerEEE2,undefinedAndMixedMaterials,Ag,e-m,1,%,2
OBS,2020,EU27+4,WEEE_generatedDedicated,WEEE_Cat1,speakerEEE2,undefinedAndMixedMaterials,,m-c,0.208482489770178,%,3
OBS,2020,EU27+4,WEEE_generatedDedicated,WEEE_Cat1,switch,,,c-p,0.0026270645609955,%,2
OBS,2020,EU27+4,WEEE_generatedDedicated,WEEE_Cat1,tonerCartridge,,,c-p,0.0095345401609592,%,1
OBS,2020,EU27+4,WEEE_generatedDedicated,WEEE_Cat1,transformator,CuAndCuAlloys,Ag,e-m,0.264464467043398,%,1
OBS,2020,EU27+4,WEEE_generatedDedicated,WEEE_Cat1,transformator,CuAndCuAlloys,Dy,e-m,0.431560594268881,%,1
OBS,2020,EU27+4,WEEE_generatedDedicated,WEEE_Cat1,transformator,CuAndCuAlloys,Zr,e-m,0.303974938687722,%,2
OBS,2020,EU27+4,WEEE_generatedDedicated,WEEE_Cat1,transformator,CuAndCuAlloys,,m-c,0.340018207528424,%,2
OBS,2020,EU27+4,WEEE_generatedDedicated,WEEE_Cat1,transformator,ferrousMetals,Ag,e-m,0.0689394122623495,%,1
OBS,2020,EU27+4,WEEE_generatedDedicated,WEEE_Cat1,transformator,ferrousMetals,Cu,e-m,0.490030150718847,%,1
OBS,2020,EU27+4,WEEE_generatedDedicated,WEEE_Cat1,transformator,ferrousMetals,Ga,e-m,0.0028609109688245,%,3
OBS,2020,EU27+4,WEEE_generatedDedicated,WEEE_Cat1,transformator,ferrousMetals,Mo,e-m,0.154714751098652,%,2
OBS,2020,EU27+4,WEEE_generatedDedicated,WEEE_Cat1,transformator,ferrousMetals,O,e-m,0.056648791762249,%,3
OBS,2020,EU27+4,WEEE_generatedDedicated,WEEE_Cat1,transformator,ferrousMetals,Sm,e-m,0.226805983189078,%,3
OBS,2020,EU27+4,WEEE_generatedDedicated,WEEE_Cat1,transformator,ferrousMetals,,m-c,0.659981792471576,%,1
OBS,2020,EU27+4,WEEE_generatedDedicated,WEEE_Cat1,transformator,,,c-p,0.0057263604991815,%,2
OBS,2020,EU27+4,WEEE_generatedDedicated,WEEE_Cat1,transmission,AlAndAlAlloys,,m-c,0.242739130679823,%,1
OBS,2020,EU27+4,WEEE_generatedDedicated,WEEE_Cat1,transmission,ferrousMetals,Ag,e-m,0.196174184047924,%,2
OBS,2020,EU27+4,WEEE_generatedDedicated,WEEE_Cat1,transmission,ferrousMetals,Cu,e-m,0.275106218818632,%,1
OBS,2020,EU27+4,WEEE_generatedDedicated,WEEE_Cat1,transmission,ferrousMetals,Ga,e-m,0.252937451788663,%,2
OBS,2020,EU27+4,WEEE_generatedDedicated,WEEE_Cat1,transmission,ferrousMetals,Mo,e-m,0.0438696317688475,%,3
OBS,2020,EU27+4,WEEE_generatedDedicated,WEEE_Cat1,transmission,ferrousMetals,O,e-m,0.082228474242126,%,3
OBS,2020,EU27+4,WEEE_generatedDedicated,WEEE_Cat1,transmission,ferrousMetals,Sm,e-m,0.149684039333808,%,3
OBS,2020,EU27+4,WEEE_generatedDedicated,WEEE_Cat1,transmission,ferrousMetals,,m-c,0.543160669194335,%,3
OBS,2020,EU27+4,WEEE_generatedDedicated,WEEE_Cat1,transmission,,,c-p,0.0100653521709972,%,3
OBS,2020,EU27+4,WEEE_generatedDedicated,WEEE_Cat1,transmission,plastics,Ag,e-m,1,%,1
OBS,2020,EU27+4,WEEE_generatedDedicated,WEEE_Cat1,transmission,plastics,,m-c,0.214100200125841,%,2
OBS,2020,EU27+4,WEEE_generatedDedicated,WEEE_Cat1,transmitter,CuAndCuAlloys,Ag,e-m,0.565186977493334,%,2
OBS,2020,EU27+4,WEEE_generatedDedicated,WEEE_Cat1,transmitter,CuAndCuAlloys,Dy,e-m,0.282642511055768,%,2
OBS,2020,EU27+4,WEEE_generatedDedicated,WEEE_Cat1,transmitter,CuAndCuAlloys,Zr,e-m,0.152170511450898,%,3
OBS,2020,EU27+4,WEEE_generatedDedicated,WEEE_Cat1,transmitter,CuAndCuAlloys,,m-c,0.444780708018032,%,3
OBS,2020,EU27+4,WEEE_generatedDedicated,WEEE_Cat1,transmitter,ferrousMetals,Ag,e-m,0.036241077632795,%,1
OBS,2020,EU27+4,WEEE_generatedDedicated,WEEE_Cat1,transmitter,ferrousMetals,Ca,e-m,0.11444036828036,%,3
OBS,2020,EU27+4,WEEE_generatedDedicated,WEEE_Cat1,transmitter,ferrousMetals,Ga,e-m,0.0717828755495696,%,1
OBS,2020,EU27+4,WEEE_generatedDedicated,WEEE_Cat1,transmitter,ferrousMetals,Mo,e-m,0.218371074477998,%,1
OBS,2020,EU27+4,WEEE_generatedDedicated,WEEE_Cat1,transmitter,ferrousMetals,Sm,e-m,0.559164604059278,%,3
OBS,2020,EU27+4,WEEE_generatedDedicated,WEEE_Cat1,transmitter,ferrousMetals,,m-c,0.416171858711138,%,1
OBS,2020,EU27+4,WEEE_generatedDedicated,WEEE_Cat1,transmitter,,,c-p,0.0102963801276754,%,1
OBS,2020,EU27+4,WEEE_generatedDedicated,WEEE_Cat1,transmitter,plastics,Ag,e-m,1,%,1
OBS,2020,EU27+4,WEEE_generatedDedicated,WEEE_Cat1,transmitter,plastics,,m-c,0.139047433270831,%,1
OBS,2020,EU27+4,WEEE_generatedDedicated,WEEE_Cat1,wheel,ferrousMetals,Ag,e-m,0.0103751828665055,%,1
OBS,2020,EU27+4,WEEE_generatedDedicated,WEEE_Cat1,wheel,ferrousMetals,Cu,e-m,0.175988137654098,%,2
OBS,2020,EU27+4,WEEE_generatedDedicated,WEEE_Cat1,wheel,ferrousMetals,Ga,e-m,0.0629999099540868,%,2
OBS,2020,EU27+4,WEEE_generatedDedicated,WEEE_Cat1,wheel,ferrousMetals,Mo,e-m,0.287916803007786,%,3
OBS,2020,EU27+4,WEEE_generatedDedicated,WEEE_Cat1,wheel,ferrousMetals,O,e-m,0.0161299993743868,%,3
OBS,2020,EU27+4,WEEE_generatedDedicated,WEEE_Cat1,wheel,ferrousMetals,Sm,e-m,0.446589967143138,%,2
OBS,2020,EU27+4,WEEE_generatedDedicated,WEEE_Cat1,wheel,ferrousMetals,,m-c,0.0921601793467817,%,1
OBS,2020,EU27+4,WEEE_generatedDedicated,WEEE_Cat1,wheel,,,c-p,0.0023823539236324,%,2
OBS,2020,EU27+4,WEEE_generatedDedicated,WEEE_Cat1,wheel,plastics,Ag,e-m,1,%,3
OBS,2020,EU27+4,WEEE_generatedDedicated,WEEE_Cat1,wheel,plastics,,m-c,0.141468883485075,%,3
OBS,2020,EU27+4,WEEE_generatedDedicated,WEEE_Cat1,wheel,polymerPA6GF30,Ag,e-m,1,%,1
OBS,2020,EU27+4,WEEE_generatedDedicated,WEEE_Cat1,wheel,polymerPA6GF30,,m-c,0.114740537321736,%,2
OBS,2020,EU27+4,WEEE_generatedDedicated,WEEE_Cat1,wheel,polymerPPTF20,Ag,e-m,1,%,2
OBS,2020,EU27+4,WEEE_generatedDedicated,WEEE_Cat1,wheel,polymerPPTF20,,m-c,0.158060989074465,%,1
OBS,2020,EU27+4,WEEE_generatedDedicated,WEEE_Cat1,wheel,polymerPPTF30,Ag,e-m,1,%,1
OBS,2020,EU27+4,WEEE_generatedDedicated,WEEE_Cat1,wheel,polymerPPTF30,,m-c,0.493569410771942,%,2
OBS,2020,EU27+4,WEEE_generatedDedicated,WEEE_Cat2,ComponentShadowWEEE,AlAndAlAlloys,Ag,e-m,0.144177078882436,%,1
OBS,2020,EU27+4,WEEE_generatedDedicated,WEEE_Cat2,ComponentShadowWEEE,AlAndAlAlloys,As,e-m,0.0767961161140848,%,2
OBS,2020,EU27+4,WEEE_generatedDedicated,WEEE_Cat2,ComponentShadowWEEE,AlAndAlAlloys,Cu,e-m,0.206653528522502,%,1
OBS,2020,EU27+4,WEEE_generatedDedicated,WEEE_Cat2,ComponentShadowWEEE,AlAndAlAlloys,Ga,e-m,0.290307179690462,%,3
OBS,2020,EU27+4,WEEE_generatedDedicated,WEEE_Cat2,ComponentShadowWEEE,AlAndAlAlloys,Mn,e-m,0.0527670078686115,%,2
OBS,2020,EU27+4,WEEE_generatedDedicated,WEEE_Cat2,ComponentShadowWEEE,AlAndAlAlloys,Mo,e-m,0.109437389195363,%,3
OBS,2020,EU27+4,WEEE_generatedDedicated,WEEE_Cat2,ComponentShadowWEEE,AlAndAlAlloys,Sm,e-m,0.11986169972654,%,3
OBS,2020,EU27+4,WEEE_generatedDedicated,WEEE_Cat2,ComponentShadowWEEE,AlAndAlAlloys,,m-c,0.217165811916026,%,2
OBS,2020,EU27+4,WEEE_generatedDedicated,WEEE_Cat2,ComponentShadowWEEE,CuAndCuAlloys,Ag,e-m,0.337281354326141,%,2
OBS,2020,EU27+4,WEEE_generatedDedicated,WEEE_Cat2,ComponentShadowWEEE,CuAndCuAlloys,Dy,e-m,0.618450030505843,%,3
OBS,2020,EU27+4,WEEE_generatedDedicated,WEEE_Cat2,ComponentShadowWEEE,CuAndCuAlloys,Zr,e-m,0.0442686151680167,%,2
OBS,2020,EU27+4,WEEE_generatedDedicated,WEEE_Cat2,ComponentShadowWEEE,CuAndCuAlloys,,m-c,0.0756470306257303,%,1
OBS,2020,EU27+4,WEEE_generatedDedicated,WEEE_Cat2,ComponentShadowWEEE,MaterialShadowWEEE,,m-c,0.0010850661275761,%,2
OBS,2020,EU27+4,WEEE_generatedDedicated,WEEE_Cat2,ComponentShadowWEEE,aggregateBinderMixedMaterials,Ag,e-m,1,%,1
OBS,2020,EU27+4,WEEE_generatedDedicated,WEEE_Cat2,ComponentShadowWEEE,aggregateBinderMixedMaterials,,m-c,0.0107612428031406,%,2
OBS,2020,EU27+4,WEEE_generatedDedicated,WEEE_Cat2,ComponentShadowWEEE,ferrousMetals,Ag,e-m,0.0933610718864258,%,3
OBS,2020,EU27+4,WEEE_generatedDedicated,WEEE_Cat2,ComponentShadowWEEE,ferrousMetals,Ca,e-m,0.0787413356708065,%,2
OBS,2020,EU27+4,WEEE_generatedDedicated,WEEE_Cat2,ComponentShadowWEEE,ferrousMetals,Cu,e-m,0.177504780879387,%,2
OBS,2020,EU27+4,WEEE_generatedDedicated,WEEE_Cat2,ComponentShadowWEEE,ferrousMetals,Ga,e-m,0.0466653236984213,%,1
OBS,2020,EU27+4,WEEE_generatedDedicated,WEEE_Cat2,ComponentShadowWEEE,ferrousMetals,Mo,e-m,0.362731503483803,%,1
OBS,2020,EU27+4,WEEE_generatedDedicated,WEEE_Cat2,ComponentShadowWEEE,ferrousMetals,O,e-m,0.112297640502782,%,3
OBS,2020,EU27+4,WEEE_generatedDedicated,WEEE_Cat2,ComponentShadowWEEE,ferrousMetals,Sm,e-m,0.128698343878375,%,1
OBS,2020,EU27+4,WEEE_generatedDedicated,WEEE_Cat2,ComponentShadowWEEE,ferrousMetals,,m-c,0.0867561526858026,%,3
OBS,2020,EU27+4,WEEE_generatedDedicated,WEEE_Cat2,ComponentShadowWEEE,glass,Ag,e-m,0.0190347118672157,%,3
OBS,2020,EU27+4,WEEE_generatedDedicated,WEEE_Cat2,ComponentShadowWEEE,glass,Pd,e-m,0.220030379866675,%,1
OBS,2020,EU27+4,WEEE_generatedDedicated,WEEE_Cat2,ComponentShadowWEEE,glass,Sc,e-m,0.467815388035589,%,1
OBS,2020,EU27+4,WEEE_generatedDedicated,WEEE_Cat2,ComponentShadowWEEE,glass,Zr,e-m,0.29311952023052,%,3
OBS,2020,EU27+4,WEEE_generatedDedicated,WEEE_Cat2,ComponentShadowWEEE,glass,,m-c,0.0689213199126404,%,2
OBS,2020,EU27+4,WEEE_generatedDedicated,WEEE_Cat2,ComponentShadowWEEE,glassAndCeramics,Ag,e-m,0.124675283599722,%,2
OBS,2020,EU27+4,WEEE_generatedDedicated,WEEE_Cat2,ComponentShadowWEEE,glassAndCeramics,Pd,e-m,0.20905372192514,%,3
OBS,2020,EU27+4,WEEE_generatedDedicated,WEEE_Cat2,ComponentShadowWEEE,glassAndCeramics,Sc,e-m,0.272122520240381,%,1
OBS,2020,EU27+4,WEEE_generatedDedicated,WEEE_Cat2,ComponentShadowWEEE,glassAndCeramics,Zr,e-m,0.394148474234756,%,1
OBS,2020,EU27+4,WEEE_generatedDedicated,WEEE_Cat2,ComponentShadowWEEE,glassAndCeramics,,m-c,0.047362910420062,%,1
OBS,2020,EU27+4,WEEE_generatedDedicated,WEEE_Cat2,ComponentShadowWEEE,,,c-p,0.0230781300655977,%,3
OBS,2020,EU27+4,WEEE_generatedDedicated,WEEE_Cat2,ComponentShadowWEEE,non-ferrousMetals,Ag,e-m,0.0800805034241706,%,3
OBS,2020,EU27+4,WEEE_generatedDedicated,WEEE_Cat2,ComponentShadowWEEE,non-ferrousMetals,Al,e-m,0.149325173150712,%,1
OBS,2020,EU27+4,WEEE_generatedDedicated,WEEE_Cat2,ComponentShadowWEEE,non-ferrousMetals,As,e-m,0.0884417375808247,%,3
OBS,2020,EU27+4,WEEE_generatedDedicated,WEEE_Cat2,ComponentShadowWEEE,non-ferrousMetals,Ca,e-m,0.0014066497771456,%,2
OBS,2020,EU27+4,WEEE_generatedDedicated,WEEE_Cat2,ComponentShadowWEEE,non-ferrousMetals,Cl,e-m,0.0039857934017729,%,1
OBS,2020,EU27+4,WEEE_generatedDedicated,WEEE_Cat2,ComponentShadowWEEE,non-ferrousMetals,Cu,e-m,0.0018721172773867,%,3
OBS,2020,EU27+4,WEEE_generatedDedicated,WEEE_Cat2,ComponentShadowWEEE,non-ferrousMetals,Dy,e-m,0.057501466245642,%,1
OBS,2020,EU27+4,WEEE_generatedDedicated,WEEE_Cat2,ComponentShadowWEEE,non-ferrousMetals,Ga,e-m,0.0456814561839394,%,1
OBS,2020,EU27+4,WEEE_generatedDedicated,WEEE_Cat2,ComponentShadowWEEE,non-ferrousMetals,Mn,e-m,0.0497823804876309,%,1
OBS,2020,EU27+4,WEEE_generatedDedicated,WEEE_Cat2,ComponentShadowWEEE,non-ferrousMetals,Mo,e-m,0.103121901862582,%,2
OBS,2020,EU27+4,WEEE_generatedDedicated,WEEE_Cat2,ComponentShadowWEEE,non-ferrousMetals,O,e-m,0.0357083372341442,%,3
OBS,2020,EU27+4,WEEE_generatedDedicated,WEEE_Cat2,ComponentShadowWEEE,non-ferrousMetals,Pd,e-m,0.223758971543682,%,1
OBS,2020,EU27+4,WEEE_generatedDedicated,WEEE_Cat2,ComponentShadowWEEE,non-ferrousMetals,Sm,e-m,0.130325429696132,%,3
OBS,2020,EU27+4,WEEE_generatedDedicated,WEEE_Cat2,ComponentShadowWEEE,non-ferrousMetals,Sr,e-m,0.0122262255959204,%,1
OBS,2020,EU27+4,WEEE_generatedDedicated,WEEE_Cat2,ComponentShadowWEEE,non-ferrousMetals,Zr,e-m,0.0167818565383151,%,3
OBS,2020,EU27+4,WEEE_generatedDedicated,WEEE_Cat2,ComponentShadowWEEE,non-ferrousMetals,,m-c,0.0052619370389067,%,2
OBS,2020,EU27+4,WEEE_generatedDedicated,WEEE_Cat2,ComponentShadowWEEE,otherMetalsAndMetalAlloys,Ag,e-m,0.732237033490259,%,2
OBS,2020,EU27+4,WEEE_generatedDedicated,WEEE_Cat2,ComponentShadowWEEE,otherMetalsAndMetalAlloys,Al,e-m,0.0473741893953902,%,1
OBS,2020,EU27+4,WEEE_generatedDedicated,WEEE_Cat2,ComponentShadowWEEE,otherMetalsAndMetalAlloys,Dy,e-m,0.220388777114351,%,2
OBS,2020,EU27+4,WEEE_generatedDedicated,WEEE_Cat2,ComponentShadowWEEE,otherMetalsAndMetalAlloys,,m-c,0.224368404760286,%,3
OBS,2020,EU27+4,WEEE_generatedDedicated,WEEE_Cat2,ComponentShadowWEEE,otherMinerals,Ag,e-m,0.0831534050573155,%,2
OBS,2020,EU27+4,WEEE_generatedDedicated,WEEE_Cat2,ComponentShadowWEEE,otherMinerals,Pd,e-m,0.421399174512796,%,2
OBS,2020,EU27+4,WEEE_generatedDedicated,WEEE_Cat2,ComponentShadowWEEE,otherMinerals,Sc,e-m,0.26538631385698,%,2
OBS,2020,EU27+4,WEEE_generatedDedicated,WEEE_Cat2,ComponentShadowWEEE,otherMinerals,Zr,e-m,0.230061106572909,%,3
OBS,2020,EU27+4,WEEE_generatedDedicated,WEEE_Cat2,ComponentShadowWEEE,otherMinerals,,m-c,0.113703271662604,%,3
OBS,2020,EU27+4,WEEE_generatedDedicated,WEEE_Cat2,ComponentShadowWEEE,otherOrUndefinedMaterials,Ag,e-m,1,%,2
OBS,2020,EU27+4,WEEE_generatedDedicated,WEEE_Cat2,ComponentShadowWEEE,otherOrUndefinedMaterials,,m-c,0.0122554075967348,%,3
OBS,2020,EU27+4,WEEE_generatedDedicated,WEEE_Cat2,ComponentShadowWEEE,otherOrganics,Ag,e-m,1,%,1
OBS,2020,EU27+4,WEEE_generatedDedicated,WEEE_Cat2,ComponentShadowWEEE,otherOrganics,,m-c,0.0411238308058775,%,1
OBS,2020,EU27+4,WEEE_generatedDedicated,WEEE_Cat2,ComponentShadowWEEE,plastics,Ag,e-m,1,%,3
OBS,2020,EU27+4,WEEE_generatedDedicated,WEEE_Cat2,ComponentShadowWEEE,plastics,,m-c,0.0281407883612776,%,1
OBS,2020,EU27+4,WEEE_generatedDedicated,WEEE_Cat2,ComponentShadowWEEE,undefinedAndMixedMaterials,Ag,e-m,1,%,2
OBS,2020,EU27+4,WEEE_generatedDedicated,WEEE_Cat2,ComponentShadowWEEE,undefinedAndMixedMaterials,,m-c,0.0059919962538539,%,1
OBS,2020,EU27+4,WEEE_generatedDedicated,WEEE_Cat2,ComponentShadowWEEE,wood,Ag,e-m,1,%,1
OBS,2020,EU27+4,WEEE_generatedDedicated,WEEE_Cat2,ComponentShadowWEEE,wood,,m-c,0.0614548290294819,%,1
OBS,2020,EU27+4,WEEE_generatedDedicated,WEEE_Cat2,ConductivitySensor,CuAndCuAlloys,,m-c,0.280361227727798,%,1
OBS,2020,EU27+4,WEEE_generatedDedicated,WEEE_Cat2,ConductivitySensor,ferrousMetals,,m-c,0.719638772272202,%,2
OBS,2020,EU27+4,WEEE_generatedDedicated,WEEE_Cat2,ConductivitySensor,,,c-p,0.009100582528878,%,2
OBS,2020,EU27+4,WEEE_generatedDedicated,WEEE_Cat2,LED,,,c-p,0.0045472911823717,%,1
OBS,2020,EU27+4,WEEE_generatedDedicated,WEEE_Cat2,LidarSensor (&lt;15cm),AlAndAlAlloys,Ag,e-m,0.0783161914759654,%,1
OBS,2020,EU27+4,WEEE_generatedDedicated,WEEE_Cat2,LidarSensor (&lt;15cm),AlAndAlAlloys,As,e-m,0.106920040718271,%,3
OBS,2020,EU27+4,WEEE_generatedDedicated,WEEE_Cat2,LidarSensor (&lt;15cm),AlAndAlAlloys,Cu,e-m,0.214832904237294,%,3
OBS,2020,EU27+4,WEEE_generatedDedicated,WEEE_Cat2,LidarSensor (&lt;15cm),AlAndAlAlloys,Ga,e-m,0.160927206241013,%,1
OBS,2020,EU27+4,WEEE_generatedDedicated,WEEE_Cat2,LidarSensor (&lt;15cm),AlAndAlAlloys,Mn,e-m,0.121953620750898,%,2
OBS,2020,EU27+4,WEEE_generatedDedicated,WEEE_Cat2,LidarSensor (&lt;15cm),AlAndAlAlloys,Mo,e-m,0.291917665414368,%,3
OBS,2020,EU27+4,WEEE_generatedDedicated,WEEE_Cat2,LidarSensor (&lt;15cm),AlAndAlAlloys,Sm,e-m,0.0251323711621907,%,3
OBS,2020,EU27+4,WEEE_generatedDedicated,WEEE_Cat2,LidarSensor (&lt;15cm),AlAndAlAlloys,,m-c,0.145826216308429,%,1
OBS,2020,EU27+4,WEEE_generatedDedicated,WEEE_Cat2,LidarSensor (&lt;15cm),CuAndCuAlloys,Ag,e-m,0.535455777086085,%,1
OBS,2020,EU27+4,WEEE_generatedDedicated,WEEE_Cat2,LidarSensor (&lt;15cm),CuAndCuAlloys,Dy,e-m,0.161275303139943,%,1
OBS,2020,EU27+4,WEEE_generatedDedicated,WEEE_Cat2,LidarSensor (&lt;15cm),CuAndCuAlloys,Zr,e-m,0.303268919773972,%,1
OBS,2020,EU27+4,WEEE_generatedDedicated,WEEE_Cat2,LidarSensor (&lt;15cm),CuAndCuAlloys,,m-c,0.0019499871270314,%,2
OBS,2020,EU27+4,WEEE_generatedDedicated,WEEE_Cat2,LidarSensor (&lt;15cm),ferrousMetals,Ag,e-m,0.645450564192813,%,1
OBS,2020,EU27+4,WEEE_generatedDedicated,WEEE_Cat2,LidarSensor (&lt;15cm),ferrousMetals,Ca,e-m,0.0127848379316096,%,2
OBS,2020,EU27+4,WEEE_generatedDedicated,WEEE_Cat2,LidarSensor (&lt;15cm),ferrousMetals,Cu,e-m,0.0774212143898126,%,1
OBS,2020,EU27+4,WEEE_generatedDedicated,WEEE_Cat2,LidarSensor (&lt;15cm),ferrousMetals,Ga,e-m,0.0684504026001111,%,3
OBS,2020,EU27+4,WEEE_generatedDedicated,WEEE_Cat2,LidarSensor (&lt;15cm),ferrousMetals,Mo,e-m,0.0516465354363976,%,1
OBS,2020,EU27+4,WEEE_generatedDedicated,WEEE_Cat2,LidarSensor (&lt;15cm),ferrousMetals,O,e-m,0.019824551131507,%,3
OBS,2020,EU27+4,WEEE_generatedDedicated,WEEE_Cat2,LidarSensor (&lt;15cm),ferrousMetals,Sm,e-m,0.124421894317749,%,2
OBS,2020,EU27+4,WEEE_generatedDedicated,WEEE_Cat2,LidarSensor (&lt;15cm),ferrousMetals,,m-c,0.314497706493535,%,2
OBS,2020,EU27+4,WEEE_generatedDedicated,WEEE_Cat2,LidarSensor (&lt;15cm),glass,Ag,e-m,0.131618773659114,%,3
OBS,2020,EU27+4,WEEE_generatedDedicated,WEEE_Cat2,LidarSensor (&lt;15cm),glass,Pd,e-m,0.282042263714586,%,1
OBS,2020,EU27+4,WEEE_generatedDedicated,WEEE_Cat2,LidarSensor (&lt;15cm),glass,Sc,e-m,0.561619765767209,%,1
OBS,2020,EU27+4,WEEE_generatedDedicated,WEEE_Cat2,LidarSensor (&lt;15cm),glass,Zr,e-m,0.0247191968590916,%,3
OBS,2020,EU27+4,WEEE_generatedDedicated,WEEE_Cat2,LidarSensor (&lt;15cm),glass,,m-c,0.409366151588611,%,1
OBS,2020,EU27+4,WEEE_generatedDedicated,WEEE_Cat2,LidarSensor (&lt;15cm),,,c-p,0.0430048361312106,%,1
OBS,2020,EU27+4,WEEE_generatedDedicated,WEEE_Cat2,LidarSensor (&lt;15cm),plastics,Ag,e-m,1,%,3
OBS,2020,EU27+4,WEEE_generatedDedicated,WEEE_Cat2,LidarSensor (&lt;15cm),plastics,,m-c,0.128359938482393,%,3
OBS,2020,EU27+4,WEEE_generatedDedicated,WEEE_Cat2,MagnetSensor,CuAndCuAlloys,Ag,e-m,0.096074624093412,%,3
OBS,2020,EU27+4,WEEE_generatedDedicated,WEEE_Cat2,MagnetSensor,CuAndCuAlloys,Dy,e-m,0.82972761438111,%,3
OBS,2020,EU27+4,WEEE_generatedDedicated,WEEE_Cat2,MagnetSensor,CuAndCuAlloys,Zr,e-m,0.0741977615254781,%,3
OBS,2020,EU27+4,WEEE_generatedDedicated,WEEE_Cat2,MagnetSensor,CuAndCuAlloys,,m-c,0.731483859707118,%,2
OBS,2020,EU27+4,WEEE_generatedDedicated,WEEE_Cat2,MagnetSensor,ferrousMetals,Ag,e-m,0.348349785977145,%,2
OBS,2020,EU27+4,WEEE_generatedDedicated,WEEE_Cat2,MagnetSensor,ferrousMetals,Ca,e-m,0.177022852288523,%,1
OBS,2020,EU27+4,WEEE_generatedDedicated,WEEE_Cat2,MagnetSensor,ferrousMetals,Ga,e-m,0.140494938179651,%,1
OBS,2020,EU27+4,WEEE_generatedDedicated,WEEE_Cat2,MagnetSensor,ferrousMetals,Mo,e-m,0.104982517541918,%,3
OBS,2020,EU27+4,WEEE_generatedDedicated,WEEE_Cat2,MagnetSensor,ferrousMetals,Sm,e-m,0.229149906012762,%,3
OBS,2020,EU27+4,WEEE_generatedDedicated,WEEE_Cat2,MagnetSensor,ferrousMetals,,m-c,0.0253000174565474,%,1
OBS,2020,EU27+4,WEEE_generatedDedicated,WEEE_Cat2,MagnetSensor,,,c-p,0.0012883349087463,%,1
OBS,2020,EU27+4,WEEE_generatedDedicated,WEEE_Cat2,MagnetSensor,plastics,Ag,e-m,1,%,3
OBS,2020,EU27+4,WEEE_generatedDedicated,WEEE_Cat2,MagnetSensor,plastics,,m-c,0.243216122836334,%,1
OBS,2020,EU27+4,WEEE_generatedDedicated,WEEE_Cat2,PCBWEEECat,,,c-p,0.0040730017873503,%,3
OBS,2020,EU27+4,WEEE_generatedDedicated,WEEE_Cat2,PCBWEEECat,otherOrUndefinedMaterials,Ag,e-m,1,%,3
OBS,2020,EU27+4,WEEE_generatedDedicated,WEEE_Cat2,PCBWEEECat,otherOrUndefinedMaterials,,m-c,1,%,3
OBS,2020,EU27+4,WEEE_generatedDedicated,WEEE_Cat2,PCBunspecified,ferrousMetals,Ag,e-m,0.0716291199589079,%,1
OBS,2020,EU27+4,WEEE_generatedDedicated,WEEE_Cat2,PCBunspecified,ferrousMetals,Cu,e-m,0.112762197360388,%,1
OBS,2020,EU27+4,WEEE_generatedDedicated,WEEE_Cat2,PCBunspecified,ferrousMetals,Ga,e-m,0.170328405185853,%,3
OBS,2020,EU27+4,WEEE_generatedDedicated,WEEE_Cat2,PCBunspecified,ferrousMetals,Mo,e-m,0.211413714366262,%,3
OBS,2020,EU27+4,WEEE_generatedDedicated,WEEE_Cat2,PCBunspecified,ferrousMetals,O,e-m,0.329789697256565,%,2
OBS,2020,EU27+4,WEEE_generatedDedicated,WEEE_Cat2,PCBunspecified,ferrousMetals,Sm,e-m,0.104076865872025,%,1
OBS,2020,EU27+4,WEEE_generatedDedicated,WEEE_Cat2,PCBunspecified,ferrousMetals,,m-c,1,%,1
OBS,2020,EU27+4,WEEE_generatedDedicated,WEEE_Cat2,PCBunspecified,,,c-p,0.0047136354091106,%,3
OBS,2020,EU27+4,WEEE_generatedDedicated,WEEE_Cat2,PVBacksheet,,,c-p,0.0160831526873106,%,3
OBS,2020,EU27+4,WEEE_generatedDedicated,WEEE_Cat2,PVBacksheet,plasticComposites,Ag,e-m,1,%,1
OBS,2020,EU27+4,WEEE_generatedDedicated,WEEE_Cat2,PVBacksheet,plasticComposites,,m-c,0.993197130477941,%,3
OBS,2020,EU27+4,WEEE_generatedDedicated,WEEE_Cat2,PVBacksheet,plastics,Ag,e-m,1,%,1
OBS,2020,EU27+4,WEEE_generatedDedicated,WEEE_Cat2,PVBacksheet,plastics,,m-c,0.0068028695220593,%,3
OBS,2020,EU27+4,WEEE_generatedDedicated,WEEE_Cat2,PVEncapsulationEVA,,,c-p,0.0166993984437497,%,1
OBS,2020,EU27+4,WEEE_generatedDedicated,WEEE_Cat2,PVEncapsulationEVA,plastics,Ag,e-m,1,%,2
OBS,2020,EU27+4,WEEE_generatedDedicated,WEEE_Cat2,PVEncapsulationEVA,plastics,,m-c,1,%,3
OBS,2020,EU27+4,WEEE_generatedDedicated,WEEE_Cat2,PVFrameAl,CuAndCuAlloys,Ag,e-m,0.295923128822237,%,2
OBS,2020,EU27+4,WEEE_generatedDedicated,WEEE_Cat2,PVFrameAl,CuAndCuAlloys,As,e-m,0.433060638182428,%,1
OBS,2020,EU27+4,WEEE_generatedDedicated,WEEE_Cat2,PVFrameAl,CuAndCuAlloys,Cu,e-m,0.108897297029588,%,1
OBS,2020,EU27+4,WEEE_generatedDedicated,WEEE_Cat2,PVFrameAl,CuAndCuAlloys,Ga,e-m,0.08904140878402,%,1
OBS,2020,EU27+4,WEEE_generatedDedicated,WEEE_Cat2,PVFrameAl,CuAndCuAlloys,Mn,e-m,0.0631713670816628,%,2
OBS,2020,EU27+4,WEEE_generatedDedicated,WEEE_Cat2,PVFrameAl,CuAndCuAlloys,Mo,e-m,0.0067798929756195,%,1
OBS,2020,EU27+4,WEEE_generatedDedicated,WEEE_Cat2,PVFrameAl,CuAndCuAlloys,Sm,e-m,0.0031262671244455,%,2
OBS,2020,EU27+4,WEEE_generatedDedicated,WEEE_Cat2,PVFrameAl,CuAndCuAlloys,,m-c,1,%,2
OBS,2020,EU27+4,WEEE_generatedDedicated,WEEE_Cat2,PVFrameAl,,,c-p,0.0066768171022109,%,3
OBS,2020,EU27+4,WEEE_generatedDedicated,WEEE_Cat2,PVSolarGlass,glass,Ag,e-m,0.0507185789134752,%,1
OBS,2020,EU27+4,WEEE_generatedDedicated,WEEE_Cat2,PVSolarGlass,glass,Pd,e-m,0.133410630689131,%,1
OBS,2020,EU27+4,WEEE_generatedDedicated,WEEE_Cat2,PVSolarGlass,glass,Sc,e-m,0.687707947075818,%,1
OBS,2020,EU27+4,WEEE_generatedDedicated,WEEE_Cat2,PVSolarGlass,glass,Zr,e-m,0.128162843321577,%,2
OBS,2020,EU27+4,WEEE_generatedDedicated,WEEE_Cat2,PVSolarGlass,glass,,m-c,1,%,2
OBS,2020,EU27+4,WEEE_generatedDedicated,WEEE_Cat2,PVSolarGlass,,,c-p,0.0045593620176082,%,3
OBS,2020,EU27+4,WEEE_generatedDedicated,WEEE_Cat2,PVcellSi,,,c-p,0.0041281734757821,%,1
OBS,2020,EU27+4,WEEE_generatedDedicated,WEEE_Cat2,PVcellSi,otherOrUndefinedMaterials,Ag,e-m,1,%,2
OBS,2020,EU27+4,WEEE_generatedDedicated,WEEE_Cat2,PVcellSi,otherOrUndefinedMaterials,,m-c,1,%,1
OBS,2020,EU27+4,WEEE_generatedDedicated,WEEE_Cat2,WEEEEvaporator,CuAndCuAlloys,Ag,e-m,0.312684871951362,%,2
OBS,2020,EU27+4,WEEE_generatedDedicated,WEEE_Cat2,WEEEEvaporator,CuAndCuAlloys,Dy,e-m,0.338409926214505,%,2
OBS,2020,EU27+4,WEEE_generatedDedicated,WEEE_Cat2,WEEEEvaporator,CuAndCuAlloys,Zr,e-m,0.348905201834132,%,3
OBS,2020,EU27+4,WEEE_generatedDedicated,WEEE_Cat2,WEEEEvaporator,CuAndCuAlloys,,m-c,0.446601701702635,%,3
OBS,2020,EU27+4,WEEE_generatedDedicated,WEEE_Cat2,WEEEEvaporator,,,c-p,0.0052314211569017,%,2
OBS,2020,EU27+4,WEEE_generatedDedicated,WEEE_Cat2,WEEEEvaporator,steelAndSteelAlloys,Ag,e-m,0.136347476613502,%,1
OBS,2020,EU27+4,WEEE_generatedDedicated,WEEE_Cat2,WEEEEvaporator,steelAndSteelAlloys,Cu,e-m,0.102819493351244,%,3
OBS,2020,EU27+4,WEEE_generatedDedicated,WEEE_Cat2,WEEEEvaporator,steelAndSteelAlloys,Ga,e-m,0.030133856344422,%,2
OBS,2020,EU27+4,WEEE_generatedDedicated,WEEE_Cat2,WEEEEvaporator,steelAndSteelAlloys,Mo,e-m,0.551359006896059,%,1
OBS,2020,EU27+4,WEEE_generatedDedicated,WEEE_Cat2,WEEEEvaporator,steelAndSteelAlloys,O,e-m,0.039670543519393,%,2
OBS,2020,EU27+4,WEEE_generatedDedicated,WEEE_Cat2,WEEEEvaporator,steelAndSteelAlloys,Sm,e-m,0.13966962327538,%,2
OBS,2020,EU27+4,WEEE_generatedDedicated,WEEE_Cat2,WEEEEvaporator,steelAndSteelAlloys,,m-c,0.553398298297365,%,2
OBS,2020,EU27+4,WEEE_generatedDedicated,WEEE_Cat2,brush,AlAndAlAlloys,Ag,e-m,0.0896907949374958,%,2
OBS,2020,EU27+4,WEEE_generatedDedicated,WEEE_Cat2,brush,AlAndAlAlloys,As,e-m,0.170025983509043,%,2
OBS,2020,EU27+4,WEEE_generatedDedicated,WEEE_Cat2,brush,AlAndAlAlloys,Cu,e-m,0.0524343847668683,%,3
OBS,2020,EU27+4,WEEE_generatedDedicated,WEEE_Cat2,brush,AlAndAlAlloys,Ga,e-m,0.495011786466362,%,1
OBS,2020,EU27+4,WEEE_generatedDedicated,WEEE_Cat2,brush,AlAndAlAlloys,Mn,e-m,0.034842869112074,%,2
OBS,2020,EU27+4,WEEE_generatedDedicated,WEEE_Cat2,brush,AlAndAlAlloys,Mo,e-m,0.0930772620174037,%,2
OBS,2020,EU27+4,WEEE_generatedDedicated,WEEE_Cat2,brush,AlAndAlAlloys,Sm,e-m,0.064916919190754,%,2
OBS,2020,EU27+4,WEEE_generatedDedicated,WEEE_Cat2,brush,AlAndAlAlloys,,m-c,0.371358263329076,%,1
OBS,2020,EU27+4,WEEE_generatedDedicated,WEEE_Cat2,brush,ferrousMetals,Ag,e-m,0.3675649170568,%,3
OBS,2020,EU27+4,WEEE_generatedDedicated,WEEE_Cat2,brush,ferrousMetals,Ca,e-m,0.0922602668203252,%,3
OBS,2020,EU27+4,WEEE_generatedDedicated,WEEE_Cat2,brush,ferrousMetals,Ga,e-m,0.193127314989966,%,2
OBS,2020,EU27+4,WEEE_generatedDedicated,WEEE_Cat2,brush,ferrousMetals,Mo,e-m,0.0380175563588071,%,2
OBS,2020,EU27+4,WEEE_generatedDedicated,WEEE_Cat2,brush,ferrousMetals,Sm,e-m,0.309029944774101,%,2
OBS,2020,EU27+4,WEEE_generatedDedicated,WEEE_Cat2,brush,ferrousMetals,,m-c,0.0360861771407539,%,2
OBS,2020,EU27+4,WEEE_generatedDedicated,WEEE_Cat2,brush,,,c-p,0.0168489014499256,%,1
OBS,2020,EU27+4,WEEE_generatedDedicated,WEEE_Cat2,brush,plastics,Ag,e-m,1,%,3
OBS,2020,EU27+4,WEEE_generatedDedicated,WEEE_Cat2,brush,plastics,,m-c,0.59255555953017,%,1
OBS,2020,EU27+4,WEEE_generatedDedicated,WEEE_Cat2,cableUnspecified,AlAndAlAlloys,Ag,e-m,0.0317622523985862,%,2
OBS,2020,EU27+4,WEEE_generatedDedicated,WEEE_Cat2,cableUnspecified,AlAndAlAlloys,As,e-m,0.0138358191459723,%,2
OBS,2020,EU27+4,WEEE_generatedDedicated,WEEE_Cat2,cableUnspecified,AlAndAlAlloys,Cu,e-m,0.348695137885559,%,2
OBS,2020,EU27+4,WEEE_generatedDedicated,WEEE_Cat2,cableUnspecified,AlAndAlAlloys,Ga,e-m,0.053726592962913,%,3
OBS,2020,EU27+4,WEEE_generatedDedicated,WEEE_Cat2,cableUnspecified,AlAndAlAlloys,Mn,e-m,0.0821976603973514,%,2
OBS,2020,EU27+4,WEEE_generatedDedicated,WEEE_Cat2,cableUnspecified,AlAndAlAlloys,Mo,e-m,0.166484051231556,%,3
OBS,2020,EU27+4,WEEE_generatedDedicated,WEEE_Cat2,cableUnspecified,AlAndAlAlloys,Sm,e-m,0.303298485978062,%,2
OBS,2020,EU27+4,WEEE_generatedDedicated,WEEE_Cat2,cableUnspecified,AlAndAlAlloys,,m-c,0.0446263745728556,%,2
OBS,2020,EU27+4,WEEE_generatedDedicated,WEEE_Cat2,cableUnspecified,CuAndCuAlloys,Ag,e-m,0.0551495000029333,%,2
OBS,2020,EU27+4,WEEE_generatedDedicated,WEEE_Cat2,cableUnspecified,CuAndCuAlloys,Dy,e-m,0.921900374968375,%,3
OBS,2020,EU27+4,WEEE_generatedDedicated,WEEE_Cat2,cableUnspecified,CuAndCuAlloys,Zr,e-m,0.0229501250286912,%,3
OBS,2020,EU27+4,WEEE_generatedDedicated,WEEE_Cat2,cableUnspecified,CuAndCuAlloys,,m-c,0.825693559551427,%,1
OBS,2020,EU27+4,WEEE_generatedDedicated,WEEE_Cat2,cableUnspecified,ferrousMetals,Ag,e-m,0.0586030889082258,%,1
OBS,2020,EU27+4,WEEE_generatedDedicated,WEEE_Cat2,cableUnspecified,ferrousMetals,Cu,e-m,0.0551214622689464,%,1
OBS,2020,EU27+4,WEEE_generatedDedicated,WEEE_Cat2,cableUnspecified,ferrousMetals,Ga,e-m,0.16736401464444,%,3
OBS,2020,EU27+4,WEEE_generatedDedicated,WEEE_Cat2,cableUnspecified,ferrousMetals,Mo,e-m,0.0720799566744851,%,3
OBS,2020,EU27+4,WEEE_generatedDedicated,WEEE_Cat2,cableUnspecified,ferrousMetals,O,e-m,0.328822981043409,%,2
OBS,2020,EU27+4,WEEE_generatedDedicated,WEEE_Cat2,cableUnspecified,ferrousMetals,Sm,e-m,0.318008496460494,%,1
OBS,2020,EU27+4,WEEE_generatedDedicated,WEEE_Cat2,cableUnspecified,ferrousMetals,,m-c,0.0771150917930382,%,1
OBS,2020,EU27+4,WEEE_generatedDedicated,WEEE_Cat2,cableUnspecified,,,c-p,0.0012740430477276,%,3
OBS,2020,EU27+4,WEEE_generatedDedicated,WEEE_Cat2,cableUnspecified,plastics,Ag,e-m,1,%,1
OBS,2020,EU27+4,WEEE_generatedDedicated,WEEE_Cat2,cableUnspecified,plastics,,m-c,0.0525649740826789,%,1
OBS,2020,EU27+4,WEEE_generatedDedicated,WEEE_Cat2,cableWOPlug,,,c-p,0.0035832987156301,%,2
OBS,2020,EU27+4,WEEE_generatedDedicated,WEEE_Cat2,cableWPlug,AlAndAlAlloys,,m-c,0.0348371555461647,%,3
OBS,2020,EU27+4,WEEE_generatedDedicated,WEEE_Cat2,cableWPlug,ferrousMetals,,m-c,0.727638733972354,%,3
OBS,2020,EU27+4,WEEE_generatedDedicated,WEEE_Cat2,cableWPlug,,,c-p,0.0154702898622627,%,3
OBS,2020,EU27+4,WEEE_generatedDedicated,WEEE_Cat2,cableWPlug,plastics,Ag,e-m,1,%,1
OBS,2020,EU27+4,WEEE_generatedDedicated,WEEE_Cat2,cableWPlug,plastics,,m-c,0.237524110481481,%,1
OBS,2020,EU27+4,WEEE_generatedDedicated,WEEE_Cat2,cableWithConnector,CuAndCuAlloys,Ag,e-m,0.432577466361828,%,2
OBS,2020,EU27+4,WEEE_generatedDedicated,WEEE_Cat2,cableWithConnector,CuAndCuAlloys,Dy,e-m,0.14094273548982,%,1
OBS,2020,EU27+4,WEEE_generatedDedicated,WEEE_Cat2,cableWithConnector,CuAndCuAlloys,Zr,e-m,0.426479798148353,%,3
OBS,2020,EU27+4,WEEE_generatedDedicated,WEEE_Cat2,cableWithConnector,CuAndCuAlloys,,m-c,1,%,3
OBS,2020,EU27+4,WEEE_generatedDedicated,WEEE_Cat2,cables,,,c-p,0.0035802348262652,%,3
OBS,2020,EU27+4,WEEE_generatedDedicated,WEEE_Cat2,cables,otherOrUndefinedMaterials,Ag,e-m,1,%,3
OBS,2020,EU27+4,WEEE_generatedDedicated,WEEE_Cat2,cables,otherOrUndefinedMaterials,,m-c,1,%,1
OBS,2020,EU27+4,WEEE_generatedDedicated,WEEE_Cat2,cablewire,AlAndAlAlloys,Ag,e-m,0.0927914152512921,%,2
OBS,2020,EU27+4,WEEE_generatedDedicated,WEEE_Cat2,cablewire,AlAndAlAlloys,As,e-m,0.204554420287412,%,2
OBS,2020,EU27+4,WEEE_generatedDedicated,WEEE_Cat2,cablewire,AlAndAlAlloys,Cu,e-m,0.0975922596642925,%,2
OBS,2020,EU27+4,WEEE_generatedDedicated,WEEE_Cat2,cablewire,AlAndAlAlloys,Ga,e-m,0.0572537758656694,%,2
OBS,2020,EU27+4,WEEE_generatedDedicated,WEEE_Cat2,cablewire,AlAndAlAlloys,Mn,e-m,0.208398360149275,%,3
OBS,2020,EU27+4,WEEE_generatedDedicated,WEEE_Cat2,cablewire,AlAndAlAlloys,Mo,e-m,0.228739693178893,%,2
OBS,2020,EU27+4,WEEE_generatedDedicated,WEEE_Cat2,cablewire,AlAndAlAlloys,Sm,e-m,0.110670075603165,%,3
OBS,2020,EU27+4,WEEE_generatedDedicated,WEEE_Cat2,cablewire,AlAndAlAlloys,,m-c,0.0943634023729914,%,3
OBS,2020,EU27+4,WEEE_generatedDedicated,WEEE_Cat2,cablewire,CuAndCuAlloys,Ag,e-m,0.0215808985345194,%,3
OBS,2020,EU27+4,WEEE_generatedDedicated,WEEE_Cat2,cablewire,CuAndCuAlloys,Dy,e-m,0.837551601450035,%,3
OBS,2020,EU27+4,WEEE_generatedDedicated,WEEE_Cat2,cablewire,CuAndCuAlloys,Zr,e-m,0.140867500015446,%,2
OBS,2020,EU27+4,WEEE_generatedDedicated,WEEE_Cat2,cablewire,CuAndCuAlloys,,m-c,0.0491126932784251,%,3
OBS,2020,EU27+4,WEEE_generatedDedicated,WEEE_Cat2,cablewire,ferrousMetals,Ag,e-m,0.108600572569158,%,2
OBS,2020,EU27+4,WEEE_generatedDedicated,WEEE_Cat2,cablewire,ferrousMetals,Ca,e-m,0.008847854554944,%,3
OBS,2020,EU27+4,WEEE_generatedDedicated,WEEE_Cat2,cablewire,ferrousMetals,Ga,e-m,0.476750087393121,%,2
OBS,2020,EU27+4,WEEE_generatedDedicated,WEEE_Cat2,cablewire,ferrousMetals,Mo,e-m,0.0229537157066426,%,2
OBS,2020,EU27+4,WEEE_generatedDedicated,WEEE_Cat2,cablewire,ferrousMetals,Sm,e-m,0.382847769776135,%,1
OBS,2020,EU27+4,WEEE_generatedDedicated,WEEE_Cat2,cablewire,ferrousMetals,,m-c,0.342301510667587,%,1
OBS,2020,EU27+4,WEEE_generatedDedicated,WEEE_Cat2,cablewire,,,c-p,0.0130110177313343,%,2
OBS,2020,EU27+4,WEEE_generatedDedicated,WEEE_Cat2,cablewire,plastics,Ag,e-m,1,%,2
OBS,2020,EU27+4,WEEE_generatedDedicated,WEEE_Cat2,cablewire,plastics,,m-c,0.514222393680997,%,3
OBS,2020,EU27+4,WEEE_generatedDedicated,WEEE_Cat2,capElectrolytic,CuAndCuAlloys,Ag,e-m,0.102750742506477,%,2
OBS,2020,EU27+4,WEEE_generatedDedicated,WEEE_Cat2,capElectrolytic,CuAndCuAlloys,Dy,e-m,0.652318130433671,%,1
OBS,2020,EU27+4,WEEE_generatedDedicated,WEEE_Cat2,capElectrolytic,CuAndCuAlloys,Zr,e-m,0.244931127059852,%,3
OBS,2020,EU27+4,WEEE_generatedDedicated,WEEE_Cat2,capElectrolytic,CuAndCuAlloys,,m-c,0.685608694165906,%,1
OBS,2020,EU27+4,WEEE_generatedDedicated,WEEE_Cat2,capElectrolytic,,,c-p,0.0001172200142941,%,3
OBS,2020,EU27+4,WEEE_generatedDedicated,WEEE_Cat2,capElectrolytic,undefinedAndMixedMaterials,Ag,e-m,1,%,3
OBS,2020,EU27+4,WEEE_generatedDedicated,WEEE_Cat2,capElectrolytic,undefinedAndMixedMaterials,,m-c,0.314391305834094,%,3
OBS,2020,EU27+4,WEEE_generatedDedicated,WEEE_Cat2,casingPlasticBased,AlAndAlAlloys,Ag,e-m,0.0299720311235743,%,1
OBS,2020,EU27+4,WEEE_generatedDedicated,WEEE_Cat2,casingPlasticBased,AlAndAlAlloys,As,e-m,0.154878363800924,%,2
OBS,2020,EU27+4,WEEE_generatedDedicated,WEEE_Cat2,casingPlasticBased,AlAndAlAlloys,Cu,e-m,0.165378468417299,%,2
OBS,2020,EU27+4,WEEE_generatedDedicated,WEEE_Cat2,casingPlasticBased,AlAndAlAlloys,Ga,e-m,0.0625115021648958,%,3
OBS,2020,EU27+4,WEEE_generatedDedicated,WEEE_Cat2,casingPlasticBased,AlAndAlAlloys,Mn,e-m,0.210132843512313,%,2
OBS,2020,EU27+4,WEEE_generatedDedicated,WEEE_Cat2,casingPlasticBased,AlAndAlAlloys,Mo,e-m,0.21364373903951,%,3
OBS,2020,EU27+4,WEEE_generatedDedicated,WEEE_Cat2,casingPlasticBased,AlAndAlAlloys,Sm,e-m,0.163483051941483,%,2
OBS,2020,EU27+4,WEEE_generatedDedicated,WEEE_Cat2,casingPlasticBased,AlAndAlAlloys,,m-c,0.0287980981836345,%,1
OBS,2020,EU27+4,WEEE_generatedDedicated,WEEE_Cat2,casingPlasticBased,CuAndCuAlloys,Ag,e-m,0.0050102866740533,%,3
OBS,2020,EU27+4,WEEE_generatedDedicated,WEEE_Cat2,casingPlasticBased,CuAndCuAlloys,Dy,e-m,0.408008834982309,%,1
OBS,2020,EU27+4,WEEE_generatedDedicated,WEEE_Cat2,casingPlasticBased,CuAndCuAlloys,Zr,e-m,0.586980878343638,%,3
OBS,2020,EU27+4,WEEE_generatedDedicated,WEEE_Cat2,casingPlasticBased,CuAndCuAlloys,,m-c,0.0714980355453364,%,1
OBS,2020,EU27+4,WEEE_generatedDedicated,WEEE_Cat2,casingPlasticBased,ferrousMetals,Ag,e-m,0.039989403288323,%,2
OBS,2020,EU27+4,WEEE_generatedDedicated,WEEE_Cat2,casingPlasticBased,ferrousMetals,Ca,e-m,0.233460936381681,%,2
OBS,2020,EU27+4,WEEE_generatedDedicated,WEEE_Cat2,casingPlasticBased,ferrousMetals,Cu,e-m,0.406165630559847,%,1
OBS,2020,EU27+4,WEEE_generatedDedicated,WEEE_Cat2,casingPlasticBased,ferrousMetals,Ga,e-m,0.0398384066030098,%,1
OBS,2020,EU27+4,WEEE_generatedDedicated,WEEE_Cat2,casingPlasticBased,ferrousMetals,Mo,e-m,0.173253860839532,%,2
OBS,2020,EU27+4,WEEE_generatedDedicated,WEEE_Cat2,casingPlasticBased,ferrousMetals,O,e-m,0.0179894307567492,%,2
OBS,2020,EU27+4,WEEE_generatedDedicated,WEEE_Cat2,casingPlasticBased,ferrousMetals,Sm,e-m,0.0893023315708583,%,3
OBS,2020,EU27+4,WEEE_generatedDedicated,WEEE_Cat2,casingPlasticBased,ferrousMetals,,m-c,0.089865686428253,%,2
OBS,2020,EU27+4,WEEE_generatedDedicated,WEEE_Cat2,casingPlasticBased,,,c-p,0.0182605008647571,%,2
OBS,2020,EU27+4,WEEE_generatedDedicated,WEEE_Cat2,casingPlasticBased,otherOrganics,Ag,e-m,1,%,1
OBS,2020,EU27+4,WEEE_generatedDedicated,WEEE_Cat2,casingPlasticBased,otherOrganics,,m-c,0.18525977320333,%,2
OBS,2020,EU27+4,WEEE_generatedDedicated,WEEE_Cat2,casingPlasticBased,plastics,Ag,e-m,1,%,2
OBS,2020,EU27+4,WEEE_generatedDedicated,WEEE_Cat2,casingPlasticBased,plastics,,m-c,0.129479876222478,%,2
OBS,2020,EU27+4,WEEE_generatedDedicated,WEEE_Cat2,casingPlasticBased,polymerPA6GF30,Ag,e-m,1,%,3
OBS,2020,EU27+4,WEEE_generatedDedicated,WEEE_Cat2,casingPlasticBased,polymerPA6GF30,,m-c,0.224848951147803,%,1
OBS,2020,EU27+4,WEEE_generatedDedicated,WEEE_Cat2,casingPlasticBased,polymerPPGF30,Ag,e-m,1,%,3
OBS,2020,EU27+4,WEEE_generatedDedicated,WEEE_Cat2,casingPlasticBased,polymerPPGF30,,m-c,0.0127367818396466,%,3
OBS,2020,EU27+4,WEEE_generatedDedicated,WEEE_Cat2,casingPlasticBased,polymerPPTF30,Ag,e-m,1,%,3
OBS,2020,EU27+4,WEEE_generatedDedicated,WEEE_Cat2,casingPlasticBased,polymerPPTF30,,m-c,0.0842597456573314,%,3
OBS,2020,EU27+4,WEEE_generatedDedicated,WEEE_Cat2,casingPlasticBased,undefinedAndMixedMaterials,,m-c,0.173253051772187,%,1
OBS,2020,EU27+4,WEEE_generatedDedicated,WEEE_Cat2,casingSteelBased,ferrousMetals,Ag,e-m,0.234613547633691,%,1
OBS,2020,EU27+4,WEEE_generatedDedicated,WEEE_Cat2,casingSteelBased,ferrousMetals,Cu,e-m,0.0499290536488037,%,1
OBS,2020,EU27+4,WEEE_generatedDedicated,WEEE_Cat2,casingSteelBased,ferrousMetals,Ga,e-m,0.152773573949018,%,1
OBS,2020,EU27+4,WEEE_generatedDedicated,WEEE_Cat2,casingSteelBased,ferrousMetals,Mo,e-m,0.0077651933041171,%,2
OBS,2020,EU27+4,WEEE_generatedDedicated,WEEE_Cat2,casingSteelBased,ferrousMetals,O,e-m,0.385149012580135,%,2
OBS,2020,EU27+4,WEEE_generatedDedicated,WEEE_Cat2,casingSteelBased,ferrousMetals,Sm,e-m,0.169769618884236,%,2
OBS,2020,EU27+4,WEEE_generatedDedicated,WEEE_Cat2,casingSteelBased,ferrousMetals,,m-c,1,%,2
OBS,2020,EU27+4,WEEE_generatedDedicated,WEEE_Cat2,casingSteelBased,,,c-p,0.0060709477278105,%,3
OBS,2020,EU27+4,WEEE_generatedDedicated,WEEE_Cat2,casingUnspecified,AlAndAlAlloys,Ag,e-m,0.324109175845665,%,3
OBS,2020,EU27+4,WEEE_generatedDedicated,WEEE_Cat2,casingUnspecified,AlAndAlAlloys,As,e-m,0.135318455008129,%,1
OBS,2020,EU27+4,WEEE_generatedDedicated,WEEE_Cat2,casingUnspecified,AlAndAlAlloys,Cu,e-m,0.159536018103988,%,2
OBS,2020,EU27+4,WEEE_generatedDedicated,WEEE_Cat2,casingUnspecified,AlAndAlAlloys,Ga,e-m,0.104361063022837,%,3
OBS,2020,EU27+4,WEEE_generatedDedicated,WEEE_Cat2,casingUnspecified,AlAndAlAlloys,Mn,e-m,0.0018221772816846,%,3
OBS,2020,EU27+4,WEEE_generatedDedicated,WEEE_Cat2,casingUnspecified,AlAndAlAlloys,Mo,e-m,0.203344262399896,%,3
OBS,2020,EU27+4,WEEE_generatedDedicated,WEEE_Cat2,casingUnspecified,AlAndAlAlloys,Sm,e-m,0.0715088483377995,%,1
OBS,2020,EU27+4,WEEE_generatedDedicated,WEEE_Cat2,casingUnspecified,AlAndAlAlloys,,m-c,0.170587309523499,%,2
OBS,2020,EU27+4,WEEE_generatedDedicated,WEEE_Cat2,casingUnspecified,CuAndCuAlloys,Ag,e-m,0.482322423211361,%,3
OBS,2020,EU27+4,WEEE_generatedDedicated,WEEE_Cat2,casingUnspecified,CuAndCuAlloys,Dy,e-m,0.135367669168063,%,2
OBS,2020,EU27+4,WEEE_generatedDedicated,WEEE_Cat2,casingUnspecified,CuAndCuAlloys,Zr,e-m,0.382309907620576,%,1
OBS,2020,EU27+4,WEEE_generatedDedicated,WEEE_Cat2,casingUnspecified,CuAndCuAlloys,,m-c,0.028906374194713,%,2
OBS,2020,EU27+4,WEEE_generatedDedicated,WEEE_Cat2,casingUnspecified,ferrousMetals,Ag,e-m,0.216875400600284,%,2
OBS,2020,EU27+4,WEEE_generatedDedicated,WEEE_Cat2,casingUnspecified,ferrousMetals,Cu,e-m,0.155160466704547,%,3
OBS,2020,EU27+4,WEEE_generatedDedicated,WEEE_Cat2,casingUnspecified,ferrousMetals,Ga,e-m,0.273801901896028,%,1
OBS,2020,EU27+4,WEEE_generatedDedicated,WEEE_Cat2,casingUnspecified,ferrousMetals,Mo,e-m,0.199335156545913,%,1
OBS,2020,EU27+4,WEEE_generatedDedicated,WEEE_Cat2,casingUnspecified,ferrousMetals,O,e-m,0.130774975064308,%,3
OBS,2020,EU27+4,WEEE_generatedDedicated,WEEE_Cat2,casingUnspecified,ferrousMetals,Sm,e-m,0.0240520991889205,%,2
OBS,2020,EU27+4,WEEE_generatedDedicated,WEEE_Cat2,casingUnspecified,ferrousMetals,,m-c,0.12358327096207,%,1
OBS,2020,EU27+4,WEEE_generatedDedicated,WEEE_Cat2,casingUnspecified,glass,Ag,e-m,0.336937190267125,%,1
OBS,2020,EU27+4,WEEE_generatedDedicated,WEEE_Cat2,casingUnspecified,glass,Pd,e-m,0.428120134636911,%,2
OBS,2020,EU27+4,WEEE_generatedDedicated,WEEE_Cat2,casingUnspecified,glass,Sc,e-m,0.194496269329144,%,1
OBS,2020,EU27+4,WEEE_generatedDedicated,WEEE_Cat2,casingUnspecified,glass,Zr,e-m,0.0404464057668197,%,1
OBS,2020,EU27+4,WEEE_generatedDedicated,WEEE_Cat2,casingUnspecified,glass,,m-c,0.0622704767292193,%,3
OBS,2020,EU27+4,WEEE_generatedDedicated,WEEE_Cat2,casingUnspecified,,,c-p,0.0094335243179046,%,1
OBS,2020,EU27+4,WEEE_generatedDedicated,WEEE_Cat2,casingUnspecified,otherMetalsAndMetalAlloys,Ag,e-m,0.295569044421841,%,1
OBS,2020,EU27+4,WEEE_generatedDedicated,WEEE_Cat2,casingUnspecified,otherMetalsAndMetalAlloys,Al,e-m,0.425796402330118,%,3
OBS,2020,EU27+4,WEEE_generatedDedicated,WEEE_Cat2,casingUnspecified,otherMetalsAndMetalAlloys,Dy,e-m,0.278634553248041,%,1
OBS,2020,EU27+4,WEEE_generatedDedicated,WEEE_Cat2,casingUnspecified,otherMetalsAndMetalAlloys,,m-c,0.39269281332947,%,2
OBS,2020,EU27+4,WEEE_generatedDedicated,WEEE_Cat2,casingUnspecified,plastics,Ag,e-m,1,%,3
OBS,2020,EU27+4,WEEE_generatedDedicated,WEEE_Cat2,casingUnspecified,plastics,,m-c,0.0477539084998427,%,2
OBS,2020,EU27+4,WEEE_generatedDedicated,WEEE_Cat2,casingUnspecified,undefinedAndMixedMaterials,Ag,e-m,1,%,1
OBS,2020,EU27+4,WEEE_generatedDedicated,WEEE_Cat2,casingUnspecified,undefinedAndMixedMaterials,,m-c,0.174205846761185,%,1
OBS,2020,EU27+4,WEEE_generatedDedicated,WEEE_Cat2,coldCathodeLamp,,,c-p,0.0117172633144503,%,2
OBS,2020,EU27+4,WEEE_generatedDedicated,WEEE_Cat2,compContainHazardSubst,,,c-p,0.0067765820347531,%,1
OBS,2020,EU27+4,WEEE_generatedDedicated,WEEE_Cat2,compressor,CuAndCuAlloys,Ag,e-m,0.224774759871729,%,2
OBS,2020,EU27+4,WEEE_generatedDedicated,WEEE_Cat2,compressor,CuAndCuAlloys,As,e-m,0.0326565705112546,%,3
OBS,2020,EU27+4,WEEE_generatedDedicated,WEEE_Cat2,compressor,CuAndCuAlloys,Cu,e-m,0.085947056134233,%,3
OBS,2020,EU27+4,WEEE_generatedDedicated,WEEE_Cat2,compressor,CuAndCuAlloys,Dy,e-m,0.101054994327103,%,2
OBS,2020,EU27+4,WEEE_generatedDedicated,WEEE_Cat2,compressor,CuAndCuAlloys,Ga,e-m,0.0813752248070846,%,2
OBS,2020,EU27+4,WEEE_generatedDedicated,WEEE_Cat2,compressor,CuAndCuAlloys,Mn,e-m,0.0334165532950201,%,3
OBS,2020,EU27+4,WEEE_generatedDedicated,WEEE_Cat2,compressor,CuAndCuAlloys,Mo,e-m,0.0803649284974138,%,2
OBS,2020,EU27+4,WEEE_generatedDedicated,WEEE_Cat2,compressor,CuAndCuAlloys,Sm,e-m,0.108670019452362,%,3
OBS,2020,EU27+4,WEEE_generatedDedicated,WEEE_Cat2,compressor,CuAndCuAlloys,Zr,e-m,0.251739893103799,%,1
OBS,2020,EU27+4,WEEE_generatedDedicated,WEEE_Cat2,compressor,CuAndCuAlloys,,m-c,0.0375544279597741,%,1
OBS,2020,EU27+4,WEEE_generatedDedicated,WEEE_Cat2,compressor,glass,Ag,e-m,0.162813098686787,%,3
OBS,2020,EU27+4,WEEE_generatedDedicated,WEEE_Cat2,compressor,glass,Pd,e-m,0.0586482273670978,%,3
OBS,2020,EU27+4,WEEE_generatedDedicated,WEEE_Cat2,compressor,glass,Sc,e-m,0.468591110580806,%,2
OBS,2020,EU27+4,WEEE_generatedDedicated,WEEE_Cat2,compressor,glass,Zr,e-m,0.30994756336531,%,1
OBS,2020,EU27+4,WEEE_generatedDedicated,WEEE_Cat2,compressor,glass,,m-c,0.344410297725979,%,1
OBS,2020,EU27+4,WEEE_generatedDedicated,WEEE_Cat2,compressor,,,c-p,0.0016008409886888,%,3
OBS,2020,EU27+4,WEEE_generatedDedicated,WEEE_Cat2,compressor,otherFerrousAlloys,Ag,e-m,0.0745092265654644,%,1
OBS,2020,EU27+4,WEEE_generatedDedicated,WEEE_Cat2,compressor,otherFerrousAlloys,Ca,e-m,0.0089266268172343,%,3
OBS,2020,EU27+4,WEEE_generatedDedicated,WEEE_Cat2,compressor,otherFerrousAlloys,Ga,e-m,0.0606354059890481,%,2
OBS,2020,EU27+4,WEEE_generatedDedicated,WEEE_Cat2,compressor,otherFerrousAlloys,Mo,e-m,0.850866078304446,%,1
OBS,2020,EU27+4,WEEE_generatedDedicated,WEEE_Cat2,compressor,otherFerrousAlloys,Sm,e-m,0.0050626623238073,%,3
OBS,2020,EU27+4,WEEE_generatedDedicated,WEEE_Cat2,compressor,otherFerrousAlloys,,m-c,0.0661509298080357,%,3
OBS,2020,EU27+4,WEEE_generatedDedicated,WEEE_Cat2,compressor,otherOrUndefinedMaterials,Ag,e-m,1,%,1
OBS,2020,EU27+4,WEEE_generatedDedicated,WEEE_Cat2,compressor,otherOrUndefinedMaterials,,m-c,0.279722555484111,%,1
OBS,2020,EU27+4,WEEE_generatedDedicated,WEEE_Cat2,compressor,plastics,Ag,e-m,1,%,1
OBS,2020,EU27+4,WEEE_generatedDedicated,WEEE_Cat2,compressor,plastics,,m-c,0.1464203968587,%,3
OBS,2020,EU27+4,WEEE_generatedDedicated,WEEE_Cat2,compressor,steelAndSteelAlloys,Ag,e-m,0.206060644539967,%,2
OBS,2020,EU27+4,WEEE_generatedDedicated,WEEE_Cat2,compressor,steelAndSteelAlloys,Cu,e-m,0.0516021827499374,%,3
OBS,2020,EU27+4,WEEE_generatedDedicated,WEEE_Cat2,compressor,steelAndSteelAlloys,Ga,e-m,0.432149232067002,%,1
OBS,2020,EU27+4,WEEE_generatedDedicated,WEEE_Cat2,compressor,steelAndSteelAlloys,Mo,e-m,0.18771674826954,%,3
OBS,2020,EU27+4,WEEE_generatedDedicated,WEEE_Cat2,compressor,steelAndSteelAlloys,O,e-m,0.0658428243765062,%,3
OBS,2020,EU27+4,WEEE_generatedDedicated,WEEE_Cat2,compressor,steelAndSteelAlloys,Sm,e-m,0.0566283679970476,%,3
OBS,2020,EU27+4,WEEE_generatedDedicated,WEEE_Cat2,compressor,steelAndSteelAlloys,,m-c,0.1257413921634,%,3
OBS,2020,EU27+4,WEEE_generatedDedicated,WEEE_Cat2,condensator,,,c-p,0.0007414266731953,%,3
OBS,2020,EU27+4,WEEE_generatedDedicated,WEEE_Cat2,contactor,,,c-p,0.0008797639107049,%,2
OBS,2020,EU27+4,WEEE_generatedDedicated,WEEE_Cat2,displayCRT,AlAndAlAlloys,Ag,e-m,0.103524441475489,%,1
OBS,2020,EU27+4,WEEE_generatedDedicated,WEEE_Cat2,displayCRT,AlAndAlAlloys,As,e-m,0.128934309419165,%,2
OBS,2020,EU27+4,WEEE_generatedDedicated,WEEE_Cat2,displayCRT,AlAndAlAlloys,Cu,e-m,0.124782439054345,%,3
OBS,2020,EU27+4,WEEE_generatedDedicated,WEEE_Cat2,displayCRT,AlAndAlAlloys,Ga,e-m,0.373371179253311,%,2
OBS,2020,EU27+4,WEEE_generatedDedicated,WEEE_Cat2,displayCRT,AlAndAlAlloys,Mn,e-m,0.0140867898360201,%,1
OBS,2020,EU27+4,WEEE_generatedDedicated,WEEE_Cat2,displayCRT,AlAndAlAlloys,Mo,e-m,0.136257520188407,%,3
OBS,2020,EU27+4,WEEE_generatedDedicated,WEEE_Cat2,displayCRT,AlAndAlAlloys,Sm,e-m,0.119043320773263,%,1
OBS,2020,EU27+4,WEEE_generatedDedicated,WEEE_Cat2,displayCRT,AlAndAlAlloys,,m-c,0.192103994738665,%,1
OBS,2020,EU27+4,WEEE_generatedDedicated,WEEE_Cat2,displayCRT,glass,Ag,e-m,0.423967420216975,%,1
OBS,2020,EU27+4,WEEE_generatedDedicated,WEEE_Cat2,displayCRT,glass,Pd,e-m,0.0770376825055779,%,1
OBS,2020,EU27+4,WEEE_generatedDedicated,WEEE_Cat2,displayCRT,glass,Sc,e-m,0.0513163621202013,%,1
OBS,2020,EU27+4,WEEE_generatedDedicated,WEEE_Cat2,displayCRT,glass,Zr,e-m,0.447678535157246,%,3
OBS,2020,EU27+4,WEEE_generatedDedicated,WEEE_Cat2,displayCRT,glass,,m-c,0.807896005261335,%,1
OBS,2020,EU27+4,WEEE_generatedDedicated,WEEE_Cat2,displayCRT,,,c-p,0.0156555589597478,%,2
OBS,2020,EU27+4,WEEE_generatedDedicated,WEEE_Cat2,displayLCD,AlAndAlAlloys,Ag,e-m,0.251916484766154,%,3
OBS,2020,EU27+4,WEEE_generatedDedicated,WEEE_Cat2,displayLCD,AlAndAlAlloys,As,e-m,0.118504223437227,%,2
OBS,2020,EU27+4,WEEE_generatedDedicated,WEEE_Cat2,displayLCD,AlAndAlAlloys,Cu,e-m,0.0841091990067682,%,1
OBS,2020,EU27+4,WEEE_generatedDedicated,WEEE_Cat2,displayLCD,AlAndAlAlloys,Ga,e-m,0.191728452837665,%,1
OBS,2020,EU27+4,WEEE_generatedDedicated,WEEE_Cat2,displayLCD,AlAndAlAlloys,Mn,e-m,0.0655140780861897,%,2
OBS,2020,EU27+4,WEEE_generatedDedicated,WEEE_Cat2,displayLCD,AlAndAlAlloys,Mo,e-m,0.160618887129925,%,2
OBS,2020,EU27+4,WEEE_generatedDedicated,WEEE_Cat2,displayLCD,AlAndAlAlloys,Sm,e-m,0.12760867473607,%,1
OBS,2020,EU27+4,WEEE_generatedDedicated,WEEE_Cat2,displayLCD,AlAndAlAlloys,,m-c,0.0086913320418102,%,2
OBS,2020,EU27+4,WEEE_generatedDedicated,WEEE_Cat2,displayLCD,CuAndCuAlloys,Ag,e-m,0.531445182565243,%,1
OBS,2020,EU27+4,WEEE_generatedDedicated,WEEE_Cat2,displayLCD,CuAndCuAlloys,Dy,e-m,0.262705425639573,%,2
OBS,2020,EU27+4,WEEE_generatedDedicated,WEEE_Cat2,displayLCD,CuAndCuAlloys,Zr,e-m,0.205849391795184,%,3
OBS,2020,EU27+4,WEEE_generatedDedicated,WEEE_Cat2,displayLCD,CuAndCuAlloys,,m-c,0.310009966738655,%,3
OBS,2020,EU27+4,WEEE_generatedDedicated,WEEE_Cat2,displayLCD,ferrousMetals,Ag,e-m,0.0711583474147087,%,2
OBS,2020,EU27+4,WEEE_generatedDedicated,WEEE_Cat2,displayLCD,ferrousMetals,Cu,e-m,0.685728727018291,%,2
OBS,2020,EU27+4,WEEE_generatedDedicated,WEEE_Cat2,displayLCD,ferrousMetals,Ga,e-m,0.0037979982303154,%,1
OBS,2020,EU27+4,WEEE_generatedDedicated,WEEE_Cat2,displayLCD,ferrousMetals,Mo,e-m,0.111658111530258,%,1
OBS,2020,EU27+4,WEEE_generatedDedicated,WEEE_Cat2,displayLCD,ferrousMetals,O,e-m,0.0677072205413147,%,3
OBS,2020,EU27+4,WEEE_generatedDedicated,WEEE_Cat2,displayLCD,ferrousMetals,Sm,e-m,0.0599495952651122,%,3
OBS,2020,EU27+4,WEEE_generatedDedicated,WEEE_Cat2,displayLCD,ferrousMetals,,m-c,0.0160023107360411,%,3
OBS,2020,EU27+4,WEEE_generatedDedicated,WEEE_Cat2,displayLCD,glass,Ag,e-m,0.611621808736312,%,2
OBS,2020,EU27+4,WEEE_generatedDedicated,WEEE_Cat2,displayLCD,glass,Pd,e-m,0.0643393826165571,%,3
OBS,2020,EU27+4,WEEE_generatedDedicated,WEEE_Cat2,displayLCD,glass,Sc,e-m,0.311648418576755,%,1
OBS,2020,EU27+4,WEEE_generatedDedicated,WEEE_Cat2,displayLCD,glass,Zr,e-m,0.0123903900703755,%,1
OBS,2020,EU27+4,WEEE_generatedDedicated,WEEE_Cat2,displayLCD,glass,,m-c,0.289883213420112,%,1
OBS,2020,EU27+4,WEEE_generatedDedicated,WEEE_Cat2,displayLCD,,,c-p,8.24517365190642E-06,%,3
OBS,2020,EU27+4,WEEE_generatedDedicated,WEEE_Cat2,displayLCD,plastics,Ag,e-m,1,%,1
OBS,2020,EU27+4,WEEE_generatedDedicated,WEEE_Cat2,displayLCD,plastics,,m-c,0.0278781272266789,%,2
OBS,2020,EU27+4,WEEE_generatedDedicated,WEEE_Cat2,displayLCD,undefinedAndMixedMaterials,Ag,e-m,1,%,2
OBS,2020,EU27+4,WEEE_generatedDedicated,WEEE_Cat2,displayLCD,undefinedAndMixedMaterials,,m-c,0.347535049836703,%,1
OBS,2020,EU27+4,WEEE_generatedDedicated,WEEE_Cat2,displayLCDunder100cm2,,,c-p,0.0067135057473026,%,2
OBS,2020,EU27+4,WEEE_generatedDedicated,WEEE_Cat2,displayOther,AlAndAlAlloys,Ag,e-m,0.163040824904254,%,1
OBS,2020,EU27+4,WEEE_generatedDedicated,WEEE_Cat2,displayOther,AlAndAlAlloys,As,e-m,0.0569556174407457,%,2
OBS,2020,EU27+4,WEEE_generatedDedicated,WEEE_Cat2,displayOther,AlAndAlAlloys,Cu,e-m,0.0299708382696624,%,3
OBS,2020,EU27+4,WEEE_generatedDedicated,WEEE_Cat2,displayOther,AlAndAlAlloys,Ga,e-m,0.211917738115361,%,1
OBS,2020,EU27+4,WEEE_generatedDedicated,WEEE_Cat2,displayOther,AlAndAlAlloys,Mn,e-m,0.138361835095671,%,2
OBS,2020,EU27+4,WEEE_generatedDedicated,WEEE_Cat2,displayOther,AlAndAlAlloys,Mo,e-m,0.163678437128217,%,2
OBS,2020,EU27+4,WEEE_generatedDedicated,WEEE_Cat2,displayOther,AlAndAlAlloys,Sm,e-m,0.236074709046089,%,2
OBS,2020,EU27+4,WEEE_generatedDedicated,WEEE_Cat2,displayOther,AlAndAlAlloys,,m-c,0.0701877906826397,%,2
OBS,2020,EU27+4,WEEE_generatedDedicated,WEEE_Cat2,displayOther,CuAndCuAlloys,Ag,e-m,0.630019840084631,%,2
OBS,2020,EU27+4,WEEE_generatedDedicated,WEEE_Cat2,displayOther,CuAndCuAlloys,Dy,e-m,0.328154560335364,%,1
OBS,2020,EU27+4,WEEE_generatedDedicated,WEEE_Cat2,displayOther,CuAndCuAlloys,Zr,e-m,0.041825599580005,%,1
OBS,2020,EU27+4,WEEE_generatedDedicated,WEEE_Cat2,displayOther,CuAndCuAlloys,,m-c,0.0212325647083101,%,1
OBS,2020,EU27+4,WEEE_generatedDedicated,WEEE_Cat2,displayOther,ferrousMetals,Ag,e-m,0.0935652343741315,%,2
OBS,2020,EU27+4,WEEE_generatedDedicated,WEEE_Cat2,displayOther,ferrousMetals,Cu,e-m,0.0946087087358373,%,3
OBS,2020,EU27+4,WEEE_generatedDedicated,WEEE_Cat2,displayOther,ferrousMetals,Ga,e-m,0.119528028289257,%,2
OBS,2020,EU27+4,WEEE_generatedDedicated,WEEE_Cat2,displayOther,ferrousMetals,Mo,e-m,0.391169965931619,%,3
OBS,2020,EU27+4,WEEE_generatedDedicated,WEEE_Cat2,displayOther,ferrousMetals,O,e-m,0.0256134646066957,%,2
OBS,2020,EU27+4,WEEE_generatedDedicated,WEEE_Cat2,displayOther,ferrousMetals,Sm,e-m,0.275514598062459,%,3
OBS,2020,EU27+4,WEEE_generatedDedicated,WEEE_Cat2,displayOther,ferrousMetals,,m-c,0.0967192172622378,%,2
OBS,2020,EU27+4,WEEE_generatedDedicated,WEEE_Cat2,displayOther,glass,Ag,e-m,0.139332026801952,%,2
OBS,2020,EU27+4,WEEE_generatedDedicated,WEEE_Cat2,displayOther,glass,Pd,e-m,0.228160371561591,%,2
OBS,2020,EU27+4,WEEE_generatedDedicated,WEEE_Cat2,displayOther,glass,Sc,e-m,0.117611393370347,%,3
OBS,2020,EU27+4,WEEE_generatedDedicated,WEEE_Cat2,displayOther,glass,Zr,e-m,0.514896208266109,%,3
OBS,2020,EU27+4,WEEE_generatedDedicated,WEEE_Cat2,displayOther,glass,,m-c,0.0507913620288596,%,3
OBS,2020,EU27+4,WEEE_generatedDedicated,WEEE_Cat2,displayOther,,,c-p,0.0221327890453347,%,2
OBS,2020,EU27+4,WEEE_generatedDedicated,WEEE_Cat2,displayOther,otherMetalsAndMetalAlloys,Ag,e-m,0.17703885100881,%,2
OBS,2020,EU27+4,WEEE_generatedDedicated,WEEE_Cat2,displayOther,otherMetalsAndMetalAlloys,Al,e-m,0.356072700162773,%,3
OBS,2020,EU27+4,WEEE_generatedDedicated,WEEE_Cat2,displayOther,otherMetalsAndMetalAlloys,Dy,e-m,0.466888448828417,%,1
OBS,2020,EU27+4,WEEE_generatedDedicated,WEEE_Cat2,displayOther,otherMetalsAndMetalAlloys,,m-c,0.416283698879383,%,3
OBS,2020,EU27+4,WEEE_generatedDedicated,WEEE_Cat2,displayOther,plastics,Ag,e-m,1,%,3
OBS,2020,EU27+4,WEEE_generatedDedicated,WEEE_Cat2,displayOther,plastics,,m-c,0.178593627928696,%,3
OBS,2020,EU27+4,WEEE_generatedDedicated,WEEE_Cat2,displayOther,undefinedAndMixedMaterials,Ag,e-m,1,%,3
OBS,2020,EU27+4,WEEE_generatedDedicated,WEEE_Cat2,displayOther,undefinedAndMixedMaterials,,m-c,0.166191738509874,%,1
OBS,2020,EU27+4,WEEE_generatedDedicated,WEEE_Cat2,displayPlasma,,,c-p,0.0169204768222144,%,3
OBS,2020,EU27+4,WEEE_generatedDedicated,WEEE_Cat2,driveCDDExt,,,c-p,0.0151236676429443,%,3
OBS,2020,EU27+4,WEEE_generatedDedicated,WEEE_Cat2,driveCDDInt,AlAndAlAlloys,Ag,e-m,0.252991406994056,%,2
OBS,2020,EU27+4,WEEE_generatedDedicated,WEEE_Cat2,driveCDDInt,AlAndAlAlloys,As,e-m,0.0241853446889562,%,2
OBS,2020,EU27+4,WEEE_generatedDedicated,WEEE_Cat2,driveCDDInt,AlAndAlAlloys,Cu,e-m,0.0794659018269502,%,1
OBS,2020,EU27+4,WEEE_generatedDedicated,WEEE_Cat2,driveCDDInt,AlAndAlAlloys,Ga,e-m,0.145101215379064,%,2
OBS,2020,EU27+4,WEEE_generatedDedicated,WEEE_Cat2,driveCDDInt,AlAndAlAlloys,Mn,e-m,0.252397461133707,%,3
OBS,2020,EU27+4,WEEE_generatedDedicated,WEEE_Cat2,driveCDDInt,AlAndAlAlloys,Mo,e-m,0.21514365300216,%,3
OBS,2020,EU27+4,WEEE_generatedDedicated,WEEE_Cat2,driveCDDInt,AlAndAlAlloys,Sm,e-m,0.0307150169751065,%,3
OBS,2020,EU27+4,WEEE_generatedDedicated,WEEE_Cat2,driveCDDInt,AlAndAlAlloys,,m-c,0.0105497455625886,%,1
OBS,2020,EU27+4,WEEE_generatedDedicated,WEEE_Cat2,driveCDDInt,CuAndCuAlloys,Ag,e-m,0.273503619213169,%,1
OBS,2020,EU27+4,WEEE_generatedDedicated,WEEE_Cat2,driveCDDInt,CuAndCuAlloys,Dy,e-m,0.60272369068088,%,2
OBS,2020,EU27+4,WEEE_generatedDedicated,WEEE_Cat2,driveCDDInt,CuAndCuAlloys,Zr,e-m,0.123772690105951,%,1
OBS,2020,EU27+4,WEEE_generatedDedicated,WEEE_Cat2,driveCDDInt,CuAndCuAlloys,,m-c,0.762390262108507,%,3
OBS,2020,EU27+4,WEEE_generatedDedicated,WEEE_Cat2,driveCDDInt,ferrousMetals,Ag,e-m,0.312153178461617,%,2
OBS,2020,EU27+4,WEEE_generatedDedicated,WEEE_Cat2,driveCDDInt,ferrousMetals,Cu,e-m,0.479670761326746,%,3
OBS,2020,EU27+4,WEEE_generatedDedicated,WEEE_Cat2,driveCDDInt,ferrousMetals,Ga,e-m,0.0883998127583452,%,3
OBS,2020,EU27+4,WEEE_generatedDedicated,WEEE_Cat2,driveCDDInt,ferrousMetals,Mo,e-m,0.0341889405924977,%,1
OBS,2020,EU27+4,WEEE_generatedDedicated,WEEE_Cat2,driveCDDInt,ferrousMetals,O,e-m,0.0719900567080503,%,1
OBS,2020,EU27+4,WEEE_generatedDedicated,WEEE_Cat2,driveCDDInt,ferrousMetals,Sm,e-m,0.0135972501527445,%,3
OBS,2020,EU27+4,WEEE_generatedDedicated,WEEE_Cat2,driveCDDInt,ferrousMetals,,m-c,0.0849359580517339,%,3
OBS,2020,EU27+4,WEEE_generatedDedicated,WEEE_Cat2,driveCDDInt,,,c-p,0.0111883224619072,%,2
OBS,2020,EU27+4,WEEE_generatedDedicated,WEEE_Cat2,driveCDDInt,otherMetalsAndMetalAlloys,Ag,e-m,0.792726111278226,%,3
OBS,2020,EU27+4,WEEE_generatedDedicated,WEEE_Cat2,driveCDDInt,otherMetalsAndMetalAlloys,Al,e-m,0.178482260949258,%,1
OBS,2020,EU27+4,WEEE_generatedDedicated,WEEE_Cat2,driveCDDInt,otherMetalsAndMetalAlloys,Dy,e-m,0.0287916277725154,%,3
OBS,2020,EU27+4,WEEE_generatedDedicated,WEEE_Cat2,driveCDDInt,otherMetalsAndMetalAlloys,,m-c,0.0608494420309446,%,2
OBS,2020,EU27+4,WEEE_generatedDedicated,WEEE_Cat2,driveCDDInt,plastics,Ag,e-m,1,%,3
OBS,2020,EU27+4,WEEE_generatedDedicated,WEEE_Cat2,driveCDDInt,plastics,,m-c,0.0532637343024109,%,2
OBS,2020,EU27+4,WEEE_generatedDedicated,WEEE_Cat2,driveCDDInt,undefinedAndMixedMaterials,Ag,e-m,1,%,1
OBS,2020,EU27+4,WEEE_generatedDedicated,WEEE_Cat2,driveCDDInt,undefinedAndMixedMaterials,,m-c,0.0280108579438152,%,2
OBS,2020,EU27+4,WEEE_generatedDedicated,WEEE_Cat2,driveFDD,AlAndAlAlloys,Ag,e-m,0.0178145379113107,%,2
OBS,2020,EU27+4,WEEE_generatedDedicated,WEEE_Cat2,driveFDD,AlAndAlAlloys,As,e-m,0.120991934199482,%,1
OBS,2020,EU27+4,WEEE_generatedDedicated,WEEE_Cat2,driveFDD,AlAndAlAlloys,Cu,e-m,0.0565828656897172,%,1
OBS,2020,EU27+4,WEEE_generatedDedicated,WEEE_Cat2,driveFDD,AlAndAlAlloys,Ga,e-m,0.0459077060974435,%,3
OBS,2020,EU27+4,WEEE_generatedDedicated,WEEE_Cat2,driveFDD,AlAndAlAlloys,Mn,e-m,0.303181633646836,%,2
OBS,2020,EU27+4,WEEE_generatedDedicated,WEEE_Cat2,driveFDD,AlAndAlAlloys,Mo,e-m,0.10024660105064,%,3
OBS,2020,EU27+4,WEEE_generatedDedicated,WEEE_Cat2,driveFDD,AlAndAlAlloys,Sm,e-m,0.355274721404571,%,2
OBS,2020,EU27+4,WEEE_generatedDedicated,WEEE_Cat2,driveFDD,AlAndAlAlloys,,m-c,0.985602385423647,%,3
OBS,2020,EU27+4,WEEE_generatedDedicated,WEEE_Cat2,driveFDD,ferrousMetals,Ag,e-m,0.104591078365201,%,2
OBS,2020,EU27+4,WEEE_generatedDedicated,WEEE_Cat2,driveFDD,ferrousMetals,Cu,e-m,0.102510532358637,%,1
OBS,2020,EU27+4,WEEE_generatedDedicated,WEEE_Cat2,driveFDD,ferrousMetals,Ga,e-m,0.219818015070155,%,3
OBS,2020,EU27+4,WEEE_generatedDedicated,WEEE_Cat2,driveFDD,ferrousMetals,Mo,e-m,0.159218017164689,%,1
OBS,2020,EU27+4,WEEE_generatedDedicated,WEEE_Cat2,driveFDD,ferrousMetals,O,e-m,0.0644912962768575,%,1
OBS,2020,EU27+4,WEEE_generatedDedicated,WEEE_Cat2,driveFDD,ferrousMetals,Sm,e-m,0.34937106076446,%,2
OBS,2020,EU27+4,WEEE_generatedDedicated,WEEE_Cat2,driveFDD,ferrousMetals,,m-c,0.0143976145763531,%,2
OBS,2020,EU27+4,WEEE_generatedDedicated,WEEE_Cat2,driveFDD,,,c-p,0.0016434236119814,%,1
OBS,2020,EU27+4,WEEE_generatedDedicated,WEEE_Cat2,driveHDD,AlAndAlAlloys,Ag,e-m,0.0268252083749366,%,3
OBS,2020,EU27+4,WEEE_generatedDedicated,WEEE_Cat2,driveHDD,AlAndAlAlloys,As,e-m,0.0876586149441551,%,1
OBS,2020,EU27+4,WEEE_generatedDedicated,WEEE_Cat2,driveHDD,AlAndAlAlloys,Cu,e-m,0.403682801762057,%,2
OBS,2020,EU27+4,WEEE_generatedDedicated,WEEE_Cat2,driveHDD,AlAndAlAlloys,Ga,e-m,0.28513122377083,%,1
OBS,2020,EU27+4,WEEE_generatedDedicated,WEEE_Cat2,driveHDD,AlAndAlAlloys,Mn,e-m,0.0166958294543441,%,1
OBS,2020,EU27+4,WEEE_generatedDedicated,WEEE_Cat2,driveHDD,AlAndAlAlloys,Mo,e-m,0.1291674597196,%,1
OBS,2020,EU27+4,WEEE_generatedDedicated,WEEE_Cat2,driveHDD,AlAndAlAlloys,Sm,e-m,0.0508388619740772,%,2
OBS,2020,EU27+4,WEEE_generatedDedicated,WEEE_Cat2,driveHDD,AlAndAlAlloys,,m-c,0.0278233686585876,%,2
OBS,2020,EU27+4,WEEE_generatedDedicated,WEEE_Cat2,driveHDD,CuAndCuAlloys,Ag,e-m,0.0904788186180279,%,3
OBS,2020,EU27+4,WEEE_generatedDedicated,WEEE_Cat2,driveHDD,CuAndCuAlloys,Dy,e-m,0.49823799892884,%,3
OBS,2020,EU27+4,WEEE_generatedDedicated,WEEE_Cat2,driveHDD,CuAndCuAlloys,Zr,e-m,0.411283182453132,%,3
OBS,2020,EU27+4,WEEE_generatedDedicated,WEEE_Cat2,driveHDD,CuAndCuAlloys,,m-c,0.316326981034703,%,2
OBS,2020,EU27+4,WEEE_generatedDedicated,WEEE_Cat2,driveHDD,ferrousMetals,Ag,e-m,0.471018558139406,%,2
OBS,2020,EU27+4,WEEE_generatedDedicated,WEEE_Cat2,driveHDD,ferrousMetals,Cu,e-m,0.108141536356314,%,2
OBS,2020,EU27+4,WEEE_generatedDedicated,WEEE_Cat2,driveHDD,ferrousMetals,Ga,e-m,0.0418343912696987,%,2
OBS,2020,EU27+4,WEEE_generatedDedicated,WEEE_Cat2,driveHDD,ferrousMetals,Mo,e-m,0.117558170540142,%,1
OBS,2020,EU27+4,WEEE_generatedDedicated,WEEE_Cat2,driveHDD,ferrousMetals,O,e-m,0.130792786289212,%,3
OBS,2020,EU27+4,WEEE_generatedDedicated,WEEE_Cat2,driveHDD,ferrousMetals,Sm,e-m,0.130654557405227,%,3
OBS,2020,EU27+4,WEEE_generatedDedicated,WEEE_Cat2,driveHDD,ferrousMetals,,m-c,0.220729256196481,%,2
OBS,2020,EU27+4,WEEE_generatedDedicated,WEEE_Cat2,driveHDD,,,c-p,0.0333234159823833,%,3
OBS,2020,EU27+4,WEEE_generatedDedicated,WEEE_Cat2,driveHDD,otherMetalsAndMetalAlloys,Ag,e-m,0.131544938171788,%,2
OBS,2020,EU27+4,WEEE_generatedDedicated,WEEE_Cat2,driveHDD,otherMetalsAndMetalAlloys,Al,e-m,0.851552785111383,%,3
OBS,2020,EU27+4,WEEE_generatedDedicated,WEEE_Cat2,driveHDD,otherMetalsAndMetalAlloys,Dy,e-m,0.0169022767168295,%,3
OBS,2020,EU27+4,WEEE_generatedDedicated,WEEE_Cat2,driveHDD,otherMetalsAndMetalAlloys,,m-c,0.0332435171475626,%,2
OBS,2020,EU27+4,WEEE_generatedDedicated,WEEE_Cat2,driveHDD,plastics,Ag,e-m,1,%,1
OBS,2020,EU27+4,WEEE_generatedDedicated,WEEE_Cat2,driveHDD,plastics,,m-c,0.0676236911670373,%,3
OBS,2020,EU27+4,WEEE_generatedDedicated,WEEE_Cat2,driveHDD,undefinedAndMixedMaterials,Ag,e-m,1,%,1
OBS,2020,EU27+4,WEEE_generatedDedicated,WEEE_Cat2,driveHDD,undefinedAndMixedMaterials,,m-c,0.334253185795629,%,1
OBS,2020,EU27+4,WEEE_generatedDedicated,WEEE_Cat2,driveUnspecified,CuAndCuAlloys,Ag,e-m,0.242865102662391,%,3
OBS,2020,EU27+4,WEEE_generatedDedicated,WEEE_Cat2,driveUnspecified,CuAndCuAlloys,Dy,e-m,0.232199855070958,%,1
OBS,2020,EU27+4,WEEE_generatedDedicated,WEEE_Cat2,driveUnspecified,CuAndCuAlloys,Zr,e-m,0.52493504226665,%,2
OBS,2020,EU27+4,WEEE_generatedDedicated,WEEE_Cat2,driveUnspecified,CuAndCuAlloys,,m-c,0.0731638370173011,%,3
OBS,2020,EU27+4,WEEE_generatedDedicated,WEEE_Cat2,driveUnspecified,ferrousMetals,Ag,e-m,0.0903673516542616,%,2
OBS,2020,EU27+4,WEEE_generatedDedicated,WEEE_Cat2,driveUnspecified,ferrousMetals,Cu,e-m,0.0218876416728187,%,2
OBS,2020,EU27+4,WEEE_generatedDedicated,WEEE_Cat2,driveUnspecified,ferrousMetals,Ga,e-m,0.0604415085975056,%,2
OBS,2020,EU27+4,WEEE_generatedDedicated,WEEE_Cat2,driveUnspecified,ferrousMetals,Mo,e-m,0.293157510464854,%,2
OBS,2020,EU27+4,WEEE_generatedDedicated,WEEE_Cat2,driveUnspecified,ferrousMetals,O,e-m,0.284180327042257,%,3
OBS,2020,EU27+4,WEEE_generatedDedicated,WEEE_Cat2,driveUnspecified,ferrousMetals,Sm,e-m,0.249965660568303,%,2
OBS,2020,EU27+4,WEEE_generatedDedicated,WEEE_Cat2,driveUnspecified,ferrousMetals,,m-c,0.308915714966098,%,1
OBS,2020,EU27+4,WEEE_generatedDedicated,WEEE_Cat2,driveUnspecified,,,c-p,0.0121435707877721,%,1
OBS,2020,EU27+4,WEEE_generatedDedicated,WEEE_Cat2,driveUnspecified,plastics,Ag,e-m,1,%,1
OBS,2020,EU27+4,WEEE_generatedDedicated,WEEE_Cat2,driveUnspecified,plastics,,m-c,0.157661798078142,%,3
OBS,2020,EU27+4,WEEE_generatedDedicated,WEEE_Cat2,driveUnspecified,undefinedAndMixedMaterials,Ag,e-m,1,%,2
OBS,2020,EU27+4,WEEE_generatedDedicated,WEEE_Cat2,driveUnspecified,undefinedAndMixedMaterials,,m-c,0.460258649938459,%,3
OBS,2020,EU27+4,WEEE_generatedDedicated,WEEE_Cat2,electricEngine,AlAndAlAlloys,Ag,e-m,0.325119610487709,%,2
OBS,2020,EU27+4,WEEE_generatedDedicated,WEEE_Cat2,electricEngine,AlAndAlAlloys,As,e-m,0.0261099897782668,%,1
OBS,2020,EU27+4,WEEE_generatedDedicated,WEEE_Cat2,electricEngine,AlAndAlAlloys,Cu,e-m,0.165482568410594,%,3
OBS,2020,EU27+4,WEEE_generatedDedicated,WEEE_Cat2,electricEngine,AlAndAlAlloys,Ga,e-m,0.0283567729127277,%,2
OBS,2020,EU27+4,WEEE_generatedDedicated,WEEE_Cat2,electricEngine,AlAndAlAlloys,Mn,e-m,0.0256819305524534,%,1
OBS,2020,EU27+4,WEEE_generatedDedicated,WEEE_Cat2,electricEngine,AlAndAlAlloys,Mo,e-m,0.163941227853468,%,3
OBS,2020,EU27+4,WEEE_generatedDedicated,WEEE_Cat2,electricEngine,AlAndAlAlloys,Sm,e-m,0.265307900004781,%,3
OBS,2020,EU27+4,WEEE_generatedDedicated,WEEE_Cat2,electricEngine,AlAndAlAlloys,,m-c,0.142556757508553,%,3
OBS,2020,EU27+4,WEEE_generatedDedicated,WEEE_Cat2,electricEngine,CuAndCuAlloys,Ag,e-m,0.101671713422155,%,3
OBS,2020,EU27+4,WEEE_generatedDedicated,WEEE_Cat2,electricEngine,CuAndCuAlloys,Dy,e-m,0.805532441735616,%,2
OBS,2020,EU27+4,WEEE_generatedDedicated,WEEE_Cat2,electricEngine,CuAndCuAlloys,Zr,e-m,0.0927958448422281,%,1
OBS,2020,EU27+4,WEEE_generatedDedicated,WEEE_Cat2,electricEngine,CuAndCuAlloys,,m-c,0.440324311149538,%,3
OBS,2020,EU27+4,WEEE_generatedDedicated,WEEE_Cat2,electricEngine,carbon,Ag,e-m,0.387941992467744,%,1
OBS,2020,EU27+4,WEEE_generatedDedicated,WEEE_Cat2,electricEngine,carbon,Pd,e-m,0.41529242837508,%,1
OBS,2020,EU27+4,WEEE_generatedDedicated,WEEE_Cat2,electricEngine,carbon,Sc,e-m,0.188976061475159,%,1
OBS,2020,EU27+4,WEEE_generatedDedicated,WEEE_Cat2,electricEngine,carbon,Zr,e-m,0.0077895176820172,%,2
OBS,2020,EU27+4,WEEE_generatedDedicated,WEEE_Cat2,electricEngine,carbon,,m-c,0.13903467175728,%,3
OBS,2020,EU27+4,WEEE_generatedDedicated,WEEE_Cat2,electricEngine,ferrousMetals,Ag,e-m,0.143665738920732,%,3
OBS,2020,EU27+4,WEEE_generatedDedicated,WEEE_Cat2,electricEngine,ferrousMetals,Ca,e-m,0.0148899139747916,%,2
OBS,2020,EU27+4,WEEE_generatedDedicated,WEEE_Cat2,electricEngine,ferrousMetals,Cu,e-m,0.351047909590484,%,1
OBS,2020,EU27+4,WEEE_generatedDedicated,WEEE_Cat2,electricEngine,ferrousMetals,Ga,e-m,0.122582033425306,%,1
OBS,2020,EU27+4,WEEE_generatedDedicated,WEEE_Cat2,electricEngine,ferrousMetals,Mo,e-m,0.210908984217815,%,1
OBS,2020,EU27+4,WEEE_generatedDedicated,WEEE_Cat2,electricEngine,ferrousMetals,O,e-m,0.0423832726300259,%,2
OBS,2020,EU27+4,WEEE_generatedDedicated,WEEE_Cat2,electricEngine,ferrousMetals,Sm,e-m,0.114522147240846,%,1
OBS,2020,EU27+4,WEEE_generatedDedicated,WEEE_Cat2,electricEngine,ferrousMetals,,m-c,0.0353419157632521,%,2
OBS,2020,EU27+4,WEEE_generatedDedicated,WEEE_Cat2,electricEngine,,,c-p,0.0157626936228309,%,1
OBS,2020,EU27+4,WEEE_generatedDedicated,WEEE_Cat2,electricEngine,otherOrganics,Ag,e-m,1,%,2
OBS,2020,EU27+4,WEEE_generatedDedicated,WEEE_Cat2,electricEngine,otherOrganics,,m-c,0.101706022986125,%,1
OBS,2020,EU27+4,WEEE_generatedDedicated,WEEE_Cat2,electricEngine,plastics,Ag,e-m,1,%,2
OBS,2020,EU27+4,WEEE_generatedDedicated,WEEE_Cat2,electricEngine,plastics,,m-c,0.141036320835251,%,3
OBS,2020,EU27+4,WEEE_generatedDedicated,WEEE_Cat2,filterFoamBased,,,c-p,0.0010566940721259,%,1
OBS,2020,EU27+4,WEEE_generatedDedicated,WEEE_Cat2,filterFoamBased,plastics,Ag,e-m,1,%,2
OBS,2020,EU27+4,WEEE_generatedDedicated,WEEE_Cat2,filterFoamBased,plastics,,m-c,1,%,2
OBS,2020,EU27+4,WEEE_generatedDedicated,WEEE_Cat2,fuse,,,c-p,0.0046792689839823,%,1
OBS,2020,EU27+4,WEEE_generatedDedicated,WEEE_Cat2,gear,,,c-p,0.0142239772952117,%,2
OBS,2020,EU27+4,WEEE_generatedDedicated,WEEE_Cat2,gear,plastics,Ag,e-m,1,%,2
OBS,2020,EU27+4,WEEE_generatedDedicated,WEEE_Cat2,gear,plastics,,m-c,1,%,3
OBS,2020,EU27+4,WEEE_generatedDedicated,WEEE_Cat2,heatingCoolingEEEairCondenser,CuAndCuAlloys,Ag,e-m,0.673220344137435,%,3
OBS,2020,EU27+4,WEEE_generatedDedicated,WEEE_Cat2,heatingCoolingEEEairCondenser,CuAndCuAlloys,Dy,e-m,0.312516981282385,%,1
OBS,2020,EU27+4,WEEE_generatedDedicated,WEEE_Cat2,heatingCoolingEEEairCondenser,CuAndCuAlloys,Zr,e-m,0.0142626745801797,%,1
OBS,2020,EU27+4,WEEE_generatedDedicated,WEEE_Cat2,heatingCoolingEEEairCondenser,CuAndCuAlloys,,m-c,0.261958189995871,%,3
OBS,2020,EU27+4,WEEE_generatedDedicated,WEEE_Cat2,heatingCoolingEEEairCondenser,,,c-p,0.0012995925274595,%,1
OBS,2020,EU27+4,WEEE_generatedDedicated,WEEE_Cat2,heatingCoolingEEEairCondenser,otherOrUndefinedMaterials,Ag,e-m,1,%,1
OBS,2020,EU27+4,WEEE_generatedDedicated,WEEE_Cat2,heatingCoolingEEEairCondenser,otherOrUndefinedMaterials,,m-c,0.59221495633723,%,3
OBS,2020,EU27+4,WEEE_generatedDedicated,WEEE_Cat2,heatingCoolingEEEairCondenser,plastics,Ag,e-m,1,%,2
OBS,2020,EU27+4,WEEE_generatedDedicated,WEEE_Cat2,heatingCoolingEEEairCondenser,plastics,,m-c,0.0742464106075108,%,2
OBS,2020,EU27+4,WEEE_generatedDedicated,WEEE_Cat2,heatingCoolingEEEairCondenser,steelAndSteelAlloys,Ag,e-m,0.238894366861647,%,2
OBS,2020,EU27+4,WEEE_generatedDedicated,WEEE_Cat2,heatingCoolingEEEairCondenser,steelAndSteelAlloys,Cu,e-m,0.057735184469835,%,3
OBS,2020,EU27+4,WEEE_generatedDedicated,WEEE_Cat2,heatingCoolingEEEairCondenser,steelAndSteelAlloys,Ga,e-m,0.0185120049524083,%,1
OBS,2020,EU27+4,WEEE_generatedDedicated,WEEE_Cat2,heatingCoolingEEEairCondenser,steelAndSteelAlloys,Mo,e-m,0.461914023392355,%,2
OBS,2020,EU27+4,WEEE_generatedDedicated,WEEE_Cat2,heatingCoolingEEEairCondenser,steelAndSteelAlloys,O,e-m,0.164002303134092,%,1
OBS,2020,EU27+4,WEEE_generatedDedicated,WEEE_Cat2,heatingCoolingEEEairCondenser,steelAndSteelAlloys,Sm,e-m,0.0589421171896625,%,3
OBS,2020,EU27+4,WEEE_generatedDedicated,WEEE_Cat2,heatingCoolingEEEairCondenser,steelAndSteelAlloys,,m-c,0.0715804430593884,%,2
OBS,2020,EU27+4,WEEE_generatedDedicated,WEEE_Cat2,heatingCoolingEEEfan,AlAndAlAlloys,Ag,e-m,0.181024554489094,%,1
OBS,2020,EU27+4,WEEE_generatedDedicated,WEEE_Cat2,heatingCoolingEEEfan,AlAndAlAlloys,As,e-m,0.0579963294957336,%,1
OBS,2020,EU27+4,WEEE_generatedDedicated,WEEE_Cat2,heatingCoolingEEEfan,AlAndAlAlloys,Cu,e-m,0.38225046673946,%,1
OBS,2020,EU27+4,WEEE_generatedDedicated,WEEE_Cat2,heatingCoolingEEEfan,AlAndAlAlloys,Ga,e-m,0.159154283137529,%,3
OBS,2020,EU27+4,WEEE_generatedDedicated,WEEE_Cat2,heatingCoolingEEEfan,AlAndAlAlloys,Mn,e-m,0.148410954800941,%,2
OBS,2020,EU27+4,WEEE_generatedDedicated,WEEE_Cat2,heatingCoolingEEEfan,AlAndAlAlloys,Mo,e-m,0.039250357129927,%,3
OBS,2020,EU27+4,WEEE_generatedDedicated,WEEE_Cat2,heatingCoolingEEEfan,AlAndAlAlloys,Sm,e-m,0.0319130542073164,%,2
OBS,2020,EU27+4,WEEE_generatedDedicated,WEEE_Cat2,heatingCoolingEEEfan,AlAndAlAlloys,,m-c,0.163311950788526,%,1
OBS,2020,EU27+4,WEEE_generatedDedicated,WEEE_Cat2,heatingCoolingEEEfan,CuAndCuAlloys,Ag,e-m,0.0001650019159967,%,1
OBS,2020,EU27+4,WEEE_generatedDedicated,WEEE_Cat2,heatingCoolingEEEfan,CuAndCuAlloys,Dy,e-m,0.685530419879115,%,3
OBS,2020,EU27+4,WEEE_generatedDedicated,WEEE_Cat2,heatingCoolingEEEfan,CuAndCuAlloys,Zr,e-m,0.314304578204889,%,2
OBS,2020,EU27+4,WEEE_generatedDedicated,WEEE_Cat2,heatingCoolingEEEfan,CuAndCuAlloys,,m-c,0.12163100879565,%,3
OBS,2020,EU27+4,WEEE_generatedDedicated,WEEE_Cat2,heatingCoolingEEEfan,ferrousMetals,Ag,e-m,0.0803727712431676,%,2
OBS,2020,EU27+4,WEEE_generatedDedicated,WEEE_Cat2,heatingCoolingEEEfan,ferrousMetals,Ca,e-m,0.166208473058686,%,1
OBS,2020,EU27+4,WEEE_generatedDedicated,WEEE_Cat2,heatingCoolingEEEfan,ferrousMetals,Cu,e-m,0.282969848233813,%,3
OBS,2020,EU27+4,WEEE_generatedDedicated,WEEE_Cat2,heatingCoolingEEEfan,ferrousMetals,Ga,e-m,0.275192801857312,%,2
OBS,2020,EU27+4,WEEE_generatedDedicated,WEEE_Cat2,heatingCoolingEEEfan,ferrousMetals,Mo,e-m,0.0089447871908509,%,2
OBS,2020,EU27+4,WEEE_generatedDedicated,WEEE_Cat2,heatingCoolingEEEfan,ferrousMetals,O,e-m,0.0234608501985493,%,1
OBS,2020,EU27+4,WEEE_generatedDedicated,WEEE_Cat2,heatingCoolingEEEfan,ferrousMetals,Sm,e-m,0.162850468217621,%,3
OBS,2020,EU27+4,WEEE_generatedDedicated,WEEE_Cat2,heatingCoolingEEEfan,ferrousMetals,,m-c,0.206443914305985,%,3
OBS,2020,EU27+4,WEEE_generatedDedicated,WEEE_Cat2,heatingCoolingEEEfan,,,c-p,0.0062181752636664,%,2
OBS,2020,EU27+4,WEEE_generatedDedicated,WEEE_Cat2,heatingCoolingEEEfan,otherMetalsAndMetalAlloys,,m-c,0.0513790041931704,%,3
OBS,2020,EU27+4,WEEE_generatedDedicated,WEEE_Cat2,heatingCoolingEEEfan,plastics,Ag,e-m,1,%,2
OBS,2020,EU27+4,WEEE_generatedDedicated,WEEE_Cat2,heatingCoolingEEEfan,plastics,,m-c,0.132343534541504,%,1
OBS,2020,EU27+4,WEEE_generatedDedicated,WEEE_Cat2,heatingCoolingEEEfan,steelAndSteelAlloys,Ag,e-m,0.281065992077612,%,3
OBS,2020,EU27+4,WEEE_generatedDedicated,WEEE_Cat2,heatingCoolingEEEfan,steelAndSteelAlloys,Cu,e-m,0.168854592169864,%,2
OBS,2020,EU27+4,WEEE_generatedDedicated,WEEE_Cat2,heatingCoolingEEEfan,steelAndSteelAlloys,Ga,e-m,0.216744361740526,%,2
OBS,2020,EU27+4,WEEE_generatedDedicated,WEEE_Cat2,heatingCoolingEEEfan,steelAndSteelAlloys,Mo,e-m,0.114190731226865,%,3
OBS,2020,EU27+4,WEEE_generatedDedicated,WEEE_Cat2,heatingCoolingEEEfan,steelAndSteelAlloys,O,e-m,0.155574478329148,%,1
OBS,2020,EU27+4,WEEE_generatedDedicated,WEEE_Cat2,heatingCoolingEEEfan,steelAndSteelAlloys,Sm,e-m,0.0635698444559851,%,3
OBS,2020,EU27+4,WEEE_generatedDedicated,WEEE_Cat2,heatingCoolingEEEfan,steelAndSteelAlloys,,m-c,0.168076388818256,%,3
OBS,2020,EU27+4,WEEE_generatedDedicated,WEEE_Cat2,heatingCoolingEEEfan,undefinedAndMixedMaterials,Ag,e-m,1,%,1
OBS,2020,EU27+4,WEEE_generatedDedicated,WEEE_Cat2,heatingCoolingEEEfan,undefinedAndMixedMaterials,,m-c,0.156814198556909,%,3
OBS,2020,EU27+4,WEEE_generatedDedicated,WEEE_Cat2,heatingCoolingEEEheatSink,AlAndAlAlloys,Ag,e-m,0.486570927592471,%,1
OBS,2020,EU27+4,WEEE_generatedDedicated,WEEE_Cat2,heatingCoolingEEEheatSink,AlAndAlAlloys,As,e-m,0.107556804767512,%,1
OBS,2020,EU27+4,WEEE_generatedDedicated,WEEE_Cat2,heatingCoolingEEEheatSink,AlAndAlAlloys,Cu,e-m,0.02914420393237,%,3
OBS,2020,EU27+4,WEEE_generatedDedicated,WEEE_Cat2,heatingCoolingEEEheatSink,AlAndAlAlloys,Ga,e-m,0.13458387023098,%,3
OBS,2020,EU27+4,WEEE_generatedDedicated,WEEE_Cat2,heatingCoolingEEEheatSink,AlAndAlAlloys,Mn,e-m,0.014751248495721,%,1
OBS,2020,EU27+4,WEEE_generatedDedicated,WEEE_Cat2,heatingCoolingEEEheatSink,AlAndAlAlloys,Mo,e-m,0.203194504839662,%,3
OBS,2020,EU27+4,WEEE_generatedDedicated,WEEE_Cat2,heatingCoolingEEEheatSink,AlAndAlAlloys,Sm,e-m,0.0241984401412837,%,1
OBS,2020,EU27+4,WEEE_generatedDedicated,WEEE_Cat2,heatingCoolingEEEheatSink,AlAndAlAlloys,,m-c,0.101046465568484,%,2
OBS,2020,EU27+4,WEEE_generatedDedicated,WEEE_Cat2,heatingCoolingEEEheatSink,CuAndCuAlloys,Ag,e-m,0.1510012381488,%,3
OBS,2020,EU27+4,WEEE_generatedDedicated,WEEE_Cat2,heatingCoolingEEEheatSink,CuAndCuAlloys,Dy,e-m,0.300818657952624,%,3
OBS,2020,EU27+4,WEEE_generatedDedicated,WEEE_Cat2,heatingCoolingEEEheatSink,CuAndCuAlloys,Zr,e-m,0.548180103898576,%,2
OBS,2020,EU27+4,WEEE_generatedDedicated,WEEE_Cat2,heatingCoolingEEEheatSink,CuAndCuAlloys,,m-c,0.0526077480053883,%,2
OBS,2020,EU27+4,WEEE_generatedDedicated,WEEE_Cat2,heatingCoolingEEEheatSink,ferrousMetals,Ag,e-m,0.191237626643283,%,1
OBS,2020,EU27+4,WEEE_generatedDedicated,WEEE_Cat2,heatingCoolingEEEheatSink,ferrousMetals,Cu,e-m,0.3862574849918,%,2
OBS,2020,EU27+4,WEEE_generatedDedicated,WEEE_Cat2,heatingCoolingEEEheatSink,ferrousMetals,Ga,e-m,0.0903381079595305,%,1
OBS,2020,EU27+4,WEEE_generatedDedicated,WEEE_Cat2,heatingCoolingEEEheatSink,ferrousMetals,Mo,e-m,0.127012673031769,%,2
OBS,2020,EU27+4,WEEE_generatedDedicated,WEEE_Cat2,heatingCoolingEEEheatSink,ferrousMetals,O,e-m,0.176813126555905,%,3
OBS,2020,EU27+4,WEEE_generatedDedicated,WEEE_Cat2,heatingCoolingEEEheatSink,ferrousMetals,Sm,e-m,0.0283409808177125,%,3
OBS,2020,EU27+4,WEEE_generatedDedicated,WEEE_Cat2,heatingCoolingEEEheatSink,ferrousMetals,,m-c,0.411721462495527,%,2
OBS,2020,EU27+4,WEEE_generatedDedicated,WEEE_Cat2,heatingCoolingEEEheatSink,,,c-p,0.017554252764867,%,3
OBS,2020,EU27+4,WEEE_generatedDedicated,WEEE_Cat2,heatingCoolingEEEheatSink,otherMetalsAndMetalAlloys,Ag,e-m,0.68156557348908,%,3
OBS,2020,EU27+4,WEEE_generatedDedicated,WEEE_Cat2,heatingCoolingEEEheatSink,otherMetalsAndMetalAlloys,Al,e-m,0.16535090713022,%,1
OBS,2020,EU27+4,WEEE_generatedDedicated,WEEE_Cat2,heatingCoolingEEEheatSink,otherMetalsAndMetalAlloys,Dy,e-m,0.1530835193807,%,1
OBS,2020,EU27+4,WEEE_generatedDedicated,WEEE_Cat2,heatingCoolingEEEheatSink,otherMetalsAndMetalAlloys,,m-c,0.0687331476605473,%,2
OBS,2020,EU27+4,WEEE_generatedDedicated,WEEE_Cat2,heatingCoolingEEEheatSink,plastics,Ag,e-m,1,%,3
OBS,2020,EU27+4,WEEE_generatedDedicated,WEEE_Cat2,heatingCoolingEEEheatSink,plastics,,m-c,0.252199067477066,%,2
OBS,2020,EU27+4,WEEE_generatedDedicated,WEEE_Cat2,heatingCoolingEEEheatSink,undefinedAndMixedMaterials,Ag,e-m,1,%,2
OBS,2020,EU27+4,WEEE_generatedDedicated,WEEE_Cat2,heatingCoolingEEEheatSink,undefinedAndMixedMaterials,,m-c,0.113692108792988,%,1
OBS,2020,EU27+4,WEEE_generatedDedicated,WEEE_Cat2,inductor,CuAndCuAlloys,Ag,e-m,0.009062727700086,%,1
OBS,2020,EU27+4,WEEE_generatedDedicated,WEEE_Cat2,inductor,CuAndCuAlloys,Dy,e-m,0.452881965248207,%,1
OBS,2020,EU27+4,WEEE_generatedDedicated,WEEE_Cat2,inductor,CuAndCuAlloys,Zr,e-m,0.538055307051707,%,1
OBS,2020,EU27+4,WEEE_generatedDedicated,WEEE_Cat2,inductor,CuAndCuAlloys,,m-c,0.278749853005831,%,2
OBS,2020,EU27+4,WEEE_generatedDedicated,WEEE_Cat2,inductor,ferrousMetals,Ag,e-m,0.0384077196612178,%,2
OBS,2020,EU27+4,WEEE_generatedDedicated,WEEE_Cat2,inductor,ferrousMetals,Cu,e-m,0.0420201916925533,%,2
OBS,2020,EU27+4,WEEE_generatedDedicated,WEEE_Cat2,inductor,ferrousMetals,Ga,e-m,0.445787351007283,%,1
OBS,2020,EU27+4,WEEE_generatedDedicated,WEEE_Cat2,inductor,ferrousMetals,Mo,e-m,0.197372275903219,%,2
OBS,2020,EU27+4,WEEE_generatedDedicated,WEEE_Cat2,inductor,ferrousMetals,O,e-m,0.045611423552421,%,1
OBS,2020,EU27+4,WEEE_generatedDedicated,WEEE_Cat2,inductor,ferrousMetals,Sm,e-m,0.230801038183306,%,1
OBS,2020,EU27+4,WEEE_generatedDedicated,WEEE_Cat2,inductor,ferrousMetals,,m-c,0.30786173964188,%,1
OBS,2020,EU27+4,WEEE_generatedDedicated,WEEE_Cat2,inductor,,,c-p,0.0082524544304731,%,2
OBS,2020,EU27+4,WEEE_generatedDedicated,WEEE_Cat2,inductor,plastics,Ag,e-m,1,%,2
OBS,2020,EU27+4,WEEE_generatedDedicated,WEEE_Cat2,inductor,plastics,,m-c,0.413388407352289,%,3
OBS,2020,EU27+4,WEEE_generatedDedicated,WEEE_Cat2,insulation,,,c-p,0.0354862080202818,%,3
OBS,2020,EU27+4,WEEE_generatedDedicated,WEEE_Cat2,keyboard,AlAndAlAlloys,Ag,e-m,0.0678988589186195,%,1
OBS,2020,EU27+4,WEEE_generatedDedicated,WEEE_Cat2,keyboard,AlAndAlAlloys,As,e-m,0.159026584352787,%,3
OBS,2020,EU27+4,WEEE_generatedDedicated,WEEE_Cat2,keyboard,AlAndAlAlloys,Cu,e-m,0.0281798175248155,%,1
OBS,2020,EU27+4,WEEE_generatedDedicated,WEEE_Cat2,keyboard,AlAndAlAlloys,Ga,e-m,0.222286343665393,%,1
OBS,2020,EU27+4,WEEE_generatedDedicated,WEEE_Cat2,keyboard,AlAndAlAlloys,Mn,e-m,0.201538768209672,%,1
OBS,2020,EU27+4,WEEE_generatedDedicated,WEEE_Cat2,keyboard,AlAndAlAlloys,Mo,e-m,0.161458141194344,%,3
OBS,2020,EU27+4,WEEE_generatedDedicated,WEEE_Cat2,keyboard,AlAndAlAlloys,Sm,e-m,0.159611486134369,%,3
OBS,2020,EU27+4,WEEE_generatedDedicated,WEEE_Cat2,keyboard,AlAndAlAlloys,,m-c,0.0169923449192984,%,1
OBS,2020,EU27+4,WEEE_generatedDedicated,WEEE_Cat2,keyboard,CuAndCuAlloys,Ag,e-m,0.555614631377905,%,1
OBS,2020,EU27+4,WEEE_generatedDedicated,WEEE_Cat2,keyboard,CuAndCuAlloys,Dy,e-m,0.335127645039711,%,3
OBS,2020,EU27+4,WEEE_generatedDedicated,WEEE_Cat2,keyboard,CuAndCuAlloys,Zr,e-m,0.109257723582384,%,3
OBS,2020,EU27+4,WEEE_generatedDedicated,WEEE_Cat2,keyboard,CuAndCuAlloys,,m-c,0.0685376943273003,%,2
OBS,2020,EU27+4,WEEE_generatedDedicated,WEEE_Cat2,keyboard,ferrousMetals,Ag,e-m,0.264301493308485,%,2
OBS,2020,EU27+4,WEEE_generatedDedicated,WEEE_Cat2,keyboard,ferrousMetals,Cu,e-m,0.0184155163629213,%,1
OBS,2020,EU27+4,WEEE_generatedDedicated,WEEE_Cat2,keyboard,ferrousMetals,Ga,e-m,0.265725773073637,%,1
OBS,2020,EU27+4,WEEE_generatedDedicated,WEEE_Cat2,keyboard,ferrousMetals,Mo,e-m,0.256954914015277,%,3
OBS,2020,EU27+4,WEEE_generatedDedicated,WEEE_Cat2,keyboard,ferrousMetals,O,e-m,0.169857266786595,%,2
OBS,2020,EU27+4,WEEE_generatedDedicated,WEEE_Cat2,keyboard,ferrousMetals,Sm,e-m,0.0247450364530849,%,3
OBS,2020,EU27+4,WEEE_generatedDedicated,WEEE_Cat2,keyboard,ferrousMetals,,m-c,0.20369412858584,%,1
OBS,2020,EU27+4,WEEE_generatedDedicated,WEEE_Cat2,keyboard,,,c-p,0.0175157486281253,%,3
OBS,2020,EU27+4,WEEE_generatedDedicated,WEEE_Cat2,keyboard,otherMetalsAndMetalAlloys,Ag,e-m,0.0236427569299008,%,3
OBS,2020,EU27+4,WEEE_generatedDedicated,WEEE_Cat2,keyboard,otherMetalsAndMetalAlloys,Al,e-m,0.751908897480496,%,1
OBS,2020,EU27+4,WEEE_generatedDedicated,WEEE_Cat2,keyboard,otherMetalsAndMetalAlloys,Dy,e-m,0.224448345589603,%,2
OBS,2020,EU27+4,WEEE_generatedDedicated,WEEE_Cat2,keyboard,otherMetalsAndMetalAlloys,,m-c,0.0796676947134377,%,2
OBS,2020,EU27+4,WEEE_generatedDedicated,WEEE_Cat2,keyboard,plastics,Ag,e-m,1,%,3
OBS,2020,EU27+4,WEEE_generatedDedicated,WEEE_Cat2,keyboard,plastics,,m-c,0.458654232338534,%,1
OBS,2020,EU27+4,WEEE_generatedDedicated,WEEE_Cat2,keyboard,undefinedAndMixedMaterials,Ag,e-m,1,%,1
OBS,2020,EU27+4,WEEE_generatedDedicated,WEEE_Cat2,keyboard,undefinedAndMixedMaterials,,m-c,0.17245390511559,%,3
OBS,2020,EU27+4,WEEE_generatedDedicated,WEEE_Cat2,knob,AlAndAlAlloys,Ag,e-m,0.405575207558209,%,2
OBS,2020,EU27+4,WEEE_generatedDedicated,WEEE_Cat2,knob,AlAndAlAlloys,As,e-m,0.126115456536622,%,2
OBS,2020,EU27+4,WEEE_generatedDedicated,WEEE_Cat2,knob,AlAndAlAlloys,Cu,e-m,0.205575965150771,%,3
OBS,2020,EU27+4,WEEE_generatedDedicated,WEEE_Cat2,knob,AlAndAlAlloys,Ga,e-m,0.0330537536033425,%,2
OBS,2020,EU27+4,WEEE_generatedDedicated,WEEE_Cat2,knob,AlAndAlAlloys,Mn,e-m,0.0165726778183114,%,2
OBS,2020,EU27+4,WEEE_generatedDedicated,WEEE_Cat2,knob,AlAndAlAlloys,Mo,e-m,0.0738225508398469,%,3
OBS,2020,EU27+4,WEEE_generatedDedicated,WEEE_Cat2,knob,AlAndAlAlloys,Sm,e-m,0.139284388492897,%,1
OBS,2020,EU27+4,WEEE_generatedDedicated,WEEE_Cat2,knob,AlAndAlAlloys,,m-c,0.0481334790447802,%,2
OBS,2020,EU27+4,WEEE_generatedDedicated,WEEE_Cat2,knob,ferrousMetals,Ag,e-m,0.253471808958564,%,3
OBS,2020,EU27+4,WEEE_generatedDedicated,WEEE_Cat2,knob,ferrousMetals,Ca,e-m,0.144838868686287,%,1
OBS,2020,EU27+4,WEEE_generatedDedicated,WEEE_Cat2,knob,ferrousMetals,Ga,e-m,0.0568177986651715,%,3
OBS,2020,EU27+4,WEEE_generatedDedicated,WEEE_Cat2,knob,ferrousMetals,Mo,e-m,0.327420683437976,%,3
OBS,2020,EU27+4,WEEE_generatedDedicated,WEEE_Cat2,knob,ferrousMetals,Sm,e-m,0.217450840252,%,2
OBS,2020,EU27+4,WEEE_generatedDedicated,WEEE_Cat2,knob,ferrousMetals,,m-c,0.788674062281841,%,2
OBS,2020,EU27+4,WEEE_generatedDedicated,WEEE_Cat2,knob,,,c-p,0.0105227781087616,%,3
OBS,2020,EU27+4,WEEE_generatedDedicated,WEEE_Cat2,knob,plastics,Ag,e-m,1,%,3
OBS,2020,EU27+4,WEEE_generatedDedicated,WEEE_Cat2,knob,plastics,,m-c,0.163192458673378,%,3
OBS,2020,EU27+4,WEEE_generatedDedicated,WEEE_Cat2,lenseAssembly,AlAndAlAlloys,Ag,e-m,0.0303367296809379,%,3
OBS,2020,EU27+4,WEEE_generatedDedicated,WEEE_Cat2,lenseAssembly,AlAndAlAlloys,As,e-m,0.353920042619446,%,3
OBS,2020,EU27+4,WEEE_generatedDedicated,WEEE_Cat2,lenseAssembly,AlAndAlAlloys,Cu,e-m,0.242533430962468,%,1
OBS,2020,EU27+4,WEEE_generatedDedicated,WEEE_Cat2,lenseAssembly,AlAndAlAlloys,Ga,e-m,0.151841007680132,%,1
OBS,2020,EU27+4,WEEE_generatedDedicated,WEEE_Cat2,lenseAssembly,AlAndAlAlloys,Mn,e-m,0.0925319943153632,%,3
OBS,2020,EU27+4,WEEE_generatedDedicated,WEEE_Cat2,lenseAssembly,AlAndAlAlloys,Mo,e-m,0.0255537278375019,%,3
OBS,2020,EU27+4,WEEE_generatedDedicated,WEEE_Cat2,lenseAssembly,AlAndAlAlloys,Sm,e-m,0.103283066904152,%,1
OBS,2020,EU27+4,WEEE_generatedDedicated,WEEE_Cat2,lenseAssembly,AlAndAlAlloys,,m-c,0.359581085384486,%,2
OBS,2020,EU27+4,WEEE_generatedDedicated,WEEE_Cat2,lenseAssembly,CuAndCuAlloys,Ag,e-m,0.107171561749266,%,2
OBS,2020,EU27+4,WEEE_generatedDedicated,WEEE_Cat2,lenseAssembly,CuAndCuAlloys,Dy,e-m,0.195814853139748,%,2
OBS,2020,EU27+4,WEEE_generatedDedicated,WEEE_Cat2,lenseAssembly,CuAndCuAlloys,Zr,e-m,0.697013585110986,%,3
OBS,2020,EU27+4,WEEE_generatedDedicated,WEEE_Cat2,lenseAssembly,CuAndCuAlloys,,m-c,0.0063530532691877,%,3
OBS,2020,EU27+4,WEEE_generatedDedicated,WEEE_Cat2,lenseAssembly,ferrousMetals,Ag,e-m,0.0779665002341651,%,3
OBS,2020,EU27+4,WEEE_generatedDedicated,WEEE_Cat2,lenseAssembly,ferrousMetals,Cu,e-m,0.359808116084213,%,1
OBS,2020,EU27+4,WEEE_generatedDedicated,WEEE_Cat2,lenseAssembly,ferrousMetals,Ga,e-m,0.144783448743353,%,1
OBS,2020,EU27+4,WEEE_generatedDedicated,WEEE_Cat2,lenseAssembly,ferrousMetals,Mo,e-m,0.208677272436601,%,2
OBS,2020,EU27+4,WEEE_generatedDedicated,WEEE_Cat2,lenseAssembly,ferrousMetals,O,e-m,0.135968639127841,%,3
OBS,2020,EU27+4,WEEE_generatedDedicated,WEEE_Cat2,lenseAssembly,ferrousMetals,Sm,e-m,0.072796023373827,%,2
OBS,2020,EU27+4,WEEE_generatedDedicated,WEEE_Cat2,lenseAssembly,ferrousMetals,,m-c,0.0410769761659748,%,1
OBS,2020,EU27+4,WEEE_generatedDedicated,WEEE_Cat2,lenseAssembly,glass,Ag,e-m,0.549188912632207,%,2
OBS,2020,EU27+4,WEEE_generatedDedicated,WEEE_Cat2,lenseAssembly,glass,Pd,e-m,0.252699035900505,%,1
OBS,2020,EU27+4,WEEE_generatedDedicated,WEEE_Cat2,lenseAssembly,glass,Sc,e-m,0.0045432001256679,%,3
OBS,2020,EU27+4,WEEE_generatedDedicated,WEEE_Cat2,lenseAssembly,glass,Zr,e-m,0.193568851341621,%,2
OBS,2020,EU27+4,WEEE_generatedDedicated,WEEE_Cat2,lenseAssembly,glass,,m-c,0.348114537232483,%,1
OBS,2020,EU27+4,WEEE_generatedDedicated,WEEE_Cat2,lenseAssembly,,,c-p,0.0096032699780319,%,1
OBS,2020,EU27+4,WEEE_generatedDedicated,WEEE_Cat2,lenseAssembly,plastics,Ag,e-m,1,%,1
OBS,2020,EU27+4,WEEE_generatedDedicated,WEEE_Cat2,lenseAssembly,plastics,,m-c,0.222073184106939,%,1
OBS,2020,EU27+4,WEEE_generatedDedicated,WEEE_Cat2,lenseAssembly,undefinedAndMixedMaterials,Ag,e-m,1,%,3
OBS,2020,EU27+4,WEEE_generatedDedicated,WEEE_Cat2,lenseAssembly,undefinedAndMixedMaterials,,m-c,0.0228011638409295,%,3
OBS,2020,EU27+4,WEEE_generatedDedicated,WEEE_Cat2,lighting,,,c-p,0.0015597284507112,%,3
OBS,2020,EU27+4,WEEE_generatedDedicated,WEEE_Cat2,lightingFlash,AlAndAlAlloys,Ag,e-m,0.130591831224862,%,3
OBS,2020,EU27+4,WEEE_generatedDedicated,WEEE_Cat2,lightingFlash,AlAndAlAlloys,As,e-m,0.0380894419843929,%,1
OBS,2020,EU27+4,WEEE_generatedDedicated,WEEE_Cat2,lightingFlash,AlAndAlAlloys,Cu,e-m,0.0788242721279173,%,1
OBS,2020,EU27+4,WEEE_generatedDedicated,WEEE_Cat2,lightingFlash,AlAndAlAlloys,Ga,e-m,0.297357613553037,%,1
OBS,2020,EU27+4,WEEE_generatedDedicated,WEEE_Cat2,lightingFlash,AlAndAlAlloys,Mn,e-m,0.057969624506015,%,1
OBS,2020,EU27+4,WEEE_generatedDedicated,WEEE_Cat2,lightingFlash,AlAndAlAlloys,Mo,e-m,0.0461588815955317,%,3
OBS,2020,EU27+4,WEEE_generatedDedicated,WEEE_Cat2,lightingFlash,AlAndAlAlloys,Sm,e-m,0.351008335008244,%,1
OBS,2020,EU27+4,WEEE_generatedDedicated,WEEE_Cat2,lightingFlash,AlAndAlAlloys,,m-c,0.0614657334648834,%,2
OBS,2020,EU27+4,WEEE_generatedDedicated,WEEE_Cat2,lightingFlash,CuAndCuAlloys,Ag,e-m,0.499181611086072,%,2
OBS,2020,EU27+4,WEEE_generatedDedicated,WEEE_Cat2,lightingFlash,CuAndCuAlloys,Dy,e-m,0.118167391468675,%,2
OBS,2020,EU27+4,WEEE_generatedDedicated,WEEE_Cat2,lightingFlash,CuAndCuAlloys,Zr,e-m,0.382650997445253,%,2
OBS,2020,EU27+4,WEEE_generatedDedicated,WEEE_Cat2,lightingFlash,CuAndCuAlloys,,m-c,0.202396852209273,%,2
OBS,2020,EU27+4,WEEE_generatedDedicated,WEEE_Cat2,lightingFlash,ferrousMetals,Ag,e-m,0.157465558085698,%,3
OBS,2020,EU27+4,WEEE_generatedDedicated,WEEE_Cat2,lightingFlash,ferrousMetals,Cu,e-m,0.207115474940631,%,3
OBS,2020,EU27+4,WEEE_generatedDedicated,WEEE_Cat2,lightingFlash,ferrousMetals,Ga,e-m,0.090001214746753,%,3
OBS,2020,EU27+4,WEEE_generatedDedicated,WEEE_Cat2,lightingFlash,ferrousMetals,Mo,e-m,0.101940719280397,%,2
OBS,2020,EU27+4,WEEE_generatedDedicated,WEEE_Cat2,lightingFlash,ferrousMetals,O,e-m,0.332856090245883,%,2
OBS,2020,EU27+4,WEEE_generatedDedicated,WEEE_Cat2,lightingFlash,ferrousMetals,Sm,e-m,0.110620942700639,%,1
OBS,2020,EU27+4,WEEE_generatedDedicated,WEEE_Cat2,lightingFlash,ferrousMetals,,m-c,0.0208156200331534,%,3
OBS,2020,EU27+4,WEEE_generatedDedicated,WEEE_Cat2,lightingFlash,glass,Ag,e-m,0.213515869372119,%,1
OBS,2020,EU27+4,WEEE_generatedDedicated,WEEE_Cat2,lightingFlash,glass,Pd,e-m,0.0358839694000617,%,1
OBS,2020,EU27+4,WEEE_generatedDedicated,WEEE_Cat2,lightingFlash,glass,Sc,e-m,0.416584839974376,%,2
OBS,2020,EU27+4,WEEE_generatedDedicated,WEEE_Cat2,lightingFlash,glass,Zr,e-m,0.334015321253444,%,3
OBS,2020,EU27+4,WEEE_generatedDedicated,WEEE_Cat2,lightingFlash,glass,,m-c,0.0449941744158632,%,1
OBS,2020,EU27+4,WEEE_generatedDedicated,WEEE_Cat2,lightingFlash,,,c-p,0.0020542098649169,%,1
OBS,2020,EU27+4,WEEE_generatedDedicated,WEEE_Cat2,lightingFlash,plastics,Ag,e-m,1,%,2
OBS,2020,EU27+4,WEEE_generatedDedicated,WEEE_Cat2,lightingFlash,plastics,,m-c,0.642208529563108,%,1
OBS,2020,EU27+4,WEEE_generatedDedicated,WEEE_Cat2,lightingFlash,undefinedAndMixedMaterials,Ag,e-m,1,%,2
OBS,2020,EU27+4,WEEE_generatedDedicated,WEEE_Cat2,lightingFlash,undefinedAndMixedMaterials,,m-c,0.0281190903137191,%,3
OBS,2020,EU27+4,WEEE_generatedDedicated,WEEE_Cat2,magnetPermanent,,,c-p,0.0173475752149148,%,1
OBS,2020,EU27+4,WEEE_generatedDedicated,WEEE_Cat2,magnetPermanent,otherOrUndefinedMaterials,Ag,e-m,1,%,1
OBS,2020,EU27+4,WEEE_generatedDedicated,WEEE_Cat2,magnetPermanent,otherOrUndefinedMaterials,,m-c,1,%,1
OBS,2020,EU27+4,WEEE_generatedDedicated,WEEE_Cat2,magnetron,,,c-p,0.0180371124172431,%,1
OBS,2020,EU27+4,WEEE_generatedDedicated,WEEE_Cat2,mainboardInclCPUgpu,AlAndAlAlloys,Ag,e-m,0.111878491190907,%,1
OBS,2020,EU27+4,WEEE_generatedDedicated,WEEE_Cat2,mainboardInclCPUgpu,AlAndAlAlloys,As,e-m,0.125054375774287,%,3
OBS,2020,EU27+4,WEEE_generatedDedicated,WEEE_Cat2,mainboardInclCPUgpu,AlAndAlAlloys,Cu,e-m,0.0376893486031004,%,1
OBS,2020,EU27+4,WEEE_generatedDedicated,WEEE_Cat2,mainboardInclCPUgpu,AlAndAlAlloys,Ga,e-m,0.092582054554,%,2
OBS,2020,EU27+4,WEEE_generatedDedicated,WEEE_Cat2,mainboardInclCPUgpu,AlAndAlAlloys,Mn,e-m,0.0154817710165352,%,2
OBS,2020,EU27+4,WEEE_generatedDedicated,WEEE_Cat2,mainboardInclCPUgpu,AlAndAlAlloys,Mo,e-m,0.134027012624327,%,2
OBS,2020,EU27+4,WEEE_generatedDedicated,WEEE_Cat2,mainboardInclCPUgpu,AlAndAlAlloys,Sm,e-m,0.483286946236844,%,2
OBS,2020,EU27+4,WEEE_generatedDedicated,WEEE_Cat2,mainboardInclCPUgpu,AlAndAlAlloys,,m-c,0.0028850400411922,%,3
OBS,2020,EU27+4,WEEE_generatedDedicated,WEEE_Cat2,mainboardInclCPUgpu,CuAndCuAlloys,Ag,e-m,0.469626825085038,%,1
OBS,2020,EU27+4,WEEE_generatedDedicated,WEEE_Cat2,mainboardInclCPUgpu,CuAndCuAlloys,Dy,e-m,0.0850064232229082,%,1
OBS,2020,EU27+4,WEEE_generatedDedicated,WEEE_Cat2,mainboardInclCPUgpu,CuAndCuAlloys,Zr,e-m,0.445366751692054,%,2
OBS,2020,EU27+4,WEEE_generatedDedicated,WEEE_Cat2,mainboardInclCPUgpu,CuAndCuAlloys,,m-c,0.150564391165617,%,3
OBS,2020,EU27+4,WEEE_generatedDedicated,WEEE_Cat2,mainboardInclCPUgpu,ferrousMetals,Ag,e-m,0.0172086023733084,%,1
OBS,2020,EU27+4,WEEE_generatedDedicated,WEEE_Cat2,mainboardInclCPUgpu,ferrousMetals,Cu,e-m,0.116146095546702,%,3
OBS,2020,EU27+4,WEEE_generatedDedicated,WEEE_Cat2,mainboardInclCPUgpu,ferrousMetals,Ga,e-m,0.340468830678234,%,3
OBS,2020,EU27+4,WEEE_generatedDedicated,WEEE_Cat2,mainboardInclCPUgpu,ferrousMetals,Mo,e-m,0.0891845159032451,%,2
OBS,2020,EU27+4,WEEE_generatedDedicated,WEEE_Cat2,mainboardInclCPUgpu,ferrousMetals,O,e-m,0.390303602020788,%,3
OBS,2020,EU27+4,WEEE_generatedDedicated,WEEE_Cat2,mainboardInclCPUgpu,ferrousMetals,Sm,e-m,0.046688353477722,%,1
OBS,2020,EU27+4,WEEE_generatedDedicated,WEEE_Cat2,mainboardInclCPUgpu,ferrousMetals,,m-c,0.308554625328881,%,1
OBS,2020,EU27+4,WEEE_generatedDedicated,WEEE_Cat2,mainboardInclCPUgpu,,,c-p,0.0117075336443319,%,2
OBS,2020,EU27+4,WEEE_generatedDedicated,WEEE_Cat2,mainboardInclCPUgpu,otherMetalsAndMetalAlloys,Ag,e-m,0.122705357266829,%,2
OBS,2020,EU27+4,WEEE_generatedDedicated,WEEE_Cat2,mainboardInclCPUgpu,otherMetalsAndMetalAlloys,Al,e-m,0.28219236855265,%,2
OBS,2020,EU27+4,WEEE_generatedDedicated,WEEE_Cat2,mainboardInclCPUgpu,otherMetalsAndMetalAlloys,Dy,e-m,0.595102274180521,%,2
OBS,2020,EU27+4,WEEE_generatedDedicated,WEEE_Cat2,mainboardInclCPUgpu,otherMetalsAndMetalAlloys,,m-c,0.310594252756849,%,2
OBS,2020,EU27+4,WEEE_generatedDedicated,WEEE_Cat2,mainboardInclCPUgpu,plastics,Ag,e-m,1,%,3
OBS,2020,EU27+4,WEEE_generatedDedicated,WEEE_Cat2,mainboardInclCPUgpu,plastics,,m-c,0.0718541495115345,%,1
OBS,2020,EU27+4,WEEE_generatedDedicated,WEEE_Cat2,mainboardInclCPUgpu,undefinedAndMixedMaterials,Ag,e-m,1,%,2
OBS,2020,EU27+4,WEEE_generatedDedicated,WEEE_Cat2,mainboardInclCPUgpu,undefinedAndMixedMaterials,,m-c,0.155547541195926,%,3
OBS,2020,EU27+4,WEEE_generatedDedicated,WEEE_Cat2,,,,c-p,0.188374866238672,%,2
OBS,2020,EU27+4,WEEE_generatedDedicated,WEEE_Cat2,non-electricCoil,AlAndAlAlloys,Ag,e-m,0.235873872706471,%,2
OBS,2020,EU27+4,WEEE_generatedDedicated,WEEE_Cat2,non-electricCoil,AlAndAlAlloys,As,e-m,0.0430765595599566,%,2
OBS,2020,EU27+4,WEEE_generatedDedicated,WEEE_Cat2,non-electricCoil,AlAndAlAlloys,Cu,e-m,0.0473310102534336,%,3
OBS,2020,EU27+4,WEEE_generatedDedicated,WEEE_Cat2,non-electricCoil,AlAndAlAlloys,Ga,e-m,0.4625736993855,%,3
OBS,2020,EU27+4,WEEE_generatedDedicated,WEEE_Cat2,non-electricCoil,AlAndAlAlloys,Mn,e-m,0.0378276515635499,%,2
OBS,2020,EU27+4,WEEE_generatedDedicated,WEEE_Cat2,non-electricCoil,AlAndAlAlloys,Mo,e-m,0.0833204410760364,%,2
OBS,2020,EU27+4,WEEE_generatedDedicated,WEEE_Cat2,non-electricCoil,AlAndAlAlloys,Sm,e-m,0.0899967654550526,%,3
OBS,2020,EU27+4,WEEE_generatedDedicated,WEEE_Cat2,non-electricCoil,AlAndAlAlloys,,m-c,0.300482190000465,%,1
OBS,2020,EU27+4,WEEE_generatedDedicated,WEEE_Cat2,non-electricCoil,ferrousMetals,Ag,e-m,0.0554135735946832,%,2
OBS,2020,EU27+4,WEEE_generatedDedicated,WEEE_Cat2,non-electricCoil,ferrousMetals,Ca,e-m,0.114094805232736,%,1
OBS,2020,EU27+4,WEEE_generatedDedicated,WEEE_Cat2,non-electricCoil,ferrousMetals,Ga,e-m,0.627273406180635,%,3
OBS,2020,EU27+4,WEEE_generatedDedicated,WEEE_Cat2,non-electricCoil,ferrousMetals,Mo,e-m,0.0407450722259497,%,1
OBS,2020,EU27+4,WEEE_generatedDedicated,WEEE_Cat2,non-electricCoil,ferrousMetals,Sm,e-m,0.162473142765996,%,3
OBS,2020,EU27+4,WEEE_generatedDedicated,WEEE_Cat2,non-electricCoil,ferrousMetals,,m-c,0.378344406664315,%,3
OBS,2020,EU27+4,WEEE_generatedDedicated,WEEE_Cat2,non-electricCoil,,,c-p,0.0099386893028685,%,2
OBS,2020,EU27+4,WEEE_generatedDedicated,WEEE_Cat2,non-electricCoil,plastics,Ag,e-m,1,%,2
OBS,2020,EU27+4,WEEE_generatedDedicated,WEEE_Cat2,non-electricCoil,plastics,,m-c,0.321173403335221,%,3
OBS,2020,EU27+4,WEEE_generatedDedicated,WEEE_Cat2,nonElectricCoil,,,c-p,0.0032653888525962,%,1
OBS,2020,EU27+4,WEEE_generatedDedicated,WEEE_Cat2,onOffSwitch,CuAndCuAlloys,Ag,e-m,0.353716252597348,%,2
OBS,2020,EU27+4,WEEE_generatedDedicated,WEEE_Cat2,onOffSwitch,CuAndCuAlloys,Dy,e-m,0.573045509736562,%,3
OBS,2020,EU27+4,WEEE_generatedDedicated,WEEE_Cat2,onOffSwitch,CuAndCuAlloys,Zr,e-m,0.0732382376660895,%,2
OBS,2020,EU27+4,WEEE_generatedDedicated,WEEE_Cat2,onOffSwitch,CuAndCuAlloys,,m-c,0.0525466459664188,%,3
OBS,2020,EU27+4,WEEE_generatedDedicated,WEEE_Cat2,onOffSwitch,,,c-p,0.0209626987238232,%,3
OBS,2020,EU27+4,WEEE_generatedDedicated,WEEE_Cat2,onOffSwitch,plastics,Ag,e-m,1,%,2
OBS,2020,EU27+4,WEEE_generatedDedicated,WEEE_Cat2,onOffSwitch,plastics,,m-c,0.947453354033581,%,1
OBS,2020,EU27+4,WEEE_generatedDedicated,WEEE_Cat2,otherElectricCompUnspecified,AlAndAlAlloys,Ag,e-m,0.466634079525853,%,3
OBS,2020,EU27+4,WEEE_generatedDedicated,WEEE_Cat2,otherElectricCompUnspecified,AlAndAlAlloys,As,e-m,0.0117820569664923,%,2
OBS,2020,EU27+4,WEEE_generatedDedicated,WEEE_Cat2,otherElectricCompUnspecified,AlAndAlAlloys,Cu,e-m,0.0766020856757174,%,1
OBS,2020,EU27+4,WEEE_generatedDedicated,WEEE_Cat2,otherElectricCompUnspecified,AlAndAlAlloys,Ga,e-m,0.25068621127298,%,3
OBS,2020,EU27+4,WEEE_generatedDedicated,WEEE_Cat2,otherElectricCompUnspecified,AlAndAlAlloys,Mn,e-m,0.0175235207131647,%,2
OBS,2020,EU27+4,WEEE_generatedDedicated,WEEE_Cat2,otherElectricCompUnspecified,AlAndAlAlloys,Mo,e-m,0.132579774813145,%,2
OBS,2020,EU27+4,WEEE_generatedDedicated,WEEE_Cat2,otherElectricCompUnspecified,AlAndAlAlloys,Sm,e-m,0.0441922710326472,%,3
OBS,2020,EU27+4,WEEE_generatedDedicated,WEEE_Cat2,otherElectricCompUnspecified,AlAndAlAlloys,,m-c,0.0846703066734956,%,3
OBS,2020,EU27+4,WEEE_generatedDedicated,WEEE_Cat2,otherElectricCompUnspecified,CuAndCuAlloys,Ag,e-m,0.686397872752953,%,2
OBS,2020,EU27+4,WEEE_generatedDedicated,WEEE_Cat2,otherElectricCompUnspecified,CuAndCuAlloys,Dy,e-m,0.269644902114275,%,3
OBS,2020,EU27+4,WEEE_generatedDedicated,WEEE_Cat2,otherElectricCompUnspecified,CuAndCuAlloys,Zr,e-m,0.043957225132772,%,3
OBS,2020,EU27+4,WEEE_generatedDedicated,WEEE_Cat2,otherElectricCompUnspecified,CuAndCuAlloys,,m-c,0.0062121070173995,%,2
OBS,2020,EU27+4,WEEE_generatedDedicated,WEEE_Cat2,otherElectricCompUnspecified,ferrousMetals,Ag,e-m,0.429204781861252,%,3
OBS,2020,EU27+4,WEEE_generatedDedicated,WEEE_Cat2,otherElectricCompUnspecified,ferrousMetals,Cu,e-m,0.150601163746214,%,2
OBS,2020,EU27+4,WEEE_generatedDedicated,WEEE_Cat2,otherElectricCompUnspecified,ferrousMetals,Ga,e-m,0.0756737842831904,%,3
OBS,2020,EU27+4,WEEE_generatedDedicated,WEEE_Cat2,otherElectricCompUnspecified,ferrousMetals,Mo,e-m,0.0451010308532986,%,3
OBS,2020,EU27+4,WEEE_generatedDedicated,WEEE_Cat2,otherElectricCompUnspecified,ferrousMetals,O,e-m,0.0626791299982712,%,2
OBS,2020,EU27+4,WEEE_generatedDedicated,WEEE_Cat2,otherElectricCompUnspecified,ferrousMetals,Sm,e-m,0.236740109257773,%,2
OBS,2020,EU27+4,WEEE_generatedDedicated,WEEE_Cat2,otherElectricCompUnspecified,ferrousMetals,,m-c,0.206984902782313,%,2
OBS,2020,EU27+4,WEEE_generatedDedicated,WEEE_Cat2,otherElectricCompUnspecified,glass,Ag,e-m,0.563333626927673,%,3
OBS,2020,EU27+4,WEEE_generatedDedicated,WEEE_Cat2,otherElectricCompUnspecified,glass,Pd,e-m,0.0137965196162941,%,1
OBS,2020,EU27+4,WEEE_generatedDedicated,WEEE_Cat2,otherElectricCompUnspecified,glass,Sc,e-m,0.33322149234359,%,3
OBS,2020,EU27+4,WEEE_generatedDedicated,WEEE_Cat2,otherElectricCompUnspecified,glass,Zr,e-m,0.0896483611124431,%,2
OBS,2020,EU27+4,WEEE_generatedDedicated,WEEE_Cat2,otherElectricCompUnspecified,glass,,m-c,0.0145193581788934,%,1
OBS,2020,EU27+4,WEEE_generatedDedicated,WEEE_Cat2,otherElectricCompUnspecified,,,c-p,0.0143868087859126,%,2
OBS,2020,EU27+4,WEEE_generatedDedicated,WEEE_Cat2,otherElectricCompUnspecified,otherMetalsAndMetalAlloys,Ag,e-m,0.108203489869631,%,1
OBS,2020,EU27+4,WEEE_generatedDedicated,WEEE_Cat2,otherElectricCompUnspecified,otherMetalsAndMetalAlloys,Al,e-m,0.0783841852401234,%,1
OBS,2020,EU27+4,WEEE_generatedDedicated,WEEE_Cat2,otherElectricCompUnspecified,otherMetalsAndMetalAlloys,Dy,e-m,0.813412324890246,%,1
OBS,2020,EU27+4,WEEE_generatedDedicated,WEEE_Cat2,otherElectricCompUnspecified,otherMetalsAndMetalAlloys,,m-c,0.048295875047442,%,2
OBS,2020,EU27+4,WEEE_generatedDedicated,WEEE_Cat2,otherElectricCompUnspecified,otherOrUndefinedMaterials,Ag,e-m,1,%,2
OBS,2020,EU27+4,WEEE_generatedDedicated,WEEE_Cat2,otherElectricCompUnspecified,otherOrUndefinedMaterials,,m-c,0.190270059856583,%,3
OBS,2020,EU27+4,WEEE_generatedDedicated,WEEE_Cat2,otherElectricCompUnspecified,plastics,Ag,e-m,1,%,2
OBS,2020,EU27+4,WEEE_generatedDedicated,WEEE_Cat2,otherElectricCompUnspecified,plastics,,m-c,0.370914453116067,%,2
OBS,2020,EU27+4,WEEE_generatedDedicated,WEEE_Cat2,otherElectricCompUnspecified,undefinedAndMixedMaterials,Ag,e-m,1,%,2
OBS,2020,EU27+4,WEEE_generatedDedicated,WEEE_Cat2,otherElectricCompUnspecified,undefinedAndMixedMaterials,,m-c,0.0781329373278066,%,1
OBS,2020,EU27+4,WEEE_generatedDedicated,WEEE_Cat2,otherNonElectricCompUnspecified,AlAndAlAlloys,Ag,e-m,0.241253904064189,%,3
OBS,2020,EU27+4,WEEE_generatedDedicated,WEEE_Cat2,otherNonElectricCompUnspecified,AlAndAlAlloys,As,e-m,0.0550146121650105,%,2
OBS,2020,EU27+4,WEEE_generatedDedicated,WEEE_Cat2,otherNonElectricCompUnspecified,AlAndAlAlloys,Cu,e-m,0.0440949364647155,%,1
OBS,2020,EU27+4,WEEE_generatedDedicated,WEEE_Cat2,otherNonElectricCompUnspecified,AlAndAlAlloys,Ga,e-m,0.287950102599717,%,2
OBS,2020,EU27+4,WEEE_generatedDedicated,WEEE_Cat2,otherNonElectricCompUnspecified,AlAndAlAlloys,Mn,e-m,0.0042757711892359,%,2
OBS,2020,EU27+4,WEEE_generatedDedicated,WEEE_Cat2,otherNonElectricCompUnspecified,AlAndAlAlloys,Mo,e-m,0.0230440582179754,%,2
OBS,2020,EU27+4,WEEE_generatedDedicated,WEEE_Cat2,otherNonElectricCompUnspecified,AlAndAlAlloys,Sm,e-m,0.344366615299156,%,3
OBS,2020,EU27+4,WEEE_generatedDedicated,WEEE_Cat2,otherNonElectricCompUnspecified,AlAndAlAlloys,,m-c,0.0252032842858725,%,2
OBS,2020,EU27+4,WEEE_generatedDedicated,WEEE_Cat2,otherNonElectricCompUnspecified,CuAndCuAlloys,Ag,e-m,0.358998577758034,%,1
OBS,2020,EU27+4,WEEE_generatedDedicated,WEEE_Cat2,otherNonElectricCompUnspecified,CuAndCuAlloys,As,e-m,0.0490390922116285,%,3
OBS,2020,EU27+4,WEEE_generatedDedicated,WEEE_Cat2,otherNonElectricCompUnspecified,CuAndCuAlloys,Cu,e-m,0.251658615713998,%,1
OBS,2020,EU27+4,WEEE_generatedDedicated,WEEE_Cat2,otherNonElectricCompUnspecified,CuAndCuAlloys,Dy,e-m,0.0362057674674619,%,3
OBS,2020,EU27+4,WEEE_generatedDedicated,WEEE_Cat2,otherNonElectricCompUnspecified,CuAndCuAlloys,Ga,e-m,0.0088006717361519,%,1
OBS,2020,EU27+4,WEEE_generatedDedicated,WEEE_Cat2,otherNonElectricCompUnspecified,CuAndCuAlloys,Mn,e-m,0.0465618357354257,%,2
OBS,2020,EU27+4,WEEE_generatedDedicated,WEEE_Cat2,otherNonElectricCompUnspecified,CuAndCuAlloys,Mo,e-m,0.0495283447483409,%,2
OBS,2020,EU27+4,WEEE_generatedDedicated,WEEE_Cat2,otherNonElectricCompUnspecified,CuAndCuAlloys,Sm,e-m,0.174107702128692,%,2
OBS,2020,EU27+4,WEEE_generatedDedicated,WEEE_Cat2,otherNonElectricCompUnspecified,CuAndCuAlloys,Zr,e-m,0.0250993925002673,%,1
OBS,2020,EU27+4,WEEE_generatedDedicated,WEEE_Cat2,otherNonElectricCompUnspecified,CuAndCuAlloys,,m-c,0.244033327574932,%,1
OBS,2020,EU27+4,WEEE_generatedDedicated,WEEE_Cat2,otherNonElectricCompUnspecified,ferrousMetals,Ag,e-m,0.0722730924359531,%,2
OBS,2020,EU27+4,WEEE_generatedDedicated,WEEE_Cat2,otherNonElectricCompUnspecified,ferrousMetals,Ca,e-m,0.124760003255948,%,2
OBS,2020,EU27+4,WEEE_generatedDedicated,WEEE_Cat2,otherNonElectricCompUnspecified,ferrousMetals,Cu,e-m,0.28308138433963,%,1
OBS,2020,EU27+4,WEEE_generatedDedicated,WEEE_Cat2,otherNonElectricCompUnspecified,ferrousMetals,Ga,e-m,0.238248210429021,%,3
OBS,2020,EU27+4,WEEE_generatedDedicated,WEEE_Cat2,otherNonElectricCompUnspecified,ferrousMetals,Mo,e-m,0.139389463291378,%,3
OBS,2020,EU27+4,WEEE_generatedDedicated,WEEE_Cat2,otherNonElectricCompUnspecified,ferrousMetals,O,e-m,0.138183446418736,%,1
OBS,2020,EU27+4,WEEE_generatedDedicated,WEEE_Cat2,otherNonElectricCompUnspecified,ferrousMetals,Sm,e-m,0.0040643998293333,%,3
OBS,2020,EU27+4,WEEE_generatedDedicated,WEEE_Cat2,otherNonElectricCompUnspecified,ferrousMetals,,m-c,0.234374796974601,%,2
OBS,2020,EU27+4,WEEE_generatedDedicated,WEEE_Cat2,otherNonElectricCompUnspecified,,,c-p,0.0201318216191054,%,2
OBS,2020,EU27+4,WEEE_generatedDedicated,WEEE_Cat2,otherNonElectricCompUnspecified,plastics,Ag,e-m,1,%,3
OBS,2020,EU27+4,WEEE_generatedDedicated,WEEE_Cat2,otherNonElectricCompUnspecified,plastics,,m-c,0.21551148616462,%,2
OBS,2020,EU27+4,WEEE_generatedDedicated,WEEE_Cat2,otherNonElectricCompUnspecified,steelAndSteelAlloys,Ag,e-m,0.516642310975612,%,3
OBS,2020,EU27+4,WEEE_generatedDedicated,WEEE_Cat2,otherNonElectricCompUnspecified,steelAndSteelAlloys,Cu,e-m,0.0158488685733079,%,3
OBS,2020,EU27+4,WEEE_generatedDedicated,WEEE_Cat2,otherNonElectricCompUnspecified,steelAndSteelAlloys,Ga,e-m,0.246928512774855,%,2
OBS,2020,EU27+4,WEEE_generatedDedicated,WEEE_Cat2,otherNonElectricCompUnspecified,steelAndSteelAlloys,Mo,e-m,0.0923330017062178,%,1
OBS,2020,EU27+4,WEEE_generatedDedicated,WEEE_Cat2,otherNonElectricCompUnspecified,steelAndSteelAlloys,O,e-m,0.0895216421156269,%,2
OBS,2020,EU27+4,WEEE_generatedDedicated,WEEE_Cat2,otherNonElectricCompUnspecified,steelAndSteelAlloys,Sm,e-m,0.0387256638543799,%,3
OBS,2020,EU27+4,WEEE_generatedDedicated,WEEE_Cat2,otherNonElectricCompUnspecified,steelAndSteelAlloys,,m-c,0.0734173409621414,%,3
OBS,2020,EU27+4,WEEE_generatedDedicated,WEEE_Cat2,otherNonElectricCompUnspecified,undefinedAndMixedMaterials,Ag,e-m,1,%,3
OBS,2020,EU27+4,WEEE_generatedDedicated,WEEE_Cat2,otherNonElectricCompUnspecified,undefinedAndMixedMaterials,,m-c,0.207459764037833,%,2
OBS,2020,EU27+4,WEEE_generatedDedicated,WEEE_Cat2,passiveJunctionBox,CuAndCuAlloys,Ag,e-m,0.289395247539499,%,2
OBS,2020,EU27+4,WEEE_generatedDedicated,WEEE_Cat2,passiveJunctionBox,CuAndCuAlloys,Dy,e-m,0.177057491410553,%,2
OBS,2020,EU27+4,WEEE_generatedDedicated,WEEE_Cat2,passiveJunctionBox,CuAndCuAlloys,Sr,e-m,0.516369829623419,%,1
OBS,2020,EU27+4,WEEE_generatedDedicated,WEEE_Cat2,passiveJunctionBox,CuAndCuAlloys,Zr,e-m,0.0171774314265296,%,1
OBS,2020,EU27+4,WEEE_generatedDedicated,WEEE_Cat2,passiveJunctionBox,CuAndCuAlloys,,m-c,0.1108813824729,%,2
OBS,2020,EU27+4,WEEE_generatedDedicated,WEEE_Cat2,passiveJunctionBox,,,c-p,0.0032828155065402,%,1
OBS,2020,EU27+4,WEEE_generatedDedicated,WEEE_Cat2,passiveJunctionBox,otherOrUndefinedMaterials,Ag,e-m,1,%,1
OBS,2020,EU27+4,WEEE_generatedDedicated,WEEE_Cat2,passiveJunctionBox,otherOrUndefinedMaterials,,m-c,0.739206838828836,%,1
OBS,2020,EU27+4,WEEE_generatedDedicated,WEEE_Cat2,passiveJunctionBox,plastics,Ag,e-m,1,%,3
OBS,2020,EU27+4,WEEE_generatedDedicated,WEEE_Cat2,passiveJunctionBox,plastics,,m-c,0.149911778698264,%,2
OBS,2020,EU27+4,WEEE_generatedDedicated,WEEE_Cat2,pcbWEEECat,,,c-p,0.021257801379428,%,2
OBS,2020,EU27+4,WEEE_generatedDedicated,WEEE_Cat2,pcbWEEECat,plastics,Ag,e-m,1,%,3
OBS,2020,EU27+4,WEEE_generatedDedicated,WEEE_Cat2,pcbWEEECat,plastics,,m-c,1,%,3
OBS,2020,EU27+4,WEEE_generatedDedicated,WEEE_Cat2,plug,,,c-p,0.0045535164802327,%,3
OBS,2020,EU27+4,WEEE_generatedDedicated,WEEE_Cat2,powerSupply,AlAndAlAlloys,Ag,e-m,0.0709348353299827,%,2
OBS,2020,EU27+4,WEEE_generatedDedicated,WEEE_Cat2,powerSupply,AlAndAlAlloys,As,e-m,0.513245599013936,%,1
OBS,2020,EU27+4,WEEE_generatedDedicated,WEEE_Cat2,powerSupply,AlAndAlAlloys,Cu,e-m,0.0667598386536346,%,2
OBS,2020,EU27+4,WEEE_generatedDedicated,WEEE_Cat2,powerSupply,AlAndAlAlloys,Ga,e-m,0.0974187728295898,%,1
OBS,2020,EU27+4,WEEE_generatedDedicated,WEEE_Cat2,powerSupply,AlAndAlAlloys,Mn,e-m,0.0378604045110518,%,1
OBS,2020,EU27+4,WEEE_generatedDedicated,WEEE_Cat2,powerSupply,AlAndAlAlloys,Mo,e-m,0.0990125553201081,%,1
OBS,2020,EU27+4,WEEE_generatedDedicated,WEEE_Cat2,powerSupply,AlAndAlAlloys,Sm,e-m,0.114767994341697,%,2
OBS,2020,EU27+4,WEEE_generatedDedicated,WEEE_Cat2,powerSupply,AlAndAlAlloys,,m-c,0.0613625428534104,%,1
OBS,2020,EU27+4,WEEE_generatedDedicated,WEEE_Cat2,powerSupply,CuAndCuAlloys,Ag,e-m,0.0569236704900878,%,1
OBS,2020,EU27+4,WEEE_generatedDedicated,WEEE_Cat2,powerSupply,CuAndCuAlloys,Dy,e-m,0.668846244165432,%,3
OBS,2020,EU27+4,WEEE_generatedDedicated,WEEE_Cat2,powerSupply,CuAndCuAlloys,Zr,e-m,0.27423008534448,%,1
OBS,2020,EU27+4,WEEE_generatedDedicated,WEEE_Cat2,powerSupply,CuAndCuAlloys,,m-c,0.0525709463578132,%,3
OBS,2020,EU27+4,WEEE_generatedDedicated,WEEE_Cat2,powerSupply,ferrousMetals,Ag,e-m,0.14840831809864,%,2
OBS,2020,EU27+4,WEEE_generatedDedicated,WEEE_Cat2,powerSupply,ferrousMetals,Cu,e-m,0.0877858170703241,%,1
OBS,2020,EU27+4,WEEE_generatedDedicated,WEEE_Cat2,powerSupply,ferrousMetals,Ga,e-m,0.259276355385616,%,3
OBS,2020,EU27+4,WEEE_generatedDedicated,WEEE_Cat2,powerSupply,ferrousMetals,Mo,e-m,0.238893059930396,%,3
OBS,2020,EU27+4,WEEE_generatedDedicated,WEEE_Cat2,powerSupply,ferrousMetals,O,e-m,0.24708919262826,%,1
OBS,2020,EU27+4,WEEE_generatedDedicated,WEEE_Cat2,powerSupply,ferrousMetals,Sm,e-m,0.0185472568867634,%,3
OBS,2020,EU27+4,WEEE_generatedDedicated,WEEE_Cat2,powerSupply,ferrousMetals,,m-c,0.0160406366800709,%,3
OBS,2020,EU27+4,WEEE_generatedDedicated,WEEE_Cat2,powerSupply,,,c-p,0.0017053312186,%,2
OBS,2020,EU27+4,WEEE_generatedDedicated,WEEE_Cat2,powerSupply,otherMetalsAndMetalAlloys,Ag,e-m,0.14555652367842,%,1
OBS,2020,EU27+4,WEEE_generatedDedicated,WEEE_Cat2,powerSupply,otherMetalsAndMetalAlloys,Al,e-m,0.506277620987075,%,1
OBS,2020,EU27+4,WEEE_generatedDedicated,WEEE_Cat2,powerSupply,otherMetalsAndMetalAlloys,Dy,e-m,0.348165855334504,%,2
OBS,2020,EU27+4,WEEE_generatedDedicated,WEEE_Cat2,powerSupply,otherMetalsAndMetalAlloys,,m-c,0.1065668670165,%,1
OBS,2020,EU27+4,WEEE_generatedDedicated,WEEE_Cat2,powerSupply,plastics,Ag,e-m,1,%,3
OBS,2020,EU27+4,WEEE_generatedDedicated,WEEE_Cat2,powerSupply,plastics,,m-c,0.742455762787369,%,1
OBS,2020,EU27+4,WEEE_generatedDedicated,WEEE_Cat2,powerSupply,undefinedAndMixedMaterials,Ag,e-m,1,%,3
OBS,2020,EU27+4,WEEE_generatedDedicated,WEEE_Cat2,powerSupply,undefinedAndMixedMaterials,,m-c,0.0210032443048366,%,2
OBS,2020,EU27+4,WEEE_generatedDedicated,WEEE_Cat2,printedCircuitBoard,,,c-p,0.0277924317814811,%,2
OBS,2020,EU27+4,WEEE_generatedDedicated,WEEE_Cat2,pump,ironWroughtAndCast,Ag,e-m,0.231337594575095,%,1
OBS,2020,EU27+4,WEEE_generatedDedicated,WEEE_Cat2,pump,ironWroughtAndCast,Ca,e-m,0.22339696268915,%,2
OBS,2020,EU27+4,WEEE_generatedDedicated,WEEE_Cat2,pump,ironWroughtAndCast,Ga,e-m,0.192755671469873,%,1
OBS,2020,EU27+4,WEEE_generatedDedicated,WEEE_Cat2,pump,ironWroughtAndCast,Mo,e-m,0.152760734120204,%,3
OBS,2020,EU27+4,WEEE_generatedDedicated,WEEE_Cat2,pump,ironWroughtAndCast,Sm,e-m,0.199749037145678,%,3
OBS,2020,EU27+4,WEEE_generatedDedicated,WEEE_Cat2,pump,ironWroughtAndCast,,m-c,0.573972988276918,%,3
OBS,2020,EU27+4,WEEE_generatedDedicated,WEEE_Cat2,pump,,,c-p,0.0074217196020138,%,1
OBS,2020,EU27+4,WEEE_generatedDedicated,WEEE_Cat2,pump,steelAndSteelAlloys,Ag,e-m,0.156481735682975,%,2
OBS,2020,EU27+4,WEEE_generatedDedicated,WEEE_Cat2,pump,steelAndSteelAlloys,Cu,e-m,0.0415759796156947,%,1
OBS,2020,EU27+4,WEEE_generatedDedicated,WEEE_Cat2,pump,steelAndSteelAlloys,Ga,e-m,0.124623279896086,%,1
OBS,2020,EU27+4,WEEE_generatedDedicated,WEEE_Cat2,pump,steelAndSteelAlloys,Mo,e-m,0.383529811939133,%,1
OBS,2020,EU27+4,WEEE_generatedDedicated,WEEE_Cat2,pump,steelAndSteelAlloys,O,e-m,0.273216133890673,%,2
OBS,2020,EU27+4,WEEE_generatedDedicated,WEEE_Cat2,pump,steelAndSteelAlloys,Sm,e-m,0.0205730589754384,%,3
OBS,2020,EU27+4,WEEE_generatedDedicated,WEEE_Cat2,pump,steelAndSteelAlloys,,m-c,0.426027011723082,%,1
OBS,2020,EU27+4,WEEE_generatedDedicated,WEEE_Cat2,refrigerant,,,c-p,0.0115526615415024,%,2
OBS,2020,EU27+4,WEEE_generatedDedicated,WEEE_Cat2,refrigerant,otherOrUndefinedMaterials,Ag,e-m,1,%,2
OBS,2020,EU27+4,WEEE_generatedDedicated,WEEE_Cat2,refrigerant,otherOrUndefinedMaterials,,m-c,1,%,3
OBS,2020,EU27+4,WEEE_generatedDedicated,WEEE_Cat2,remoteControl,AlAndAlAlloys,Ag,e-m,0.233195958376692,%,3
OBS,2020,EU27+4,WEEE_generatedDedicated,WEEE_Cat2,remoteControl,AlAndAlAlloys,As,e-m,0.0750143533516744,%,1
OBS,2020,EU27+4,WEEE_generatedDedicated,WEEE_Cat2,remoteControl,AlAndAlAlloys,Cu,e-m,0.0010561073423786,%,1
OBS,2020,EU27+4,WEEE_generatedDedicated,WEEE_Cat2,remoteControl,AlAndAlAlloys,Ga,e-m,0.37809905244369,%,1
OBS,2020,EU27+4,WEEE_generatedDedicated,WEEE_Cat2,remoteControl,AlAndAlAlloys,Mn,e-m,0.24305019970073,%,2
OBS,2020,EU27+4,WEEE_generatedDedicated,WEEE_Cat2,remoteControl,AlAndAlAlloys,Mo,e-m,0.0349077573975378,%,2
OBS,2020,EU27+4,WEEE_generatedDedicated,WEEE_Cat2,remoteControl,AlAndAlAlloys,Sm,e-m,0.0346765713872982,%,1
OBS,2020,EU27+4,WEEE_generatedDedicated,WEEE_Cat2,remoteControl,AlAndAlAlloys,,m-c,0.709776624941443,%,3
OBS,2020,EU27+4,WEEE_generatedDedicated,WEEE_Cat2,remoteControl,CuAndCuAlloys,Ag,e-m,0.36290524911481,%,2
OBS,2020,EU27+4,WEEE_generatedDedicated,WEEE_Cat2,remoteControl,CuAndCuAlloys,Dy,e-m,0.551308926207397,%,2
OBS,2020,EU27+4,WEEE_generatedDedicated,WEEE_Cat2,remoteControl,CuAndCuAlloys,Zr,e-m,0.0857858246777933,%,3
OBS,2020,EU27+4,WEEE_generatedDedicated,WEEE_Cat2,remoteControl,CuAndCuAlloys,,m-c,0.143268644239945,%,1
OBS,2020,EU27+4,WEEE_generatedDedicated,WEEE_Cat2,remoteControl,ferrousMetals,Ag,e-m,0.0287299948121505,%,2
OBS,2020,EU27+4,WEEE_generatedDedicated,WEEE_Cat2,remoteControl,ferrousMetals,Cu,e-m,0.0166851245548278,%,2
OBS,2020,EU27+4,WEEE_generatedDedicated,WEEE_Cat2,remoteControl,ferrousMetals,Ga,e-m,0.318790776243193,%,3
OBS,2020,EU27+4,WEEE_generatedDedicated,WEEE_Cat2,remoteControl,ferrousMetals,Mo,e-m,0.271415674467287,%,1
OBS,2020,EU27+4,WEEE_generatedDedicated,WEEE_Cat2,remoteControl,ferrousMetals,O,e-m,0.146109698464945,%,1
OBS,2020,EU27+4,WEEE_generatedDedicated,WEEE_Cat2,remoteControl,ferrousMetals,Sm,e-m,0.218268731457597,%,3
OBS,2020,EU27+4,WEEE_generatedDedicated,WEEE_Cat2,remoteControl,ferrousMetals,,m-c,0.0471540977106985,%,2
OBS,2020,EU27+4,WEEE_generatedDedicated,WEEE_Cat2,remoteControl,,,c-p,0.0056294957450113,%,2
OBS,2020,EU27+4,WEEE_generatedDedicated,WEEE_Cat2,remoteControl,otherOrUndefinedMaterials,Ag,e-m,1,%,1
OBS,2020,EU27+4,WEEE_generatedDedicated,WEEE_Cat2,remoteControl,otherOrUndefinedMaterials,,m-c,0.0172348787597439,%,3
OBS,2020,EU27+4,WEEE_generatedDedicated,WEEE_Cat2,remoteControl,plastics,Ag,e-m,1,%,3
OBS,2020,EU27+4,WEEE_generatedDedicated,WEEE_Cat2,remoteControl,plastics,,m-c,0.0437159441757224,%,1
OBS,2020,EU27+4,WEEE_generatedDedicated,WEEE_Cat2,remoteControl,undefinedAndMixedMaterials,Ag,e-m,1,%,3
OBS,2020,EU27+4,WEEE_generatedDedicated,WEEE_Cat2,remoteControl,undefinedAndMixedMaterials,,m-c,0.0388498101724472,%,2
OBS,2020,EU27+4,WEEE_generatedDedicated,WEEE_Cat2,resistor,,,c-p,0.0288406897676583,%,1
OBS,2020,EU27+4,WEEE_generatedDedicated,WEEE_Cat2,rotor,ferrousMetals,Ag,e-m,0.349235882961698,%,3
OBS,2020,EU27+4,WEEE_generatedDedicated,WEEE_Cat2,rotor,ferrousMetals,Cu,e-m,0.163785304827348,%,1
OBS,2020,EU27+4,WEEE_generatedDedicated,WEEE_Cat2,rotor,ferrousMetals,Ga,e-m,0.0183560645841993,%,1
OBS,2020,EU27+4,WEEE_generatedDedicated,WEEE_Cat2,rotor,ferrousMetals,Mo,e-m,0.228060744971007,%,2
OBS,2020,EU27+4,WEEE_generatedDedicated,WEEE_Cat2,rotor,ferrousMetals,O,e-m,0.226629979732351,%,3
OBS,2020,EU27+4,WEEE_generatedDedicated,WEEE_Cat2,rotor,ferrousMetals,Sm,e-m,0.0139320229233972,%,3
OBS,2020,EU27+4,WEEE_generatedDedicated,WEEE_Cat2,rotor,ferrousMetals,,m-c,0.838921762917972,%,2
OBS,2020,EU27+4,WEEE_generatedDedicated,WEEE_Cat2,rotor,,,c-p,0.0341442597655774,%,2
OBS,2020,EU27+4,WEEE_generatedDedicated,WEEE_Cat2,rotor,plastics,Ag,e-m,1,%,2
OBS,2020,EU27+4,WEEE_generatedDedicated,WEEE_Cat2,rotor,plastics,,m-c,0.161078237082029,%,1
OBS,2020,EU27+4,WEEE_generatedDedicated,WEEE_Cat2,screw,CuAndCuAlloys,Ag,e-m,0.655210819896583,%,2
OBS,2020,EU27+4,WEEE_generatedDedicated,WEEE_Cat2,screw,CuAndCuAlloys,Dy,e-m,0.11168679657674,%,1
OBS,2020,EU27+4,WEEE_generatedDedicated,WEEE_Cat2,screw,CuAndCuAlloys,Zr,e-m,0.233102383526677,%,3
OBS,2020,EU27+4,WEEE_generatedDedicated,WEEE_Cat2,screw,CuAndCuAlloys,,m-c,0.217762958372134,%,1
OBS,2020,EU27+4,WEEE_generatedDedicated,WEEE_Cat2,screw,ferrousMetals,Ag,e-m,0.187813480943031,%,2
OBS,2020,EU27+4,WEEE_generatedDedicated,WEEE_Cat2,screw,ferrousMetals,Ca,e-m,0.198034818517148,%,1
OBS,2020,EU27+4,WEEE_generatedDedicated,WEEE_Cat2,screw,ferrousMetals,Ga,e-m,0.232127425840999,%,3
OBS,2020,EU27+4,WEEE_generatedDedicated,WEEE_Cat2,screw,ferrousMetals,Mo,e-m,0.136684998720419,%,3
OBS,2020,EU27+4,WEEE_generatedDedicated,WEEE_Cat2,screw,ferrousMetals,Sm,e-m,0.245339275978404,%,1
OBS,2020,EU27+4,WEEE_generatedDedicated,WEEE_Cat2,screw,ferrousMetals,,m-c,0.782237041627866,%,1
OBS,2020,EU27+4,WEEE_generatedDedicated,WEEE_Cat2,screw,,,c-p,0.0201452520635573,%,3
OBS,2020,EU27+4,WEEE_generatedDedicated,WEEE_Cat2,sensorUnspecified,ferrousMetals,,m-c,0.195251300459569,%,2
OBS,2020,EU27+4,WEEE_generatedDedicated,WEEE_Cat2,sensorUnspecified,,,c-p,0.0782463421738914,%,3
OBS,2020,EU27+4,WEEE_generatedDedicated,WEEE_Cat2,sensorUnspecified,plastics,,m-c,0.804748699540431,%,3
OBS,2020,EU27+4,WEEE_generatedDedicated,WEEE_Cat2,shadowComponentWEEE,CuAndCuAlloys,Ag,e-m,0.154565343815878,%,1
OBS,2020,EU27+4,WEEE_generatedDedicated,WEEE_Cat2,shadowComponentWEEE,CuAndCuAlloys,As,e-m,0.0983439097002134,%,2
OBS,2020,EU27+4,WEEE_generatedDedicated,WEEE_Cat2,shadowComponentWEEE,CuAndCuAlloys,Cu,e-m,0.0467517917937133,%,3
OBS,2020,EU27+4,WEEE_generatedDedicated,WEEE_Cat2,shadowComponentWEEE,CuAndCuAlloys,Dy,e-m,0.0951898251497794,%,3
OBS,2020,EU27+4,WEEE_generatedDedicated,WEEE_Cat2,shadowComponentWEEE,CuAndCuAlloys,Ga,e-m,0.0622138017016808,%,1
OBS,2020,EU27+4,WEEE_generatedDedicated,WEEE_Cat2,shadowComponentWEEE,CuAndCuAlloys,Mn,e-m,0.0812626334048746,%,2
OBS,2020,EU27+4,WEEE_generatedDedicated,WEEE_Cat2,shadowComponentWEEE,CuAndCuAlloys,Mo,e-m,0.0810785118321008,%,3
OBS,2020,EU27+4,WEEE_generatedDedicated,WEEE_Cat2,shadowComponentWEEE,CuAndCuAlloys,Sm,e-m,0.122378961034081,%,1
OBS,2020,EU27+4,WEEE_generatedDedicated,WEEE_Cat2,shadowComponentWEEE,CuAndCuAlloys,Sr,e-m,0.0948446460010476,%,3
OBS,2020,EU27+4,WEEE_generatedDedicated,WEEE_Cat2,shadowComponentWEEE,CuAndCuAlloys,Zr,e-m,0.163370575566631,%,2
OBS,2020,EU27+4,WEEE_generatedDedicated,WEEE_Cat2,shadowComponentWEEE,CuAndCuAlloys,,m-c,0.0847298996906843,%,3
OBS,2020,EU27+4,WEEE_generatedDedicated,WEEE_Cat2,shadowComponentWEEE,bitumen,Ag,e-m,1,%,2
OBS,2020,EU27+4,WEEE_generatedDedicated,WEEE_Cat2,shadowComponentWEEE,bitumen,,m-c,0.0003264508621198,%,1
OBS,2020,EU27+4,WEEE_generatedDedicated,WEEE_Cat2,shadowComponentWEEE,ceramicComposites,Ag,e-m,1,%,2
OBS,2020,EU27+4,WEEE_generatedDedicated,WEEE_Cat2,shadowComponentWEEE,ceramicComposites,,m-c,0.0588400256464784,%,2
OBS,2020,EU27+4,WEEE_generatedDedicated,WEEE_Cat2,shadowComponentWEEE,concrete,Ag,e-m,1,%,1
OBS,2020,EU27+4,WEEE_generatedDedicated,WEEE_Cat2,shadowComponentWEEE,concrete,,m-c,0.0027286935289389,%,1
OBS,2020,EU27+4,WEEE_generatedDedicated,WEEE_Cat2,shadowComponentWEEE,glass,Ag,e-m,0.447516761871149,%,1
OBS,2020,EU27+4,WEEE_generatedDedicated,WEEE_Cat2,shadowComponentWEEE,glass,Pd,e-m,0.285683755873718,%,1
OBS,2020,EU27+4,WEEE_generatedDedicated,WEEE_Cat2,shadowComponentWEEE,glass,Sc,e-m,0.0153276118532337,%,1
OBS,2020,EU27+4,WEEE_generatedDedicated,WEEE_Cat2,shadowComponentWEEE,glass,Zr,e-m,0.251471870401899,%,1
OBS,2020,EU27+4,WEEE_generatedDedicated,WEEE_Cat2,shadowComponentWEEE,glass,,m-c,0.0466206107434201,%,1
OBS,2020,EU27+4,WEEE_generatedDedicated,WEEE_Cat2,shadowComponentWEEE,ironWroughtAndCast,Ag,e-m,0.225853595576028,%,1
OBS,2020,EU27+4,WEEE_generatedDedicated,WEEE_Cat2,shadowComponentWEEE,ironWroughtAndCast,Ca,e-m,0.0359608962588201,%,3
OBS,2020,EU27+4,WEEE_generatedDedicated,WEEE_Cat2,shadowComponentWEEE,ironWroughtAndCast,Ga,e-m,0.23977044703176,%,3
OBS,2020,EU27+4,WEEE_generatedDedicated,WEEE_Cat2,shadowComponentWEEE,ironWroughtAndCast,Mo,e-m,0.337963273732939,%,1
OBS,2020,EU27+4,WEEE_generatedDedicated,WEEE_Cat2,shadowComponentWEEE,ironWroughtAndCast,Sm,e-m,0.160451787400452,%,3
OBS,2020,EU27+4,WEEE_generatedDedicated,WEEE_Cat2,shadowComponentWEEE,ironWroughtAndCast,,m-c,0.0137174280123365,%,1
OBS,2020,EU27+4,WEEE_generatedDedicated,WEEE_Cat2,shadowComponentWEEE,,,c-p,0.0026436082231689,%,1
OBS,2020,EU27+4,WEEE_generatedDedicated,WEEE_Cat2,shadowComponentWEEE,oil4,Ag,e-m,1,%,3
OBS,2020,EU27+4,WEEE_generatedDedicated,WEEE_Cat2,shadowComponentWEEE,oil4,,m-c,0.0441477083132294,%,1
OBS,2020,EU27+4,WEEE_generatedDedicated,WEEE_Cat2,shadowComponentWEEE,otherMetalsAndMetalAlloys,Ag,e-m,0.146209803433189,%,3
OBS,2020,EU27+4,WEEE_generatedDedicated,WEEE_Cat2,shadowComponentWEEE,otherMetalsAndMetalAlloys,Al,e-m,0.0166429312785907,%,3
OBS,2020,EU27+4,WEEE_generatedDedicated,WEEE_Cat2,shadowComponentWEEE,otherMetalsAndMetalAlloys,As,e-m,0.27611557820592,%,3
OBS,2020,EU27+4,WEEE_generatedDedicated,WEEE_Cat2,shadowComponentWEEE,otherMetalsAndMetalAlloys,Bi,e-m,0.100583473065851,%,1
OBS,2020,EU27+4,WEEE_generatedDedicated,WEEE_Cat2,shadowComponentWEEE,otherMetalsAndMetalAlloys,Ca,e-m,0.0268325947260455,%,3
OBS,2020,EU27+4,WEEE_generatedDedicated,WEEE_Cat2,shadowComponentWEEE,otherMetalsAndMetalAlloys,Cl,e-m,0.120192964202621,%,1
OBS,2020,EU27+4,WEEE_generatedDedicated,WEEE_Cat2,shadowComponentWEEE,otherMetalsAndMetalAlloys,Dy,e-m,0.0218736928203351,%,3
OBS,2020,EU27+4,WEEE_generatedDedicated,WEEE_Cat2,shadowComponentWEEE,otherMetalsAndMetalAlloys,Ga,e-m,0.020767686472361,%,3
OBS,2020,EU27+4,WEEE_generatedDedicated,WEEE_Cat2,shadowComponentWEEE,otherMetalsAndMetalAlloys,Mn,e-m,0.0013724042133948,%,2
OBS,2020,EU27+4,WEEE_generatedDedicated,WEEE_Cat2,shadowComponentWEEE,otherMetalsAndMetalAlloys,Mo,e-m,0.0407593864577601,%,1
OBS,2020,EU27+4,WEEE_generatedDedicated,WEEE_Cat2,shadowComponentWEEE,otherMetalsAndMetalAlloys,O,e-m,0.0379150658969963,%,1
OBS,2020,EU27+4,WEEE_generatedDedicated,WEEE_Cat2,shadowComponentWEEE,otherMetalsAndMetalAlloys,Sm,e-m,0.126098536278266,%,2
OBS,2020,EU27+4,WEEE_generatedDedicated,WEEE_Cat2,shadowComponentWEEE,otherMetalsAndMetalAlloys,Zr,e-m,0.0646358829486695,%,2
OBS,2020,EU27+4,WEEE_generatedDedicated,WEEE_Cat2,shadowComponentWEEE,otherMetalsAndMetalAlloys,,m-c,0.152936675913739,%,1
OBS,2020,EU27+4,WEEE_generatedDedicated,WEEE_Cat2,shadowComponentWEEE,otherOrUndefinedMaterials,Ag,e-m,1,%,2
OBS,2020,EU27+4,WEEE_generatedDedicated,WEEE_Cat2,shadowComponentWEEE,otherOrUndefinedMaterials,,m-c,0.081385192120602,%,1
OBS,2020,EU27+4,WEEE_generatedDedicated,WEEE_Cat2,shadowComponentWEEE,otherOrganics,Ag,e-m,1,%,2
OBS,2020,EU27+4,WEEE_generatedDedicated,WEEE_Cat2,shadowComponentWEEE,otherOrganics,,m-c,0.0732786217928205,%,2
OBS,2020,EU27+4,WEEE_generatedDedicated,WEEE_Cat2,shadowComponentWEEE,plasticComposites,Ag,e-m,1,%,2
OBS,2020,EU27+4,WEEE_generatedDedicated,WEEE_Cat2,shadowComponentWEEE,plasticComposites,,m-c,0.0125859413145101,%,2
OBS,2020,EU27+4,WEEE_generatedDedicated,WEEE_Cat2,shadowComponentWEEE,plastics,Ag,e-m,1,%,2
OBS,2020,EU27+4,WEEE_generatedDedicated,WEEE_Cat2,shadowComponentWEEE,plastics,,m-c,0.0993076900943623,%,2
OBS,2020,EU27+4,WEEE_generatedDedicated,WEEE_Cat2,shadowComponentWEEE,reinforcedPlastics,Ag,e-m,1,%,2
OBS,2020,EU27+4,WEEE_generatedDedicated,WEEE_Cat2,shadowComponentWEEE,reinforcedPlastics,,m-c,0.0486149428893591,%,3
OBS,2020,EU27+4,WEEE_generatedDedicated,WEEE_Cat2,shadowComponentWEEE,sand,Ag,e-m,0.426098306431687,%,2
OBS,2020,EU27+4,WEEE_generatedDedicated,WEEE_Cat2,shadowComponentWEEE,sand,Pd,e-m,0.0185320589632392,%,1
OBS,2020,EU27+4,WEEE_generatedDedicated,WEEE_Cat2,shadowComponentWEEE,sand,Sc,e-m,0.103066990108322,%,2
OBS,2020,EU27+4,WEEE_generatedDedicated,WEEE_Cat2,shadowComponentWEEE,sand,Zr,e-m,0.452302644496752,%,1
OBS,2020,EU27+4,WEEE_generatedDedicated,WEEE_Cat2,shadowComponentWEEE,sand,,m-c,0.141543126730575,%,2
OBS,2020,EU27+4,WEEE_generatedDedicated,WEEE_Cat2,shadowComponentWEEE,steelAndSteelAlloys,Ag,e-m,0.041054614700787,%,2
OBS,2020,EU27+4,WEEE_generatedDedicated,WEEE_Cat2,shadowComponentWEEE,steelAndSteelAlloys,Cu,e-m,0.0050015341572463,%,2
OBS,2020,EU27+4,WEEE_generatedDedicated,WEEE_Cat2,shadowComponentWEEE,steelAndSteelAlloys,Ga,e-m,0.0793152895625304,%,2
OBS,2020,EU27+4,WEEE_generatedDedicated,WEEE_Cat2,shadowComponentWEEE,steelAndSteelAlloys,Mo,e-m,0.0962995582099558,%,1
OBS,2020,EU27+4,WEEE_generatedDedicated,WEEE_Cat2,shadowComponentWEEE,steelAndSteelAlloys,O,e-m,0.615824111477313,%,3
OBS,2020,EU27+4,WEEE_generatedDedicated,WEEE_Cat2,shadowComponentWEEE,steelAndSteelAlloys,Sm,e-m,0.162504891892167,%,1
OBS,2020,EU27+4,WEEE_generatedDedicated,WEEE_Cat2,shadowComponentWEEE,steelAndSteelAlloys,,m-c,0.139236992346824,%,3
OBS,2020,EU27+4,WEEE_generatedDedicated,WEEE_Cat2,solenoidValve,,,c-p,0.0179000920632885,%,2
OBS,2020,EU27+4,WEEE_generatedDedicated,WEEE_Cat2,speakerEEE2,AlAndAlAlloys,Ag,e-m,0.286744601714821,%,1
OBS,2020,EU27+4,WEEE_generatedDedicated,WEEE_Cat2,speakerEEE2,AlAndAlAlloys,As,e-m,0.0178732406567134,%,2
OBS,2020,EU27+4,WEEE_generatedDedicated,WEEE_Cat2,speakerEEE2,AlAndAlAlloys,Cu,e-m,0.166375308394781,%,1
OBS,2020,EU27+4,WEEE_generatedDedicated,WEEE_Cat2,speakerEEE2,AlAndAlAlloys,Ga,e-m,0.090767354427444,%,2
OBS,2020,EU27+4,WEEE_generatedDedicated,WEEE_Cat2,speakerEEE2,AlAndAlAlloys,Mn,e-m,0.175085161469002,%,2
OBS,2020,EU27+4,WEEE_generatedDedicated,WEEE_Cat2,speakerEEE2,AlAndAlAlloys,Mo,e-m,0.007313007894998,%,3
OBS,2020,EU27+4,WEEE_generatedDedicated,WEEE_Cat2,speakerEEE2,AlAndAlAlloys,Sm,e-m,0.255841325442241,%,2
OBS,2020,EU27+4,WEEE_generatedDedicated,WEEE_Cat2,speakerEEE2,AlAndAlAlloys,,m-c,0.692858426780649,%,3
OBS,2020,EU27+4,WEEE_generatedDedicated,WEEE_Cat2,speakerEEE2,CuAndCuAlloys,Ag,e-m,0.220017443121097,%,1
OBS,2020,EU27+4,WEEE_generatedDedicated,WEEE_Cat2,speakerEEE2,CuAndCuAlloys,Dy,e-m,0.700038236791256,%,1
OBS,2020,EU27+4,WEEE_generatedDedicated,WEEE_Cat2,speakerEEE2,CuAndCuAlloys,Zr,e-m,0.0799443200876472,%,1
OBS,2020,EU27+4,WEEE_generatedDedicated,WEEE_Cat2,speakerEEE2,CuAndCuAlloys,,m-c,0.0042837017505642,%,2
OBS,2020,EU27+4,WEEE_generatedDedicated,WEEE_Cat2,speakerEEE2,ferrousMetals,Ag,e-m,0.25030830344592,%,3
OBS,2020,EU27+4,WEEE_generatedDedicated,WEEE_Cat2,speakerEEE2,ferrousMetals,Cu,e-m,0.105159018894862,%,2
OBS,2020,EU27+4,WEEE_generatedDedicated,WEEE_Cat2,speakerEEE2,ferrousMetals,Ga,e-m,0.0918202972132702,%,1
OBS,2020,EU27+4,WEEE_generatedDedicated,WEEE_Cat2,speakerEEE2,ferrousMetals,Mo,e-m,0.413073049151843,%,2
OBS,2020,EU27+4,WEEE_generatedDedicated,WEEE_Cat2,speakerEEE2,ferrousMetals,O,e-m,0.12775483752251,%,3
OBS,2020,EU27+4,WEEE_generatedDedicated,WEEE_Cat2,speakerEEE2,ferrousMetals,Sm,e-m,0.0118844937715949,%,1
OBS,2020,EU27+4,WEEE_generatedDedicated,WEEE_Cat2,speakerEEE2,ferrousMetals,,m-c,0.14296041826322,%,1
OBS,2020,EU27+4,WEEE_generatedDedicated,WEEE_Cat2,speakerEEE2,,,c-p,0.0238284034424972,%,3
OBS,2020,EU27+4,WEEE_generatedDedicated,WEEE_Cat2,speakerEEE2,otherMetalsAndMetalAlloys,Ag,e-m,0.697829882805379,%,3
OBS,2020,EU27+4,WEEE_generatedDedicated,WEEE_Cat2,speakerEEE2,otherMetalsAndMetalAlloys,Al,e-m,0.221108264008454,%,1
OBS,2020,EU27+4,WEEE_generatedDedicated,WEEE_Cat2,speakerEEE2,otherMetalsAndMetalAlloys,Dy,e-m,0.0810618531861672,%,2
OBS,2020,EU27+4,WEEE_generatedDedicated,WEEE_Cat2,speakerEEE2,otherMetalsAndMetalAlloys,,m-c,0.113554914163483,%,2
OBS,2020,EU27+4,WEEE_generatedDedicated,WEEE_Cat2,speakerEEE2,plastics,Ag,e-m,1,%,1
OBS,2020,EU27+4,WEEE_generatedDedicated,WEEE_Cat2,speakerEEE2,plastics,,m-c,0.0007967928096542,%,1
OBS,2020,EU27+4,WEEE_generatedDedicated,WEEE_Cat2,speakerEEE2,undefinedAndMixedMaterials,Ag,e-m,1,%,1
OBS,2020,EU27+4,WEEE_generatedDedicated,WEEE_Cat2,speakerEEE2,undefinedAndMixedMaterials,,m-c,0.0455457462324297,%,3
OBS,2020,EU27+4,WEEE_generatedDedicated,WEEE_Cat2,switch,,,c-p,0.0085858480843029,%,2
OBS,2020,EU27+4,WEEE_generatedDedicated,WEEE_Cat2,tonerCartridge,,,c-p,0.0032435308032154,%,1
OBS,2020,EU27+4,WEEE_generatedDedicated,WEEE_Cat2,transformator,CuAndCuAlloys,Ag,e-m,0.282924872367598,%,2
OBS,2020,EU27+4,WEEE_generatedDedicated,WEEE_Cat2,transformator,CuAndCuAlloys,Dy,e-m,0.0550787693424612,%,1
OBS,2020,EU27+4,WEEE_generatedDedicated,WEEE_Cat2,transformator,CuAndCuAlloys,Zr,e-m,0.661996358289941,%,1
OBS,2020,EU27+4,WEEE_generatedDedicated,WEEE_Cat2,transformator,CuAndCuAlloys,,m-c,0.273456703092914,%,3
OBS,2020,EU27+4,WEEE_generatedDedicated,WEEE_Cat2,transformator,ferrousMetals,Ag,e-m,0.142941786707177,%,1
OBS,2020,EU27+4,WEEE_generatedDedicated,WEEE_Cat2,transformator,ferrousMetals,Cu,e-m,0.193875227047595,%,2
OBS,2020,EU27+4,WEEE_generatedDedicated,WEEE_Cat2,transformator,ferrousMetals,Ga,e-m,0.279513819704785,%,1
OBS,2020,EU27+4,WEEE_generatedDedicated,WEEE_Cat2,transformator,ferrousMetals,Mo,e-m,0.122980216563666,%,3
OBS,2020,EU27+4,WEEE_generatedDedicated,WEEE_Cat2,transformator,ferrousMetals,O,e-m,0.0300035089537378,%,3
OBS,2020,EU27+4,WEEE_generatedDedicated,WEEE_Cat2,transformator,ferrousMetals,Sm,e-m,0.230685441023038,%,3
OBS,2020,EU27+4,WEEE_generatedDedicated,WEEE_Cat2,transformator,ferrousMetals,,m-c,0.726543296907086,%,1
OBS,2020,EU27+4,WEEE_generatedDedicated,WEEE_Cat2,transformator,,,c-p,0.0005328280149858,%,3
OBS,2020,EU27+4,WEEE_generatedDedicated,WEEE_Cat2,transmission,AlAndAlAlloys,,m-c,0.0109470798131971,%,3
OBS,2020,EU27+4,WEEE_generatedDedicated,WEEE_Cat2,transmission,ferrousMetals,Ag,e-m,0.0912203247546888,%,1
OBS,2020,EU27+4,WEEE_generatedDedicated,WEEE_Cat2,transmission,ferrousMetals,Cu,e-m,0.0710165181213328,%,3
OBS,2020,EU27+4,WEEE_generatedDedicated,WEEE_Cat2,transmission,ferrousMetals,Ga,e-m,0.426450198227235,%,3
OBS,2020,EU27+4,WEEE_generatedDedicated,WEEE_Cat2,transmission,ferrousMetals,Mo,e-m,0.283978194519751,%,1
OBS,2020,EU27+4,WEEE_generatedDedicated,WEEE_Cat2,transmission,ferrousMetals,O,e-m,0.0277198584884667,%,3
OBS,2020,EU27+4,WEEE_generatedDedicated,WEEE_Cat2,transmission,ferrousMetals,Sm,e-m,0.0996149058885256,%,2
OBS,2020,EU27+4,WEEE_generatedDedicated,WEEE_Cat2,transmission,ferrousMetals,,m-c,0.05242785768099,%,1
OBS,2020,EU27+4,WEEE_generatedDedicated,WEEE_Cat2,transmission,,,c-p,0.0220728979099622,%,3
OBS,2020,EU27+4,WEEE_generatedDedicated,WEEE_Cat2,transmission,plastics,Ag,e-m,1,%,1
OBS,2020,EU27+4,WEEE_generatedDedicated,WEEE_Cat2,transmission,plastics,,m-c,0.936625062505813,%,1
OBS,2020,EU27+4,WEEE_generatedDedicated,WEEE_Cat2,transmitter,CuAndCuAlloys,Ag,e-m,0.223607789517162,%,2
OBS,2020,EU27+4,WEEE_generatedDedicated,WEEE_Cat2,transmitter,CuAndCuAlloys,Dy,e-m,0.0860506736283583,%,3
OBS,2020,EU27+4,WEEE_generatedDedicated,WEEE_Cat2,transmitter,CuAndCuAlloys,Zr,e-m,0.69034153685448,%,2
OBS,2020,EU27+4,WEEE_generatedDedicated,WEEE_Cat2,transmitter,CuAndCuAlloys,,m-c,0.645037029004276,%,3
OBS,2020,EU27+4,WEEE_generatedDedicated,WEEE_Cat2,transmitter,ferrousMetals,Ag,e-m,0.17874913728206,%,2
OBS,2020,EU27+4,WEEE_generatedDedicated,WEEE_Cat2,transmitter,ferrousMetals,Ca,e-m,0.392775340977256,%,1
OBS,2020,EU27+4,WEEE_generatedDedicated,WEEE_Cat2,transmitter,ferrousMetals,Ga,e-m,0.263822576400827,%,1
OBS,2020,EU27+4,WEEE_generatedDedicated,WEEE_Cat2,transmitter,ferrousMetals,Mo,e-m,0.001338838566241,%,1
OBS,2020,EU27+4,WEEE_generatedDedicated,WEEE_Cat2,transmitter,ferrousMetals,Sm,e-m,0.163314106773616,%,1
OBS,2020,EU27+4,WEEE_generatedDedicated,WEEE_Cat2,transmitter,ferrousMetals,,m-c,0.319437417710913,%,3
OBS,2020,EU27+4,WEEE_generatedDedicated,WEEE_Cat2,transmitter,,,c-p,0.0076784550979518,%,3
OBS,2020,EU27+4,WEEE_generatedDedicated,WEEE_Cat2,transmitter,plastics,Ag,e-m,1,%,1
OBS,2020,EU27+4,WEEE_generatedDedicated,WEEE_Cat2,transmitter,plastics,,m-c,0.0355255532848107,%,1
OBS,2020,EU27+4,WEEE_generatedDedicated,WEEE_Cat2,wheel,ferrousMetals,Ag,e-m,0.0110240115309918,%,3
OBS,2020,EU27+4,WEEE_generatedDedicated,WEEE_Cat2,wheel,ferrousMetals,Cu,e-m,0.16425781350739,%,1
OBS,2020,EU27+4,WEEE_generatedDedicated,WEEE_Cat2,wheel,ferrousMetals,Ga,e-m,0.368195519605985,%,3
OBS,2020,EU27+4,WEEE_generatedDedicated,WEEE_Cat2,wheel,ferrousMetals,Mo,e-m,0.300307779285589,%,2
OBS,2020,EU27+4,WEEE_generatedDedicated,WEEE_Cat2,wheel,ferrousMetals,O,e-m,0.1168852762182,%,3
OBS,2020,EU27+4,WEEE_generatedDedicated,WEEE_Cat2,wheel,ferrousMetals,Sm,e-m,0.0393295998518442,%,3
OBS,2020,EU27+4,WEEE_generatedDedicated,WEEE_Cat2,wheel,ferrousMetals,,m-c,0.324843859570125,%,1
OBS,2020,EU27+4,WEEE_generatedDedicated,WEEE_Cat2,wheel,,,c-p,0.0158157741169704,%,1
OBS,2020,EU27+4,WEEE_generatedDedicated,WEEE_Cat2,wheel,plastics,Ag,e-m,1,%,1
OBS,2020,EU27+4,WEEE_generatedDedicated,WEEE_Cat2,wheel,plastics,,m-c,0.193296766008777,%,3
OBS,2020,EU27+4,WEEE_generatedDedicated,WEEE_Cat2,wheel,polymerPA6GF30,Ag,e-m,1,%,2
OBS,2020,EU27+4,WEEE_generatedDedicated,WEEE_Cat2,wheel,polymerPA6GF30,,m-c,0.336642500300702,%,3
OBS,2020,EU27+4,WEEE_generatedDedicated,WEEE_Cat2,wheel,polymerPPTF20,Ag,e-m,1,%,3
OBS,2020,EU27+4,WEEE_generatedDedicated,WEEE_Cat2,wheel,polymerPPTF20,,m-c,0.123164680161456,%,3
OBS,2020,EU27+4,WEEE_generatedDedicated,WEEE_Cat2,wheel,polymerPPTF30,Ag,e-m,1,%,1
OBS,2020,EU27+4,WEEE_generatedDedicated,WEEE_Cat2,wheel,polymerPPTF30,,m-c,0.0220521939589392,%,3
OBS,2020,EU27+4,WEEE_generatedDedicated,WEEE_Cat3,ComponentShadowWEEE,AlAndAlAlloys,Ag,e-m,0.142010828911235,%,3
OBS,2020,EU27+4,WEEE_generatedDedicated,WEEE_Cat3,ComponentShadowWEEE,AlAndAlAlloys,As,e-m,0.174397678436019,%,2
OBS,2020,EU27+4,WEEE_generatedDedicated,WEEE_Cat3,ComponentShadowWEEE,AlAndAlAlloys,Cu,e-m,0.0654944698277546,%,2
OBS,2020,EU27+4,WEEE_generatedDedicated,WEEE_Cat3,ComponentShadowWEEE,AlAndAlAlloys,Ga,e-m,0.060403284857402,%,3
OBS,2020,EU27+4,WEEE_generatedDedicated,WEEE_Cat3,ComponentShadowWEEE,AlAndAlAlloys,Mn,e-m,0.408366330303585,%,1
OBS,2020,EU27+4,WEEE_generatedDedicated,WEEE_Cat3,ComponentShadowWEEE,AlAndAlAlloys,Mo,e-m,0.0507427789008173,%,3
OBS,2020,EU27+4,WEEE_generatedDedicated,WEEE_Cat3,ComponentShadowWEEE,AlAndAlAlloys,Sm,e-m,0.0985846287631884,%,3
OBS,2020,EU27+4,WEEE_generatedDedicated,WEEE_Cat3,ComponentShadowWEEE,AlAndAlAlloys,,m-c,0.008792393788265,%,1
OBS,2020,EU27+4,WEEE_generatedDedicated,WEEE_Cat3,ComponentShadowWEEE,CuAndCuAlloys,Ag,e-m,0.350384144984605,%,3
OBS,2020,EU27+4,WEEE_generatedDedicated,WEEE_Cat3,ComponentShadowWEEE,CuAndCuAlloys,Dy,e-m,0.358712064064953,%,3
OBS,2020,EU27+4,WEEE_generatedDedicated,WEEE_Cat3,ComponentShadowWEEE,CuAndCuAlloys,Zr,e-m,0.290903790950441,%,2
OBS,2020,EU27+4,WEEE_generatedDedicated,WEEE_Cat3,ComponentShadowWEEE,CuAndCuAlloys,,m-c,0.0301669857779407,%,2
OBS,2020,EU27+4,WEEE_generatedDedicated,WEEE_Cat3,ComponentShadowWEEE,MaterialShadowWEEE,,m-c,0.260632578361116,%,2
OBS,2020,EU27+4,WEEE_generatedDedicated,WEEE_Cat3,ComponentShadowWEEE,aggregateBinderMixedMaterials,Ag,e-m,1,%,2
OBS,2020,EU27+4,WEEE_generatedDedicated,WEEE_Cat3,ComponentShadowWEEE,aggregateBinderMixedMaterials,,m-c,0.0701904604140813,%,1
OBS,2020,EU27+4,WEEE_generatedDedicated,WEEE_Cat3,ComponentShadowWEEE,ferrousMetals,Ag,e-m,0.151142088212746,%,2
OBS,2020,EU27+4,WEEE_generatedDedicated,WEEE_Cat3,ComponentShadowWEEE,ferrousMetals,Ca,e-m,0.094043237103517,%,1
OBS,2020,EU27+4,WEEE_generatedDedicated,WEEE_Cat3,ComponentShadowWEEE,ferrousMetals,Cu,e-m,0.0377288818841576,%,3
OBS,2020,EU27+4,WEEE_generatedDedicated,WEEE_Cat3,ComponentShadowWEEE,ferrousMetals,Ga,e-m,0.436551131325378,%,3
OBS,2020,EU27+4,WEEE_generatedDedicated,WEEE_Cat3,ComponentShadowWEEE,ferrousMetals,Mo,e-m,0.0513508359104672,%,3
OBS,2020,EU27+4,WEEE_generatedDedicated,WEEE_Cat3,ComponentShadowWEEE,ferrousMetals,O,e-m,0.0026168849673164,%,2
OBS,2020,EU27+4,WEEE_generatedDedicated,WEEE_Cat3,ComponentShadowWEEE,ferrousMetals,Sm,e-m,0.226566940596417,%,2
OBS,2020,EU27+4,WEEE_generatedDedicated,WEEE_Cat3,ComponentShadowWEEE,ferrousMetals,,m-c,0.010622638363362,%,1
OBS,2020,EU27+4,WEEE_generatedDedicated,WEEE_Cat3,ComponentShadowWEEE,glass,Ag,e-m,0.0148593136941239,%,3
OBS,2020,EU27+4,WEEE_generatedDedicated,WEEE_Cat3,ComponentShadowWEEE,glass,Pd,e-m,0.115664462077409,%,1
OBS,2020,EU27+4,WEEE_generatedDedicated,WEEE_Cat3,ComponentShadowWEEE,glass,Sc,e-m,0.223113641744943,%,3
OBS,2020,EU27+4,WEEE_generatedDedicated,WEEE_Cat3,ComponentShadowWEEE,glass,Zr,e-m,0.646362582483524,%,1
OBS,2020,EU27+4,WEEE_generatedDedicated,WEEE_Cat3,ComponentShadowWEEE,glass,,m-c,0.0187904414590647,%,2
OBS,2020,EU27+4,WEEE_generatedDedicated,WEEE_Cat3,ComponentShadowWEEE,glassAndCeramics,Ag,e-m,0.36837103215414,%,3
OBS,2020,EU27+4,WEEE_generatedDedicated,WEEE_Cat3,ComponentShadowWEEE,glassAndCeramics,Pd,e-m,0.187569308015939,%,3
OBS,2020,EU27+4,WEEE_generatedDedicated,WEEE_Cat3,ComponentShadowWEEE,glassAndCeramics,Sc,e-m,0.278961483433012,%,2
OBS,2020,EU27+4,WEEE_generatedDedicated,WEEE_Cat3,ComponentShadowWEEE,glassAndCeramics,Zr,e-m,0.165098176396909,%,2
OBS,2020,EU27+4,WEEE_generatedDedicated,WEEE_Cat3,ComponentShadowWEEE,glassAndCeramics,,m-c,0.0130641000977318,%,2
OBS,2020,EU27+4,WEEE_generatedDedicated,WEEE_Cat3,ComponentShadowWEEE,,,c-p,0.0081310616835696,%,2
OBS,2020,EU27+4,WEEE_generatedDedicated,WEEE_Cat3,ComponentShadowWEEE,non-ferrousMetals,Ag,e-m,0.0375727277485121,%,2
OBS,2020,EU27+4,WEEE_generatedDedicated,WEEE_Cat3,ComponentShadowWEEE,non-ferrousMetals,Al,e-m,0.0570868044364787,%,3
OBS,2020,EU27+4,WEEE_generatedDedicated,WEEE_Cat3,ComponentShadowWEEE,non-ferrousMetals,As,e-m,0.011750575940884,%,3
OBS,2020,EU27+4,WEEE_generatedDedicated,WEEE_Cat3,ComponentShadowWEEE,non-ferrousMetals,Ca,e-m,0.166913100676475,%,3
OBS,2020,EU27+4,WEEE_generatedDedicated,WEEE_Cat3,ComponentShadowWEEE,non-ferrousMetals,Cl,e-m,0.046022491110056,%,3
OBS,2020,EU27+4,WEEE_generatedDedicated,WEEE_Cat3,ComponentShadowWEEE,non-ferrousMetals,Cu,e-m,0.038414433573795,%,2
OBS,2020,EU27+4,WEEE_generatedDedicated,WEEE_Cat3,ComponentShadowWEEE,non-ferrousMetals,Dy,e-m,0.21931793462886,%,2
OBS,2020,EU27+4,WEEE_generatedDedicated,WEEE_Cat3,ComponentShadowWEEE,non-ferrousMetals,Ga,e-m,0.0687194032919722,%,3
OBS,2020,EU27+4,WEEE_generatedDedicated,WEEE_Cat3,ComponentShadowWEEE,non-ferrousMetals,Mn,e-m,0.0975221897176473,%,2
OBS,2020,EU27+4,WEEE_generatedDedicated,WEEE_Cat3,ComponentShadowWEEE,non-ferrousMetals,Mo,e-m,0.0449452853618816,%,3
OBS,2020,EU27+4,WEEE_generatedDedicated,WEEE_Cat3,ComponentShadowWEEE,non-ferrousMetals,O,e-m,0.0473703244526666,%,3
OBS,2020,EU27+4,WEEE_generatedDedicated,WEEE_Cat3,ComponentShadowWEEE,non-ferrousMetals,Pd,e-m,0.0459764004504431,%,2
OBS,2020,EU27+4,WEEE_generatedDedicated,WEEE_Cat3,ComponentShadowWEEE,non-ferrousMetals,Sm,e-m,0.0931664734458384,%,1
OBS,2020,EU27+4,WEEE_generatedDedicated,WEEE_Cat3,ComponentShadowWEEE,non-ferrousMetals,Sr,e-m,0.0091239734212097,%,1
OBS,2020,EU27+4,WEEE_generatedDedicated,WEEE_Cat3,ComponentShadowWEEE,non-ferrousMetals,Zr,e-m,0.0160978817432795,%,2
OBS,2020,EU27+4,WEEE_generatedDedicated,WEEE_Cat3,ComponentShadowWEEE,non-ferrousMetals,,m-c,0.0555181306103012,%,3
OBS,2020,EU27+4,WEEE_generatedDedicated,WEEE_Cat3,ComponentShadowWEEE,otherMetalsAndMetalAlloys,Ag,e-m,0.112923081995384,%,2
OBS,2020,EU27+4,WEEE_generatedDedicated,WEEE_Cat3,ComponentShadowWEEE,otherMetalsAndMetalAlloys,Al,e-m,0.60871928701862,%,2
OBS,2020,EU27+4,WEEE_generatedDedicated,WEEE_Cat3,ComponentShadowWEEE,otherMetalsAndMetalAlloys,Dy,e-m,0.278357630985996,%,3
OBS,2020,EU27+4,WEEE_generatedDedicated,WEEE_Cat3,ComponentShadowWEEE,otherMetalsAndMetalAlloys,,m-c,0.0158016695156557,%,2
OBS,2020,EU27+4,WEEE_generatedDedicated,WEEE_Cat3,ComponentShadowWEEE,otherMinerals,Ag,e-m,0.0141000516226673,%,1
OBS,2020,EU27+4,WEEE_generatedDedicated,WEEE_Cat3,ComponentShadowWEEE,otherMinerals,Pd,e-m,0.0997699395562718,%,1
OBS,2020,EU27+4,WEEE_generatedDedicated,WEEE_Cat3,ComponentShadowWEEE,otherMinerals,Sc,e-m,0.090458256006637,%,3
OBS,2020,EU27+4,WEEE_generatedDedicated,WEEE_Cat3,ComponentShadowWEEE,otherMinerals,Zr,e-m,0.795671752814424,%,1
OBS,2020,EU27+4,WEEE_generatedDedicated,WEEE_Cat3,ComponentShadowWEEE,otherMinerals,,m-c,0.0172611328175113,%,1
OBS,2020,EU27+4,WEEE_generatedDedicated,WEEE_Cat3,ComponentShadowWEEE,otherOrUndefinedMaterials,Ag,e-m,1,%,1
OBS,2020,EU27+4,WEEE_generatedDedicated,WEEE_Cat3,ComponentShadowWEEE,otherOrUndefinedMaterials,,m-c,0.0820409147008835,%,3
OBS,2020,EU27+4,WEEE_generatedDedicated,WEEE_Cat3,ComponentShadowWEEE,otherOrganics,Ag,e-m,1,%,3
OBS,2020,EU27+4,WEEE_generatedDedicated,WEEE_Cat3,ComponentShadowWEEE,otherOrganics,,m-c,0.0538089275020171,%,1
OBS,2020,EU27+4,WEEE_generatedDedicated,WEEE_Cat3,ComponentShadowWEEE,plastics,Ag,e-m,1,%,2
OBS,2020,EU27+4,WEEE_generatedDedicated,WEEE_Cat3,ComponentShadowWEEE,plastics,,m-c,0.102632328661428,%,2
OBS,2020,EU27+4,WEEE_generatedDedicated,WEEE_Cat3,ComponentShadowWEEE,undefinedAndMixedMaterials,Ag,e-m,1,%,3
OBS,2020,EU27+4,WEEE_generatedDedicated,WEEE_Cat3,ComponentShadowWEEE,undefinedAndMixedMaterials,,m-c,0.159575920849706,%,2
OBS,2020,EU27+4,WEEE_generatedDedicated,WEEE_Cat3,ComponentShadowWEEE,wood,Ag,e-m,1,%,3
OBS,2020,EU27+4,WEEE_generatedDedicated,WEEE_Cat3,ComponentShadowWEEE,wood,,m-c,0.101101377080936,%,1
OBS,2020,EU27+4,WEEE_generatedDedicated,WEEE_Cat3,ConductivitySensor,CuAndCuAlloys,,m-c,0.84374766837993,%,2
OBS,2020,EU27+4,WEEE_generatedDedicated,WEEE_Cat3,ConductivitySensor,ferrousMetals,,m-c,0.15625233162007,%,2
OBS,2020,EU27+4,WEEE_generatedDedicated,WEEE_Cat3,ConductivitySensor,,,c-p,0.0023992096774456,%,3
OBS,2020,EU27+4,WEEE_generatedDedicated,WEEE_Cat3,LED,,,c-p,0.0052304470986222,%,1
OBS,2020,EU27+4,WEEE_generatedDedicated,WEEE_Cat3,LidarSensor (&lt;15cm),AlAndAlAlloys,Ag,e-m,0.241267082659171,%,2
OBS,2020,EU27+4,WEEE_generatedDedicated,WEEE_Cat3,LidarSensor (&lt;15cm),AlAndAlAlloys,As,e-m,0.180570362325651,%,3
OBS,2020,EU27+4,WEEE_generatedDedicated,WEEE_Cat3,LidarSensor (&lt;15cm),AlAndAlAlloys,Cu,e-m,0.0569579680221901,%,1
OBS,2020,EU27+4,WEEE_generatedDedicated,WEEE_Cat3,LidarSensor (&lt;15cm),AlAndAlAlloys,Ga,e-m,0.0070927330066274,%,2
OBS,2020,EU27+4,WEEE_generatedDedicated,WEEE_Cat3,LidarSensor (&lt;15cm),AlAndAlAlloys,Mn,e-m,0.0099998427626859,%,3
OBS,2020,EU27+4,WEEE_generatedDedicated,WEEE_Cat3,LidarSensor (&lt;15cm),AlAndAlAlloys,Mo,e-m,0.321410142177728,%,3
OBS,2020,EU27+4,WEEE_generatedDedicated,WEEE_Cat3,LidarSensor (&lt;15cm),AlAndAlAlloys,Sm,e-m,0.182701869045946,%,3
OBS,2020,EU27+4,WEEE_generatedDedicated,WEEE_Cat3,LidarSensor (&lt;15cm),AlAndAlAlloys,,m-c,0.272662639951719,%,1
OBS,2020,EU27+4,WEEE_generatedDedicated,WEEE_Cat3,LidarSensor (&lt;15cm),CuAndCuAlloys,Ag,e-m,0.320534138574076,%,3
OBS,2020,EU27+4,WEEE_generatedDedicated,WEEE_Cat3,LidarSensor (&lt;15cm),CuAndCuAlloys,Dy,e-m,0.19830533834948,%,2
OBS,2020,EU27+4,WEEE_generatedDedicated,WEEE_Cat3,LidarSensor (&lt;15cm),CuAndCuAlloys,Zr,e-m,0.481160523076444,%,2
OBS,2020,EU27+4,WEEE_generatedDedicated,WEEE_Cat3,LidarSensor (&lt;15cm),CuAndCuAlloys,,m-c,0.0926338898873118,%,2
OBS,2020,EU27+4,WEEE_generatedDedicated,WEEE_Cat3,LidarSensor (&lt;15cm),ferrousMetals,Ag,e-m,0.0294163823145208,%,3
OBS,2020,EU27+4,WEEE_generatedDedicated,WEEE_Cat3,LidarSensor (&lt;15cm),ferrousMetals,Ca,e-m,0.13457436021187,%,1
OBS,2020,EU27+4,WEEE_generatedDedicated,WEEE_Cat3,LidarSensor (&lt;15cm),ferrousMetals,Cu,e-m,0.0055721055923534,%,1
OBS,2020,EU27+4,WEEE_generatedDedicated,WEEE_Cat3,LidarSensor (&lt;15cm),ferrousMetals,Ga,e-m,0.0633961021007295,%,3
OBS,2020,EU27+4,WEEE_generatedDedicated,WEEE_Cat3,LidarSensor (&lt;15cm),ferrousMetals,Mo,e-m,0.122071081001863,%,2
OBS,2020,EU27+4,WEEE_generatedDedicated,WEEE_Cat3,LidarSensor (&lt;15cm),ferrousMetals,O,e-m,0.185642449284334,%,1
OBS,2020,EU27+4,WEEE_generatedDedicated,WEEE_Cat3,LidarSensor (&lt;15cm),ferrousMetals,Sm,e-m,0.459327519494329,%,2
OBS,2020,EU27+4,WEEE_generatedDedicated,WEEE_Cat3,LidarSensor (&lt;15cm),ferrousMetals,,m-c,0.46586435786258,%,1
OBS,2020,EU27+4,WEEE_generatedDedicated,WEEE_Cat3,LidarSensor (&lt;15cm),glass,Ag,e-m,0.113802548422038,%,1
OBS,2020,EU27+4,WEEE_generatedDedicated,WEEE_Cat3,LidarSensor (&lt;15cm),glass,Pd,e-m,0.238779897984229,%,2
OBS,2020,EU27+4,WEEE_generatedDedicated,WEEE_Cat3,LidarSensor (&lt;15cm),glass,Sc,e-m,0.432572936760565,%,1
OBS,2020,EU27+4,WEEE_generatedDedicated,WEEE_Cat3,LidarSensor (&lt;15cm),glass,Zr,e-m,0.214844616833168,%,1
OBS,2020,EU27+4,WEEE_generatedDedicated,WEEE_Cat3,LidarSensor (&lt;15cm),glass,,m-c,0.0595332493984043,%,2
OBS,2020,EU27+4,WEEE_generatedDedicated,WEEE_Cat3,LidarSensor (&lt;15cm),,,c-p,0.0090574733275371,%,3
OBS,2020,EU27+4,WEEE_generatedDedicated,WEEE_Cat3,LidarSensor (&lt;15cm),plastics,Ag,e-m,1,%,3
OBS,2020,EU27+4,WEEE_generatedDedicated,WEEE_Cat3,LidarSensor (&lt;15cm),plastics,,m-c,0.109305862899985,%,2
OBS,2020,EU27+4,WEEE_generatedDedicated,WEEE_Cat3,MagnetSensor,CuAndCuAlloys,Ag,e-m,0.440196304286354,%,2
OBS,2020,EU27+4,WEEE_generatedDedicated,WEEE_Cat3,MagnetSensor,CuAndCuAlloys,Dy,e-m,0.472048236341515,%,1
OBS,2020,EU27+4,WEEE_generatedDedicated,WEEE_Cat3,MagnetSensor,CuAndCuAlloys,Zr,e-m,0.087755459372131,%,3
OBS,2020,EU27+4,WEEE_generatedDedicated,WEEE_Cat3,MagnetSensor,CuAndCuAlloys,,m-c,0.0280618056404254,%,1
OBS,2020,EU27+4,WEEE_generatedDedicated,WEEE_Cat3,MagnetSensor,ferrousMetals,Ag,e-m,0.32004619335368,%,3
OBS,2020,EU27+4,WEEE_generatedDedicated,WEEE_Cat3,MagnetSensor,ferrousMetals,Ca,e-m,0.304954283502104,%,1
OBS,2020,EU27+4,WEEE_generatedDedicated,WEEE_Cat3,MagnetSensor,ferrousMetals,Ga,e-m,0.0019056272671928,%,3
OBS,2020,EU27+4,WEEE_generatedDedicated,WEEE_Cat3,MagnetSensor,ferrousMetals,Mo,e-m,0.330895558501143,%,3
OBS,2020,EU27+4,WEEE_generatedDedicated,WEEE_Cat3,MagnetSensor,ferrousMetals,Sm,e-m,0.0421983373758795,%,1
OBS,2020,EU27+4,WEEE_generatedDedicated,WEEE_Cat3,MagnetSensor,ferrousMetals,,m-c,0.959855500477306,%,1
OBS,2020,EU27+4,WEEE_generatedDedicated,WEEE_Cat3,MagnetSensor,,,c-p,0.024845189542064,%,3
OBS,2020,EU27+4,WEEE_generatedDedicated,WEEE_Cat3,MagnetSensor,plastics,Ag,e-m,1,%,2
OBS,2020,EU27+4,WEEE_generatedDedicated,WEEE_Cat3,MagnetSensor,plastics,,m-c,0.0120826938822687,%,2
OBS,2020,EU27+4,WEEE_generatedDedicated,WEEE_Cat3,PCBWEEECat,,,c-p,0.0026054517817992,%,3
OBS,2020,EU27+4,WEEE_generatedDedicated,WEEE_Cat3,PCBWEEECat,otherOrUndefinedMaterials,Ag,e-m,1,%,2
OBS,2020,EU27+4,WEEE_generatedDedicated,WEEE_Cat3,PCBWEEECat,otherOrUndefinedMaterials,,m-c,1,%,1
OBS,2020,EU27+4,WEEE_generatedDedicated,WEEE_Cat3,PCBunspecified,ferrousMetals,Ag,e-m,0.501480174683467,%,1
OBS,2020,EU27+4,WEEE_generatedDedicated,WEEE_Cat3,PCBunspecified,ferrousMetals,Cu,e-m,0.0478563643378001,%,1
OBS,2020,EU27+4,WEEE_generatedDedicated,WEEE_Cat3,PCBunspecified,ferrousMetals,Ga,e-m,0.16338029912341,%,3
OBS,2020,EU27+4,WEEE_generatedDedicated,WEEE_Cat3,PCBunspecified,ferrousMetals,Mo,e-m,0.0782870814159851,%,1
OBS,2020,EU27+4,WEEE_generatedDedicated,WEEE_Cat3,PCBunspecified,ferrousMetals,O,e-m,0.0610437436587712,%,2
OBS,2020,EU27+4,WEEE_generatedDedicated,WEEE_Cat3,PCBunspecified,ferrousMetals,Sm,e-m,0.147952336780566,%,1
OBS,2020,EU27+4,WEEE_generatedDedicated,WEEE_Cat3,PCBunspecified,ferrousMetals,,m-c,1,%,3
OBS,2020,EU27+4,WEEE_generatedDedicated,WEEE_Cat3,PCBunspecified,,,c-p,0.0071552461420754,%,2
OBS,2020,EU27+4,WEEE_generatedDedicated,WEEE_Cat3,PVBacksheet,,,c-p,0.0101687794818144,%,3
OBS,2020,EU27+4,WEEE_generatedDedicated,WEEE_Cat3,PVBacksheet,plasticComposites,Ag,e-m,1,%,2
OBS,2020,EU27+4,WEEE_generatedDedicated,WEEE_Cat3,PVBacksheet,plasticComposites,,m-c,0.822229099317566,%,3
OBS,2020,EU27+4,WEEE_generatedDedicated,WEEE_Cat3,PVBacksheet,plastics,Ag,e-m,1,%,1
OBS,2020,EU27+4,WEEE_generatedDedicated,WEEE_Cat3,PVBacksheet,plastics,,m-c,0.177770900682434,%,2
OBS,2020,EU27+4,WEEE_generatedDedicated,WEEE_Cat3,PVEncapsulationEVA,,,c-p,0.0141189354846886,%,2
OBS,2020,EU27+4,WEEE_generatedDedicated,WEEE_Cat3,PVEncapsulationEVA,plastics,Ag,e-m,1,%,1
OBS,2020,EU27+4,WEEE_generatedDedicated,WEEE_Cat3,PVEncapsulationEVA,plastics,,m-c,1,%,3
OBS,2020,EU27+4,WEEE_generatedDedicated,WEEE_Cat3,PVFrameAl,CuAndCuAlloys,Ag,e-m,0.201475150226863,%,1
OBS,2020,EU27+4,WEEE_generatedDedicated,WEEE_Cat3,PVFrameAl,CuAndCuAlloys,As,e-m,0.195161698474152,%,2
OBS,2020,EU27+4,WEEE_generatedDedicated,WEEE_Cat3,PVFrameAl,CuAndCuAlloys,Cu,e-m,0.0507963150171347,%,3
OBS,2020,EU27+4,WEEE_generatedDedicated,WEEE_Cat3,PVFrameAl,CuAndCuAlloys,Ga,e-m,0.0032088200170303,%,2
OBS,2020,EU27+4,WEEE_generatedDedicated,WEEE_Cat3,PVFrameAl,CuAndCuAlloys,Mn,e-m,0.0046994081886842,%,2
OBS,2020,EU27+4,WEEE_generatedDedicated,WEEE_Cat3,PVFrameAl,CuAndCuAlloys,Mo,e-m,0.0548205867121649,%,3
OBS,2020,EU27+4,WEEE_generatedDedicated,WEEE_Cat3,PVFrameAl,CuAndCuAlloys,Sm,e-m,0.489838021363971,%,1
OBS,2020,EU27+4,WEEE_generatedDedicated,WEEE_Cat3,PVFrameAl,CuAndCuAlloys,,m-c,1,%,1
OBS,2020,EU27+4,WEEE_generatedDedicated,WEEE_Cat3,PVFrameAl,,,c-p,0.0007369313628638,%,1
OBS,2020,EU27+4,WEEE_generatedDedicated,WEEE_Cat3,PVSolarGlass,glass,Ag,e-m,0.702900870616295,%,2
OBS,2020,EU27+4,WEEE_generatedDedicated,WEEE_Cat3,PVSolarGlass,glass,Pd,e-m,0.0349027972859493,%,1
OBS,2020,EU27+4,WEEE_generatedDedicated,WEEE_Cat3,PVSolarGlass,glass,Sc,e-m,0.144072985490792,%,2
OBS,2020,EU27+4,WEEE_generatedDedicated,WEEE_Cat3,PVSolarGlass,glass,Zr,e-m,0.118123346606964,%,3
OBS,2020,EU27+4,WEEE_generatedDedicated,WEEE_Cat3,PVSolarGlass,glass,,m-c,1,%,2
OBS,2020,EU27+4,WEEE_generatedDedicated,WEEE_Cat3,PVSolarGlass,,,c-p,0.0199819556102714,%,3
OBS,2020,EU27+4,WEEE_generatedDedicated,WEEE_Cat3,PVcellSi,,,c-p,0.006322087088884,%,3
OBS,2020,EU27+4,WEEE_generatedDedicated,WEEE_Cat3,PVcellSi,otherOrUndefinedMaterials,Ag,e-m,1,%,1
OBS,2020,EU27+4,WEEE_generatedDedicated,WEEE_Cat3,PVcellSi,otherOrUndefinedMaterials,,m-c,1,%,2
OBS,2020,EU27+4,WEEE_generatedDedicated,WEEE_Cat3,WEEEEvaporator,CuAndCuAlloys,Ag,e-m,0.12331138435343,%,1
OBS,2020,EU27+4,WEEE_generatedDedicated,WEEE_Cat3,WEEEEvaporator,CuAndCuAlloys,Dy,e-m,0.156976671854258,%,1
OBS,2020,EU27+4,WEEE_generatedDedicated,WEEE_Cat3,WEEEEvaporator,CuAndCuAlloys,Zr,e-m,0.719711943792312,%,1
OBS,2020,EU27+4,WEEE_generatedDedicated,WEEE_Cat3,WEEEEvaporator,CuAndCuAlloys,,m-c,0.214327580417978,%,2
OBS,2020,EU27+4,WEEE_generatedDedicated,WEEE_Cat3,WEEEEvaporator,,,c-p,0.0522899052990546,%,3
OBS,2020,EU27+4,WEEE_generatedDedicated,WEEE_Cat3,WEEEEvaporator,steelAndSteelAlloys,Ag,e-m,0.0154354826307164,%,1
OBS,2020,EU27+4,WEEE_generatedDedicated,WEEE_Cat3,WEEEEvaporator,steelAndSteelAlloys,Cu,e-m,0.0511541667369728,%,3
OBS,2020,EU27+4,WEEE_generatedDedicated,WEEE_Cat3,WEEEEvaporator,steelAndSteelAlloys,Ga,e-m,0.359697302486672,%,2
OBS,2020,EU27+4,WEEE_generatedDedicated,WEEE_Cat3,WEEEEvaporator,steelAndSteelAlloys,Mo,e-m,0.399328713762275,%,1
OBS,2020,EU27+4,WEEE_generatedDedicated,WEEE_Cat3,WEEEEvaporator,steelAndSteelAlloys,O,e-m,0.153734602601687,%,2
OBS,2020,EU27+4,WEEE_generatedDedicated,WEEE_Cat3,WEEEEvaporator,steelAndSteelAlloys,Sm,e-m,0.020649731781676,%,2
OBS,2020,EU27+4,WEEE_generatedDedicated,WEEE_Cat3,WEEEEvaporator,steelAndSteelAlloys,,m-c,0.785672419582022,%,1
OBS,2020,EU27+4,WEEE_generatedDedicated,WEEE_Cat3,brush,AlAndAlAlloys,Ag,e-m,0.0657734300547158,%,3
OBS,2020,EU27+4,WEEE_generatedDedicated,WEEE_Cat3,brush,AlAndAlAlloys,As,e-m,0.0746389187034919,%,1
OBS,2020,EU27+4,WEEE_generatedDedicated,WEEE_Cat3,brush,AlAndAlAlloys,Cu,e-m,0.0484991977381889,%,3
OBS,2020,EU27+4,WEEE_generatedDedicated,WEEE_Cat3,brush,AlAndAlAlloys,Ga,e-m,0.176113614734902,%,1
OBS,2020,EU27+4,WEEE_generatedDedicated,WEEE_Cat3,brush,AlAndAlAlloys,Mn,e-m,0.249673850512049,%,1
OBS,2020,EU27+4,WEEE_generatedDedicated,WEEE_Cat3,brush,AlAndAlAlloys,Mo,e-m,0.214909663580377,%,1
OBS,2020,EU27+4,WEEE_generatedDedicated,WEEE_Cat3,brush,AlAndAlAlloys,Sm,e-m,0.170391324676275,%,1
OBS,2020,EU27+4,WEEE_generatedDedicated,WEEE_Cat3,brush,AlAndAlAlloys,,m-c,0.247218949171671,%,3
OBS,2020,EU27+4,WEEE_generatedDedicated,WEEE_Cat3,brush,ferrousMetals,Ag,e-m,0.158207583140124,%,1
OBS,2020,EU27+4,WEEE_generatedDedicated,WEEE_Cat3,brush,ferrousMetals,Ca,e-m,0.287856982465946,%,3
OBS,2020,EU27+4,WEEE_generatedDedicated,WEEE_Cat3,brush,ferrousMetals,Ga,e-m,0.0101694107882603,%,3
OBS,2020,EU27+4,WEEE_generatedDedicated,WEEE_Cat3,brush,ferrousMetals,Mo,e-m,0.485750561318021,%,1
OBS,2020,EU27+4,WEEE_generatedDedicated,WEEE_Cat3,brush,ferrousMetals,Sm,e-m,0.058015462287648,%,1
OBS,2020,EU27+4,WEEE_generatedDedicated,WEEE_Cat3,brush,ferrousMetals,,m-c,0.138077349732357,%,2
OBS,2020,EU27+4,WEEE_generatedDedicated,WEEE_Cat3,brush,,,c-p,0.0074965073213484,%,3
OBS,2020,EU27+4,WEEE_generatedDedicated,WEEE_Cat3,brush,plastics,Ag,e-m,1,%,3
OBS,2020,EU27+4,WEEE_generatedDedicated,WEEE_Cat3,brush,plastics,,m-c,0.614703701095971,%,2
OBS,2020,EU27+4,WEEE_generatedDedicated,WEEE_Cat3,cableUnspecified,AlAndAlAlloys,Ag,e-m,0.242526175386858,%,3
OBS,2020,EU27+4,WEEE_generatedDedicated,WEEE_Cat3,cableUnspecified,AlAndAlAlloys,As,e-m,0.208054867104991,%,2
OBS,2020,EU27+4,WEEE_generatedDedicated,WEEE_Cat3,cableUnspecified,AlAndAlAlloys,Cu,e-m,0.0208208584942015,%,1
OBS,2020,EU27+4,WEEE_generatedDedicated,WEEE_Cat3,cableUnspecified,AlAndAlAlloys,Ga,e-m,0.31376050023669,%,2
OBS,2020,EU27+4,WEEE_generatedDedicated,WEEE_Cat3,cableUnspecified,AlAndAlAlloys,Mn,e-m,0.0521744045946611,%,2
OBS,2020,EU27+4,WEEE_generatedDedicated,WEEE_Cat3,cableUnspecified,AlAndAlAlloys,Mo,e-m,0.148947776077644,%,3
OBS,2020,EU27+4,WEEE_generatedDedicated,WEEE_Cat3,cableUnspecified,AlAndAlAlloys,Sm,e-m,0.0137154181049533,%,2
OBS,2020,EU27+4,WEEE_generatedDedicated,WEEE_Cat3,cableUnspecified,AlAndAlAlloys,,m-c,0.74329601845882,%,1
OBS,2020,EU27+4,WEEE_generatedDedicated,WEEE_Cat3,cableUnspecified,CuAndCuAlloys,Ag,e-m,0.657574671441395,%,1
OBS,2020,EU27+4,WEEE_generatedDedicated,WEEE_Cat3,cableUnspecified,CuAndCuAlloys,Dy,e-m,0.241498338356686,%,1
OBS,2020,EU27+4,WEEE_generatedDedicated,WEEE_Cat3,cableUnspecified,CuAndCuAlloys,Zr,e-m,0.100926990201918,%,2
OBS,2020,EU27+4,WEEE_generatedDedicated,WEEE_Cat3,cableUnspecified,CuAndCuAlloys,,m-c,0.112608590123379,%,1
OBS,2020,EU27+4,WEEE_generatedDedicated,WEEE_Cat3,cableUnspecified,ferrousMetals,Ag,e-m,0.0024304957329638,%,3
OBS,2020,EU27+4,WEEE_generatedDedicated,WEEE_Cat3,cableUnspecified,ferrousMetals,Cu,e-m,0.267300268945779,%,1
OBS,2020,EU27+4,WEEE_generatedDedicated,WEEE_Cat3,cableUnspecified,ferrousMetals,Ga,e-m,0.373552788877838,%,1
OBS,2020,EU27+4,WEEE_generatedDedicated,WEEE_Cat3,cableUnspecified,ferrousMetals,Mo,e-m,0.214270780689077,%,1
OBS,2020,EU27+4,WEEE_generatedDedicated,WEEE_Cat3,cableUnspecified,ferrousMetals,O,e-m,0.110311500290582,%,2
OBS,2020,EU27+4,WEEE_generatedDedicated,WEEE_Cat3,cableUnspecified,ferrousMetals,Sm,e-m,0.0321341654637606,%,1
OBS,2020,EU27+4,WEEE_generatedDedicated,WEEE_Cat3,cableUnspecified,ferrousMetals,,m-c,0.12226257132075,%,3
OBS,2020,EU27+4,WEEE_generatedDedicated,WEEE_Cat3,cableUnspecified,,,c-p,0.0452852043404725,%,3
OBS,2020,EU27+4,WEEE_generatedDedicated,WEEE_Cat3,cableUnspecified,plastics,Ag,e-m,1,%,3
OBS,2020,EU27+4,WEEE_generatedDedicated,WEEE_Cat3,cableUnspecified,plastics,,m-c,0.0218328200970515,%,1
OBS,2020,EU27+4,WEEE_generatedDedicated,WEEE_Cat3,cableWOPlug,,,c-p,0.0042325227333365,%,3
OBS,2020,EU27+4,WEEE_generatedDedicated,WEEE_Cat3,cableWPlug,AlAndAlAlloys,,m-c,0.17449473128749,%,2
OBS,2020,EU27+4,WEEE_generatedDedicated,WEEE_Cat3,cableWPlug,ferrousMetals,,m-c,0.127204806305642,%,3
OBS,2020,EU27+4,WEEE_generatedDedicated,WEEE_Cat3,cableWPlug,,,c-p,0.0246271710945176,%,1
OBS,2020,EU27+4,WEEE_generatedDedicated,WEEE_Cat3,cableWPlug,plastics,Ag,e-m,1,%,3
OBS,2020,EU27+4,WEEE_generatedDedicated,WEEE_Cat3,cableWPlug,plastics,,m-c,0.698300462406868,%,3
OBS,2020,EU27+4,WEEE_generatedDedicated,WEEE_Cat3,cableWithConnector,CuAndCuAlloys,Ag,e-m,0.384984036592888,%,2
OBS,2020,EU27+4,WEEE_generatedDedicated,WEEE_Cat3,cableWithConnector,CuAndCuAlloys,Dy,e-m,0.256375024882693,%,1
OBS,2020,EU27+4,WEEE_generatedDedicated,WEEE_Cat3,cableWithConnector,CuAndCuAlloys,Zr,e-m,0.358640938524419,%,2
OBS,2020,EU27+4,WEEE_generatedDedicated,WEEE_Cat3,cableWithConnector,CuAndCuAlloys,,m-c,1,%,3
OBS,2020,EU27+4,WEEE_generatedDedicated,WEEE_Cat3,cables,,,c-p,0.0003437294120711,%,2
OBS,2020,EU27+4,WEEE_generatedDedicated,WEEE_Cat3,cables,otherOrUndefinedMaterials,Ag,e-m,1,%,1
OBS,2020,EU27+4,WEEE_generatedDedicated,WEEE_Cat3,cables,otherOrUndefinedMaterials,,m-c,1,%,3
OBS,2020,EU27+4,WEEE_generatedDedicated,WEEE_Cat3,cablewire,AlAndAlAlloys,Ag,e-m,0.278583730892208,%,3
OBS,2020,EU27+4,WEEE_generatedDedicated,WEEE_Cat3,cablewire,AlAndAlAlloys,As,e-m,0.0327252462949368,%,1
OBS,2020,EU27+4,WEEE_generatedDedicated,WEEE_Cat3,cablewire,AlAndAlAlloys,Cu,e-m,0.153033107073458,%,1
OBS,2020,EU27+4,WEEE_generatedDedicated,WEEE_Cat3,cablewire,AlAndAlAlloys,Ga,e-m,0.0552472311545705,%,2
OBS,2020,EU27+4,WEEE_generatedDedicated,WEEE_Cat3,cablewire,AlAndAlAlloys,Mn,e-m,0.0065157314627617,%,2
OBS,2020,EU27+4,WEEE_generatedDedicated,WEEE_Cat3,cablewire,AlAndAlAlloys,Mo,e-m,0.471937387916132,%,1
OBS,2020,EU27+4,WEEE_generatedDedicated,WEEE_Cat3,cablewire,AlAndAlAlloys,Sm,e-m,0.0019575652059322,%,1
OBS,2020,EU27+4,WEEE_generatedDedicated,WEEE_Cat3,cablewire,AlAndAlAlloys,,m-c,0.37201217998842,%,2
OBS,2020,EU27+4,WEEE_generatedDedicated,WEEE_Cat3,cablewire,CuAndCuAlloys,Ag,e-m,0.341723350111008,%,2
OBS,2020,EU27+4,WEEE_generatedDedicated,WEEE_Cat3,cablewire,CuAndCuAlloys,Dy,e-m,0.539687095791371,%,3
OBS,2020,EU27+4,WEEE_generatedDedicated,WEEE_Cat3,cablewire,CuAndCuAlloys,Zr,e-m,0.118589554097621,%,2
OBS,2020,EU27+4,WEEE_generatedDedicated,WEEE_Cat3,cablewire,CuAndCuAlloys,,m-c,0.104250049644422,%,1
OBS,2020,EU27+4,WEEE_generatedDedicated,WEEE_Cat3,cablewire,ferrousMetals,Ag,e-m,0.140341137879408,%,2
OBS,2020,EU27+4,WEEE_generatedDedicated,WEEE_Cat3,cablewire,ferrousMetals,Ca,e-m,0.0804644478945046,%,1
OBS,2020,EU27+4,WEEE_generatedDedicated,WEEE_Cat3,cablewire,ferrousMetals,Ga,e-m,0.129491704051354,%,3
OBS,2020,EU27+4,WEEE_generatedDedicated,WEEE_Cat3,cablewire,ferrousMetals,Mo,e-m,0.331647027006368,%,3
OBS,2020,EU27+4,WEEE_generatedDedicated,WEEE_Cat3,cablewire,ferrousMetals,Sm,e-m,0.318055683168366,%,2
OBS,2020,EU27+4,WEEE_generatedDedicated,WEEE_Cat3,cablewire,ferrousMetals,,m-c,0.502937718064705,%,1
OBS,2020,EU27+4,WEEE_generatedDedicated,WEEE_Cat3,cablewire,,,c-p,0.0159202377814927,%,1
OBS,2020,EU27+4,WEEE_generatedDedicated,WEEE_Cat3,cablewire,plastics,Ag,e-m,1,%,3
OBS,2020,EU27+4,WEEE_generatedDedicated,WEEE_Cat3,cablewire,plastics,,m-c,0.0208000523024535,%,2
OBS,2020,EU27+4,WEEE_generatedDedicated,WEEE_Cat3,capElectrolytic,CuAndCuAlloys,Ag,e-m,0.0255237835388243,%,1
OBS,2020,EU27+4,WEEE_generatedDedicated,WEEE_Cat3,capElectrolytic,CuAndCuAlloys,Dy,e-m,0.912692420147739,%,1
OBS,2020,EU27+4,WEEE_generatedDedicated,WEEE_Cat3,capElectrolytic,CuAndCuAlloys,Zr,e-m,0.0617837963134364,%,3
OBS,2020,EU27+4,WEEE_generatedDedicated,WEEE_Cat3,capElectrolytic,CuAndCuAlloys,,m-c,0.0609734302190384,%,3
OBS,2020,EU27+4,WEEE_generatedDedicated,WEEE_Cat3,capElectrolytic,,,c-p,0.0137219352128415,%,2
OBS,2020,EU27+4,WEEE_generatedDedicated,WEEE_Cat3,capElectrolytic,undefinedAndMixedMaterials,Ag,e-m,1,%,2
OBS,2020,EU27+4,WEEE_generatedDedicated,WEEE_Cat3,capElectrolytic,undefinedAndMixedMaterials,,m-c,0.939026569780962,%,3
OBS,2020,EU27+4,WEEE_generatedDedicated,WEEE_Cat3,casingPlasticBased,AlAndAlAlloys,Ag,e-m,0.236917245947982,%,2
OBS,2020,EU27+4,WEEE_generatedDedicated,WEEE_Cat3,casingPlasticBased,AlAndAlAlloys,As,e-m,0.309242187878013,%,2
OBS,2020,EU27+4,WEEE_generatedDedicated,WEEE_Cat3,casingPlasticBased,AlAndAlAlloys,Cu,e-m,0.0254671485871161,%,2
OBS,2020,EU27+4,WEEE_generatedDedicated,WEEE_Cat3,casingPlasticBased,AlAndAlAlloys,Ga,e-m,0.0678610670591315,%,2
OBS,2020,EU27+4,WEEE_generatedDedicated,WEEE_Cat3,casingPlasticBased,AlAndAlAlloys,Mn,e-m,0.0363990115814242,%,3
OBS,2020,EU27+4,WEEE_generatedDedicated,WEEE_Cat3,casingPlasticBased,AlAndAlAlloys,Mo,e-m,0.0174373688193664,%,2
OBS,2020,EU27+4,WEEE_generatedDedicated,WEEE_Cat3,casingPlasticBased,AlAndAlAlloys,Sm,e-m,0.306675970126967,%,2
OBS,2020,EU27+4,WEEE_generatedDedicated,WEEE_Cat3,casingPlasticBased,AlAndAlAlloys,,m-c,0.360925690321549,%,2
OBS,2020,EU27+4,WEEE_generatedDedicated,WEEE_Cat3,casingPlasticBased,CuAndCuAlloys,Ag,e-m,0.0195472080203384,%,2
OBS,2020,EU27+4,WEEE_generatedDedicated,WEEE_Cat3,casingPlasticBased,CuAndCuAlloys,Dy,e-m,0.403324695866767,%,2
OBS,2020,EU27+4,WEEE_generatedDedicated,WEEE_Cat3,casingPlasticBased,CuAndCuAlloys,Zr,e-m,0.577128096112895,%,3
OBS,2020,EU27+4,WEEE_generatedDedicated,WEEE_Cat3,casingPlasticBased,CuAndCuAlloys,,m-c,0.0074952621006178,%,3
OBS,2020,EU27+4,WEEE_generatedDedicated,WEEE_Cat3,casingPlasticBased,ferrousMetals,Ag,e-m,0.243304743244926,%,3
OBS,2020,EU27+4,WEEE_generatedDedicated,WEEE_Cat3,casingPlasticBased,ferrousMetals,Ca,e-m,0.0080407851358562,%,3
OBS,2020,EU27+4,WEEE_generatedDedicated,WEEE_Cat3,casingPlasticBased,ferrousMetals,Cu,e-m,0.041042818315196,%,3
OBS,2020,EU27+4,WEEE_generatedDedicated,WEEE_Cat3,casingPlasticBased,ferrousMetals,Ga,e-m,0.0610052825884424,%,2
OBS,2020,EU27+4,WEEE_generatedDedicated,WEEE_Cat3,casingPlasticBased,ferrousMetals,Mo,e-m,0.186360337602322,%,3
OBS,2020,EU27+4,WEEE_generatedDedicated,WEEE_Cat3,casingPlasticBased,ferrousMetals,O,e-m,0.312830395346869,%,3
OBS,2020,EU27+4,WEEE_generatedDedicated,WEEE_Cat3,casingPlasticBased,ferrousMetals,Sm,e-m,0.147415637766387,%,1
OBS,2020,EU27+4,WEEE_generatedDedicated,WEEE_Cat3,casingPlasticBased,ferrousMetals,,m-c,0.0338459784753933,%,2
OBS,2020,EU27+4,WEEE_generatedDedicated,WEEE_Cat3,casingPlasticBased,,,c-p,0.0012890266713843,%,2
OBS,2020,EU27+4,WEEE_generatedDedicated,WEEE_Cat3,casingPlasticBased,otherOrganics,Ag,e-m,1,%,3
OBS,2020,EU27+4,WEEE_generatedDedicated,WEEE_Cat3,casingPlasticBased,otherOrganics,,m-c,0.0912264675585428,%,2
OBS,2020,EU27+4,WEEE_generatedDedicated,WEEE_Cat3,casingPlasticBased,plastics,Ag,e-m,1,%,2
OBS,2020,EU27+4,WEEE_generatedDedicated,WEEE_Cat3,casingPlasticBased,plastics,,m-c,0.172025649822151,%,2
OBS,2020,EU27+4,WEEE_generatedDedicated,WEEE_Cat3,casingPlasticBased,polymerPA6GF30,Ag,e-m,1,%,3
OBS,2020,EU27+4,WEEE_generatedDedicated,WEEE_Cat3,casingPlasticBased,polymerPA6GF30,,m-c,0.158946108568979,%,2
OBS,2020,EU27+4,WEEE_generatedDedicated,WEEE_Cat3,casingPlasticBased,polymerPPGF30,Ag,e-m,1,%,2
OBS,2020,EU27+4,WEEE_generatedDedicated,WEEE_Cat3,casingPlasticBased,polymerPPGF30,,m-c,0.0141576521035196,%,1
OBS,2020,EU27+4,WEEE_generatedDedicated,WEEE_Cat3,casingPlasticBased,polymerPPTF30,Ag,e-m,1,%,2
OBS,2020,EU27+4,WEEE_generatedDedicated,WEEE_Cat3,casingPlasticBased,polymerPPTF30,,m-c,0.0365735203488683,%,2
OBS,2020,EU27+4,WEEE_generatedDedicated,WEEE_Cat3,casingPlasticBased,undefinedAndMixedMaterials,,m-c,0.12480367070038,%,1
OBS,2020,EU27+4,WEEE_generatedDedicated,WEEE_Cat3,casingSteelBased,ferrousMetals,Ag,e-m,0.0590714777676204,%,3
OBS,2020,EU27+4,WEEE_generatedDedicated,WEEE_Cat3,casingSteelBased,ferrousMetals,Cu,e-m,0.066313326220077,%,3
OBS,2020,EU27+4,WEEE_generatedDedicated,WEEE_Cat3,casingSteelBased,ferrousMetals,Ga,e-m,0.0695646740268287,%,1
OBS,2020,EU27+4,WEEE_generatedDedicated,WEEE_Cat3,casingSteelBased,ferrousMetals,Mo,e-m,0.59519242731695,%,3
OBS,2020,EU27+4,WEEE_generatedDedicated,WEEE_Cat3,casingSteelBased,ferrousMetals,O,e-m,0.0597497900865193,%,2
OBS,2020,EU27+4,WEEE_generatedDedicated,WEEE_Cat3,casingSteelBased,ferrousMetals,Sm,e-m,0.150108304582004,%,3
OBS,2020,EU27+4,WEEE_generatedDedicated,WEEE_Cat3,casingSteelBased,ferrousMetals,,m-c,1,%,1
OBS,2020,EU27+4,WEEE_generatedDedicated,WEEE_Cat3,casingSteelBased,,,c-p,0.0089450316580116,%,3
OBS,2020,EU27+4,WEEE_generatedDedicated,WEEE_Cat3,casingUnspecified,AlAndAlAlloys,Ag,e-m,0.128461544230856,%,3
OBS,2020,EU27+4,WEEE_generatedDedicated,WEEE_Cat3,casingUnspecified,AlAndAlAlloys,As,e-m,0.0398984384920255,%,1
OBS,2020,EU27+4,WEEE_generatedDedicated,WEEE_Cat3,casingUnspecified,AlAndAlAlloys,Cu,e-m,0.0011474842623751,%,2
OBS,2020,EU27+4,WEEE_generatedDedicated,WEEE_Cat3,casingUnspecified,AlAndAlAlloys,Ga,e-m,0.227057446642722,%,3
OBS,2020,EU27+4,WEEE_generatedDedicated,WEEE_Cat3,casingUnspecified,AlAndAlAlloys,Mn,e-m,0.325547631473227,%,3
OBS,2020,EU27+4,WEEE_generatedDedicated,WEEE_Cat3,casingUnspecified,AlAndAlAlloys,Mo,e-m,0.120977536944119,%,2
OBS,2020,EU27+4,WEEE_generatedDedicated,WEEE_Cat3,casingUnspecified,AlAndAlAlloys,Sm,e-m,0.156909917954676,%,3
OBS,2020,EU27+4,WEEE_generatedDedicated,WEEE_Cat3,casingUnspecified,AlAndAlAlloys,,m-c,0.25556645987818,%,3
OBS,2020,EU27+4,WEEE_generatedDedicated,WEEE_Cat3,casingUnspecified,CuAndCuAlloys,Ag,e-m,0.59531864183227,%,3
OBS,2020,EU27+4,WEEE_generatedDedicated,WEEE_Cat3,casingUnspecified,CuAndCuAlloys,Dy,e-m,0.304866367306631,%,2
OBS,2020,EU27+4,WEEE_generatedDedicated,WEEE_Cat3,casingUnspecified,CuAndCuAlloys,Zr,e-m,0.0998149908610996,%,3
OBS,2020,EU27+4,WEEE_generatedDedicated,WEEE_Cat3,casingUnspecified,CuAndCuAlloys,,m-c,0.0632937212591329,%,3
OBS,2020,EU27+4,WEEE_generatedDedicated,WEEE_Cat3,casingUnspecified,ferrousMetals,Ag,e-m,0.206052118347839,%,3
OBS,2020,EU27+4,WEEE_generatedDedicated,WEEE_Cat3,casingUnspecified,ferrousMetals,Cu,e-m,0.114825029482545,%,3
OBS,2020,EU27+4,WEEE_generatedDedicated,WEEE_Cat3,casingUnspecified,ferrousMetals,Ga,e-m,0.0319414816852902,%,2
OBS,2020,EU27+4,WEEE_generatedDedicated,WEEE_Cat3,casingUnspecified,ferrousMetals,Mo,e-m,0.101334579689591,%,1
OBS,2020,EU27+4,WEEE_generatedDedicated,WEEE_Cat3,casingUnspecified,ferrousMetals,O,e-m,0.175136215266131,%,3
OBS,2020,EU27+4,WEEE_generatedDedicated,WEEE_Cat3,casingUnspecified,ferrousMetals,Sm,e-m,0.370710575528604,%,1
OBS,2020,EU27+4,WEEE_generatedDedicated,WEEE_Cat3,casingUnspecified,ferrousMetals,,m-c,0.018550384825483,%,1
OBS,2020,EU27+4,WEEE_generatedDedicated,WEEE_Cat3,casingUnspecified,glass,Ag,e-m,0.0558910882253311,%,1
OBS,2020,EU27+4,WEEE_generatedDedicated,WEEE_Cat3,casingUnspecified,glass,Pd,e-m,0.081914902326225,%,2
OBS,2020,EU27+4,WEEE_generatedDedicated,WEEE_Cat3,casingUnspecified,glass,Sc,e-m,0.413163308844423,%,3
OBS,2020,EU27+4,WEEE_generatedDedicated,WEEE_Cat3,casingUnspecified,glass,Zr,e-m,0.449030700604021,%,1
OBS,2020,EU27+4,WEEE_generatedDedicated,WEEE_Cat3,casingUnspecified,glass,,m-c,0.112637422127767,%,3
OBS,2020,EU27+4,WEEE_generatedDedicated,WEEE_Cat3,casingUnspecified,,,c-p,0.0084679365872934,%,1
OBS,2020,EU27+4,WEEE_generatedDedicated,WEEE_Cat3,casingUnspecified,otherMetalsAndMetalAlloys,Ag,e-m,0.0387493810210632,%,2
OBS,2020,EU27+4,WEEE_generatedDedicated,WEEE_Cat3,casingUnspecified,otherMetalsAndMetalAlloys,Al,e-m,0.657932200184116,%,2
OBS,2020,EU27+4,WEEE_generatedDedicated,WEEE_Cat3,casingUnspecified,otherMetalsAndMetalAlloys,Dy,e-m,0.303318418794821,%,1
OBS,2020,EU27+4,WEEE_generatedDedicated,WEEE_Cat3,casingUnspecified,otherMetalsAndMetalAlloys,,m-c,0.0750905650185565,%,1
OBS,2020,EU27+4,WEEE_generatedDedicated,WEEE_Cat3,casingUnspecified,plastics,Ag,e-m,1,%,2
OBS,2020,EU27+4,WEEE_generatedDedicated,WEEE_Cat3,casingUnspecified,plastics,,m-c,0.36808120855033,%,2
OBS,2020,EU27+4,WEEE_generatedDedicated,WEEE_Cat3,casingUnspecified,undefinedAndMixedMaterials,Ag,e-m,1,%,3
OBS,2020,EU27+4,WEEE_generatedDedicated,WEEE_Cat3,casingUnspecified,undefinedAndMixedMaterials,,m-c,0.106780238340551,%,2
OBS,2020,EU27+4,WEEE_generatedDedicated,WEEE_Cat3,coldCathodeLamp,,,c-p,0.0003158950136712,%,3
OBS,2020,EU27+4,WEEE_generatedDedicated,WEEE_Cat3,compContainHazardSubst,,,c-p,0.0108357986742567,%,3
OBS,2020,EU27+4,WEEE_generatedDedicated,WEEE_Cat3,compressor,CuAndCuAlloys,Ag,e-m,0.143984522730352,%,1
OBS,2020,EU27+4,WEEE_generatedDedicated,WEEE_Cat3,compressor,CuAndCuAlloys,As,e-m,0.0574187323102608,%,2
OBS,2020,EU27+4,WEEE_generatedDedicated,WEEE_Cat3,compressor,CuAndCuAlloys,Cu,e-m,0.194787824182954,%,3
OBS,2020,EU27+4,WEEE_generatedDedicated,WEEE_Cat3,compressor,CuAndCuAlloys,Dy,e-m,0.126839731046986,%,2
OBS,2020,EU27+4,WEEE_generatedDedicated,WEEE_Cat3,compressor,CuAndCuAlloys,Ga,e-m,0.017545315282228,%,1
OBS,2020,EU27+4,WEEE_generatedDedicated,WEEE_Cat3,compressor,CuAndCuAlloys,Mn,e-m,0.229356634200723,%,1
OBS,2020,EU27+4,WEEE_generatedDedicated,WEEE_Cat3,compressor,CuAndCuAlloys,Mo,e-m,0.199384708927765,%,1
OBS,2020,EU27+4,WEEE_generatedDedicated,WEEE_Cat3,compressor,CuAndCuAlloys,Sm,e-m,0.0075067311422982,%,2
OBS,2020,EU27+4,WEEE_generatedDedicated,WEEE_Cat3,compressor,CuAndCuAlloys,Zr,e-m,0.0231758001764324,%,1
OBS,2020,EU27+4,WEEE_generatedDedicated,WEEE_Cat3,compressor,CuAndCuAlloys,,m-c,0.0211276125933382,%,1
OBS,2020,EU27+4,WEEE_generatedDedicated,WEEE_Cat3,compressor,glass,Ag,e-m,0.289882119590479,%,1
OBS,2020,EU27+4,WEEE_generatedDedicated,WEEE_Cat3,compressor,glass,Pd,e-m,0.175780121517708,%,3
OBS,2020,EU27+4,WEEE_generatedDedicated,WEEE_Cat3,compressor,glass,Sc,e-m,0.261398961348089,%,3
OBS,2020,EU27+4,WEEE_generatedDedicated,WEEE_Cat3,compressor,glass,Zr,e-m,0.272938797543724,%,3
OBS,2020,EU27+4,WEEE_generatedDedicated,WEEE_Cat3,compressor,glass,,m-c,0.343385165383411,%,2
OBS,2020,EU27+4,WEEE_generatedDedicated,WEEE_Cat3,compressor,,,c-p,8.56065717844747E-05,%,1
OBS,2020,EU27+4,WEEE_generatedDedicated,WEEE_Cat3,compressor,otherFerrousAlloys,Ag,e-m,0.120367062891715,%,2
OBS,2020,EU27+4,WEEE_generatedDedicated,WEEE_Cat3,compressor,otherFerrousAlloys,Ca,e-m,0.109774685864094,%,3
OBS,2020,EU27+4,WEEE_generatedDedicated,WEEE_Cat3,compressor,otherFerrousAlloys,Ga,e-m,0.0218315991448288,%,1
OBS,2020,EU27+4,WEEE_generatedDedicated,WEEE_Cat3,compressor,otherFerrousAlloys,Mo,e-m,0.560860688650725,%,2
OBS,2020,EU27+4,WEEE_generatedDedicated,WEEE_Cat3,compressor,otherFerrousAlloys,Sm,e-m,0.187165963448637,%,3
OBS,2020,EU27+4,WEEE_generatedDedicated,WEEE_Cat3,compressor,otherFerrousAlloys,,m-c,0.141649889764772,%,3
OBS,2020,EU27+4,WEEE_generatedDedicated,WEEE_Cat3,compressor,otherOrUndefinedMaterials,Ag,e-m,1,%,2
OBS,2020,EU27+4,WEEE_generatedDedicated,WEEE_Cat3,compressor,otherOrUndefinedMaterials,,m-c,0.0162947002852733,%,1
OBS,2020,EU27+4,WEEE_generatedDedicated,WEEE_Cat3,compressor,plastics,Ag,e-m,1,%,1
OBS,2020,EU27+4,WEEE_generatedDedicated,WEEE_Cat3,compressor,plastics,,m-c,0.233894679049429,%,2
OBS,2020,EU27+4,WEEE_generatedDedicated,WEEE_Cat3,compressor,steelAndSteelAlloys,Ag,e-m,0.174353529017429,%,3
OBS,2020,EU27+4,WEEE_generatedDedicated,WEEE_Cat3,compressor,steelAndSteelAlloys,Cu,e-m,0.150389552030417,%,3
OBS,2020,EU27+4,WEEE_generatedDedicated,WEEE_Cat3,compressor,steelAndSteelAlloys,Ga,e-m,0.07440207764802,%,1
OBS,2020,EU27+4,WEEE_generatedDedicated,WEEE_Cat3,compressor,steelAndSteelAlloys,Mo,e-m,0.491131180734209,%,2
OBS,2020,EU27+4,WEEE_generatedDedicated,WEEE_Cat3,compressor,steelAndSteelAlloys,O,e-m,0.0469858045930688,%,2
OBS,2020,EU27+4,WEEE_generatedDedicated,WEEE_Cat3,compressor,steelAndSteelAlloys,Sm,e-m,0.0627378559768566,%,1
OBS,2020,EU27+4,WEEE_generatedDedicated,WEEE_Cat3,compressor,steelAndSteelAlloys,,m-c,0.243647952923776,%,2
OBS,2020,EU27+4,WEEE_generatedDedicated,WEEE_Cat3,condensator,,,c-p,0.0134627698580106,%,3
OBS,2020,EU27+4,WEEE_generatedDedicated,WEEE_Cat3,contactor,,,c-p,0.0074540882912764,%,2
OBS,2020,EU27+4,WEEE_generatedDedicated,WEEE_Cat3,displayCRT,AlAndAlAlloys,Ag,e-m,0.2439595417936,%,1
OBS,2020,EU27+4,WEEE_generatedDedicated,WEEE_Cat3,displayCRT,AlAndAlAlloys,As,e-m,0.104084085551888,%,3
OBS,2020,EU27+4,WEEE_generatedDedicated,WEEE_Cat3,displayCRT,AlAndAlAlloys,Cu,e-m,0.114826578713225,%,2
OBS,2020,EU27+4,WEEE_generatedDedicated,WEEE_Cat3,displayCRT,AlAndAlAlloys,Ga,e-m,0.336512873396656,%,1
OBS,2020,EU27+4,WEEE_generatedDedicated,WEEE_Cat3,displayCRT,AlAndAlAlloys,Mn,e-m,0.0275181286981809,%,1
OBS,2020,EU27+4,WEEE_generatedDedicated,WEEE_Cat3,displayCRT,AlAndAlAlloys,Mo,e-m,0.0621096374791309,%,2
OBS,2020,EU27+4,WEEE_generatedDedicated,WEEE_Cat3,displayCRT,AlAndAlAlloys,Sm,e-m,0.110989154367319,%,3
OBS,2020,EU27+4,WEEE_generatedDedicated,WEEE_Cat3,displayCRT,AlAndAlAlloys,,m-c,0.954287382542894,%,3
OBS,2020,EU27+4,WEEE_generatedDedicated,WEEE_Cat3,displayCRT,glass,Ag,e-m,0.0435217434949236,%,1
OBS,2020,EU27+4,WEEE_generatedDedicated,WEEE_Cat3,displayCRT,glass,Pd,e-m,0.420746400060398,%,3
OBS,2020,EU27+4,WEEE_generatedDedicated,WEEE_Cat3,displayCRT,glass,Sc,e-m,0.0992888882549964,%,2
OBS,2020,EU27+4,WEEE_generatedDedicated,WEEE_Cat3,displayCRT,glass,Zr,e-m,0.436442968189682,%,1
OBS,2020,EU27+4,WEEE_generatedDedicated,WEEE_Cat3,displayCRT,glass,,m-c,0.0457126174571059,%,2
OBS,2020,EU27+4,WEEE_generatedDedicated,WEEE_Cat3,displayCRT,,,c-p,0.0071207454569959,%,3
OBS,2020,EU27+4,WEEE_generatedDedicated,WEEE_Cat3,displayLCD,AlAndAlAlloys,Ag,e-m,0.129229098742645,%,2
OBS,2020,EU27+4,WEEE_generatedDedicated,WEEE_Cat3,displayLCD,AlAndAlAlloys,As,e-m,0.413837173019518,%,3
OBS,2020,EU27+4,WEEE_generatedDedicated,WEEE_Cat3,displayLCD,AlAndAlAlloys,Cu,e-m,0.293584046425945,%,3
OBS,2020,EU27+4,WEEE_generatedDedicated,WEEE_Cat3,displayLCD,AlAndAlAlloys,Ga,e-m,0.0155781800536882,%,2
OBS,2020,EU27+4,WEEE_generatedDedicated,WEEE_Cat3,displayLCD,AlAndAlAlloys,Mn,e-m,0.0389796662020742,%,2
OBS,2020,EU27+4,WEEE_generatedDedicated,WEEE_Cat3,displayLCD,AlAndAlAlloys,Mo,e-m,0.0741226561086909,%,1
OBS,2020,EU27+4,WEEE_generatedDedicated,WEEE_Cat3,displayLCD,AlAndAlAlloys,Sm,e-m,0.0346691794474393,%,3
OBS,2020,EU27+4,WEEE_generatedDedicated,WEEE_Cat3,displayLCD,AlAndAlAlloys,,m-c,0.43959747183781,%,3
OBS,2020,EU27+4,WEEE_generatedDedicated,WEEE_Cat3,displayLCD,CuAndCuAlloys,Ag,e-m,0.29947880569147,%,3
OBS,2020,EU27+4,WEEE_generatedDedicated,WEEE_Cat3,displayLCD,CuAndCuAlloys,Dy,e-m,0.420060682378714,%,1
OBS,2020,EU27+4,WEEE_generatedDedicated,WEEE_Cat3,displayLCD,CuAndCuAlloys,Zr,e-m,0.280460511929817,%,3
OBS,2020,EU27+4,WEEE_generatedDedicated,WEEE_Cat3,displayLCD,CuAndCuAlloys,,m-c,0.0300043330744398,%,1
OBS,2020,EU27+4,WEEE_generatedDedicated,WEEE_Cat3,displayLCD,ferrousMetals,Ag,e-m,0.312338594280612,%,2
OBS,2020,EU27+4,WEEE_generatedDedicated,WEEE_Cat3,displayLCD,ferrousMetals,Cu,e-m,0.340182060840208,%,3
OBS,2020,EU27+4,WEEE_generatedDedicated,WEEE_Cat3,displayLCD,ferrousMetals,Ga,e-m,0.0401850860369651,%,3
OBS,2020,EU27+4,WEEE_generatedDedicated,WEEE_Cat3,displayLCD,ferrousMetals,Mo,e-m,0.167073212945199,%,3
OBS,2020,EU27+4,WEEE_generatedDedicated,WEEE_Cat3,displayLCD,ferrousMetals,O,e-m,0.050079369576252,%,1
OBS,2020,EU27+4,WEEE_generatedDedicated,WEEE_Cat3,displayLCD,ferrousMetals,Sm,e-m,0.0901416763207638,%,2
OBS,2020,EU27+4,WEEE_generatedDedicated,WEEE_Cat3,displayLCD,ferrousMetals,,m-c,0.101355864178528,%,1
OBS,2020,EU27+4,WEEE_generatedDedicated,WEEE_Cat3,displayLCD,glass,Ag,e-m,0.126582696623609,%,1
OBS,2020,EU27+4,WEEE_generatedDedicated,WEEE_Cat3,displayLCD,glass,Pd,e-m,0.454175054685876,%,1
OBS,2020,EU27+4,WEEE_generatedDedicated,WEEE_Cat3,displayLCD,glass,Sc,e-m,0.100599394947142,%,1
OBS,2020,EU27+4,WEEE_generatedDedicated,WEEE_Cat3,displayLCD,glass,Zr,e-m,0.318642853743373,%,2
OBS,2020,EU27+4,WEEE_generatedDedicated,WEEE_Cat3,displayLCD,glass,,m-c,0.0131971501933988,%,2
OBS,2020,EU27+4,WEEE_generatedDedicated,WEEE_Cat3,displayLCD,,,c-p,0.0094700473451583,%,3
OBS,2020,EU27+4,WEEE_generatedDedicated,WEEE_Cat3,displayLCD,plastics,Ag,e-m,1,%,1
OBS,2020,EU27+4,WEEE_generatedDedicated,WEEE_Cat3,displayLCD,plastics,,m-c,0.148362441613442,%,2
OBS,2020,EU27+4,WEEE_generatedDedicated,WEEE_Cat3,displayLCD,undefinedAndMixedMaterials,Ag,e-m,1,%,3
OBS,2020,EU27+4,WEEE_generatedDedicated,WEEE_Cat3,displayLCD,undefinedAndMixedMaterials,,m-c,0.267482739102382,%,1
OBS,2020,EU27+4,WEEE_generatedDedicated,WEEE_Cat3,displayLCDunder100cm2,,,c-p,0.0016291670822526,%,1
OBS,2020,EU27+4,WEEE_generatedDedicated,WEEE_Cat3,displayOther,AlAndAlAlloys,Ag,e-m,0.382455534726922,%,2
OBS,2020,EU27+4,WEEE_generatedDedicated,WEEE_Cat3,displayOther,AlAndAlAlloys,As,e-m,0.0691382300775082,%,2
OBS,2020,EU27+4,WEEE_generatedDedicated,WEEE_Cat3,displayOther,AlAndAlAlloys,Cu,e-m,0.153678393425165,%,1
OBS,2020,EU27+4,WEEE_generatedDedicated,WEEE_Cat3,displayOther,AlAndAlAlloys,Ga,e-m,0.0828045885694464,%,2
OBS,2020,EU27+4,WEEE_generatedDedicated,WEEE_Cat3,displayOther,AlAndAlAlloys,Mn,e-m,0.0763557425899685,%,3
OBS,2020,EU27+4,WEEE_generatedDedicated,WEEE_Cat3,displayOther,AlAndAlAlloys,Mo,e-m,0.173082574072412,%,2
OBS,2020,EU27+4,WEEE_generatedDedicated,WEEE_Cat3,displayOther,AlAndAlAlloys,Sm,e-m,0.0624849365385768,%,1
OBS,2020,EU27+4,WEEE_generatedDedicated,WEEE_Cat3,displayOther,AlAndAlAlloys,,m-c,0.0524645027441049,%,2
OBS,2020,EU27+4,WEEE_generatedDedicated,WEEE_Cat3,displayOther,CuAndCuAlloys,Ag,e-m,0.186789099644782,%,2
OBS,2020,EU27+4,WEEE_generatedDedicated,WEEE_Cat3,displayOther,CuAndCuAlloys,Dy,e-m,0.362688734848855,%,2
OBS,2020,EU27+4,WEEE_generatedDedicated,WEEE_Cat3,displayOther,CuAndCuAlloys,Zr,e-m,0.450522165506363,%,3
OBS,2020,EU27+4,WEEE_generatedDedicated,WEEE_Cat3,displayOther,CuAndCuAlloys,,m-c,0.0926648747834504,%,3
OBS,2020,EU27+4,WEEE_generatedDedicated,WEEE_Cat3,displayOther,ferrousMetals,Ag,e-m,0.0964254758948726,%,2
OBS,2020,EU27+4,WEEE_generatedDedicated,WEEE_Cat3,displayOther,ferrousMetals,Cu,e-m,0.12020534982884,%,1
OBS,2020,EU27+4,WEEE_generatedDedicated,WEEE_Cat3,displayOther,ferrousMetals,Ga,e-m,0.189700441518157,%,2
OBS,2020,EU27+4,WEEE_generatedDedicated,WEEE_Cat3,displayOther,ferrousMetals,Mo,e-m,0.371474957076425,%,1
OBS,2020,EU27+4,WEEE_generatedDedicated,WEEE_Cat3,displayOther,ferrousMetals,O,e-m,0.0783884572761584,%,1
OBS,2020,EU27+4,WEEE_generatedDedicated,WEEE_Cat3,displayOther,ferrousMetals,Sm,e-m,0.143805318405546,%,2
OBS,2020,EU27+4,WEEE_generatedDedicated,WEEE_Cat3,displayOther,ferrousMetals,,m-c,0.468309151994138,%,3
OBS,2020,EU27+4,WEEE_generatedDedicated,WEEE_Cat3,displayOther,glass,Ag,e-m,0.0471075425357191,%,1
OBS,2020,EU27+4,WEEE_generatedDedicated,WEEE_Cat3,displayOther,glass,Pd,e-m,0.0476322818748221,%,3
OBS,2020,EU27+4,WEEE_generatedDedicated,WEEE_Cat3,displayOther,glass,Sc,e-m,0.0226331686533197,%,1
OBS,2020,EU27+4,WEEE_generatedDedicated,WEEE_Cat3,displayOther,glass,Zr,e-m,0.882627006936139,%,2
OBS,2020,EU27+4,WEEE_generatedDedicated,WEEE_Cat3,displayOther,glass,,m-c,0.149347296207627,%,3
OBS,2020,EU27+4,WEEE_generatedDedicated,WEEE_Cat3,displayOther,,,c-p,0.0025556054128411,%,1
OBS,2020,EU27+4,WEEE_generatedDedicated,WEEE_Cat3,displayOther,otherMetalsAndMetalAlloys,Ag,e-m,0.705755513605731,%,3
OBS,2020,EU27+4,WEEE_generatedDedicated,WEEE_Cat3,displayOther,otherMetalsAndMetalAlloys,Al,e-m,0.123022241577402,%,3
OBS,2020,EU27+4,WEEE_generatedDedicated,WEEE_Cat3,displayOther,otherMetalsAndMetalAlloys,Dy,e-m,0.171222244816867,%,2
OBS,2020,EU27+4,WEEE_generatedDedicated,WEEE_Cat3,displayOther,otherMetalsAndMetalAlloys,,m-c,0.0784811028424068,%,3
OBS,2020,EU27+4,WEEE_generatedDedicated,WEEE_Cat3,displayOther,plastics,Ag,e-m,1,%,2
OBS,2020,EU27+4,WEEE_generatedDedicated,WEEE_Cat3,displayOther,plastics,,m-c,0.121220285316329,%,3
OBS,2020,EU27+4,WEEE_generatedDedicated,WEEE_Cat3,displayOther,undefinedAndMixedMaterials,Ag,e-m,1,%,2
OBS,2020,EU27+4,WEEE_generatedDedicated,WEEE_Cat3,displayOther,undefinedAndMixedMaterials,,m-c,0.0375127861119445,%,2
OBS,2020,EU27+4,WEEE_generatedDedicated,WEEE_Cat3,displayPlasma,,,c-p,0.0123579255661269,%,1
OBS,2020,EU27+4,WEEE_generatedDedicated,WEEE_Cat3,driveCDDExt,,,c-p,0.0027673903206467,%,2
OBS,2020,EU27+4,WEEE_generatedDedicated,WEEE_Cat3,driveCDDInt,AlAndAlAlloys,Ag,e-m,0.204801648451484,%,1
OBS,2020,EU27+4,WEEE_generatedDedicated,WEEE_Cat3,driveCDDInt,AlAndAlAlloys,As,e-m,0.354245479806395,%,2
OBS,2020,EU27+4,WEEE_generatedDedicated,WEEE_Cat3,driveCDDInt,AlAndAlAlloys,Cu,e-m,0.0886798470946452,%,1
OBS,2020,EU27+4,WEEE_generatedDedicated,WEEE_Cat3,driveCDDInt,AlAndAlAlloys,Ga,e-m,0.0583454789086199,%,3
OBS,2020,EU27+4,WEEE_generatedDedicated,WEEE_Cat3,driveCDDInt,AlAndAlAlloys,Mn,e-m,0.02789481304668,%,1
OBS,2020,EU27+4,WEEE_generatedDedicated,WEEE_Cat3,driveCDDInt,AlAndAlAlloys,Mo,e-m,0.0179018267852537,%,1
OBS,2020,EU27+4,WEEE_generatedDedicated,WEEE_Cat3,driveCDDInt,AlAndAlAlloys,Sm,e-m,0.248130905906922,%,2
OBS,2020,EU27+4,WEEE_generatedDedicated,WEEE_Cat3,driveCDDInt,AlAndAlAlloys,,m-c,0.0470933149997748,%,1
OBS,2020,EU27+4,WEEE_generatedDedicated,WEEE_Cat3,driveCDDInt,CuAndCuAlloys,Ag,e-m,0.257112278615781,%,1
OBS,2020,EU27+4,WEEE_generatedDedicated,WEEE_Cat3,driveCDDInt,CuAndCuAlloys,Dy,e-m,0.0134229560747523,%,3
OBS,2020,EU27+4,WEEE_generatedDedicated,WEEE_Cat3,driveCDDInt,CuAndCuAlloys,Zr,e-m,0.729464765309467,%,1
OBS,2020,EU27+4,WEEE_generatedDedicated,WEEE_Cat3,driveCDDInt,CuAndCuAlloys,,m-c,0.446115928555317,%,3
OBS,2020,EU27+4,WEEE_generatedDedicated,WEEE_Cat3,driveCDDInt,ferrousMetals,Ag,e-m,0.158864446409429,%,2
OBS,2020,EU27+4,WEEE_generatedDedicated,WEEE_Cat3,driveCDDInt,ferrousMetals,Cu,e-m,0.49919882345234,%,3
OBS,2020,EU27+4,WEEE_generatedDedicated,WEEE_Cat3,driveCDDInt,ferrousMetals,Ga,e-m,0.0141109319021451,%,2
OBS,2020,EU27+4,WEEE_generatedDedicated,WEEE_Cat3,driveCDDInt,ferrousMetals,Mo,e-m,0.189266773445701,%,2
OBS,2020,EU27+4,WEEE_generatedDedicated,WEEE_Cat3,driveCDDInt,ferrousMetals,O,e-m,0.0547464122858856,%,2
OBS,2020,EU27+4,WEEE_generatedDedicated,WEEE_Cat3,driveCDDInt,ferrousMetals,Sm,e-m,0.0838126125044992,%,2
OBS,2020,EU27+4,WEEE_generatedDedicated,WEEE_Cat3,driveCDDInt,ferrousMetals,,m-c,0.0306997793873319,%,3
OBS,2020,EU27+4,WEEE_generatedDedicated,WEEE_Cat3,driveCDDInt,,,c-p,0.0452317361346481,%,2
OBS,2020,EU27+4,WEEE_generatedDedicated,WEEE_Cat3,driveCDDInt,otherMetalsAndMetalAlloys,Ag,e-m,0.0473197241616562,%,1
OBS,2020,EU27+4,WEEE_generatedDedicated,WEEE_Cat3,driveCDDInt,otherMetalsAndMetalAlloys,Al,e-m,0.530785982834938,%,2
OBS,2020,EU27+4,WEEE_generatedDedicated,WEEE_Cat3,driveCDDInt,otherMetalsAndMetalAlloys,Dy,e-m,0.421894293003406,%,2
OBS,2020,EU27+4,WEEE_generatedDedicated,WEEE_Cat3,driveCDDInt,otherMetalsAndMetalAlloys,,m-c,0.0629333238017864,%,3
OBS,2020,EU27+4,WEEE_generatedDedicated,WEEE_Cat3,driveCDDInt,plastics,Ag,e-m,1,%,3
OBS,2020,EU27+4,WEEE_generatedDedicated,WEEE_Cat3,driveCDDInt,plastics,,m-c,0.113020891670678,%,2
OBS,2020,EU27+4,WEEE_generatedDedicated,WEEE_Cat3,driveCDDInt,undefinedAndMixedMaterials,Ag,e-m,1,%,3
OBS,2020,EU27+4,WEEE_generatedDedicated,WEEE_Cat3,driveCDDInt,undefinedAndMixedMaterials,,m-c,0.300136761585112,%,1
OBS,2020,EU27+4,WEEE_generatedDedicated,WEEE_Cat3,driveFDD,AlAndAlAlloys,Ag,e-m,0.294843968964233,%,2
OBS,2020,EU27+4,WEEE_generatedDedicated,WEEE_Cat3,driveFDD,AlAndAlAlloys,As,e-m,0.0607791124667601,%,1
OBS,2020,EU27+4,WEEE_generatedDedicated,WEEE_Cat3,driveFDD,AlAndAlAlloys,Cu,e-m,0.0019968403963578,%,2
OBS,2020,EU27+4,WEEE_generatedDedicated,WEEE_Cat3,driveFDD,AlAndAlAlloys,Ga,e-m,0.151045001877907,%,1
OBS,2020,EU27+4,WEEE_generatedDedicated,WEEE_Cat3,driveFDD,AlAndAlAlloys,Mn,e-m,0.208232545951412,%,1
OBS,2020,EU27+4,WEEE_generatedDedicated,WEEE_Cat3,driveFDD,AlAndAlAlloys,Mo,e-m,0.0049304262631223,%,2
OBS,2020,EU27+4,WEEE_generatedDedicated,WEEE_Cat3,driveFDD,AlAndAlAlloys,Sm,e-m,0.278172104080209,%,3
OBS,2020,EU27+4,WEEE_generatedDedicated,WEEE_Cat3,driveFDD,AlAndAlAlloys,,m-c,0.719302427881131,%,3
OBS,2020,EU27+4,WEEE_generatedDedicated,WEEE_Cat3,driveFDD,ferrousMetals,Ag,e-m,0.0725954321732349,%,3
OBS,2020,EU27+4,WEEE_generatedDedicated,WEEE_Cat3,driveFDD,ferrousMetals,Cu,e-m,0.0302189113032065,%,2
OBS,2020,EU27+4,WEEE_generatedDedicated,WEEE_Cat3,driveFDD,ferrousMetals,Ga,e-m,0.0543649496626699,%,2
OBS,2020,EU27+4,WEEE_generatedDedicated,WEEE_Cat3,driveFDD,ferrousMetals,Mo,e-m,0.376300802791101,%,3
OBS,2020,EU27+4,WEEE_generatedDedicated,WEEE_Cat3,driveFDD,ferrousMetals,O,e-m,0.419711939906903,%,2
OBS,2020,EU27+4,WEEE_generatedDedicated,WEEE_Cat3,driveFDD,ferrousMetals,Sm,e-m,0.0468079641628851,%,2
OBS,2020,EU27+4,WEEE_generatedDedicated,WEEE_Cat3,driveFDD,ferrousMetals,,m-c,0.280697572118869,%,1
OBS,2020,EU27+4,WEEE_generatedDedicated,WEEE_Cat3,driveFDD,,,c-p,0.0124299453358889,%,2
OBS,2020,EU27+4,WEEE_generatedDedicated,WEEE_Cat3,driveHDD,AlAndAlAlloys,Ag,e-m,0.21671972773989,%,2
OBS,2020,EU27+4,WEEE_generatedDedicated,WEEE_Cat3,driveHDD,AlAndAlAlloys,As,e-m,0.0482922542298706,%,1
OBS,2020,EU27+4,WEEE_generatedDedicated,WEEE_Cat3,driveHDD,AlAndAlAlloys,Cu,e-m,0.0443492640956926,%,1
OBS,2020,EU27+4,WEEE_generatedDedicated,WEEE_Cat3,driveHDD,AlAndAlAlloys,Ga,e-m,0.0764366734323997,%,1
OBS,2020,EU27+4,WEEE_generatedDedicated,WEEE_Cat3,driveHDD,AlAndAlAlloys,Mn,e-m,0.548808981927836,%,1
OBS,2020,EU27+4,WEEE_generatedDedicated,WEEE_Cat3,driveHDD,AlAndAlAlloys,Mo,e-m,0.0244647696211429,%,1
OBS,2020,EU27+4,WEEE_generatedDedicated,WEEE_Cat3,driveHDD,AlAndAlAlloys,Sm,e-m,0.0409283289531675,%,1
OBS,2020,EU27+4,WEEE_generatedDedicated,WEEE_Cat3,driveHDD,AlAndAlAlloys,,m-c,0.0009205586676361,%,2
OBS,2020,EU27+4,WEEE_generatedDedicated,WEEE_Cat3,driveHDD,CuAndCuAlloys,Ag,e-m,0.506667790657613,%,1
OBS,2020,EU27+4,WEEE_generatedDedicated,WEEE_Cat3,driveHDD,CuAndCuAlloys,Dy,e-m,0.358680510424816,%,3
OBS,2020,EU27+4,WEEE_generatedDedicated,WEEE_Cat3,driveHDD,CuAndCuAlloys,Zr,e-m,0.134651698917571,%,1
OBS,2020,EU27+4,WEEE_generatedDedicated,WEEE_Cat3,driveHDD,CuAndCuAlloys,,m-c,0.228711372517892,%,2
OBS,2020,EU27+4,WEEE_generatedDedicated,WEEE_Cat3,driveHDD,ferrousMetals,Ag,e-m,0.0662289607860644,%,3
OBS,2020,EU27+4,WEEE_generatedDedicated,WEEE_Cat3,driveHDD,ferrousMetals,Cu,e-m,0.242735345241166,%,2
OBS,2020,EU27+4,WEEE_generatedDedicated,WEEE_Cat3,driveHDD,ferrousMetals,Ga,e-m,0.322153552416704,%,1
OBS,2020,EU27+4,WEEE_generatedDedicated,WEEE_Cat3,driveHDD,ferrousMetals,Mo,e-m,0.0798544210650165,%,1
OBS,2020,EU27+4,WEEE_generatedDedicated,WEEE_Cat3,driveHDD,ferrousMetals,O,e-m,0.0227045909549997,%,1
OBS,2020,EU27+4,WEEE_generatedDedicated,WEEE_Cat3,driveHDD,ferrousMetals,Sm,e-m,0.26632312953605,%,2
OBS,2020,EU27+4,WEEE_generatedDedicated,WEEE_Cat3,driveHDD,ferrousMetals,,m-c,0.0073962359165883,%,1
OBS,2020,EU27+4,WEEE_generatedDedicated,WEEE_Cat3,driveHDD,,,c-p,0.029016860090784,%,3
OBS,2020,EU27+4,WEEE_generatedDedicated,WEEE_Cat3,driveHDD,otherMetalsAndMetalAlloys,Ag,e-m,0.746292136536094,%,3
OBS,2020,EU27+4,WEEE_generatedDedicated,WEEE_Cat3,driveHDD,otherMetalsAndMetalAlloys,Al,e-m,0.127427964744732,%,2
OBS,2020,EU27+4,WEEE_generatedDedicated,WEEE_Cat3,driveHDD,otherMetalsAndMetalAlloys,Dy,e-m,0.126279898719174,%,3
OBS,2020,EU27+4,WEEE_generatedDedicated,WEEE_Cat3,driveHDD,otherMetalsAndMetalAlloys,,m-c,0.555836663814577,%,1
OBS,2020,EU27+4,WEEE_generatedDedicated,WEEE_Cat3,driveHDD,plastics,Ag,e-m,1,%,3
OBS,2020,EU27+4,WEEE_generatedDedicated,WEEE_Cat3,driveHDD,plastics,,m-c,0.186814810271709,%,3
OBS,2020,EU27+4,WEEE_generatedDedicated,WEEE_Cat3,driveHDD,undefinedAndMixedMaterials,Ag,e-m,1,%,1
OBS,2020,EU27+4,WEEE_generatedDedicated,WEEE_Cat3,driveHDD,undefinedAndMixedMaterials,,m-c,0.0203203588115976,%,2
OBS,2020,EU27+4,WEEE_generatedDedicated,WEEE_Cat3,driveUnspecified,CuAndCuAlloys,Ag,e-m,0.0467223412866213,%,3
OBS,2020,EU27+4,WEEE_generatedDedicated,WEEE_Cat3,driveUnspecified,CuAndCuAlloys,Dy,e-m,0.7583227571112,%,1
OBS,2020,EU27+4,WEEE_generatedDedicated,WEEE_Cat3,driveUnspecified,CuAndCuAlloys,Zr,e-m,0.194954901602178,%,2
OBS,2020,EU27+4,WEEE_generatedDedicated,WEEE_Cat3,driveUnspecified,CuAndCuAlloys,,m-c,0.190293205237176,%,2
OBS,2020,EU27+4,WEEE_generatedDedicated,WEEE_Cat3,driveUnspecified,ferrousMetals,Ag,e-m,0.0972115726901553,%,3
OBS,2020,EU27+4,WEEE_generatedDedicated,WEEE_Cat3,driveUnspecified,ferrousMetals,Cu,e-m,0.0205708694375587,%,2
OBS,2020,EU27+4,WEEE_generatedDedicated,WEEE_Cat3,driveUnspecified,ferrousMetals,Ga,e-m,0.49341767192801,%,3
OBS,2020,EU27+4,WEEE_generatedDedicated,WEEE_Cat3,driveUnspecified,ferrousMetals,Mo,e-m,0.253271823959673,%,2
OBS,2020,EU27+4,WEEE_generatedDedicated,WEEE_Cat3,driveUnspecified,ferrousMetals,O,e-m,0.058232382106085,%,2
OBS,2020,EU27+4,WEEE_generatedDedicated,WEEE_Cat3,driveUnspecified,ferrousMetals,Sm,e-m,0.0772956798785179,%,3
OBS,2020,EU27+4,WEEE_generatedDedicated,WEEE_Cat3,driveUnspecified,ferrousMetals,,m-c,0.0457549346677546,%,2
OBS,2020,EU27+4,WEEE_generatedDedicated,WEEE_Cat3,driveUnspecified,,,c-p,0.0080426240806294,%,2
OBS,2020,EU27+4,WEEE_generatedDedicated,WEEE_Cat3,driveUnspecified,plastics,Ag,e-m,1,%,3
OBS,2020,EU27+4,WEEE_generatedDedicated,WEEE_Cat3,driveUnspecified,plastics,,m-c,0.502660760625788,%,3
OBS,2020,EU27+4,WEEE_generatedDedicated,WEEE_Cat3,driveUnspecified,undefinedAndMixedMaterials,Ag,e-m,1,%,3
OBS,2020,EU27+4,WEEE_generatedDedicated,WEEE_Cat3,driveUnspecified,undefinedAndMixedMaterials,,m-c,0.261291099469281,%,3
OBS,2020,EU27+4,WEEE_generatedDedicated,WEEE_Cat3,electricEngine,AlAndAlAlloys,Ag,e-m,0.097362331610199,%,2
OBS,2020,EU27+4,WEEE_generatedDedicated,WEEE_Cat3,electricEngine,AlAndAlAlloys,As,e-m,0.107705006239623,%,2
OBS,2020,EU27+4,WEEE_generatedDedicated,WEEE_Cat3,electricEngine,AlAndAlAlloys,Cu,e-m,0.228473935685589,%,2
OBS,2020,EU27+4,WEEE_generatedDedicated,WEEE_Cat3,electricEngine,AlAndAlAlloys,Ga,e-m,0.123520724631612,%,1
OBS,2020,EU27+4,WEEE_generatedDedicated,WEEE_Cat3,electricEngine,AlAndAlAlloys,Mn,e-m,0.118772957826807,%,2
OBS,2020,EU27+4,WEEE_generatedDedicated,WEEE_Cat3,electricEngine,AlAndAlAlloys,Mo,e-m,0.267196661750344,%,3
OBS,2020,EU27+4,WEEE_generatedDedicated,WEEE_Cat3,electricEngine,AlAndAlAlloys,Sm,e-m,0.0569683822558278,%,1
OBS,2020,EU27+4,WEEE_generatedDedicated,WEEE_Cat3,electricEngine,AlAndAlAlloys,,m-c,0.062832215441659,%,1
OBS,2020,EU27+4,WEEE_generatedDedicated,WEEE_Cat3,electricEngine,CuAndCuAlloys,Ag,e-m,0.708923538549111,%,2
OBS,2020,EU27+4,WEEE_generatedDedicated,WEEE_Cat3,electricEngine,CuAndCuAlloys,Dy,e-m,0.0611311166700886,%,2
OBS,2020,EU27+4,WEEE_generatedDedicated,WEEE_Cat3,electricEngine,CuAndCuAlloys,Zr,e-m,0.2299453447808,%,2
OBS,2020,EU27+4,WEEE_generatedDedicated,WEEE_Cat3,electricEngine,CuAndCuAlloys,,m-c,0.0071252841992053,%,2
OBS,2020,EU27+4,WEEE_generatedDedicated,WEEE_Cat3,electricEngine,carbon,Ag,e-m,0.586670433847558,%,1
OBS,2020,EU27+4,WEEE_generatedDedicated,WEEE_Cat3,electricEngine,carbon,Pd,e-m,0.21865082442,%,1
OBS,2020,EU27+4,WEEE_generatedDedicated,WEEE_Cat3,electricEngine,carbon,Sc,e-m,0.0782779197160658,%,2
OBS,2020,EU27+4,WEEE_generatedDedicated,WEEE_Cat3,electricEngine,carbon,Zr,e-m,0.116400822016376,%,3
OBS,2020,EU27+4,WEEE_generatedDedicated,WEEE_Cat3,electricEngine,carbon,,m-c,0.127877310546454,%,1
OBS,2020,EU27+4,WEEE_generatedDedicated,WEEE_Cat3,electricEngine,ferrousMetals,Ag,e-m,0.165863454800355,%,2
OBS,2020,EU27+4,WEEE_generatedDedicated,WEEE_Cat3,electricEngine,ferrousMetals,Ca,e-m,0.0186261056436463,%,2
OBS,2020,EU27+4,WEEE_generatedDedicated,WEEE_Cat3,electricEngine,ferrousMetals,Cu,e-m,0.0590516433139576,%,1
OBS,2020,EU27+4,WEEE_generatedDedicated,WEEE_Cat3,electricEngine,ferrousMetals,Ga,e-m,0.180573385692497,%,2
OBS,2020,EU27+4,WEEE_generatedDedicated,WEEE_Cat3,electricEngine,ferrousMetals,Mo,e-m,0.0309910840804378,%,1
OBS,2020,EU27+4,WEEE_generatedDedicated,WEEE_Cat3,electricEngine,ferrousMetals,O,e-m,0.223958372013815,%,1
OBS,2020,EU27+4,WEEE_generatedDedicated,WEEE_Cat3,electricEngine,ferrousMetals,Sm,e-m,0.320935954455292,%,1
OBS,2020,EU27+4,WEEE_generatedDedicated,WEEE_Cat3,electricEngine,ferrousMetals,,m-c,0.0338437371263002,%,3
OBS,2020,EU27+4,WEEE_generatedDedicated,WEEE_Cat3,electricEngine,,,c-p,0.0096323886024617,%,1
OBS,2020,EU27+4,WEEE_generatedDedicated,WEEE_Cat3,electricEngine,otherOrganics,Ag,e-m,1,%,1
OBS,2020,EU27+4,WEEE_generatedDedicated,WEEE_Cat3,electricEngine,otherOrganics,,m-c,0.60037128553902,%,2
OBS,2020,EU27+4,WEEE_generatedDedicated,WEEE_Cat3,electricEngine,plastics,Ag,e-m,1,%,1
OBS,2020,EU27+4,WEEE_generatedDedicated,WEEE_Cat3,electricEngine,plastics,,m-c,0.167950167147361,%,2
OBS,2020,EU27+4,WEEE_generatedDedicated,WEEE_Cat3,filterFoamBased,,,c-p,0.0018918186089825,%,2
OBS,2020,EU27+4,WEEE_generatedDedicated,WEEE_Cat3,filterFoamBased,plastics,Ag,e-m,1,%,1
OBS,2020,EU27+4,WEEE_generatedDedicated,WEEE_Cat3,filterFoamBased,plastics,,m-c,1,%,3
OBS,2020,EU27+4,WEEE_generatedDedicated,WEEE_Cat3,fuse,,,c-p,0.0098997816950807,%,3
OBS,2020,EU27+4,WEEE_generatedDedicated,WEEE_Cat3,gear,,,c-p,0.001234757203097,%,3
OBS,2020,EU27+4,WEEE_generatedDedicated,WEEE_Cat3,gear,plastics,Ag,e-m,1,%,3
OBS,2020,EU27+4,WEEE_generatedDedicated,WEEE_Cat3,gear,plastics,,m-c,1,%,3
OBS,2020,EU27+4,WEEE_generatedDedicated,WEEE_Cat3,heatingCoolingEEEairCondenser,CuAndCuAlloys,Ag,e-m,0.505882241433646,%,3
OBS,2020,EU27+4,WEEE_generatedDedicated,WEEE_Cat3,heatingCoolingEEEairCondenser,CuAndCuAlloys,Dy,e-m,0.404729844020314,%,1
OBS,2020,EU27+4,WEEE_generatedDedicated,WEEE_Cat3,heatingCoolingEEEairCondenser,CuAndCuAlloys,Zr,e-m,0.0893879145460406,%,3
OBS,2020,EU27+4,WEEE_generatedDedicated,WEEE_Cat3,heatingCoolingEEEairCondenser,CuAndCuAlloys,,m-c,0.0397377081960448,%,3
OBS,2020,EU27+4,WEEE_generatedDedicated,WEEE_Cat3,heatingCoolingEEEairCondenser,,,c-p,0.0080985134370351,%,1
OBS,2020,EU27+4,WEEE_generatedDedicated,WEEE_Cat3,heatingCoolingEEEairCondenser,otherOrUndefinedMaterials,Ag,e-m,1,%,3
OBS,2020,EU27+4,WEEE_generatedDedicated,WEEE_Cat3,heatingCoolingEEEairCondenser,otherOrUndefinedMaterials,,m-c,0.50838701667378,%,3
OBS,2020,EU27+4,WEEE_generatedDedicated,WEEE_Cat3,heatingCoolingEEEairCondenser,plastics,Ag,e-m,1,%,3
OBS,2020,EU27+4,WEEE_generatedDedicated,WEEE_Cat3,heatingCoolingEEEairCondenser,plastics,,m-c,0.256540815694169,%,1
OBS,2020,EU27+4,WEEE_generatedDedicated,WEEE_Cat3,heatingCoolingEEEairCondenser,steelAndSteelAlloys,Ag,e-m,0.0829139897110133,%,2
OBS,2020,EU27+4,WEEE_generatedDedicated,WEEE_Cat3,heatingCoolingEEEairCondenser,steelAndSteelAlloys,Cu,e-m,0.10521887247543,%,3
OBS,2020,EU27+4,WEEE_generatedDedicated,WEEE_Cat3,heatingCoolingEEEairCondenser,steelAndSteelAlloys,Ga,e-m,0.310227465388722,%,2
OBS,2020,EU27+4,WEEE_generatedDedicated,WEEE_Cat3,heatingCoolingEEEairCondenser,steelAndSteelAlloys,Mo,e-m,0.168017118574848,%,3
OBS,2020,EU27+4,WEEE_generatedDedicated,WEEE_Cat3,heatingCoolingEEEairCondenser,steelAndSteelAlloys,O,e-m,0.285169038350188,%,3
OBS,2020,EU27+4,WEEE_generatedDedicated,WEEE_Cat3,heatingCoolingEEEairCondenser,steelAndSteelAlloys,Sm,e-m,0.0484535154997978,%,1
OBS,2020,EU27+4,WEEE_generatedDedicated,WEEE_Cat3,heatingCoolingEEEairCondenser,steelAndSteelAlloys,,m-c,0.195334459436006,%,1
OBS,2020,EU27+4,WEEE_generatedDedicated,WEEE_Cat3,heatingCoolingEEEfan,AlAndAlAlloys,Ag,e-m,0.128301612577728,%,3
OBS,2020,EU27+4,WEEE_generatedDedicated,WEEE_Cat3,heatingCoolingEEEfan,AlAndAlAlloys,As,e-m,0.222908723476297,%,3
OBS,2020,EU27+4,WEEE_generatedDedicated,WEEE_Cat3,heatingCoolingEEEfan,AlAndAlAlloys,Cu,e-m,0.0892490481098717,%,3
OBS,2020,EU27+4,WEEE_generatedDedicated,WEEE_Cat3,heatingCoolingEEEfan,AlAndAlAlloys,Ga,e-m,0.0323645078578489,%,3
OBS,2020,EU27+4,WEEE_generatedDedicated,WEEE_Cat3,heatingCoolingEEEfan,AlAndAlAlloys,Mn,e-m,0.0821166213978194,%,1
OBS,2020,EU27+4,WEEE_generatedDedicated,WEEE_Cat3,heatingCoolingEEEfan,AlAndAlAlloys,Mo,e-m,0.0150590074334459,%,3
OBS,2020,EU27+4,WEEE_generatedDedicated,WEEE_Cat3,heatingCoolingEEEfan,AlAndAlAlloys,Sm,e-m,0.430000479146989,%,3
OBS,2020,EU27+4,WEEE_generatedDedicated,WEEE_Cat3,heatingCoolingEEEfan,AlAndAlAlloys,,m-c,0.196897324976427,%,1
OBS,2020,EU27+4,WEEE_generatedDedicated,WEEE_Cat3,heatingCoolingEEEfan,CuAndCuAlloys,Ag,e-m,0.561800137942529,%,3
OBS,2020,EU27+4,WEEE_generatedDedicated,WEEE_Cat3,heatingCoolingEEEfan,CuAndCuAlloys,Dy,e-m,0.230790730936322,%,3
OBS,2020,EU27+4,WEEE_generatedDedicated,WEEE_Cat3,heatingCoolingEEEfan,CuAndCuAlloys,Zr,e-m,0.207409131121149,%,2
OBS,2020,EU27+4,WEEE_generatedDedicated,WEEE_Cat3,heatingCoolingEEEfan,CuAndCuAlloys,,m-c,0.0010327416269589,%,1
OBS,2020,EU27+4,WEEE_generatedDedicated,WEEE_Cat3,heatingCoolingEEEfan,ferrousMetals,Ag,e-m,0.159753241914259,%,1
OBS,2020,EU27+4,WEEE_generatedDedicated,WEEE_Cat3,heatingCoolingEEEfan,ferrousMetals,Ca,e-m,0.21740341263236,%,2
OBS,2020,EU27+4,WEEE_generatedDedicated,WEEE_Cat3,heatingCoolingEEEfan,ferrousMetals,Cu,e-m,0.015629087099247,%,2
OBS,2020,EU27+4,WEEE_generatedDedicated,WEEE_Cat3,heatingCoolingEEEfan,ferrousMetals,Ga,e-m,0.502204915798916,%,3
OBS,2020,EU27+4,WEEE_generatedDedicated,WEEE_Cat3,heatingCoolingEEEfan,ferrousMetals,Mo,e-m,0.0122665784994668,%,3
OBS,2020,EU27+4,WEEE_generatedDedicated,WEEE_Cat3,heatingCoolingEEEfan,ferrousMetals,O,e-m,0.0512965117725618,%,2
OBS,2020,EU27+4,WEEE_generatedDedicated,WEEE_Cat3,heatingCoolingEEEfan,ferrousMetals,Sm,e-m,0.0414462522831899,%,3
OBS,2020,EU27+4,WEEE_generatedDedicated,WEEE_Cat3,heatingCoolingEEEfan,ferrousMetals,,m-c,0.208306047335792,%,3
OBS,2020,EU27+4,WEEE_generatedDedicated,WEEE_Cat3,heatingCoolingEEEfan,,,c-p,0.0951025640574322,%,1
OBS,2020,EU27+4,WEEE_generatedDedicated,WEEE_Cat3,heatingCoolingEEEfan,otherMetalsAndMetalAlloys,,m-c,0.393063548580498,%,1
OBS,2020,EU27+4,WEEE_generatedDedicated,WEEE_Cat3,heatingCoolingEEEfan,plastics,Ag,e-m,1,%,2
OBS,2020,EU27+4,WEEE_generatedDedicated,WEEE_Cat3,heatingCoolingEEEfan,plastics,,m-c,0.0803230458744654,%,1
OBS,2020,EU27+4,WEEE_generatedDedicated,WEEE_Cat3,heatingCoolingEEEfan,steelAndSteelAlloys,Ag,e-m,0.0857022290023653,%,1
OBS,2020,EU27+4,WEEE_generatedDedicated,WEEE_Cat3,heatingCoolingEEEfan,steelAndSteelAlloys,Cu,e-m,0.277842104685161,%,1
OBS,2020,EU27+4,WEEE_generatedDedicated,WEEE_Cat3,heatingCoolingEEEfan,steelAndSteelAlloys,Ga,e-m,0.0315521525513781,%,1
OBS,2020,EU27+4,WEEE_generatedDedicated,WEEE_Cat3,heatingCoolingEEEfan,steelAndSteelAlloys,Mo,e-m,0.126765164147946,%,3
OBS,2020,EU27+4,WEEE_generatedDedicated,WEEE_Cat3,heatingCoolingEEEfan,steelAndSteelAlloys,O,e-m,0.0894670690562441,%,3
OBS,2020,EU27+4,WEEE_generatedDedicated,WEEE_Cat3,heatingCoolingEEEfan,steelAndSteelAlloys,Sm,e-m,0.388671280556905,%,2
OBS,2020,EU27+4,WEEE_generatedDedicated,WEEE_Cat3,heatingCoolingEEEfan,steelAndSteelAlloys,,m-c,0.0063439226820347,%,2
OBS,2020,EU27+4,WEEE_generatedDedicated,WEEE_Cat3,heatingCoolingEEEfan,undefinedAndMixedMaterials,Ag,e-m,1,%,3
OBS,2020,EU27+4,WEEE_generatedDedicated,WEEE_Cat3,heatingCoolingEEEfan,undefinedAndMixedMaterials,,m-c,0.114033368923824,%,1
OBS,2020,EU27+4,WEEE_generatedDedicated,WEEE_Cat3,heatingCoolingEEEheatSink,AlAndAlAlloys,Ag,e-m,0.0702444514024664,%,2
OBS,2020,EU27+4,WEEE_generatedDedicated,WEEE_Cat3,heatingCoolingEEEheatSink,AlAndAlAlloys,As,e-m,0.187283624815318,%,3
OBS,2020,EU27+4,WEEE_generatedDedicated,WEEE_Cat3,heatingCoolingEEEheatSink,AlAndAlAlloys,Cu,e-m,0.12567229889824,%,1
OBS,2020,EU27+4,WEEE_generatedDedicated,WEEE_Cat3,heatingCoolingEEEheatSink,AlAndAlAlloys,Ga,e-m,0.323851272718592,%,1
OBS,2020,EU27+4,WEEE_generatedDedicated,WEEE_Cat3,heatingCoolingEEEheatSink,AlAndAlAlloys,Mn,e-m,0.145766026468139,%,2
OBS,2020,EU27+4,WEEE_generatedDedicated,WEEE_Cat3,heatingCoolingEEEheatSink,AlAndAlAlloys,Mo,e-m,0.0168631414259408,%,2
OBS,2020,EU27+4,WEEE_generatedDedicated,WEEE_Cat3,heatingCoolingEEEheatSink,AlAndAlAlloys,Sm,e-m,0.130319184271304,%,2
OBS,2020,EU27+4,WEEE_generatedDedicated,WEEE_Cat3,heatingCoolingEEEheatSink,AlAndAlAlloys,,m-c,0.0623937391395963,%,2
OBS,2020,EU27+4,WEEE_generatedDedicated,WEEE_Cat3,heatingCoolingEEEheatSink,CuAndCuAlloys,Ag,e-m,0.511350333844085,%,1
OBS,2020,EU27+4,WEEE_generatedDedicated,WEEE_Cat3,heatingCoolingEEEheatSink,CuAndCuAlloys,Dy,e-m,0.129508447318853,%,3
OBS,2020,EU27+4,WEEE_generatedDedicated,WEEE_Cat3,heatingCoolingEEEheatSink,CuAndCuAlloys,Zr,e-m,0.359141218837062,%,3
OBS,2020,EU27+4,WEEE_generatedDedicated,WEEE_Cat3,heatingCoolingEEEheatSink,CuAndCuAlloys,,m-c,0.462751844282143,%,3
OBS,2020,EU27+4,WEEE_generatedDedicated,WEEE_Cat3,heatingCoolingEEEheatSink,ferrousMetals,Ag,e-m,0.234168085496119,%,3
OBS,2020,EU27+4,WEEE_generatedDedicated,WEEE_Cat3,heatingCoolingEEEheatSink,ferrousMetals,Cu,e-m,0.0849227758145258,%,1
OBS,2020,EU27+4,WEEE_generatedDedicated,WEEE_Cat3,heatingCoolingEEEheatSink,ferrousMetals,Ga,e-m,0.0998962178526555,%,3
OBS,2020,EU27+4,WEEE_generatedDedicated,WEEE_Cat3,heatingCoolingEEEheatSink,ferrousMetals,Mo,e-m,0.0767222193837223,%,3
OBS,2020,EU27+4,WEEE_generatedDedicated,WEEE_Cat3,heatingCoolingEEEheatSink,ferrousMetals,O,e-m,0.332444984834637,%,1
OBS,2020,EU27+4,WEEE_generatedDedicated,WEEE_Cat3,heatingCoolingEEEheatSink,ferrousMetals,Sm,e-m,0.171845716618341,%,2
OBS,2020,EU27+4,WEEE_generatedDedicated,WEEE_Cat3,heatingCoolingEEEheatSink,ferrousMetals,,m-c,0.21437649463525,%,2
OBS,2020,EU27+4,WEEE_generatedDedicated,WEEE_Cat3,heatingCoolingEEEheatSink,,,c-p,0.0010510136698789,%,2
OBS,2020,EU27+4,WEEE_generatedDedicated,WEEE_Cat3,heatingCoolingEEEheatSink,otherMetalsAndMetalAlloys,Ag,e-m,0.19207234681507,%,1
OBS,2020,EU27+4,WEEE_generatedDedicated,WEEE_Cat3,heatingCoolingEEEheatSink,otherMetalsAndMetalAlloys,Al,e-m,0.348714843085164,%,2
OBS,2020,EU27+4,WEEE_generatedDedicated,WEEE_Cat3,heatingCoolingEEEheatSink,otherMetalsAndMetalAlloys,Dy,e-m,0.459212810099766,%,3
OBS,2020,EU27+4,WEEE_generatedDedicated,WEEE_Cat3,heatingCoolingEEEheatSink,otherMetalsAndMetalAlloys,,m-c,0.0079609832622313,%,3
OBS,2020,EU27+4,WEEE_generatedDedicated,WEEE_Cat3,heatingCoolingEEEheatSink,plastics,Ag,e-m,1,%,3
OBS,2020,EU27+4,WEEE_generatedDedicated,WEEE_Cat3,heatingCoolingEEEheatSink,plastics,,m-c,0.12753740262687,%,3
OBS,2020,EU27+4,WEEE_generatedDedicated,WEEE_Cat3,heatingCoolingEEEheatSink,undefinedAndMixedMaterials,Ag,e-m,1,%,2
OBS,2020,EU27+4,WEEE_generatedDedicated,WEEE_Cat3,heatingCoolingEEEheatSink,undefinedAndMixedMaterials,,m-c,0.12497953605391,%,3
OBS,2020,EU27+4,WEEE_generatedDedicated,WEEE_Cat3,inductor,CuAndCuAlloys,Ag,e-m,0.203148473014835,%,2
OBS,2020,EU27+4,WEEE_generatedDedicated,WEEE_Cat3,inductor,CuAndCuAlloys,Dy,e-m,0.338667944194394,%,2
OBS,2020,EU27+4,WEEE_generatedDedicated,WEEE_Cat3,inductor,CuAndCuAlloys,Zr,e-m,0.458183582790771,%,1
OBS,2020,EU27+4,WEEE_generatedDedicated,WEEE_Cat3,inductor,CuAndCuAlloys,,m-c,0.183064857016261,%,3
OBS,2020,EU27+4,WEEE_generatedDedicated,WEEE_Cat3,inductor,ferrousMetals,Ag,e-m,0.456031332668385,%,3
OBS,2020,EU27+4,WEEE_generatedDedicated,WEEE_Cat3,inductor,ferrousMetals,Cu,e-m,0.0631991781279683,%,1
OBS,2020,EU27+4,WEEE_generatedDedicated,WEEE_Cat3,inductor,ferrousMetals,Ga,e-m,0.136788704183525,%,2
OBS,2020,EU27+4,WEEE_generatedDedicated,WEEE_Cat3,inductor,ferrousMetals,Mo,e-m,0.115910960952512,%,1
OBS,2020,EU27+4,WEEE_generatedDedicated,WEEE_Cat3,inductor,ferrousMetals,O,e-m,0.129013136806686,%,1
OBS,2020,EU27+4,WEEE_generatedDedicated,WEEE_Cat3,inductor,ferrousMetals,Sm,e-m,0.0990566872609233,%,3
OBS,2020,EU27+4,WEEE_generatedDedicated,WEEE_Cat3,inductor,ferrousMetals,,m-c,0.0144656649447596,%,3
OBS,2020,EU27+4,WEEE_generatedDedicated,WEEE_Cat3,inductor,,,c-p,0.0094620814760836,%,1
OBS,2020,EU27+4,WEEE_generatedDedicated,WEEE_Cat3,inductor,plastics,Ag,e-m,1,%,2
OBS,2020,EU27+4,WEEE_generatedDedicated,WEEE_Cat3,inductor,plastics,,m-c,0.802469478038979,%,1
OBS,2020,EU27+4,WEEE_generatedDedicated,WEEE_Cat3,insulation,,,c-p,0.0176580981672289,%,2
OBS,2020,EU27+4,WEEE_generatedDedicated,WEEE_Cat3,keyboard,AlAndAlAlloys,Ag,e-m,0.31564308138841,%,3
OBS,2020,EU27+4,WEEE_generatedDedicated,WEEE_Cat3,keyboard,AlAndAlAlloys,As,e-m,0.0222391966560943,%,2
OBS,2020,EU27+4,WEEE_generatedDedicated,WEEE_Cat3,keyboard,AlAndAlAlloys,Cu,e-m,0.136653758493414,%,3
OBS,2020,EU27+4,WEEE_generatedDedicated,WEEE_Cat3,keyboard,AlAndAlAlloys,Ga,e-m,0.158989344335684,%,2
OBS,2020,EU27+4,WEEE_generatedDedicated,WEEE_Cat3,keyboard,AlAndAlAlloys,Mn,e-m,0.0955385747428305,%,1
OBS,2020,EU27+4,WEEE_generatedDedicated,WEEE_Cat3,keyboard,AlAndAlAlloys,Mo,e-m,0.242701202392835,%,2
OBS,2020,EU27+4,WEEE_generatedDedicated,WEEE_Cat3,keyboard,AlAndAlAlloys,Sm,e-m,0.028234841990733,%,1
OBS,2020,EU27+4,WEEE_generatedDedicated,WEEE_Cat3,keyboard,AlAndAlAlloys,,m-c,0.0284535508276467,%,2
OBS,2020,EU27+4,WEEE_generatedDedicated,WEEE_Cat3,keyboard,CuAndCuAlloys,Ag,e-m,0.11801685649277,%,2
OBS,2020,EU27+4,WEEE_generatedDedicated,WEEE_Cat3,keyboard,CuAndCuAlloys,Dy,e-m,0.838171203570349,%,2
OBS,2020,EU27+4,WEEE_generatedDedicated,WEEE_Cat3,keyboard,CuAndCuAlloys,Zr,e-m,0.0438119399368809,%,1
OBS,2020,EU27+4,WEEE_generatedDedicated,WEEE_Cat3,keyboard,CuAndCuAlloys,,m-c,0.112484573151144,%,3
OBS,2020,EU27+4,WEEE_generatedDedicated,WEEE_Cat3,keyboard,ferrousMetals,Ag,e-m,0.293192264268578,%,2
OBS,2020,EU27+4,WEEE_generatedDedicated,WEEE_Cat3,keyboard,ferrousMetals,Cu,e-m,0.040357826784259,%,1
OBS,2020,EU27+4,WEEE_generatedDedicated,WEEE_Cat3,keyboard,ferrousMetals,Ga,e-m,0.144070078917505,%,2
OBS,2020,EU27+4,WEEE_generatedDedicated,WEEE_Cat3,keyboard,ferrousMetals,Mo,e-m,0.211525181257687,%,2
OBS,2020,EU27+4,WEEE_generatedDedicated,WEEE_Cat3,keyboard,ferrousMetals,O,e-m,0.185526492522515,%,3
OBS,2020,EU27+4,WEEE_generatedDedicated,WEEE_Cat3,keyboard,ferrousMetals,Sm,e-m,0.125328156249456,%,2
OBS,2020,EU27+4,WEEE_generatedDedicated,WEEE_Cat3,keyboard,ferrousMetals,,m-c,0.326317734450107,%,1
OBS,2020,EU27+4,WEEE_generatedDedicated,WEEE_Cat3,keyboard,,,c-p,0.0254842745464338,%,1
OBS,2020,EU27+4,WEEE_generatedDedicated,WEEE_Cat3,keyboard,otherMetalsAndMetalAlloys,Ag,e-m,0.822482957279358,%,1
OBS,2020,EU27+4,WEEE_generatedDedicated,WEEE_Cat3,keyboard,otherMetalsAndMetalAlloys,Al,e-m,0.120468784695045,%,1
OBS,2020,EU27+4,WEEE_generatedDedicated,WEEE_Cat3,keyboard,otherMetalsAndMetalAlloys,Dy,e-m,0.0570482580255972,%,2
OBS,2020,EU27+4,WEEE_generatedDedicated,WEEE_Cat3,keyboard,otherMetalsAndMetalAlloys,,m-c,0.288387527450457,%,3
OBS,2020,EU27+4,WEEE_generatedDedicated,WEEE_Cat3,keyboard,plastics,Ag,e-m,1,%,1
OBS,2020,EU27+4,WEEE_generatedDedicated,WEEE_Cat3,keyboard,plastics,,m-c,0.15257271478044,%,1
OBS,2020,EU27+4,WEEE_generatedDedicated,WEEE_Cat3,keyboard,undefinedAndMixedMaterials,Ag,e-m,1,%,1
OBS,2020,EU27+4,WEEE_generatedDedicated,WEEE_Cat3,keyboard,undefinedAndMixedMaterials,,m-c,0.0917838993402055,%,2
OBS,2020,EU27+4,WEEE_generatedDedicated,WEEE_Cat3,knob,AlAndAlAlloys,Ag,e-m,0.056415179368495,%,2
OBS,2020,EU27+4,WEEE_generatedDedicated,WEEE_Cat3,knob,AlAndAlAlloys,As,e-m,0.335358134305598,%,1
OBS,2020,EU27+4,WEEE_generatedDedicated,WEEE_Cat3,knob,AlAndAlAlloys,Cu,e-m,0.397949466316444,%,2
OBS,2020,EU27+4,WEEE_generatedDedicated,WEEE_Cat3,knob,AlAndAlAlloys,Ga,e-m,0.0367766870681534,%,1
OBS,2020,EU27+4,WEEE_generatedDedicated,WEEE_Cat3,knob,AlAndAlAlloys,Mn,e-m,0.0920303708605299,%,3
OBS,2020,EU27+4,WEEE_generatedDedicated,WEEE_Cat3,knob,AlAndAlAlloys,Mo,e-m,0.0186158370505753,%,2
OBS,2020,EU27+4,WEEE_generatedDedicated,WEEE_Cat3,knob,AlAndAlAlloys,Sm,e-m,0.0628543250302039,%,3
OBS,2020,EU27+4,WEEE_generatedDedicated,WEEE_Cat3,knob,AlAndAlAlloys,,m-c,0.353094346178225,%,1
OBS,2020,EU27+4,WEEE_generatedDedicated,WEEE_Cat3,knob,ferrousMetals,Ag,e-m,0.0391049202005186,%,1
OBS,2020,EU27+4,WEEE_generatedDedicated,WEEE_Cat3,knob,ferrousMetals,Ca,e-m,0.145086049692768,%,2
OBS,2020,EU27+4,WEEE_generatedDedicated,WEEE_Cat3,knob,ferrousMetals,Ga,e-m,0.23907463848058,%,1
OBS,2020,EU27+4,WEEE_generatedDedicated,WEEE_Cat3,knob,ferrousMetals,Mo,e-m,0.542522545747584,%,1
OBS,2020,EU27+4,WEEE_generatedDedicated,WEEE_Cat3,knob,ferrousMetals,Sm,e-m,0.0342118458785505,%,1
OBS,2020,EU27+4,WEEE_generatedDedicated,WEEE_Cat3,knob,ferrousMetals,,m-c,0.512819445689434,%,2
OBS,2020,EU27+4,WEEE_generatedDedicated,WEEE_Cat3,knob,,,c-p,0.0047917421654165,%,2
OBS,2020,EU27+4,WEEE_generatedDedicated,WEEE_Cat3,knob,plastics,Ag,e-m,1,%,3
OBS,2020,EU27+4,WEEE_generatedDedicated,WEEE_Cat3,knob,plastics,,m-c,0.13408620813234,%,1
OBS,2020,EU27+4,WEEE_generatedDedicated,WEEE_Cat3,lenseAssembly,AlAndAlAlloys,Ag,e-m,0.155264306189034,%,1
OBS,2020,EU27+4,WEEE_generatedDedicated,WEEE_Cat3,lenseAssembly,AlAndAlAlloys,As,e-m,0.146043856101495,%,1
OBS,2020,EU27+4,WEEE_generatedDedicated,WEEE_Cat3,lenseAssembly,AlAndAlAlloys,Cu,e-m,0.25180318155573,%,3
OBS,2020,EU27+4,WEEE_generatedDedicated,WEEE_Cat3,lenseAssembly,AlAndAlAlloys,Ga,e-m,0.0999418809700434,%,1
OBS,2020,EU27+4,WEEE_generatedDedicated,WEEE_Cat3,lenseAssembly,AlAndAlAlloys,Mn,e-m,0.0719858085450764,%,1
OBS,2020,EU27+4,WEEE_generatedDedicated,WEEE_Cat3,lenseAssembly,AlAndAlAlloys,Mo,e-m,0.0302938725613055,%,2
OBS,2020,EU27+4,WEEE_generatedDedicated,WEEE_Cat3,lenseAssembly,AlAndAlAlloys,Sm,e-m,0.244667094077315,%,2
OBS,2020,EU27+4,WEEE_generatedDedicated,WEEE_Cat3,lenseAssembly,AlAndAlAlloys,,m-c,0.177467825065796,%,1
OBS,2020,EU27+4,WEEE_generatedDedicated,WEEE_Cat3,lenseAssembly,CuAndCuAlloys,Ag,e-m,0.0310454656279135,%,3
OBS,2020,EU27+4,WEEE_generatedDedicated,WEEE_Cat3,lenseAssembly,CuAndCuAlloys,Dy,e-m,0.500283474197656,%,1
OBS,2020,EU27+4,WEEE_generatedDedicated,WEEE_Cat3,lenseAssembly,CuAndCuAlloys,Zr,e-m,0.468671060174431,%,3
OBS,2020,EU27+4,WEEE_generatedDedicated,WEEE_Cat3,lenseAssembly,CuAndCuAlloys,,m-c,0.0651174554856827,%,3
OBS,2020,EU27+4,WEEE_generatedDedicated,WEEE_Cat3,lenseAssembly,ferrousMetals,Ag,e-m,0.214444612301642,%,3
OBS,2020,EU27+4,WEEE_generatedDedicated,WEEE_Cat3,lenseAssembly,ferrousMetals,Cu,e-m,0.535454572494682,%,1
OBS,2020,EU27+4,WEEE_generatedDedicated,WEEE_Cat3,lenseAssembly,ferrousMetals,Ga,e-m,0.0086963907913399,%,3
OBS,2020,EU27+4,WEEE_generatedDedicated,WEEE_Cat3,lenseAssembly,ferrousMetals,Mo,e-m,0.0331931692628769,%,1
OBS,2020,EU27+4,WEEE_generatedDedicated,WEEE_Cat3,lenseAssembly,ferrousMetals,O,e-m,0.153808475339921,%,3
OBS,2020,EU27+4,WEEE_generatedDedicated,WEEE_Cat3,lenseAssembly,ferrousMetals,Sm,e-m,0.0544027798095371,%,2
OBS,2020,EU27+4,WEEE_generatedDedicated,WEEE_Cat3,lenseAssembly,ferrousMetals,,m-c,0.320283813974658,%,2
OBS,2020,EU27+4,WEEE_generatedDedicated,WEEE_Cat3,lenseAssembly,glass,Ag,e-m,0.0022561089988187,%,3
OBS,2020,EU27+4,WEEE_generatedDedicated,WEEE_Cat3,lenseAssembly,glass,Pd,e-m,0.479343465328624,%,2
OBS,2020,EU27+4,WEEE_generatedDedicated,WEEE_Cat3,lenseAssembly,glass,Sc,e-m,0.383883279240243,%,2
OBS,2020,EU27+4,WEEE_generatedDedicated,WEEE_Cat3,lenseAssembly,glass,Zr,e-m,0.134517146432314,%,1
OBS,2020,EU27+4,WEEE_generatedDedicated,WEEE_Cat3,lenseAssembly,glass,,m-c,0.0752956393912918,%,3
OBS,2020,EU27+4,WEEE_generatedDedicated,WEEE_Cat3,lenseAssembly,,,c-p,0.0018014994380253,%,2
OBS,2020,EU27+4,WEEE_generatedDedicated,WEEE_Cat3,lenseAssembly,plastics,Ag,e-m,1,%,1
OBS,2020,EU27+4,WEEE_generatedDedicated,WEEE_Cat3,lenseAssembly,plastics,,m-c,0.178903849085286,%,2
OBS,2020,EU27+4,WEEE_generatedDedicated,WEEE_Cat3,lenseAssembly,undefinedAndMixedMaterials,Ag,e-m,1,%,2
OBS,2020,EU27+4,WEEE_generatedDedicated,WEEE_Cat3,lenseAssembly,undefinedAndMixedMaterials,,m-c,0.182931416997286,%,2
OBS,2020,EU27+4,WEEE_generatedDedicated,WEEE_Cat3,lighting,,,c-p,0.0155111271222146,%,2
OBS,2020,EU27+4,WEEE_generatedDedicated,WEEE_Cat3,lightingFlash,AlAndAlAlloys,Ag,e-m,0.105295478392893,%,2
OBS,2020,EU27+4,WEEE_generatedDedicated,WEEE_Cat3,lightingFlash,AlAndAlAlloys,As,e-m,0.593616100612169,%,1
OBS,2020,EU27+4,WEEE_generatedDedicated,WEEE_Cat3,lightingFlash,AlAndAlAlloys,Cu,e-m,0.043876357347337,%,1
OBS,2020,EU27+4,WEEE_generatedDedicated,WEEE_Cat3,lightingFlash,AlAndAlAlloys,Ga,e-m,0.0154002493120677,%,3
OBS,2020,EU27+4,WEEE_generatedDedicated,WEEE_Cat3,lightingFlash,AlAndAlAlloys,Mn,e-m,0.108825313856045,%,3
OBS,2020,EU27+4,WEEE_generatedDedicated,WEEE_Cat3,lightingFlash,AlAndAlAlloys,Mo,e-m,0.119390200593315,%,1
OBS,2020,EU27+4,WEEE_generatedDedicated,WEEE_Cat3,lightingFlash,AlAndAlAlloys,Sm,e-m,0.0135962998861724,%,1
OBS,2020,EU27+4,WEEE_generatedDedicated,WEEE_Cat3,lightingFlash,AlAndAlAlloys,,m-c,0.350275012835822,%,1
OBS,2020,EU27+4,WEEE_generatedDedicated,WEEE_Cat3,lightingFlash,CuAndCuAlloys,Ag,e-m,0.339693654942909,%,2
OBS,2020,EU27+4,WEEE_generatedDedicated,WEEE_Cat3,lightingFlash,CuAndCuAlloys,Dy,e-m,0.608158514347423,%,2
OBS,2020,EU27+4,WEEE_generatedDedicated,WEEE_Cat3,lightingFlash,CuAndCuAlloys,Zr,e-m,0.0521478307096681,%,3
OBS,2020,EU27+4,WEEE_generatedDedicated,WEEE_Cat3,lightingFlash,CuAndCuAlloys,,m-c,0.0746270195184907,%,3
OBS,2020,EU27+4,WEEE_generatedDedicated,WEEE_Cat3,lightingFlash,ferrousMetals,Ag,e-m,0.319736826448778,%,3
OBS,2020,EU27+4,WEEE_generatedDedicated,WEEE_Cat3,lightingFlash,ferrousMetals,Cu,e-m,0.0192996213129269,%,1
OBS,2020,EU27+4,WEEE_generatedDedicated,WEEE_Cat3,lightingFlash,ferrousMetals,Ga,e-m,0.0815590269947476,%,1
OBS,2020,EU27+4,WEEE_generatedDedicated,WEEE_Cat3,lightingFlash,ferrousMetals,Mo,e-m,0.191674024859412,%,2
OBS,2020,EU27+4,WEEE_generatedDedicated,WEEE_Cat3,lightingFlash,ferrousMetals,O,e-m,0.134100839114573,%,2
OBS,2020,EU27+4,WEEE_generatedDedicated,WEEE_Cat3,lightingFlash,ferrousMetals,Sm,e-m,0.253629661269563,%,3
OBS,2020,EU27+4,WEEE_generatedDedicated,WEEE_Cat3,lightingFlash,ferrousMetals,,m-c,0.0770976977363772,%,2
OBS,2020,EU27+4,WEEE_generatedDedicated,WEEE_Cat3,lightingFlash,glass,Ag,e-m,0.0462360800066077,%,3
OBS,2020,EU27+4,WEEE_generatedDedicated,WEEE_Cat3,lightingFlash,glass,Pd,e-m,0.406226493208044,%,2
OBS,2020,EU27+4,WEEE_generatedDedicated,WEEE_Cat3,lightingFlash,glass,Sc,e-m,0.501947388652238,%,1
OBS,2020,EU27+4,WEEE_generatedDedicated,WEEE_Cat3,lightingFlash,glass,Zr,e-m,0.0455900381331107,%,2
OBS,2020,EU27+4,WEEE_generatedDedicated,WEEE_Cat3,lightingFlash,glass,,m-c,0.0168771800413641,%,3
OBS,2020,EU27+4,WEEE_generatedDedicated,WEEE_Cat3,lightingFlash,,,c-p,0.0003526717171317,%,1
OBS,2020,EU27+4,WEEE_generatedDedicated,WEEE_Cat3,lightingFlash,plastics,Ag,e-m,1,%,3
OBS,2020,EU27+4,WEEE_generatedDedicated,WEEE_Cat3,lightingFlash,plastics,,m-c,0.0692329422158233,%,1
OBS,2020,EU27+4,WEEE_generatedDedicated,WEEE_Cat3,lightingFlash,undefinedAndMixedMaterials,Ag,e-m,1,%,1
OBS,2020,EU27+4,WEEE_generatedDedicated,WEEE_Cat3,lightingFlash,undefinedAndMixedMaterials,,m-c,0.411890147652122,%,2
OBS,2020,EU27+4,WEEE_generatedDedicated,WEEE_Cat3,magnetPermanent,,,c-p,0.0202657527308325,%,1
OBS,2020,EU27+4,WEEE_generatedDedicated,WEEE_Cat3,magnetPermanent,otherOrUndefinedMaterials,Ag,e-m,1,%,3
OBS,2020,EU27+4,WEEE_generatedDedicated,WEEE_Cat3,magnetPermanent,otherOrUndefinedMaterials,,m-c,1,%,3
OBS,2020,EU27+4,WEEE_generatedDedicated,WEEE_Cat3,magnetron,,,c-p,0.0121915472424504,%,1
OBS,2020,EU27+4,WEEE_generatedDedicated,WEEE_Cat3,mainboardInclCPUgpu,AlAndAlAlloys,Ag,e-m,0.216174623536063,%,3
OBS,2020,EU27+4,WEEE_generatedDedicated,WEEE_Cat3,mainboardInclCPUgpu,AlAndAlAlloys,As,e-m,0.0772053889886703,%,3
OBS,2020,EU27+4,WEEE_generatedDedicated,WEEE_Cat3,mainboardInclCPUgpu,AlAndAlAlloys,Cu,e-m,0.380942467196207,%,1
OBS,2020,EU27+4,WEEE_generatedDedicated,WEEE_Cat3,mainboardInclCPUgpu,AlAndAlAlloys,Ga,e-m,0.170104331176445,%,1
OBS,2020,EU27+4,WEEE_generatedDedicated,WEEE_Cat3,mainboardInclCPUgpu,AlAndAlAlloys,Mn,e-m,0.0662243533069117,%,1
OBS,2020,EU27+4,WEEE_generatedDedicated,WEEE_Cat3,mainboardInclCPUgpu,AlAndAlAlloys,Mo,e-m,0.0608416069991804,%,3
OBS,2020,EU27+4,WEEE_generatedDedicated,WEEE_Cat3,mainboardInclCPUgpu,AlAndAlAlloys,Sm,e-m,0.0285072287965217,%,1
OBS,2020,EU27+4,WEEE_generatedDedicated,WEEE_Cat3,mainboardInclCPUgpu,AlAndAlAlloys,,m-c,0.0528929341026717,%,2
OBS,2020,EU27+4,WEEE_generatedDedicated,WEEE_Cat3,mainboardInclCPUgpu,CuAndCuAlloys,Ag,e-m,0.0598209178634254,%,2
OBS,2020,EU27+4,WEEE_generatedDedicated,WEEE_Cat3,mainboardInclCPUgpu,CuAndCuAlloys,Dy,e-m,0.722322036966872,%,3
OBS,2020,EU27+4,WEEE_generatedDedicated,WEEE_Cat3,mainboardInclCPUgpu,CuAndCuAlloys,Zr,e-m,0.217857045169703,%,3
OBS,2020,EU27+4,WEEE_generatedDedicated,WEEE_Cat3,mainboardInclCPUgpu,CuAndCuAlloys,,m-c,0.133462149563729,%,1
OBS,2020,EU27+4,WEEE_generatedDedicated,WEEE_Cat3,mainboardInclCPUgpu,ferrousMetals,Ag,e-m,0.651923333255271,%,3
OBS,2020,EU27+4,WEEE_generatedDedicated,WEEE_Cat3,mainboardInclCPUgpu,ferrousMetals,Cu,e-m,0.0064104286528812,%,1
OBS,2020,EU27+4,WEEE_generatedDedicated,WEEE_Cat3,mainboardInclCPUgpu,ferrousMetals,Ga,e-m,0.0201881358788649,%,1
OBS,2020,EU27+4,WEEE_generatedDedicated,WEEE_Cat3,mainboardInclCPUgpu,ferrousMetals,Mo,e-m,0.0545062909543724,%,1
OBS,2020,EU27+4,WEEE_generatedDedicated,WEEE_Cat3,mainboardInclCPUgpu,ferrousMetals,O,e-m,0.130565180447525,%,2
OBS,2020,EU27+4,WEEE_generatedDedicated,WEEE_Cat3,mainboardInclCPUgpu,ferrousMetals,Sm,e-m,0.136406630811085,%,3
OBS,2020,EU27+4,WEEE_generatedDedicated,WEEE_Cat3,mainboardInclCPUgpu,ferrousMetals,,m-c,0.0004594167518322,%,1
OBS,2020,EU27+4,WEEE_generatedDedicated,WEEE_Cat3,mainboardInclCPUgpu,,,c-p,0.0011907197481211,%,1
OBS,2020,EU27+4,WEEE_generatedDedicated,WEEE_Cat3,mainboardInclCPUgpu,otherMetalsAndMetalAlloys,Ag,e-m,0.0449863701082421,%,2
OBS,2020,EU27+4,WEEE_generatedDedicated,WEEE_Cat3,mainboardInclCPUgpu,otherMetalsAndMetalAlloys,Al,e-m,0.658836280056341,%,3
OBS,2020,EU27+4,WEEE_generatedDedicated,WEEE_Cat3,mainboardInclCPUgpu,otherMetalsAndMetalAlloys,Dy,e-m,0.296177349835417,%,2
OBS,2020,EU27+4,WEEE_generatedDedicated,WEEE_Cat3,mainboardInclCPUgpu,otherMetalsAndMetalAlloys,,m-c,0.166582746901063,%,1
OBS,2020,EU27+4,WEEE_generatedDedicated,WEEE_Cat3,mainboardInclCPUgpu,plastics,Ag,e-m,1,%,3
OBS,2020,EU27+4,WEEE_generatedDedicated,WEEE_Cat3,mainboardInclCPUgpu,plastics,,m-c,0.238797463790696,%,2
OBS,2020,EU27+4,WEEE_generatedDedicated,WEEE_Cat3,mainboardInclCPUgpu,undefinedAndMixedMaterials,Ag,e-m,1,%,3
OBS,2020,EU27+4,WEEE_generatedDedicated,WEEE_Cat3,mainboardInclCPUgpu,undefinedAndMixedMaterials,,m-c,0.407805288890008,%,2
OBS,2020,EU27+4,WEEE_generatedDedicated,WEEE_Cat3,,,,c-p,0.0852023815361909,%,2
OBS,2020,EU27+4,WEEE_generatedDedicated,WEEE_Cat3,non-electricCoil,AlAndAlAlloys,Ag,e-m,0.0954165922955318,%,3
OBS,2020,EU27+4,WEEE_generatedDedicated,WEEE_Cat3,non-electricCoil,AlAndAlAlloys,As,e-m,0.399460187529606,%,2
OBS,2020,EU27+4,WEEE_generatedDedicated,WEEE_Cat3,non-electricCoil,AlAndAlAlloys,Cu,e-m,0.135172087292963,%,2
OBS,2020,EU27+4,WEEE_generatedDedicated,WEEE_Cat3,non-electricCoil,AlAndAlAlloys,Ga,e-m,0.150787304820154,%,1
OBS,2020,EU27+4,WEEE_generatedDedicated,WEEE_Cat3,non-electricCoil,AlAndAlAlloys,Mn,e-m,0.107497354316724,%,3
OBS,2020,EU27+4,WEEE_generatedDedicated,WEEE_Cat3,non-electricCoil,AlAndAlAlloys,Mo,e-m,0.0749162034495454,%,2
OBS,2020,EU27+4,WEEE_generatedDedicated,WEEE_Cat3,non-electricCoil,AlAndAlAlloys,Sm,e-m,0.0367502702954754,%,2
OBS,2020,EU27+4,WEEE_generatedDedicated,WEEE_Cat3,non-electricCoil,AlAndAlAlloys,,m-c,0.258184803777573,%,3
OBS,2020,EU27+4,WEEE_generatedDedicated,WEEE_Cat3,non-electricCoil,ferrousMetals,Ag,e-m,0.758806891744165,%,2
OBS,2020,EU27+4,WEEE_generatedDedicated,WEEE_Cat3,non-electricCoil,ferrousMetals,Ca,e-m,0.175922302518773,%,1
OBS,2020,EU27+4,WEEE_generatedDedicated,WEEE_Cat3,non-electricCoil,ferrousMetals,Ga,e-m,0.0499058516375209,%,2
OBS,2020,EU27+4,WEEE_generatedDedicated,WEEE_Cat3,non-electricCoil,ferrousMetals,Mo,e-m,0.008694372125228,%,1
OBS,2020,EU27+4,WEEE_generatedDedicated,WEEE_Cat3,non-electricCoil,ferrousMetals,Sm,e-m,0.0066705819743126,%,1
OBS,2020,EU27+4,WEEE_generatedDedicated,WEEE_Cat3,non-electricCoil,ferrousMetals,,m-c,0.386882149427901,%,1
OBS,2020,EU27+4,WEEE_generatedDedicated,WEEE_Cat3,non-electricCoil,,,c-p,0.0076424371081142,%,3
OBS,2020,EU27+4,WEEE_generatedDedicated,WEEE_Cat3,non-electricCoil,plastics,Ag,e-m,1,%,2
OBS,2020,EU27+4,WEEE_generatedDedicated,WEEE_Cat3,non-electricCoil,plastics,,m-c,0.354933046794526,%,3
OBS,2020,EU27+4,WEEE_generatedDedicated,WEEE_Cat3,nonElectricCoil,,,c-p,0.0071288841198855,%,3
OBS,2020,EU27+4,WEEE_generatedDedicated,WEEE_Cat3,onOffSwitch,CuAndCuAlloys,Ag,e-m,0.0915573729226101,%,1
OBS,2020,EU27+4,WEEE_generatedDedicated,WEEE_Cat3,onOffSwitch,CuAndCuAlloys,Dy,e-m,0.802143080355286,%,3
OBS,2020,EU27+4,WEEE_generatedDedicated,WEEE_Cat3,onOffSwitch,CuAndCuAlloys,Zr,e-m,0.106299546722104,%,3
OBS,2020,EU27+4,WEEE_generatedDedicated,WEEE_Cat3,onOffSwitch,CuAndCuAlloys,,m-c,0.629849087916064,%,3
OBS,2020,EU27+4,WEEE_generatedDedicated,WEEE_Cat3,onOffSwitch,,,c-p,0.0049260803109488,%,2
OBS,2020,EU27+4,WEEE_generatedDedicated,WEEE_Cat3,onOffSwitch,plastics,Ag,e-m,1,%,2
OBS,2020,EU27+4,WEEE_generatedDedicated,WEEE_Cat3,onOffSwitch,plastics,,m-c,0.370150912083936,%,3
OBS,2020,EU27+4,WEEE_generatedDedicated,WEEE_Cat3,otherElectricCompUnspecified,AlAndAlAlloys,Ag,e-m,0.0175518885508369,%,2
OBS,2020,EU27+4,WEEE_generatedDedicated,WEEE_Cat3,otherElectricCompUnspecified,AlAndAlAlloys,As,e-m,0.119317473970789,%,2
OBS,2020,EU27+4,WEEE_generatedDedicated,WEEE_Cat3,otherElectricCompUnspecified,AlAndAlAlloys,Cu,e-m,0.306050195876423,%,2
OBS,2020,EU27+4,WEEE_generatedDedicated,WEEE_Cat3,otherElectricCompUnspecified,AlAndAlAlloys,Ga,e-m,0.0931432560682106,%,1
OBS,2020,EU27+4,WEEE_generatedDedicated,WEEE_Cat3,otherElectricCompUnspecified,AlAndAlAlloys,Mn,e-m,0.0143777552370352,%,1
OBS,2020,EU27+4,WEEE_generatedDedicated,WEEE_Cat3,otherElectricCompUnspecified,AlAndAlAlloys,Mo,e-m,0.439716191523891,%,3
OBS,2020,EU27+4,WEEE_generatedDedicated,WEEE_Cat3,otherElectricCompUnspecified,AlAndAlAlloys,Sm,e-m,0.0098432387728146,%,1
OBS,2020,EU27+4,WEEE_generatedDedicated,WEEE_Cat3,otherElectricCompUnspecified,AlAndAlAlloys,,m-c,0.170843687919882,%,3
OBS,2020,EU27+4,WEEE_generatedDedicated,WEEE_Cat3,otherElectricCompUnspecified,CuAndCuAlloys,Ag,e-m,0.440565330734257,%,3
OBS,2020,EU27+4,WEEE_generatedDedicated,WEEE_Cat3,otherElectricCompUnspecified,CuAndCuAlloys,Dy,e-m,0.122004701371122,%,1
OBS,2020,EU27+4,WEEE_generatedDedicated,WEEE_Cat3,otherElectricCompUnspecified,CuAndCuAlloys,Zr,e-m,0.437429967894621,%,1
OBS,2020,EU27+4,WEEE_generatedDedicated,WEEE_Cat3,otherElectricCompUnspecified,CuAndCuAlloys,,m-c,0.0122294262004861,%,2
OBS,2020,EU27+4,WEEE_generatedDedicated,WEEE_Cat3,otherElectricCompUnspecified,ferrousMetals,Ag,e-m,0.255718095860817,%,3
OBS,2020,EU27+4,WEEE_generatedDedicated,WEEE_Cat3,otherElectricCompUnspecified,ferrousMetals,Cu,e-m,0.106321328579599,%,3
OBS,2020,EU27+4,WEEE_generatedDedicated,WEEE_Cat3,otherElectricCompUnspecified,ferrousMetals,Ga,e-m,0.0382594276435256,%,3
OBS,2020,EU27+4,WEEE_generatedDedicated,WEEE_Cat3,otherElectricCompUnspecified,ferrousMetals,Mo,e-m,0.0669200961453149,%,1
OBS,2020,EU27+4,WEEE_generatedDedicated,WEEE_Cat3,otherElectricCompUnspecified,ferrousMetals,O,e-m,0.511810770439983,%,3
OBS,2020,EU27+4,WEEE_generatedDedicated,WEEE_Cat3,otherElectricCompUnspecified,ferrousMetals,Sm,e-m,0.02097028133076,%,1
OBS,2020,EU27+4,WEEE_generatedDedicated,WEEE_Cat3,otherElectricCompUnspecified,ferrousMetals,,m-c,0.133071244522969,%,3
OBS,2020,EU27+4,WEEE_generatedDedicated,WEEE_Cat3,otherElectricCompUnspecified,glass,Ag,e-m,0.329472372210689,%,3
OBS,2020,EU27+4,WEEE_generatedDedicated,WEEE_Cat3,otherElectricCompUnspecified,glass,Pd,e-m,0.0772917281318398,%,2
OBS,2020,EU27+4,WEEE_generatedDedicated,WEEE_Cat3,otherElectricCompUnspecified,glass,Sc,e-m,0.210912166605348,%,2
OBS,2020,EU27+4,WEEE_generatedDedicated,WEEE_Cat3,otherElectricCompUnspecified,glass,Zr,e-m,0.382323733052123,%,3
OBS,2020,EU27+4,WEEE_generatedDedicated,WEEE_Cat3,otherElectricCompUnspecified,glass,,m-c,0.186304879416175,%,2
OBS,2020,EU27+4,WEEE_generatedDedicated,WEEE_Cat3,otherElectricCompUnspecified,,,c-p,0.0307202840360811,%,2
OBS,2020,EU27+4,WEEE_generatedDedicated,WEEE_Cat3,otherElectricCompUnspecified,otherMetalsAndMetalAlloys,Ag,e-m,0.652571204722891,%,1
OBS,2020,EU27+4,WEEE_generatedDedicated,WEEE_Cat3,otherElectricCompUnspecified,otherMetalsAndMetalAlloys,Al,e-m,0.34566810386759,%,2
OBS,2020,EU27+4,WEEE_generatedDedicated,WEEE_Cat3,otherElectricCompUnspecified,otherMetalsAndMetalAlloys,Dy,e-m,0.0017606914095182,%,2
OBS,2020,EU27+4,WEEE_generatedDedicated,WEEE_Cat3,otherElectricCompUnspecified,otherMetalsAndMetalAlloys,,m-c,0.128935876024492,%,1
OBS,2020,EU27+4,WEEE_generatedDedicated,WEEE_Cat3,otherElectricCompUnspecified,otherOrUndefinedMaterials,Ag,e-m,1,%,3
OBS,2020,EU27+4,WEEE_generatedDedicated,WEEE_Cat3,otherElectricCompUnspecified,otherOrUndefinedMaterials,,m-c,0.0071702113628623,%,3
OBS,2020,EU27+4,WEEE_generatedDedicated,WEEE_Cat3,otherElectricCompUnspecified,plastics,Ag,e-m,1,%,3
OBS,2020,EU27+4,WEEE_generatedDedicated,WEEE_Cat3,otherElectricCompUnspecified,plastics,,m-c,0.155016624612866,%,3
OBS,2020,EU27+4,WEEE_generatedDedicated,WEEE_Cat3,otherElectricCompUnspecified,undefinedAndMixedMaterials,Ag,e-m,1,%,2
OBS,2020,EU27+4,WEEE_generatedDedicated,WEEE_Cat3,otherElectricCompUnspecified,undefinedAndMixedMaterials,,m-c,0.206428049940269,%,1
OBS,2020,EU27+4,WEEE_generatedDedicated,WEEE_Cat3,otherNonElectricCompUnspecified,AlAndAlAlloys,Ag,e-m,0.26722182972289,%,1
OBS,2020,EU27+4,WEEE_generatedDedicated,WEEE_Cat3,otherNonElectricCompUnspecified,AlAndAlAlloys,As,e-m,0.144097555682219,%,3
OBS,2020,EU27+4,WEEE_generatedDedicated,WEEE_Cat3,otherNonElectricCompUnspecified,AlAndAlAlloys,Cu,e-m,0.108646065775248,%,1
OBS,2020,EU27+4,WEEE_generatedDedicated,WEEE_Cat3,otherNonElectricCompUnspecified,AlAndAlAlloys,Ga,e-m,0.115829931077521,%,2
OBS,2020,EU27+4,WEEE_generatedDedicated,WEEE_Cat3,otherNonElectricCompUnspecified,AlAndAlAlloys,Mn,e-m,0.0815494286576029,%,3
OBS,2020,EU27+4,WEEE_generatedDedicated,WEEE_Cat3,otherNonElectricCompUnspecified,AlAndAlAlloys,Mo,e-m,0.27032460184601,%,2
OBS,2020,EU27+4,WEEE_generatedDedicated,WEEE_Cat3,otherNonElectricCompUnspecified,AlAndAlAlloys,Sm,e-m,0.0123305872385097,%,2
OBS,2020,EU27+4,WEEE_generatedDedicated,WEEE_Cat3,otherNonElectricCompUnspecified,AlAndAlAlloys,,m-c,0.0748793117563764,%,1
OBS,2020,EU27+4,WEEE_generatedDedicated,WEEE_Cat3,otherNonElectricCompUnspecified,CuAndCuAlloys,Ag,e-m,0.121100412160887,%,2
OBS,2020,EU27+4,WEEE_generatedDedicated,WEEE_Cat3,otherNonElectricCompUnspecified,CuAndCuAlloys,As,e-m,0.216641784024349,%,1
OBS,2020,EU27+4,WEEE_generatedDedicated,WEEE_Cat3,otherNonElectricCompUnspecified,CuAndCuAlloys,Cu,e-m,0.0966004617991042,%,3
OBS,2020,EU27+4,WEEE_generatedDedicated,WEEE_Cat3,otherNonElectricCompUnspecified,CuAndCuAlloys,Dy,e-m,0.385885052211475,%,3
OBS,2020,EU27+4,WEEE_generatedDedicated,WEEE_Cat3,otherNonElectricCompUnspecified,CuAndCuAlloys,Ga,e-m,0.0172465898878669,%,3
OBS,2020,EU27+4,WEEE_generatedDedicated,WEEE_Cat3,otherNonElectricCompUnspecified,CuAndCuAlloys,Mn,e-m,0.0213427864913392,%,2
OBS,2020,EU27+4,WEEE_generatedDedicated,WEEE_Cat3,otherNonElectricCompUnspecified,CuAndCuAlloys,Mo,e-m,0.015054443437044,%,1
OBS,2020,EU27+4,WEEE_generatedDedicated,WEEE_Cat3,otherNonElectricCompUnspecified,CuAndCuAlloys,Sm,e-m,0.104231654136811,%,3
OBS,2020,EU27+4,WEEE_generatedDedicated,WEEE_Cat3,otherNonElectricCompUnspecified,CuAndCuAlloys,Zr,e-m,0.0218968158511231,%,1
OBS,2020,EU27+4,WEEE_generatedDedicated,WEEE_Cat3,otherNonElectricCompUnspecified,CuAndCuAlloys,,m-c,0.0737746296244676,%,1
OBS,2020,EU27+4,WEEE_generatedDedicated,WEEE_Cat3,otherNonElectricCompUnspecified,ferrousMetals,Ag,e-m,0.211435798762895,%,1
OBS,2020,EU27+4,WEEE_generatedDedicated,WEEE_Cat3,otherNonElectricCompUnspecified,ferrousMetals,Ca,e-m,0.087701465492854,%,3
OBS,2020,EU27+4,WEEE_generatedDedicated,WEEE_Cat3,otherNonElectricCompUnspecified,ferrousMetals,Cu,e-m,0.233821858534879,%,3
OBS,2020,EU27+4,WEEE_generatedDedicated,WEEE_Cat3,otherNonElectricCompUnspecified,ferrousMetals,Ga,e-m,0.0082065694318681,%,1
OBS,2020,EU27+4,WEEE_generatedDedicated,WEEE_Cat3,otherNonElectricCompUnspecified,ferrousMetals,Mo,e-m,0.0975843620749316,%,3
OBS,2020,EU27+4,WEEE_generatedDedicated,WEEE_Cat3,otherNonElectricCompUnspecified,ferrousMetals,O,e-m,0.258384849515336,%,3
OBS,2020,EU27+4,WEEE_generatedDedicated,WEEE_Cat3,otherNonElectricCompUnspecified,ferrousMetals,Sm,e-m,0.102865096187235,%,1
OBS,2020,EU27+4,WEEE_generatedDedicated,WEEE_Cat3,otherNonElectricCompUnspecified,ferrousMetals,,m-c,0.0250043086407677,%,1
OBS,2020,EU27+4,WEEE_generatedDedicated,WEEE_Cat3,otherNonElectricCompUnspecified,,,c-p,0.0051309841442831,%,1
OBS,2020,EU27+4,WEEE_generatedDedicated,WEEE_Cat3,otherNonElectricCompUnspecified,plastics,Ag,e-m,1,%,1
OBS,2020,EU27+4,WEEE_generatedDedicated,WEEE_Cat3,otherNonElectricCompUnspecified,plastics,,m-c,0.043582879089418,%,1
OBS,2020,EU27+4,WEEE_generatedDedicated,WEEE_Cat3,otherNonElectricCompUnspecified,steelAndSteelAlloys,Ag,e-m,0.218099506427243,%,1
OBS,2020,EU27+4,WEEE_generatedDedicated,WEEE_Cat3,otherNonElectricCompUnspecified,steelAndSteelAlloys,Cu,e-m,0.262651820064521,%,3
OBS,2020,EU27+4,WEEE_generatedDedicated,WEEE_Cat3,otherNonElectricCompUnspecified,steelAndSteelAlloys,Ga,e-m,0.0446987271405391,%,1
OBS,2020,EU27+4,WEEE_generatedDedicated,WEEE_Cat3,otherNonElectricCompUnspecified,steelAndSteelAlloys,Mo,e-m,0.168009645010361,%,2
OBS,2020,EU27+4,WEEE_generatedDedicated,WEEE_Cat3,otherNonElectricCompUnspecified,steelAndSteelAlloys,O,e-m,0.153303187013151,%,1
OBS,2020,EU27+4,WEEE_generatedDedicated,WEEE_Cat3,otherNonElectricCompUnspecified,steelAndSteelAlloys,Sm,e-m,0.153237114344185,%,1
OBS,2020,EU27+4,WEEE_generatedDedicated,WEEE_Cat3,otherNonElectricCompUnspecified,steelAndSteelAlloys,,m-c,0.676226122487952,%,1
OBS,2020,EU27+4,WEEE_generatedDedicated,WEEE_Cat3,otherNonElectricCompUnspecified,undefinedAndMixedMaterials,Ag,e-m,1,%,1
OBS,2020,EU27+4,WEEE_generatedDedicated,WEEE_Cat3,otherNonElectricCompUnspecified,undefinedAndMixedMaterials,,m-c,0.106532748401018,%,1
OBS,2020,EU27+4,WEEE_generatedDedicated,WEEE_Cat3,passiveJunctionBox,CuAndCuAlloys,Ag,e-m,0.0006922711235477,%,2
OBS,2020,EU27+4,WEEE_generatedDedicated,WEEE_Cat3,passiveJunctionBox,CuAndCuAlloys,Dy,e-m,0.164636824562283,%,3
OBS,2020,EU27+4,WEEE_generatedDedicated,WEEE_Cat3,passiveJunctionBox,CuAndCuAlloys,Sr,e-m,0.645487277851934,%,1
OBS,2020,EU27+4,WEEE_generatedDedicated,WEEE_Cat3,passiveJunctionBox,CuAndCuAlloys,Zr,e-m,0.189183626462235,%,3
OBS,2020,EU27+4,WEEE_generatedDedicated,WEEE_Cat3,passiveJunctionBox,CuAndCuAlloys,,m-c,0.500874237490397,%,3
OBS,2020,EU27+4,WEEE_generatedDedicated,WEEE_Cat3,passiveJunctionBox,,,c-p,0.0196268885635747,%,1
OBS,2020,EU27+4,WEEE_generatedDedicated,WEEE_Cat3,passiveJunctionBox,otherOrUndefinedMaterials,Ag,e-m,1,%,1
OBS,2020,EU27+4,WEEE_generatedDedicated,WEEE_Cat3,passiveJunctionBox,otherOrUndefinedMaterials,,m-c,0.300299007578679,%,1
OBS,2020,EU27+4,WEEE_generatedDedicated,WEEE_Cat3,passiveJunctionBox,plastics,Ag,e-m,1,%,1
OBS,2020,EU27+4,WEEE_generatedDedicated,WEEE_Cat3,passiveJunctionBox,plastics,,m-c,0.198826754930924,%,2
OBS,2020,EU27+4,WEEE_generatedDedicated,WEEE_Cat3,pcbWEEECat,,,c-p,0.021610782201222,%,1
OBS,2020,EU27+4,WEEE_generatedDedicated,WEEE_Cat3,pcbWEEECat,plastics,Ag,e-m,1,%,3
OBS,2020,EU27+4,WEEE_generatedDedicated,WEEE_Cat3,pcbWEEECat,plastics,,m-c,1,%,1
OBS,2020,EU27+4,WEEE_generatedDedicated,WEEE_Cat3,plug,,,c-p,0.0220666241784133,%,2
OBS,2020,EU27+4,WEEE_generatedDedicated,WEEE_Cat3,powerSupply,AlAndAlAlloys,Ag,e-m,0.0036763671251914,%,2
OBS,2020,EU27+4,WEEE_generatedDedicated,WEEE_Cat3,powerSupply,AlAndAlAlloys,As,e-m,0.120478228837155,%,2
OBS,2020,EU27+4,WEEE_generatedDedicated,WEEE_Cat3,powerSupply,AlAndAlAlloys,Cu,e-m,0.199654986394145,%,1
OBS,2020,EU27+4,WEEE_generatedDedicated,WEEE_Cat3,powerSupply,AlAndAlAlloys,Ga,e-m,0.173083854550145,%,2
OBS,2020,EU27+4,WEEE_generatedDedicated,WEEE_Cat3,powerSupply,AlAndAlAlloys,Mn,e-m,0.237099135236138,%,2
OBS,2020,EU27+4,WEEE_generatedDedicated,WEEE_Cat3,powerSupply,AlAndAlAlloys,Mo,e-m,0.095334030036411,%,3
OBS,2020,EU27+4,WEEE_generatedDedicated,WEEE_Cat3,powerSupply,AlAndAlAlloys,Sm,e-m,0.170673397820815,%,2
OBS,2020,EU27+4,WEEE_generatedDedicated,WEEE_Cat3,powerSupply,AlAndAlAlloys,,m-c,0.15844721423974,%,1
OBS,2020,EU27+4,WEEE_generatedDedicated,WEEE_Cat3,powerSupply,CuAndCuAlloys,Ag,e-m,0.448284523681804,%,1
OBS,2020,EU27+4,WEEE_generatedDedicated,WEEE_Cat3,powerSupply,CuAndCuAlloys,Dy,e-m,0.363223603000903,%,3
OBS,2020,EU27+4,WEEE_generatedDedicated,WEEE_Cat3,powerSupply,CuAndCuAlloys,Zr,e-m,0.188491873317293,%,1
OBS,2020,EU27+4,WEEE_generatedDedicated,WEEE_Cat3,powerSupply,CuAndCuAlloys,,m-c,0.197058105081128,%,3
OBS,2020,EU27+4,WEEE_generatedDedicated,WEEE_Cat3,powerSupply,ferrousMetals,Ag,e-m,0.039865521287235,%,2
OBS,2020,EU27+4,WEEE_generatedDedicated,WEEE_Cat3,powerSupply,ferrousMetals,Cu,e-m,0.227995255093739,%,2
OBS,2020,EU27+4,WEEE_generatedDedicated,WEEE_Cat3,powerSupply,ferrousMetals,Ga,e-m,0.029054221185045,%,3
OBS,2020,EU27+4,WEEE_generatedDedicated,WEEE_Cat3,powerSupply,ferrousMetals,Mo,e-m,0.170658603791188,%,3
OBS,2020,EU27+4,WEEE_generatedDedicated,WEEE_Cat3,powerSupply,ferrousMetals,O,e-m,0.0943497408340877,%,2
OBS,2020,EU27+4,WEEE_generatedDedicated,WEEE_Cat3,powerSupply,ferrousMetals,Sm,e-m,0.438076657808706,%,2
OBS,2020,EU27+4,WEEE_generatedDedicated,WEEE_Cat3,powerSupply,ferrousMetals,,m-c,0.230259413451094,%,3
OBS,2020,EU27+4,WEEE_generatedDedicated,WEEE_Cat3,powerSupply,,,c-p,0.0123110054622904,%,2
OBS,2020,EU27+4,WEEE_generatedDedicated,WEEE_Cat3,powerSupply,otherMetalsAndMetalAlloys,Ag,e-m,0.0453562190968993,%,1
OBS,2020,EU27+4,WEEE_generatedDedicated,WEEE_Cat3,powerSupply,otherMetalsAndMetalAlloys,Al,e-m,0.141220000890557,%,1
OBS,2020,EU27+4,WEEE_generatedDedicated,WEEE_Cat3,powerSupply,otherMetalsAndMetalAlloys,Dy,e-m,0.813423780012544,%,1
OBS,2020,EU27+4,WEEE_generatedDedicated,WEEE_Cat3,powerSupply,otherMetalsAndMetalAlloys,,m-c,0.1436566284635,%,3
OBS,2020,EU27+4,WEEE_generatedDedicated,WEEE_Cat3,powerSupply,plastics,Ag,e-m,1,%,3
OBS,2020,EU27+4,WEEE_generatedDedicated,WEEE_Cat3,powerSupply,plastics,,m-c,0.219887855808071,%,3
OBS,2020,EU27+4,WEEE_generatedDedicated,WEEE_Cat3,powerSupply,undefinedAndMixedMaterials,Ag,e-m,1,%,1
OBS,2020,EU27+4,WEEE_generatedDedicated,WEEE_Cat3,powerSupply,undefinedAndMixedMaterials,,m-c,0.0506907829564673,%,1
OBS,2020,EU27+4,WEEE_generatedDedicated,WEEE_Cat3,printedCircuitBoard,,,c-p,0.0041420698824238,%,2
OBS,2020,EU27+4,WEEE_generatedDedicated,WEEE_Cat3,pump,ironWroughtAndCast,Ag,e-m,0.0643067064343129,%,1
OBS,2020,EU27+4,WEEE_generatedDedicated,WEEE_Cat3,pump,ironWroughtAndCast,Ca,e-m,0.484288476258634,%,3
OBS,2020,EU27+4,WEEE_generatedDedicated,WEEE_Cat3,pump,ironWroughtAndCast,Ga,e-m,0.0205545016451689,%,1
OBS,2020,EU27+4,WEEE_generatedDedicated,WEEE_Cat3,pump,ironWroughtAndCast,Mo,e-m,0.425616774493015,%,3
OBS,2020,EU27+4,WEEE_generatedDedicated,WEEE_Cat3,pump,ironWroughtAndCast,Sm,e-m,0.0052335411688696,%,3
OBS,2020,EU27+4,WEEE_generatedDedicated,WEEE_Cat3,pump,ironWroughtAndCast,,m-c,0.890554161792455,%,3
OBS,2020,EU27+4,WEEE_generatedDedicated,WEEE_Cat3,pump,,,c-p,0.0090239701200031,%,3
OBS,2020,EU27+4,WEEE_generatedDedicated,WEEE_Cat3,pump,steelAndSteelAlloys,Ag,e-m,0.0598925903887704,%,1
OBS,2020,EU27+4,WEEE_generatedDedicated,WEEE_Cat3,pump,steelAndSteelAlloys,Cu,e-m,0.57041389858277,%,2
OBS,2020,EU27+4,WEEE_generatedDedicated,WEEE_Cat3,pump,steelAndSteelAlloys,Ga,e-m,0.0244538969585262,%,2
OBS,2020,EU27+4,WEEE_generatedDedicated,WEEE_Cat3,pump,steelAndSteelAlloys,Mo,e-m,0.0393633338231689,%,3
OBS,2020,EU27+4,WEEE_generatedDedicated,WEEE_Cat3,pump,steelAndSteelAlloys,O,e-m,0.109017050625767,%,3
OBS,2020,EU27+4,WEEE_generatedDedicated,WEEE_Cat3,pump,steelAndSteelAlloys,Sm,e-m,0.196859229620997,%,3
OBS,2020,EU27+4,WEEE_generatedDedicated,WEEE_Cat3,pump,steelAndSteelAlloys,,m-c,0.109445838207545,%,2
OBS,2020,EU27+4,WEEE_generatedDedicated,WEEE_Cat3,refrigerant,,,c-p,0.0285261782875908,%,2
OBS,2020,EU27+4,WEEE_generatedDedicated,WEEE_Cat3,refrigerant,otherOrUndefinedMaterials,Ag,e-m,1,%,1
OBS,2020,EU27+4,WEEE_generatedDedicated,WEEE_Cat3,refrigerant,otherOrUndefinedMaterials,,m-c,1,%,3
OBS,2020,EU27+4,WEEE_generatedDedicated,WEEE_Cat3,remoteControl,AlAndAlAlloys,Ag,e-m,0.0064910335803637,%,3
OBS,2020,EU27+4,WEEE_generatedDedicated,WEEE_Cat3,remoteControl,AlAndAlAlloys,As,e-m,0.0835251120063659,%,2
OBS,2020,EU27+4,WEEE_generatedDedicated,WEEE_Cat3,remoteControl,AlAndAlAlloys,Cu,e-m,0.225958251239293,%,3
OBS,2020,EU27+4,WEEE_generatedDedicated,WEEE_Cat3,remoteControl,AlAndAlAlloys,Ga,e-m,0.0567423304423025,%,3
OBS,2020,EU27+4,WEEE_generatedDedicated,WEEE_Cat3,remoteControl,AlAndAlAlloys,Mn,e-m,0.185488651272483,%,3
OBS,2020,EU27+4,WEEE_generatedDedicated,WEEE_Cat3,remoteControl,AlAndAlAlloys,Mo,e-m,0.203832306346169,%,3
OBS,2020,EU27+4,WEEE_generatedDedicated,WEEE_Cat3,remoteControl,AlAndAlAlloys,Sm,e-m,0.237962315113023,%,2
OBS,2020,EU27+4,WEEE_generatedDedicated,WEEE_Cat3,remoteControl,AlAndAlAlloys,,m-c,0.0270773886978498,%,3
OBS,2020,EU27+4,WEEE_generatedDedicated,WEEE_Cat3,remoteControl,CuAndCuAlloys,Ag,e-m,0.251490368691188,%,3
OBS,2020,EU27+4,WEEE_generatedDedicated,WEEE_Cat3,remoteControl,CuAndCuAlloys,Dy,e-m,0.461233880777056,%,3
OBS,2020,EU27+4,WEEE_generatedDedicated,WEEE_Cat3,remoteControl,CuAndCuAlloys,Zr,e-m,0.287275750531756,%,3
OBS,2020,EU27+4,WEEE_generatedDedicated,WEEE_Cat3,remoteControl,CuAndCuAlloys,,m-c,0.0318196028869289,%,1
OBS,2020,EU27+4,WEEE_generatedDedicated,WEEE_Cat3,remoteControl,ferrousMetals,Ag,e-m,0.13775651999609,%,1
OBS,2020,EU27+4,WEEE_generatedDedicated,WEEE_Cat3,remoteControl,ferrousMetals,Cu,e-m,0.203506479484688,%,2
OBS,2020,EU27+4,WEEE_generatedDedicated,WEEE_Cat3,remoteControl,ferrousMetals,Ga,e-m,0.0342021352389783,%,1
OBS,2020,EU27+4,WEEE_generatedDedicated,WEEE_Cat3,remoteControl,ferrousMetals,Mo,e-m,0.320708364240253,%,2
OBS,2020,EU27+4,WEEE_generatedDedicated,WEEE_Cat3,remoteControl,ferrousMetals,O,e-m,0.267486553655941,%,1
OBS,2020,EU27+4,WEEE_generatedDedicated,WEEE_Cat3,remoteControl,ferrousMetals,Sm,e-m,0.0363399473840499,%,1
OBS,2020,EU27+4,WEEE_generatedDedicated,WEEE_Cat3,remoteControl,ferrousMetals,,m-c,0.107931849808015,%,3
OBS,2020,EU27+4,WEEE_generatedDedicated,WEEE_Cat3,remoteControl,,,c-p,0.0048529067054539,%,2
OBS,2020,EU27+4,WEEE_generatedDedicated,WEEE_Cat3,remoteControl,otherOrUndefinedMaterials,Ag,e-m,1,%,1
OBS,2020,EU27+4,WEEE_generatedDedicated,WEEE_Cat3,remoteControl,otherOrUndefinedMaterials,,m-c,0.0076531419876525,%,3
OBS,2020,EU27+4,WEEE_generatedDedicated,WEEE_Cat3,remoteControl,plastics,Ag,e-m,1,%,2
OBS,2020,EU27+4,WEEE_generatedDedicated,WEEE_Cat3,remoteControl,plastics,,m-c,0.428242919192414,%,2
OBS,2020,EU27+4,WEEE_generatedDedicated,WEEE_Cat3,remoteControl,undefinedAndMixedMaterials,Ag,e-m,1,%,3
OBS,2020,EU27+4,WEEE_generatedDedicated,WEEE_Cat3,remoteControl,undefinedAndMixedMaterials,,m-c,0.39727509742714,%,3
OBS,2020,EU27+4,WEEE_generatedDedicated,WEEE_Cat3,resistor,,,c-p,0.0067149299453434,%,3
OBS,2020,EU27+4,WEEE_generatedDedicated,WEEE_Cat3,rotor,ferrousMetals,Ag,e-m,0.173405994096754,%,3
OBS,2020,EU27+4,WEEE_generatedDedicated,WEEE_Cat3,rotor,ferrousMetals,Cu,e-m,0.326777742709965,%,2
OBS,2020,EU27+4,WEEE_generatedDedicated,WEEE_Cat3,rotor,ferrousMetals,Ga,e-m,0.162728301906108,%,1
OBS,2020,EU27+4,WEEE_generatedDedicated,WEEE_Cat3,rotor,ferrousMetals,Mo,e-m,0.0262188657899268,%,2
OBS,2020,EU27+4,WEEE_generatedDedicated,WEEE_Cat3,rotor,ferrousMetals,O,e-m,0.0929104181947984,%,3
OBS,2020,EU27+4,WEEE_generatedDedicated,WEEE_Cat3,rotor,ferrousMetals,Sm,e-m,0.217958677302448,%,3
OBS,2020,EU27+4,WEEE_generatedDedicated,WEEE_Cat3,rotor,ferrousMetals,,m-c,0.331705918355684,%,3
OBS,2020,EU27+4,WEEE_generatedDedicated,WEEE_Cat3,rotor,,,c-p,0.0313085357887042,%,2
OBS,2020,EU27+4,WEEE_generatedDedicated,WEEE_Cat3,rotor,plastics,Ag,e-m,1,%,3
OBS,2020,EU27+4,WEEE_generatedDedicated,WEEE_Cat3,rotor,plastics,,m-c,0.668294081644316,%,1
OBS,2020,EU27+4,WEEE_generatedDedicated,WEEE_Cat3,screw,CuAndCuAlloys,Ag,e-m,0.691866138312136,%,3
OBS,2020,EU27+4,WEEE_generatedDedicated,WEEE_Cat3,screw,CuAndCuAlloys,Dy,e-m,0.210456505990982,%,3
OBS,2020,EU27+4,WEEE_generatedDedicated,WEEE_Cat3,screw,CuAndCuAlloys,Zr,e-m,0.0976773556968826,%,3
OBS,2020,EU27+4,WEEE_generatedDedicated,WEEE_Cat3,screw,CuAndCuAlloys,,m-c,0.116914884374829,%,1
OBS,2020,EU27+4,WEEE_generatedDedicated,WEEE_Cat3,screw,ferrousMetals,Ag,e-m,0.333586219996984,%,3
OBS,2020,EU27+4,WEEE_generatedDedicated,WEEE_Cat3,screw,ferrousMetals,Ca,e-m,0.151687631644905,%,1
OBS,2020,EU27+4,WEEE_generatedDedicated,WEEE_Cat3,screw,ferrousMetals,Ga,e-m,0.122590827473985,%,1
OBS,2020,EU27+4,WEEE_generatedDedicated,WEEE_Cat3,screw,ferrousMetals,Mo,e-m,0.357584151675617,%,2
OBS,2020,EU27+4,WEEE_generatedDedicated,WEEE_Cat3,screw,ferrousMetals,Sm,e-m,0.0345511692085098,%,1
OBS,2020,EU27+4,WEEE_generatedDedicated,WEEE_Cat3,screw,ferrousMetals,,m-c,0.883085115625172,%,3
OBS,2020,EU27+4,WEEE_generatedDedicated,WEEE_Cat3,screw,,,c-p,0.0051234941284289,%,1
OBS,2020,EU27+4,WEEE_generatedDedicated,WEEE_Cat3,sensorUnspecified,ferrousMetals,,m-c,0.721394507178116,%,3
OBS,2020,EU27+4,WEEE_generatedDedicated,WEEE_Cat3,sensorUnspecified,,,c-p,0.0078446717485554,%,1
OBS,2020,EU27+4,WEEE_generatedDedicated,WEEE_Cat3,sensorUnspecified,plastics,,m-c,0.278605492821884,%,2
OBS,2020,EU27+4,WEEE_generatedDedicated,WEEE_Cat3,shadowComponentWEEE,CuAndCuAlloys,Ag,e-m,0.154220804045867,%,3
OBS,2020,EU27+4,WEEE_generatedDedicated,WEEE_Cat3,shadowComponentWEEE,CuAndCuAlloys,As,e-m,0.0365865452179905,%,1
OBS,2020,EU27+4,WEEE_generatedDedicated,WEEE_Cat3,shadowComponentWEEE,CuAndCuAlloys,Cu,e-m,0.230822814582517,%,1
OBS,2020,EU27+4,WEEE_generatedDedicated,WEEE_Cat3,shadowComponentWEEE,CuAndCuAlloys,Dy,e-m,0.0334196591806783,%,3
OBS,2020,EU27+4,WEEE_generatedDedicated,WEEE_Cat3,shadowComponentWEEE,CuAndCuAlloys,Ga,e-m,0.0276118180595484,%,2
OBS,2020,EU27+4,WEEE_generatedDedicated,WEEE_Cat3,shadowComponentWEEE,CuAndCuAlloys,Mn,e-m,0.215064991449756,%,3
OBS,2020,EU27+4,WEEE_generatedDedicated,WEEE_Cat3,shadowComponentWEEE,CuAndCuAlloys,Mo,e-m,0.115790999891611,%,1
OBS,2020,EU27+4,WEEE_generatedDedicated,WEEE_Cat3,shadowComponentWEEE,CuAndCuAlloys,Sm,e-m,0.0765868222767745,%,2
OBS,2020,EU27+4,WEEE_generatedDedicated,WEEE_Cat3,shadowComponentWEEE,CuAndCuAlloys,Sr,e-m,0.0014662276511039,%,1
OBS,2020,EU27+4,WEEE_generatedDedicated,WEEE_Cat3,shadowComponentWEEE,CuAndCuAlloys,Zr,e-m,0.108429317644153,%,1
OBS,2020,EU27+4,WEEE_generatedDedicated,WEEE_Cat3,shadowComponentWEEE,CuAndCuAlloys,,m-c,0.0565169811298724,%,1
OBS,2020,EU27+4,WEEE_generatedDedicated,WEEE_Cat3,shadowComponentWEEE,bitumen,Ag,e-m,1,%,2
OBS,2020,EU27+4,WEEE_generatedDedicated,WEEE_Cat3,shadowComponentWEEE,bitumen,,m-c,0.0022343123449337,%,2
OBS,2020,EU27+4,WEEE_generatedDedicated,WEEE_Cat3,shadowComponentWEEE,ceramicComposites,Ag,e-m,1,%,1
OBS,2020,EU27+4,WEEE_generatedDedicated,WEEE_Cat3,shadowComponentWEEE,ceramicComposites,,m-c,0.0077719294102589,%,2
OBS,2020,EU27+4,WEEE_generatedDedicated,WEEE_Cat3,shadowComponentWEEE,concrete,Ag,e-m,1,%,1
OBS,2020,EU27+4,WEEE_generatedDedicated,WEEE_Cat3,shadowComponentWEEE,concrete,,m-c,0.0658424638966002,%,3
OBS,2020,EU27+4,WEEE_generatedDedicated,WEEE_Cat3,shadowComponentWEEE,glass,Ag,e-m,0.26631324976411,%,2
OBS,2020,EU27+4,WEEE_generatedDedicated,WEEE_Cat3,shadowComponentWEEE,glass,Pd,e-m,0.23945457886912,%,1
OBS,2020,EU27+4,WEEE_generatedDedicated,WEEE_Cat3,shadowComponentWEEE,glass,Sc,e-m,0.0705191053761167,%,2
OBS,2020,EU27+4,WEEE_generatedDedicated,WEEE_Cat3,shadowComponentWEEE,glass,Zr,e-m,0.423713065990653,%,1
OBS,2020,EU27+4,WEEE_generatedDedicated,WEEE_Cat3,shadowComponentWEEE,glass,,m-c,0.028902414500114,%,2
OBS,2020,EU27+4,WEEE_generatedDedicated,WEEE_Cat3,shadowComponentWEEE,ironWroughtAndCast,Ag,e-m,0.0644186223548488,%,2
OBS,2020,EU27+4,WEEE_generatedDedicated,WEEE_Cat3,shadowComponentWEEE,ironWroughtAndCast,Ca,e-m,0.477382358151923,%,2
OBS,2020,EU27+4,WEEE_generatedDedicated,WEEE_Cat3,shadowComponentWEEE,ironWroughtAndCast,Ga,e-m,0.0389407291716081,%,3
OBS,2020,EU27+4,WEEE_generatedDedicated,WEEE_Cat3,shadowComponentWEEE,ironWroughtAndCast,Mo,e-m,0.320948376502072,%,3
OBS,2020,EU27+4,WEEE_generatedDedicated,WEEE_Cat3,shadowComponentWEEE,ironWroughtAndCast,Sm,e-m,0.0983099138195476,%,2
OBS,2020,EU27+4,WEEE_generatedDedicated,WEEE_Cat3,shadowComponentWEEE,ironWroughtAndCast,,m-c,0.0825817868632345,%,2
OBS,2020,EU27+4,WEEE_generatedDedicated,WEEE_Cat3,shadowComponentWEEE,,,c-p,0.0019116868883417,%,3
OBS,2020,EU27+4,WEEE_generatedDedicated,WEEE_Cat3,shadowComponentWEEE,oil4,Ag,e-m,1,%,2
OBS,2020,EU27+4,WEEE_generatedDedicated,WEEE_Cat3,shadowComponentWEEE,oil4,,m-c,0.0385644892170694,%,2
OBS,2020,EU27+4,WEEE_generatedDedicated,WEEE_Cat3,shadowComponentWEEE,otherMetalsAndMetalAlloys,Ag,e-m,0.041976259729209,%,3
OBS,2020,EU27+4,WEEE_generatedDedicated,WEEE_Cat3,shadowComponentWEEE,otherMetalsAndMetalAlloys,Al,e-m,0.0276478867593684,%,2
OBS,2020,EU27+4,WEEE_generatedDedicated,WEEE_Cat3,shadowComponentWEEE,otherMetalsAndMetalAlloys,As,e-m,0.0247447441998274,%,1
OBS,2020,EU27+4,WEEE_generatedDedicated,WEEE_Cat3,shadowComponentWEEE,otherMetalsAndMetalAlloys,Bi,e-m,0.11793608281675,%,2
OBS,2020,EU27+4,WEEE_generatedDedicated,WEEE_Cat3,shadowComponentWEEE,otherMetalsAndMetalAlloys,Ca,e-m,0.299049484661236,%,3
OBS,2020,EU27+4,WEEE_generatedDedicated,WEEE_Cat3,shadowComponentWEEE,otherMetalsAndMetalAlloys,Cl,e-m,0.0117990407085562,%,1
OBS,2020,EU27+4,WEEE_generatedDedicated,WEEE_Cat3,shadowComponentWEEE,otherMetalsAndMetalAlloys,Dy,e-m,0.0732774163260835,%,3
OBS,2020,EU27+4,WEEE_generatedDedicated,WEEE_Cat3,shadowComponentWEEE,otherMetalsAndMetalAlloys,Ga,e-m,0.0120789817714791,%,1
OBS,2020,EU27+4,WEEE_generatedDedicated,WEEE_Cat3,shadowComponentWEEE,otherMetalsAndMetalAlloys,Mn,e-m,0.0434326892709574,%,1
OBS,2020,EU27+4,WEEE_generatedDedicated,WEEE_Cat3,shadowComponentWEEE,otherMetalsAndMetalAlloys,Mo,e-m,0.0010068261420593,%,2
OBS,2020,EU27+4,WEEE_generatedDedicated,WEEE_Cat3,shadowComponentWEEE,otherMetalsAndMetalAlloys,O,e-m,0.149470154422966,%,2
OBS,2020,EU27+4,WEEE_generatedDedicated,WEEE_Cat3,shadowComponentWEEE,otherMetalsAndMetalAlloys,Sm,e-m,0.0923392732954523,%,1
OBS,2020,EU27+4,WEEE_generatedDedicated,WEEE_Cat3,shadowComponentWEEE,otherMetalsAndMetalAlloys,Zr,e-m,0.105241159896056,%,3
OBS,2020,EU27+4,WEEE_generatedDedicated,WEEE_Cat3,shadowComponentWEEE,otherMetalsAndMetalAlloys,,m-c,0.175006155413227,%,3
OBS,2020,EU27+4,WEEE_generatedDedicated,WEEE_Cat3,shadowComponentWEEE,otherOrUndefinedMaterials,Ag,e-m,1,%,1
OBS,2020,EU27+4,WEEE_generatedDedicated,WEEE_Cat3,shadowComponentWEEE,otherOrUndefinedMaterials,,m-c,0.0629770112536935,%,2
OBS,2020,EU27+4,WEEE_generatedDedicated,WEEE_Cat3,shadowComponentWEEE,otherOrganics,Ag,e-m,1,%,1
OBS,2020,EU27+4,WEEE_generatedDedicated,WEEE_Cat3,shadowComponentWEEE,otherOrganics,,m-c,0.0070528552797353,%,1
OBS,2020,EU27+4,WEEE_generatedDedicated,WEEE_Cat3,shadowComponentWEEE,plasticComposites,Ag,e-m,1,%,2
OBS,2020,EU27+4,WEEE_generatedDedicated,WEEE_Cat3,shadowComponentWEEE,plasticComposites,,m-c,0.0693730300287306,%,1
OBS,2020,EU27+4,WEEE_generatedDedicated,WEEE_Cat3,shadowComponentWEEE,plastics,Ag,e-m,1,%,3
OBS,2020,EU27+4,WEEE_generatedDedicated,WEEE_Cat3,shadowComponentWEEE,plastics,,m-c,0.034867262432364,%,2
OBS,2020,EU27+4,WEEE_generatedDedicated,WEEE_Cat3,shadowComponentWEEE,reinforcedPlastics,Ag,e-m,1,%,1
OBS,2020,EU27+4,WEEE_generatedDedicated,WEEE_Cat3,shadowComponentWEEE,reinforcedPlastics,,m-c,0.126329064733754,%,1
OBS,2020,EU27+4,WEEE_generatedDedicated,WEEE_Cat3,shadowComponentWEEE,sand,Ag,e-m,0.315469900918583,%,3
OBS,2020,EU27+4,WEEE_generatedDedicated,WEEE_Cat3,shadowComponentWEEE,sand,Pd,e-m,0.0732995921407358,%,2
OBS,2020,EU27+4,WEEE_generatedDedicated,WEEE_Cat3,shadowComponentWEEE,sand,Sc,e-m,0.593239485590529,%,1
OBS,2020,EU27+4,WEEE_generatedDedicated,WEEE_Cat3,shadowComponentWEEE,sand,Zr,e-m,0.0179910213501525,%,1
OBS,2020,EU27+4,WEEE_generatedDedicated,WEEE_Cat3,shadowComponentWEEE,sand,,m-c,0.0853705461332628,%,2
OBS,2020,EU27+4,WEEE_generatedDedicated,WEEE_Cat3,shadowComponentWEEE,steelAndSteelAlloys,Ag,e-m,0.0954439046557558,%,3
OBS,2020,EU27+4,WEEE_generatedDedicated,WEEE_Cat3,shadowComponentWEEE,steelAndSteelAlloys,Cu,e-m,0.0562026370722765,%,1
OBS,2020,EU27+4,WEEE_generatedDedicated,WEEE_Cat3,shadowComponentWEEE,steelAndSteelAlloys,Ga,e-m,0.314631434615074,%,2
OBS,2020,EU27+4,WEEE_generatedDedicated,WEEE_Cat3,shadowComponentWEEE,steelAndSteelAlloys,Mo,e-m,0.0201688968497421,%,3
OBS,2020,EU27+4,WEEE_generatedDedicated,WEEE_Cat3,shadowComponentWEEE,steelAndSteelAlloys,O,e-m,0.417906271200199,%,1
OBS,2020,EU27+4,WEEE_generatedDedicated,WEEE_Cat3,shadowComponentWEEE,steelAndSteelAlloys,Sm,e-m,0.0956468556069523,%,1
OBS,2020,EU27+4,WEEE_generatedDedicated,WEEE_Cat3,shadowComponentWEEE,steelAndSteelAlloys,,m-c,0.15660969736315,%,2
OBS,2020,EU27+4,WEEE_generatedDedicated,WEEE_Cat3,solenoidValve,,,c-p,0.0244723298644815,%,1
OBS,2020,EU27+4,WEEE_generatedDedicated,WEEE_Cat3,speakerEEE2,AlAndAlAlloys,Ag,e-m,0.0159965805964152,%,1
OBS,2020,EU27+4,WEEE_generatedDedicated,WEEE_Cat3,speakerEEE2,AlAndAlAlloys,As,e-m,0.0307992238269356,%,3
OBS,2020,EU27+4,WEEE_generatedDedicated,WEEE_Cat3,speakerEEE2,AlAndAlAlloys,Cu,e-m,0.409894459621281,%,2
OBS,2020,EU27+4,WEEE_generatedDedicated,WEEE_Cat3,speakerEEE2,AlAndAlAlloys,Ga,e-m,0.0407453299739846,%,3
OBS,2020,EU27+4,WEEE_generatedDedicated,WEEE_Cat3,speakerEEE2,AlAndAlAlloys,Mn,e-m,0.213060203358907,%,1
OBS,2020,EU27+4,WEEE_generatedDedicated,WEEE_Cat3,speakerEEE2,AlAndAlAlloys,Mo,e-m,0.0017548878974748,%,2
OBS,2020,EU27+4,WEEE_generatedDedicated,WEEE_Cat3,speakerEEE2,AlAndAlAlloys,Sm,e-m,0.287749314725002,%,2
OBS,2020,EU27+4,WEEE_generatedDedicated,WEEE_Cat3,speakerEEE2,AlAndAlAlloys,,m-c,0.116123160392121,%,1
OBS,2020,EU27+4,WEEE_generatedDedicated,WEEE_Cat3,speakerEEE2,CuAndCuAlloys,Ag,e-m,0.651766068529498,%,3
OBS,2020,EU27+4,WEEE_generatedDedicated,WEEE_Cat3,speakerEEE2,CuAndCuAlloys,Dy,e-m,0.0923740469241259,%,1
OBS,2020,EU27+4,WEEE_generatedDedicated,WEEE_Cat3,speakerEEE2,CuAndCuAlloys,Zr,e-m,0.255859884546375,%,3
OBS,2020,EU27+4,WEEE_generatedDedicated,WEEE_Cat3,speakerEEE2,CuAndCuAlloys,,m-c,0.396250034860489,%,2
OBS,2020,EU27+4,WEEE_generatedDedicated,WEEE_Cat3,speakerEEE2,ferrousMetals,Ag,e-m,0.0867546656692644,%,2
OBS,2020,EU27+4,WEEE_generatedDedicated,WEEE_Cat3,speakerEEE2,ferrousMetals,Cu,e-m,0.0498549240911805,%,2
OBS,2020,EU27+4,WEEE_generatedDedicated,WEEE_Cat3,speakerEEE2,ferrousMetals,Ga,e-m,0.16608674971778,%,2
OBS,2020,EU27+4,WEEE_generatedDedicated,WEEE_Cat3,speakerEEE2,ferrousMetals,Mo,e-m,0.0916286681956081,%,1
OBS,2020,EU27+4,WEEE_generatedDedicated,WEEE_Cat3,speakerEEE2,ferrousMetals,O,e-m,0.273699153240602,%,3
OBS,2020,EU27+4,WEEE_generatedDedicated,WEEE_Cat3,speakerEEE2,ferrousMetals,Sm,e-m,0.331975839085566,%,2
OBS,2020,EU27+4,WEEE_generatedDedicated,WEEE_Cat3,speakerEEE2,ferrousMetals,,m-c,0.0544538535779621,%,1
OBS,2020,EU27+4,WEEE_generatedDedicated,WEEE_Cat3,speakerEEE2,,,c-p,0.0065504882319402,%,2
OBS,2020,EU27+4,WEEE_generatedDedicated,WEEE_Cat3,speakerEEE2,otherMetalsAndMetalAlloys,Ag,e-m,0.0867237082726137,%,1
OBS,2020,EU27+4,WEEE_generatedDedicated,WEEE_Cat3,speakerEEE2,otherMetalsAndMetalAlloys,Al,e-m,0.582132326336409,%,2
OBS,2020,EU27+4,WEEE_generatedDedicated,WEEE_Cat3,speakerEEE2,otherMetalsAndMetalAlloys,Dy,e-m,0.331143965390977,%,1
OBS,2020,EU27+4,WEEE_generatedDedicated,WEEE_Cat3,speakerEEE2,otherMetalsAndMetalAlloys,,m-c,0.121018405472799,%,1
OBS,2020,EU27+4,WEEE_generatedDedicated,WEEE_Cat3,speakerEEE2,plastics,Ag,e-m,1,%,2
OBS,2020,EU27+4,WEEE_generatedDedicated,WEEE_Cat3,speakerEEE2,plastics,,m-c,0.169623631285518,%,1
OBS,2020,EU27+4,WEEE_generatedDedicated,WEEE_Cat3,speakerEEE2,undefinedAndMixedMaterials,Ag,e-m,1,%,1
OBS,2020,EU27+4,WEEE_generatedDedicated,WEEE_Cat3,speakerEEE2,undefinedAndMixedMaterials,,m-c,0.142530914411111,%,1
OBS,2020,EU27+4,WEEE_generatedDedicated,WEEE_Cat3,switch,,,c-p,0.0003856895486943,%,2
OBS,2020,EU27+4,WEEE_generatedDedicated,WEEE_Cat3,tonerCartridge,,,c-p,0.0011061093233076,%,1
OBS,2020,EU27+4,WEEE_generatedDedicated,WEEE_Cat3,transformator,CuAndCuAlloys,Ag,e-m,0.0684033982645752,%,1
OBS,2020,EU27+4,WEEE_generatedDedicated,WEEE_Cat3,transformator,CuAndCuAlloys,Dy,e-m,0.713845715997435,%,3
OBS,2020,EU27+4,WEEE_generatedDedicated,WEEE_Cat3,transformator,CuAndCuAlloys,Zr,e-m,0.21775088573799,%,1
OBS,2020,EU27+4,WEEE_generatedDedicated,WEEE_Cat3,transformator,CuAndCuAlloys,,m-c,0.395279134943762,%,1
OBS,2020,EU27+4,WEEE_generatedDedicated,WEEE_Cat3,transformator,ferrousMetals,Ag,e-m,0.358359140498499,%,1
OBS,2020,EU27+4,WEEE_generatedDedicated,WEEE_Cat3,transformator,ferrousMetals,Cu,e-m,0.0514861298060672,%,2
OBS,2020,EU27+4,WEEE_generatedDedicated,WEEE_Cat3,transformator,ferrousMetals,Ga,e-m,0.0710771250729031,%,1
OBS,2020,EU27+4,WEEE_generatedDedicated,WEEE_Cat3,transformator,ferrousMetals,Mo,e-m,0.0755785841744911,%,1
OBS,2020,EU27+4,WEEE_generatedDedicated,WEEE_Cat3,transformator,ferrousMetals,O,e-m,0.344808725280317,%,1
OBS,2020,EU27+4,WEEE_generatedDedicated,WEEE_Cat3,transformator,ferrousMetals,Sm,e-m,0.0986902951677218,%,3
OBS,2020,EU27+4,WEEE_generatedDedicated,WEEE_Cat3,transformator,ferrousMetals,,m-c,0.604720865056238,%,3
OBS,2020,EU27+4,WEEE_generatedDedicated,WEEE_Cat3,transformator,,,c-p,0.0015790372710355,%,1
OBS,2020,EU27+4,WEEE_generatedDedicated,WEEE_Cat3,transmission,AlAndAlAlloys,,m-c,0.124119653338419,%,1
OBS,2020,EU27+4,WEEE_generatedDedicated,WEEE_Cat3,transmission,ferrousMetals,Ag,e-m,0.171063614317625,%,1
OBS,2020,EU27+4,WEEE_generatedDedicated,WEEE_Cat3,transmission,ferrousMetals,Cu,e-m,0.116264432211025,%,3
OBS,2020,EU27+4,WEEE_generatedDedicated,WEEE_Cat3,transmission,ferrousMetals,Ga,e-m,0.17094404534082,%,2
OBS,2020,EU27+4,WEEE_generatedDedicated,WEEE_Cat3,transmission,ferrousMetals,Mo,e-m,0.348921988916039,%,3
OBS,2020,EU27+4,WEEE_generatedDedicated,WEEE_Cat3,transmission,ferrousMetals,O,e-m,0.126122284092347,%,3
OBS,2020,EU27+4,WEEE_generatedDedicated,WEEE_Cat3,transmission,ferrousMetals,Sm,e-m,0.0666836351221439,%,1
OBS,2020,EU27+4,WEEE_generatedDedicated,WEEE_Cat3,transmission,ferrousMetals,,m-c,0.671695157052893,%,2
OBS,2020,EU27+4,WEEE_generatedDedicated,WEEE_Cat3,transmission,,,c-p,0.0046679755084818,%,3
OBS,2020,EU27+4,WEEE_generatedDedicated,WEEE_Cat3,transmission,plastics,Ag,e-m,1,%,2
OBS,2020,EU27+4,WEEE_generatedDedicated,WEEE_Cat3,transmission,plastics,,m-c,0.204185189608689,%,1
OBS,2020,EU27+4,WEEE_generatedDedicated,WEEE_Cat3,transmitter,CuAndCuAlloys,Ag,e-m,0.359402213907686,%,2
OBS,2020,EU27+4,WEEE_generatedDedicated,WEEE_Cat3,transmitter,CuAndCuAlloys,Dy,e-m,0.326485441035791,%,2
OBS,2020,EU27+4,WEEE_generatedDedicated,WEEE_Cat3,transmitter,CuAndCuAlloys,Zr,e-m,0.314112345056522,%,3
OBS,2020,EU27+4,WEEE_generatedDedicated,WEEE_Cat3,transmitter,CuAndCuAlloys,,m-c,0.264690961950493,%,3
OBS,2020,EU27+4,WEEE_generatedDedicated,WEEE_Cat3,transmitter,ferrousMetals,Ag,e-m,0.610283524108928,%,3
OBS,2020,EU27+4,WEEE_generatedDedicated,WEEE_Cat3,transmitter,ferrousMetals,Ca,e-m,0.0347843498896138,%,1
OBS,2020,EU27+4,WEEE_generatedDedicated,WEEE_Cat3,transmitter,ferrousMetals,Ga,e-m,0.0789074644460905,%,2
OBS,2020,EU27+4,WEEE_generatedDedicated,WEEE_Cat3,transmitter,ferrousMetals,Mo,e-m,0.0011063352571316,%,3
OBS,2020,EU27+4,WEEE_generatedDedicated,WEEE_Cat3,transmitter,ferrousMetals,Sm,e-m,0.274918326298236,%,1
OBS,2020,EU27+4,WEEE_generatedDedicated,WEEE_Cat3,transmitter,ferrousMetals,,m-c,0.50441558276346,%,1
OBS,2020,EU27+4,WEEE_generatedDedicated,WEEE_Cat3,transmitter,,,c-p,0.0080527665734966,%,1
OBS,2020,EU27+4,WEEE_generatedDedicated,WEEE_Cat3,transmitter,plastics,Ag,e-m,1,%,2
OBS,2020,EU27+4,WEEE_generatedDedicated,WEEE_Cat3,transmitter,plastics,,m-c,0.230893455286048,%,1
OBS,2020,EU27+4,WEEE_generatedDedicated,WEEE_Cat3,wheel,ferrousMetals,Ag,e-m,0.496995705254139,%,1
OBS,2020,EU27+4,WEEE_generatedDedicated,WEEE_Cat3,wheel,ferrousMetals,Cu,e-m,0.0199778614331317,%,2
OBS,2020,EU27+4,WEEE_generatedDedicated,WEEE_Cat3,wheel,ferrousMetals,Ga,e-m,0.0233591737022866,%,1
OBS,2020,EU27+4,WEEE_generatedDedicated,WEEE_Cat3,wheel,ferrousMetals,Mo,e-m,0.0546728102518773,%,1
OBS,2020,EU27+4,WEEE_generatedDedicated,WEEE_Cat3,wheel,ferrousMetals,O,e-m,0.391212159292706,%,2
OBS,2020,EU27+4,WEEE_generatedDedicated,WEEE_Cat3,wheel,ferrousMetals,Sm,e-m,0.0137822900658595,%,1
OBS,2020,EU27+4,WEEE_generatedDedicated,WEEE_Cat3,wheel,ferrousMetals,,m-c,0.156168892874188,%,2
OBS,2020,EU27+4,WEEE_generatedDedicated,WEEE_Cat3,wheel,,,c-p,0.0165271274914552,%,3
OBS,2020,EU27+4,WEEE_generatedDedicated,WEEE_Cat3,wheel,plastics,Ag,e-m,1,%,3
OBS,2020,EU27+4,WEEE_generatedDedicated,WEEE_Cat3,wheel,plastics,,m-c,0.124987851042592,%,3
OBS,2020,EU27+4,WEEE_generatedDedicated,WEEE_Cat3,wheel,polymerPA6GF30,Ag,e-m,1,%,3
OBS,2020,EU27+4,WEEE_generatedDedicated,WEEE_Cat3,wheel,polymerPA6GF30,,m-c,0.153141573428903,%,3
OBS,2020,EU27+4,WEEE_generatedDedicated,WEEE_Cat3,wheel,polymerPPTF20,Ag,e-m,1,%,2
OBS,2020,EU27+4,WEEE_generatedDedicated,WEEE_Cat3,wheel,polymerPPTF20,,m-c,0.240491736441276,%,3
OBS,2020,EU27+4,WEEE_generatedDedicated,WEEE_Cat3,wheel,polymerPPTF30,Ag,e-m,1,%,3
OBS,2020,EU27+4,WEEE_generatedDedicated,WEEE_Cat3,wheel,polymerPPTF30,,m-c,0.325209946213041,%,3
OBS,2020,EU27+4,WEEE_generatedDedicated,WEEE_Cat4a,ComponentShadowWEEE,AlAndAlAlloys,Ag,e-m,0.143852910946873,%,1
OBS,2020,EU27+4,WEEE_generatedDedicated,WEEE_Cat4a,ComponentShadowWEEE,AlAndAlAlloys,As,e-m,0.156146904690736,%,2
OBS,2020,EU27+4,WEEE_generatedDedicated,WEEE_Cat4a,ComponentShadowWEEE,AlAndAlAlloys,Cu,e-m,0.0008269864937202,%,2
OBS,2020,EU27+4,WEEE_generatedDedicated,WEEE_Cat4a,ComponentShadowWEEE,AlAndAlAlloys,Ga,e-m,0.334286788953501,%,3
OBS,2020,EU27+4,WEEE_generatedDedicated,WEEE_Cat4a,ComponentShadowWEEE,AlAndAlAlloys,Mn,e-m,0.250056117315821,%,3
OBS,2020,EU27+4,WEEE_generatedDedicated,WEEE_Cat4a,ComponentShadowWEEE,AlAndAlAlloys,Mo,e-m,0.03817176261019,%,1
OBS,2020,EU27+4,WEEE_generatedDedicated,WEEE_Cat4a,ComponentShadowWEEE,AlAndAlAlloys,Sm,e-m,0.0766585289891593,%,3
OBS,2020,EU27+4,WEEE_generatedDedicated,WEEE_Cat4a,ComponentShadowWEEE,AlAndAlAlloys,,m-c,0.0606184403362702,%,2
OBS,2020,EU27+4,WEEE_generatedDedicated,WEEE_Cat4a,ComponentShadowWEEE,CuAndCuAlloys,Ag,e-m,0.196767076650717,%,2
OBS,2020,EU27+4,WEEE_generatedDedicated,WEEE_Cat4a,ComponentShadowWEEE,CuAndCuAlloys,Dy,e-m,0.0860016287218653,%,3
OBS,2020,EU27+4,WEEE_generatedDedicated,WEEE_Cat4a,ComponentShadowWEEE,CuAndCuAlloys,Zr,e-m,0.717231294627418,%,3
OBS,2020,EU27+4,WEEE_generatedDedicated,WEEE_Cat4a,ComponentShadowWEEE,CuAndCuAlloys,,m-c,0.0677828623879168,%,2
OBS,2020,EU27+4,WEEE_generatedDedicated,WEEE_Cat4a,ComponentShadowWEEE,MaterialShadowWEEE,,m-c,0.0730633934785169,%,2
OBS,2020,EU27+4,WEEE_generatedDedicated,WEEE_Cat4a,ComponentShadowWEEE,aggregateBinderMixedMaterials,Ag,e-m,1,%,3
OBS,2020,EU27+4,WEEE_generatedDedicated,WEEE_Cat4a,ComponentShadowWEEE,aggregateBinderMixedMaterials,,m-c,0.191719236432899,%,3
OBS,2020,EU27+4,WEEE_generatedDedicated,WEEE_Cat4a,ComponentShadowWEEE,ferrousMetals,Ag,e-m,0.0089166731761163,%,2
OBS,2020,EU27+4,WEEE_generatedDedicated,WEEE_Cat4a,ComponentShadowWEEE,ferrousMetals,Ca,e-m,0.0198455573575527,%,3
OBS,2020,EU27+4,WEEE_generatedDedicated,WEEE_Cat4a,ComponentShadowWEEE,ferrousMetals,Cu,e-m,0.105558586909627,%,3
OBS,2020,EU27+4,WEEE_generatedDedicated,WEEE_Cat4a,ComponentShadowWEEE,ferrousMetals,Ga,e-m,0.139863969572609,%,1
OBS,2020,EU27+4,WEEE_generatedDedicated,WEEE_Cat4a,ComponentShadowWEEE,ferrousMetals,Mo,e-m,0.216514209525384,%,1
OBS,2020,EU27+4,WEEE_generatedDedicated,WEEE_Cat4a,ComponentShadowWEEE,ferrousMetals,O,e-m,0.264204855427571,%,1
OBS,2020,EU27+4,WEEE_generatedDedicated,WEEE_Cat4a,ComponentShadowWEEE,ferrousMetals,Sm,e-m,0.245096148031139,%,3
OBS,2020,EU27+4,WEEE_generatedDedicated,WEEE_Cat4a,ComponentShadowWEEE,ferrousMetals,,m-c,0.0255594435395278,%,1
OBS,2020,EU27+4,WEEE_generatedDedicated,WEEE_Cat4a,ComponentShadowWEEE,glass,Ag,e-m,0.58634211412787,%,3
OBS,2020,EU27+4,WEEE_generatedDedicated,WEEE_Cat4a,ComponentShadowWEEE,glass,Pd,e-m,0.100825763327557,%,1
OBS,2020,EU27+4,WEEE_generatedDedicated,WEEE_Cat4a,ComponentShadowWEEE,glass,Sc,e-m,0.215893248012708,%,3
OBS,2020,EU27+4,WEEE_generatedDedicated,WEEE_Cat4a,ComponentShadowWEEE,glass,Zr,e-m,0.0969388745318661,%,2
OBS,2020,EU27+4,WEEE_generatedDedicated,WEEE_Cat4a,ComponentShadowWEEE,glass,,m-c,0.0640081495280328,%,3
OBS,2020,EU27+4,WEEE_generatedDedicated,WEEE_Cat4a,ComponentShadowWEEE,glassAndCeramics,Ag,e-m,0.78839678495119,%,1
OBS,2020,EU27+4,WEEE_generatedDedicated,WEEE_Cat4a,ComponentShadowWEEE,glassAndCeramics,Pd,e-m,0.119406952362237,%,1
OBS,2020,EU27+4,WEEE_generatedDedicated,WEEE_Cat4a,ComponentShadowWEEE,glassAndCeramics,Sc,e-m,0.0333247732767614,%,2
OBS,2020,EU27+4,WEEE_generatedDedicated,WEEE_Cat4a,ComponentShadowWEEE,glassAndCeramics,Zr,e-m,0.0588714894098115,%,2
OBS,2020,EU27+4,WEEE_generatedDedicated,WEEE_Cat4a,ComponentShadowWEEE,glassAndCeramics,,m-c,0.105489210111059,%,1
OBS,2020,EU27+4,WEEE_generatedDedicated,WEEE_Cat4a,ComponentShadowWEEE,,,c-p,0.0099617615769787,%,1
OBS,2020,EU27+4,WEEE_generatedDedicated,WEEE_Cat4a,ComponentShadowWEEE,non-ferrousMetals,Ag,e-m,0.0235215188104567,%,1
OBS,2020,EU27+4,WEEE_generatedDedicated,WEEE_Cat4a,ComponentShadowWEEE,non-ferrousMetals,Al,e-m,0.0303373719482709,%,3
OBS,2020,EU27+4,WEEE_generatedDedicated,WEEE_Cat4a,ComponentShadowWEEE,non-ferrousMetals,As,e-m,0.111800782664724,%,2
OBS,2020,EU27+4,WEEE_generatedDedicated,WEEE_Cat4a,ComponentShadowWEEE,non-ferrousMetals,Ca,e-m,0.143157062863468,%,2
OBS,2020,EU27+4,WEEE_generatedDedicated,WEEE_Cat4a,ComponentShadowWEEE,non-ferrousMetals,Cl,e-m,0.196181855462995,%,3
OBS,2020,EU27+4,WEEE_generatedDedicated,WEEE_Cat4a,ComponentShadowWEEE,non-ferrousMetals,Cu,e-m,0.0745763006038699,%,1
OBS,2020,EU27+4,WEEE_generatedDedicated,WEEE_Cat4a,ComponentShadowWEEE,non-ferrousMetals,Dy,e-m,0.0181547950840859,%,2
OBS,2020,EU27+4,WEEE_generatedDedicated,WEEE_Cat4a,ComponentShadowWEEE,non-ferrousMetals,Ga,e-m,0.0455311155624446,%,3
OBS,2020,EU27+4,WEEE_generatedDedicated,WEEE_Cat4a,ComponentShadowWEEE,non-ferrousMetals,Mn,e-m,0.0560300678259358,%,1
OBS,2020,EU27+4,WEEE_generatedDedicated,WEEE_Cat4a,ComponentShadowWEEE,non-ferrousMetals,Mo,e-m,0.0572813973366454,%,1
OBS,2020,EU27+4,WEEE_generatedDedicated,WEEE_Cat4a,ComponentShadowWEEE,non-ferrousMetals,O,e-m,0.0407098349090196,%,3
OBS,2020,EU27+4,WEEE_generatedDedicated,WEEE_Cat4a,ComponentShadowWEEE,non-ferrousMetals,Pd,e-m,0.106435787264664,%,1
OBS,2020,EU27+4,WEEE_generatedDedicated,WEEE_Cat4a,ComponentShadowWEEE,non-ferrousMetals,Sm,e-m,0.025440442991889,%,1
OBS,2020,EU27+4,WEEE_generatedDedicated,WEEE_Cat4a,ComponentShadowWEEE,non-ferrousMetals,Sr,e-m,0.0659433363308731,%,3
OBS,2020,EU27+4,WEEE_generatedDedicated,WEEE_Cat4a,ComponentShadowWEEE,non-ferrousMetals,Zr,e-m,0.0048983303406572,%,2
OBS,2020,EU27+4,WEEE_generatedDedicated,WEEE_Cat4a,ComponentShadowWEEE,non-ferrousMetals,,m-c,0.0818693339320213,%,1
OBS,2020,EU27+4,WEEE_generatedDedicated,WEEE_Cat4a,ComponentShadowWEEE,otherMetalsAndMetalAlloys,Ag,e-m,0.682817383223307,%,2
OBS,2020,EU27+4,WEEE_generatedDedicated,WEEE_Cat4a,ComponentShadowWEEE,otherMetalsAndMetalAlloys,Al,e-m,0.147400945039434,%,3
OBS,2020,EU27+4,WEEE_generatedDedicated,WEEE_Cat4a,ComponentShadowWEEE,otherMetalsAndMetalAlloys,Dy,e-m,0.169781671737259,%,1
OBS,2020,EU27+4,WEEE_generatedDedicated,WEEE_Cat4a,ComponentShadowWEEE,otherMetalsAndMetalAlloys,,m-c,0.0066853478878226,%,2
OBS,2020,EU27+4,WEEE_generatedDedicated,WEEE_Cat4a,ComponentShadowWEEE,otherMinerals,Ag,e-m,0.0181462320598669,%,3
OBS,2020,EU27+4,WEEE_generatedDedicated,WEEE_Cat4a,ComponentShadowWEEE,otherMinerals,Pd,e-m,0.132115987683912,%,2
OBS,2020,EU27+4,WEEE_generatedDedicated,WEEE_Cat4a,ComponentShadowWEEE,otherMinerals,Sc,e-m,0.544691260942982,%,1
OBS,2020,EU27+4,WEEE_generatedDedicated,WEEE_Cat4a,ComponentShadowWEEE,otherMinerals,Zr,e-m,0.305046519313239,%,2
OBS,2020,EU27+4,WEEE_generatedDedicated,WEEE_Cat4a,ComponentShadowWEEE,otherMinerals,,m-c,0.0120626633042238,%,2
OBS,2020,EU27+4,WEEE_generatedDedicated,WEEE_Cat4a,ComponentShadowWEEE,otherOrUndefinedMaterials,Ag,e-m,1,%,2
OBS,2020,EU27+4,WEEE_generatedDedicated,WEEE_Cat4a,ComponentShadowWEEE,otherOrUndefinedMaterials,,m-c,0.0241366895495052,%,3
OBS,2020,EU27+4,WEEE_generatedDedicated,WEEE_Cat4a,ComponentShadowWEEE,otherOrganics,Ag,e-m,1,%,3
OBS,2020,EU27+4,WEEE_generatedDedicated,WEEE_Cat4a,ComponentShadowWEEE,otherOrganics,,m-c,0.0482997160270594,%,3
OBS,2020,EU27+4,WEEE_generatedDedicated,WEEE_Cat4a,ComponentShadowWEEE,plastics,Ag,e-m,1,%,3
OBS,2020,EU27+4,WEEE_generatedDedicated,WEEE_Cat4a,ComponentShadowWEEE,plastics,,m-c,0.0033624271232594,%,1
OBS,2020,EU27+4,WEEE_generatedDedicated,WEEE_Cat4a,ComponentShadowWEEE,undefinedAndMixedMaterials,Ag,e-m,1,%,2
OBS,2020,EU27+4,WEEE_generatedDedicated,WEEE_Cat4a,ComponentShadowWEEE,undefinedAndMixedMaterials,,m-c,0.174729023622071,%,1
OBS,2020,EU27+4,WEEE_generatedDedicated,WEEE_Cat4a,ComponentShadowWEEE,wood,Ag,e-m,1,%,3
OBS,2020,EU27+4,WEEE_generatedDedicated,WEEE_Cat4a,ComponentShadowWEEE,wood,,m-c,0.0606140627398139,%,1
OBS,2020,EU27+4,WEEE_generatedDedicated,WEEE_Cat4a,ConductivitySensor,CuAndCuAlloys,,m-c,0.737819203242251,%,1
OBS,2020,EU27+4,WEEE_generatedDedicated,WEEE_Cat4a,ConductivitySensor,ferrousMetals,,m-c,0.262180796757749,%,2
OBS,2020,EU27+4,WEEE_generatedDedicated,WEEE_Cat4a,ConductivitySensor,,,c-p,0.0159126651504158,%,2
OBS,2020,EU27+4,WEEE_generatedDedicated,WEEE_Cat4a,LED,,,c-p,0.0046637812817375,%,2
OBS,2020,EU27+4,WEEE_generatedDedicated,WEEE_Cat4a,LidarSensor (&lt;15cm),AlAndAlAlloys,Ag,e-m,0.356952450828187,%,2
OBS,2020,EU27+4,WEEE_generatedDedicated,WEEE_Cat4a,LidarSensor (&lt;15cm),AlAndAlAlloys,As,e-m,0.0438136289322856,%,2
OBS,2020,EU27+4,WEEE_generatedDedicated,WEEE_Cat4a,LidarSensor (&lt;15cm),AlAndAlAlloys,Cu,e-m,0.0721403020401568,%,3
OBS,2020,EU27+4,WEEE_generatedDedicated,WEEE_Cat4a,LidarSensor (&lt;15cm),AlAndAlAlloys,Ga,e-m,0.378050368847908,%,3
OBS,2020,EU27+4,WEEE_generatedDedicated,WEEE_Cat4a,LidarSensor (&lt;15cm),AlAndAlAlloys,Mn,e-m,0.0264399135502576,%,1
OBS,2020,EU27+4,WEEE_generatedDedicated,WEEE_Cat4a,LidarSensor (&lt;15cm),AlAndAlAlloys,Mo,e-m,0.0401981166397063,%,3
OBS,2020,EU27+4,WEEE_generatedDedicated,WEEE_Cat4a,LidarSensor (&lt;15cm),AlAndAlAlloys,Sm,e-m,0.0824052191614984,%,2
OBS,2020,EU27+4,WEEE_generatedDedicated,WEEE_Cat4a,LidarSensor (&lt;15cm),AlAndAlAlloys,,m-c,0.463719458360474,%,3
OBS,2020,EU27+4,WEEE_generatedDedicated,WEEE_Cat4a,LidarSensor (&lt;15cm),CuAndCuAlloys,Ag,e-m,0.164220494086644,%,1
OBS,2020,EU27+4,WEEE_generatedDedicated,WEEE_Cat4a,LidarSensor (&lt;15cm),CuAndCuAlloys,Dy,e-m,0.782922655464453,%,3
OBS,2020,EU27+4,WEEE_generatedDedicated,WEEE_Cat4a,LidarSensor (&lt;15cm),CuAndCuAlloys,Zr,e-m,0.0528568504489028,%,3
OBS,2020,EU27+4,WEEE_generatedDedicated,WEEE_Cat4a,LidarSensor (&lt;15cm),CuAndCuAlloys,,m-c,0.247244337685017,%,3
OBS,2020,EU27+4,WEEE_generatedDedicated,WEEE_Cat4a,LidarSensor (&lt;15cm),ferrousMetals,Ag,e-m,0.0574856792677118,%,1
OBS,2020,EU27+4,WEEE_generatedDedicated,WEEE_Cat4a,LidarSensor (&lt;15cm),ferrousMetals,Ca,e-m,0.249354793175644,%,2
OBS,2020,EU27+4,WEEE_generatedDedicated,WEEE_Cat4a,LidarSensor (&lt;15cm),ferrousMetals,Cu,e-m,0.356764570553732,%,3
OBS,2020,EU27+4,WEEE_generatedDedicated,WEEE_Cat4a,LidarSensor (&lt;15cm),ferrousMetals,Ga,e-m,0.0242522598765301,%,1
OBS,2020,EU27+4,WEEE_generatedDedicated,WEEE_Cat4a,LidarSensor (&lt;15cm),ferrousMetals,Mo,e-m,0.128732975743547,%,2
OBS,2020,EU27+4,WEEE_generatedDedicated,WEEE_Cat4a,LidarSensor (&lt;15cm),ferrousMetals,O,e-m,0.0058164597758597,%,3
OBS,2020,EU27+4,WEEE_generatedDedicated,WEEE_Cat4a,LidarSensor (&lt;15cm),ferrousMetals,Sm,e-m,0.177593261606974,%,2
OBS,2020,EU27+4,WEEE_generatedDedicated,WEEE_Cat4a,LidarSensor (&lt;15cm),ferrousMetals,,m-c,0.208717088917829,%,1
OBS,2020,EU27+4,WEEE_generatedDedicated,WEEE_Cat4a,LidarSensor (&lt;15cm),glass,Ag,e-m,0.0126322833081811,%,3
OBS,2020,EU27+4,WEEE_generatedDedicated,WEEE_Cat4a,LidarSensor (&lt;15cm),glass,Pd,e-m,0.669152315262833,%,1
OBS,2020,EU27+4,WEEE_generatedDedicated,WEEE_Cat4a,LidarSensor (&lt;15cm),glass,Sc,e-m,0.292069137454213,%,1
OBS,2020,EU27+4,WEEE_generatedDedicated,WEEE_Cat4a,LidarSensor (&lt;15cm),glass,Zr,e-m,0.0261462639747726,%,1
OBS,2020,EU27+4,WEEE_generatedDedicated,WEEE_Cat4a,LidarSensor (&lt;15cm),glass,,m-c,0.0515973618824854,%,3
OBS,2020,EU27+4,WEEE_generatedDedicated,WEEE_Cat4a,LidarSensor (&lt;15cm),,,c-p,0.0109120919884149,%,3
OBS,2020,EU27+4,WEEE_generatedDedicated,WEEE_Cat4a,LidarSensor (&lt;15cm),plastics,Ag,e-m,1,%,1
OBS,2020,EU27+4,WEEE_generatedDedicated,WEEE_Cat4a,LidarSensor (&lt;15cm),plastics,,m-c,0.0287217531541947,%,1
OBS,2020,EU27+4,WEEE_generatedDedicated,WEEE_Cat4a,MagnetSensor,CuAndCuAlloys,Ag,e-m,0.185275733591624,%,3
OBS,2020,EU27+4,WEEE_generatedDedicated,WEEE_Cat4a,MagnetSensor,CuAndCuAlloys,Dy,e-m,0.513659469046894,%,1
OBS,2020,EU27+4,WEEE_generatedDedicated,WEEE_Cat4a,MagnetSensor,CuAndCuAlloys,Zr,e-m,0.301064797361482,%,1
OBS,2020,EU27+4,WEEE_generatedDedicated,WEEE_Cat4a,MagnetSensor,CuAndCuAlloys,,m-c,0.305643976718838,%,3
OBS,2020,EU27+4,WEEE_generatedDedicated,WEEE_Cat4a,MagnetSensor,ferrousMetals,Ag,e-m,0.702898562185024,%,2
OBS,2020,EU27+4,WEEE_generatedDedicated,WEEE_Cat4a,MagnetSensor,ferrousMetals,Ca,e-m,0.170450799794455,%,2
OBS,2020,EU27+4,WEEE_generatedDedicated,WEEE_Cat4a,MagnetSensor,ferrousMetals,Ga,e-m,0.0232171447174148,%,2
OBS,2020,EU27+4,WEEE_generatedDedicated,WEEE_Cat4a,MagnetSensor,ferrousMetals,Mo,e-m,0.0353732671246211,%,3
OBS,2020,EU27+4,WEEE_generatedDedicated,WEEE_Cat4a,MagnetSensor,ferrousMetals,Sm,e-m,0.0680602261784847,%,2
OBS,2020,EU27+4,WEEE_generatedDedicated,WEEE_Cat4a,MagnetSensor,ferrousMetals,,m-c,0.0983973349292956,%,1
OBS,2020,EU27+4,WEEE_generatedDedicated,WEEE_Cat4a,MagnetSensor,,,c-p,0.0637813407292407,%,1
OBS,2020,EU27+4,WEEE_generatedDedicated,WEEE_Cat4a,MagnetSensor,plastics,Ag,e-m,1,%,2
OBS,2020,EU27+4,WEEE_generatedDedicated,WEEE_Cat4a,MagnetSensor,plastics,,m-c,0.595958688351866,%,2
OBS,2020,EU27+4,WEEE_generatedDedicated,WEEE_Cat4a,PCBWEEECat,,,c-p,0.0010571167106368,%,1
OBS,2020,EU27+4,WEEE_generatedDedicated,WEEE_Cat4a,PCBWEEECat,otherOrUndefinedMaterials,Ag,e-m,1,%,1
OBS,2020,EU27+4,WEEE_generatedDedicated,WEEE_Cat4a,PCBWEEECat,otherOrUndefinedMaterials,,m-c,1,%,2
OBS,2020,EU27+4,WEEE_generatedDedicated,WEEE_Cat4a,PCBunspecified,ferrousMetals,Ag,e-m,0.251786206946204,%,3
OBS,2020,EU27+4,WEEE_generatedDedicated,WEEE_Cat4a,PCBunspecified,ferrousMetals,Cu,e-m,0.0608881962910335,%,1
OBS,2020,EU27+4,WEEE_generatedDedicated,WEEE_Cat4a,PCBunspecified,ferrousMetals,Ga,e-m,0.0812241780965434,%,2
OBS,2020,EU27+4,WEEE_generatedDedicated,WEEE_Cat4a,PCBunspecified,ferrousMetals,Mo,e-m,0.121206974203703,%,1
OBS,2020,EU27+4,WEEE_generatedDedicated,WEEE_Cat4a,PCBunspecified,ferrousMetals,O,e-m,0.229332351058234,%,2
OBS,2020,EU27+4,WEEE_generatedDedicated,WEEE_Cat4a,PCBunspecified,ferrousMetals,Sm,e-m,0.255562093404282,%,3
OBS,2020,EU27+4,WEEE_generatedDedicated,WEEE_Cat4a,PCBunspecified,ferrousMetals,,m-c,1,%,3
OBS,2020,EU27+4,WEEE_generatedDedicated,WEEE_Cat4a,PCBunspecified,,,c-p,0.0063790081675531,%,2
OBS,2020,EU27+4,WEEE_generatedDedicated,WEEE_Cat4a,PVBacksheet,,,c-p,0.0146541644319192,%,3
OBS,2020,EU27+4,WEEE_generatedDedicated,WEEE_Cat4a,PVBacksheet,plasticComposites,Ag,e-m,1,%,3
OBS,2020,EU27+4,WEEE_generatedDedicated,WEEE_Cat4a,PVBacksheet,plasticComposites,,m-c,0.105701012509212,%,1
OBS,2020,EU27+4,WEEE_generatedDedicated,WEEE_Cat4a,PVBacksheet,plastics,Ag,e-m,1,%,1
OBS,2020,EU27+4,WEEE_generatedDedicated,WEEE_Cat4a,PVBacksheet,plastics,,m-c,0.894298987490788,%,1
OBS,2020,EU27+4,WEEE_generatedDedicated,WEEE_Cat4a,PVEncapsulationEVA,,,c-p,0.0173289874431263,%,3
OBS,2020,EU27+4,WEEE_generatedDedicated,WEEE_Cat4a,PVEncapsulationEVA,plastics,Ag,e-m,1,%,2
OBS,2020,EU27+4,WEEE_generatedDedicated,WEEE_Cat4a,PVEncapsulationEVA,plastics,,m-c,1,%,2
OBS,2020,EU27+4,WEEE_generatedDedicated,WEEE_Cat4a,PVFrameAl,CuAndCuAlloys,Ag,e-m,0.0823710381241306,%,3
OBS,2020,EU27+4,WEEE_generatedDedicated,WEEE_Cat4a,PVFrameAl,CuAndCuAlloys,As,e-m,0.469850663910039,%,3
OBS,2020,EU27+4,WEEE_generatedDedicated,WEEE_Cat4a,PVFrameAl,CuAndCuAlloys,Cu,e-m,0.0707427390701507,%,2
OBS,2020,EU27+4,WEEE_generatedDedicated,WEEE_Cat4a,PVFrameAl,CuAndCuAlloys,Ga,e-m,0.166885899372512,%,1
OBS,2020,EU27+4,WEEE_generatedDedicated,WEEE_Cat4a,PVFrameAl,CuAndCuAlloys,Mn,e-m,0.129069047600211,%,2
OBS,2020,EU27+4,WEEE_generatedDedicated,WEEE_Cat4a,PVFrameAl,CuAndCuAlloys,Mo,e-m,0.0612963368675461,%,2
OBS,2020,EU27+4,WEEE_generatedDedicated,WEEE_Cat4a,PVFrameAl,CuAndCuAlloys,Sm,e-m,0.0197842750554106,%,2
OBS,2020,EU27+4,WEEE_generatedDedicated,WEEE_Cat4a,PVFrameAl,CuAndCuAlloys,,m-c,1,%,2
OBS,2020,EU27+4,WEEE_generatedDedicated,WEEE_Cat4a,PVFrameAl,,,c-p,0.0056405014016371,%,2
OBS,2020,EU27+4,WEEE_generatedDedicated,WEEE_Cat4a,PVSolarGlass,glass,Ag,e-m,0.315355988297854,%,1
OBS,2020,EU27+4,WEEE_generatedDedicated,WEEE_Cat4a,PVSolarGlass,glass,Pd,e-m,0.105074774528991,%,2
OBS,2020,EU27+4,WEEE_generatedDedicated,WEEE_Cat4a,PVSolarGlass,glass,Sc,e-m,0.35782064713671,%,3
OBS,2020,EU27+4,WEEE_generatedDedicated,WEEE_Cat4a,PVSolarGlass,glass,Zr,e-m,0.221748590036446,%,3
OBS,2020,EU27+4,WEEE_generatedDedicated,WEEE_Cat4a,PVSolarGlass,glass,,m-c,1,%,2
OBS,2020,EU27+4,WEEE_generatedDedicated,WEEE_Cat4a,PVSolarGlass,,,c-p,0.0128774646218689,%,2
OBS,2020,EU27+4,WEEE_generatedDedicated,WEEE_Cat4a,PVcellSi,,,c-p,0.0091967968249275,%,1
OBS,2020,EU27+4,WEEE_generatedDedicated,WEEE_Cat4a,PVcellSi,otherOrUndefinedMaterials,Ag,e-m,1,%,2
OBS,2020,EU27+4,WEEE_generatedDedicated,WEEE_Cat4a,PVcellSi,otherOrUndefinedMaterials,,m-c,1,%,2
OBS,2020,EU27+4,WEEE_generatedDedicated,WEEE_Cat4a,WEEEEvaporator,CuAndCuAlloys,Ag,e-m,0.221342128509975,%,1
OBS,2020,EU27+4,WEEE_generatedDedicated,WEEE_Cat4a,WEEEEvaporator,CuAndCuAlloys,Dy,e-m,0.77668412123043,%,2
OBS,2020,EU27+4,WEEE_generatedDedicated,WEEE_Cat4a,WEEEEvaporator,CuAndCuAlloys,Zr,e-m,0.0019737502595949,%,2
OBS,2020,EU27+4,WEEE_generatedDedicated,WEEE_Cat4a,WEEEEvaporator,CuAndCuAlloys,,m-c,0.987027839782724,%,3
OBS,2020,EU27+4,WEEE_generatedDedicated,WEEE_Cat4a,WEEEEvaporator,,,c-p,0.0003110252195447,%,1
OBS,2020,EU27+4,WEEE_generatedDedicated,WEEE_Cat4a,WEEEEvaporator,steelAndSteelAlloys,Ag,e-m,0.269112974486563,%,3
OBS,2020,EU27+4,WEEE_generatedDedicated,WEEE_Cat4a,WEEEEvaporator,steelAndSteelAlloys,Cu,e-m,0.0788329232874423,%,1
OBS,2020,EU27+4,WEEE_generatedDedicated,WEEE_Cat4a,WEEEEvaporator,steelAndSteelAlloys,Ga,e-m,0.0067361236466273,%,2
OBS,2020,EU27+4,WEEE_generatedDedicated,WEEE_Cat4a,WEEEEvaporator,steelAndSteelAlloys,Mo,e-m,0.31479304733783,%,2
OBS,2020,EU27+4,WEEE_generatedDedicated,WEEE_Cat4a,WEEEEvaporator,steelAndSteelAlloys,O,e-m,0.0699932917231276,%,3
OBS,2020,EU27+4,WEEE_generatedDedicated,WEEE_Cat4a,WEEEEvaporator,steelAndSteelAlloys,Sm,e-m,0.260531639518409,%,3
OBS,2020,EU27+4,WEEE_generatedDedicated,WEEE_Cat4a,WEEEEvaporator,steelAndSteelAlloys,,m-c,0.0129721602172759,%,1
OBS,2020,EU27+4,WEEE_generatedDedicated,WEEE_Cat4a,brush,AlAndAlAlloys,Ag,e-m,0.0691643813018911,%,3
OBS,2020,EU27+4,WEEE_generatedDedicated,WEEE_Cat4a,brush,AlAndAlAlloys,As,e-m,0.0124325527251512,%,3
OBS,2020,EU27+4,WEEE_generatedDedicated,WEEE_Cat4a,brush,AlAndAlAlloys,Cu,e-m,0.290582346134517,%,1
OBS,2020,EU27+4,WEEE_generatedDedicated,WEEE_Cat4a,brush,AlAndAlAlloys,Ga,e-m,0.159497425926104,%,1
OBS,2020,EU27+4,WEEE_generatedDedicated,WEEE_Cat4a,brush,AlAndAlAlloys,Mn,e-m,0.0657650365817054,%,3
OBS,2020,EU27+4,WEEE_generatedDedicated,WEEE_Cat4a,brush,AlAndAlAlloys,Mo,e-m,0.223514583550632,%,1
OBS,2020,EU27+4,WEEE_generatedDedicated,WEEE_Cat4a,brush,AlAndAlAlloys,Sm,e-m,0.17904367378,%,1
OBS,2020,EU27+4,WEEE_generatedDedicated,WEEE_Cat4a,brush,AlAndAlAlloys,,m-c,0.198887350356692,%,3
OBS,2020,EU27+4,WEEE_generatedDedicated,WEEE_Cat4a,brush,ferrousMetals,Ag,e-m,0.217395703924449,%,1
OBS,2020,EU27+4,WEEE_generatedDedicated,WEEE_Cat4a,brush,ferrousMetals,Ca,e-m,0.197891650011302,%,3
OBS,2020,EU27+4,WEEE_generatedDedicated,WEEE_Cat4a,brush,ferrousMetals,Ga,e-m,0.305179738138583,%,3
OBS,2020,EU27+4,WEEE_generatedDedicated,WEEE_Cat4a,brush,ferrousMetals,Mo,e-m,0.104801881870093,%,3
OBS,2020,EU27+4,WEEE_generatedDedicated,WEEE_Cat4a,brush,ferrousMetals,Sm,e-m,0.174731026055574,%,3
OBS,2020,EU27+4,WEEE_generatedDedicated,WEEE_Cat4a,brush,ferrousMetals,,m-c,0.485804061029062,%,3
OBS,2020,EU27+4,WEEE_generatedDedicated,WEEE_Cat4a,brush,,,c-p,0.006989889974158,%,2
OBS,2020,EU27+4,WEEE_generatedDedicated,WEEE_Cat4a,brush,plastics,Ag,e-m,1,%,2
OBS,2020,EU27+4,WEEE_generatedDedicated,WEEE_Cat4a,brush,plastics,,m-c,0.315308588614246,%,3
OBS,2020,EU27+4,WEEE_generatedDedicated,WEEE_Cat4a,cableUnspecified,AlAndAlAlloys,Ag,e-m,0.0953537401618578,%,3
OBS,2020,EU27+4,WEEE_generatedDedicated,WEEE_Cat4a,cableUnspecified,AlAndAlAlloys,As,e-m,0.24897270301152,%,2
OBS,2020,EU27+4,WEEE_generatedDedicated,WEEE_Cat4a,cableUnspecified,AlAndAlAlloys,Cu,e-m,0.0453476816179949,%,1
OBS,2020,EU27+4,WEEE_generatedDedicated,WEEE_Cat4a,cableUnspecified,AlAndAlAlloys,Ga,e-m,0.130282023136527,%,2
OBS,2020,EU27+4,WEEE_generatedDedicated,WEEE_Cat4a,cableUnspecified,AlAndAlAlloys,Mn,e-m,0.008018241546945,%,2
OBS,2020,EU27+4,WEEE_generatedDedicated,WEEE_Cat4a,cableUnspecified,AlAndAlAlloys,Mo,e-m,0.409273114841363,%,3
OBS,2020,EU27+4,WEEE_generatedDedicated,WEEE_Cat4a,cableUnspecified,AlAndAlAlloys,Sm,e-m,0.0627524956837933,%,3
OBS,2020,EU27+4,WEEE_generatedDedicated,WEEE_Cat4a,cableUnspecified,AlAndAlAlloys,,m-c,0.0765760822734155,%,1
OBS,2020,EU27+4,WEEE_generatedDedicated,WEEE_Cat4a,cableUnspecified,CuAndCuAlloys,Ag,e-m,0.13008042632141,%,2
OBS,2020,EU27+4,WEEE_generatedDedicated,WEEE_Cat4a,cableUnspecified,CuAndCuAlloys,Dy,e-m,0.823619161642042,%,2
OBS,2020,EU27+4,WEEE_generatedDedicated,WEEE_Cat4a,cableUnspecified,CuAndCuAlloys,Zr,e-m,0.0463004120365484,%,2
OBS,2020,EU27+4,WEEE_generatedDedicated,WEEE_Cat4a,cableUnspecified,CuAndCuAlloys,,m-c,0.356000517530813,%,2
OBS,2020,EU27+4,WEEE_generatedDedicated,WEEE_Cat4a,cableUnspecified,ferrousMetals,Ag,e-m,0.128722607904683,%,3
OBS,2020,EU27+4,WEEE_generatedDedicated,WEEE_Cat4a,cableUnspecified,ferrousMetals,Cu,e-m,0.269441822444027,%,1
OBS,2020,EU27+4,WEEE_generatedDedicated,WEEE_Cat4a,cableUnspecified,ferrousMetals,Ga,e-m,0.10877109192845,%,3
OBS,2020,EU27+4,WEEE_generatedDedicated,WEEE_Cat4a,cableUnspecified,ferrousMetals,Mo,e-m,0.01547998588133,%,3
OBS,2020,EU27+4,WEEE_generatedDedicated,WEEE_Cat4a,cableUnspecified,ferrousMetals,O,e-m,0.154199919893476,%,2
OBS,2020,EU27+4,WEEE_generatedDedicated,WEEE_Cat4a,cableUnspecified,ferrousMetals,Sm,e-m,0.323384571948033,%,2
OBS,2020,EU27+4,WEEE_generatedDedicated,WEEE_Cat4a,cableUnspecified,ferrousMetals,,m-c,0.385811393772618,%,3
OBS,2020,EU27+4,WEEE_generatedDedicated,WEEE_Cat4a,cableUnspecified,,,c-p,0.0381254341293871,%,2
OBS,2020,EU27+4,WEEE_generatedDedicated,WEEE_Cat4a,cableUnspecified,plastics,Ag,e-m,1,%,1
OBS,2020,EU27+4,WEEE_generatedDedicated,WEEE_Cat4a,cableUnspecified,plastics,,m-c,0.181612006423153,%,3
OBS,2020,EU27+4,WEEE_generatedDedicated,WEEE_Cat4a,cableWOPlug,,,c-p,0.0027191245795892,%,1
OBS,2020,EU27+4,WEEE_generatedDedicated,WEEE_Cat4a,cableWPlug,AlAndAlAlloys,,m-c,0.504149856023334,%,2
OBS,2020,EU27+4,WEEE_generatedDedicated,WEEE_Cat4a,cableWPlug,ferrousMetals,,m-c,0.265138357396314,%,3
OBS,2020,EU27+4,WEEE_generatedDedicated,WEEE_Cat4a,cableWPlug,,,c-p,0.0043458986306048,%,2
OBS,2020,EU27+4,WEEE_generatedDedicated,WEEE_Cat4a,cableWPlug,plastics,Ag,e-m,1,%,2
OBS,2020,EU27+4,WEEE_generatedDedicated,WEEE_Cat4a,cableWPlug,plastics,,m-c,0.230711786580353,%,1
OBS,2020,EU27+4,WEEE_generatedDedicated,WEEE_Cat4a,cableWithConnector,CuAndCuAlloys,Ag,e-m,0.899162004093246,%,1
OBS,2020,EU27+4,WEEE_generatedDedicated,WEEE_Cat4a,cableWithConnector,CuAndCuAlloys,Dy,e-m,0.0202712734040869,%,1
OBS,2020,EU27+4,WEEE_generatedDedicated,WEEE_Cat4a,cableWithConnector,CuAndCuAlloys,Zr,e-m,0.080566722502667,%,2
OBS,2020,EU27+4,WEEE_generatedDedicated,WEEE_Cat4a,cableWithConnector,CuAndCuAlloys,,m-c,1,%,1
OBS,2020,EU27+4,WEEE_generatedDedicated,WEEE_Cat4a,cables,,,c-p,0.0031459441833942,%,1
OBS,2020,EU27+4,WEEE_generatedDedicated,WEEE_Cat4a,cables,otherOrUndefinedMaterials,Ag,e-m,1,%,2
OBS,2020,EU27+4,WEEE_generatedDedicated,WEEE_Cat4a,cables,otherOrUndefinedMaterials,,m-c,1,%,1
OBS,2020,EU27+4,WEEE_generatedDedicated,WEEE_Cat4a,cablewire,AlAndAlAlloys,Ag,e-m,0.348738385805953,%,3
OBS,2020,EU27+4,WEEE_generatedDedicated,WEEE_Cat4a,cablewire,AlAndAlAlloys,As,e-m,0.0428927875106888,%,1
OBS,2020,EU27+4,WEEE_generatedDedicated,WEEE_Cat4a,cablewire,AlAndAlAlloys,Cu,e-m,0.187861703882697,%,3
OBS,2020,EU27+4,WEEE_generatedDedicated,WEEE_Cat4a,cablewire,AlAndAlAlloys,Ga,e-m,0.28336921450547,%,2
OBS,2020,EU27+4,WEEE_generatedDedicated,WEEE_Cat4a,cablewire,AlAndAlAlloys,Mn,e-m,0.0263868721369235,%,2
OBS,2020,EU27+4,WEEE_generatedDedicated,WEEE_Cat4a,cablewire,AlAndAlAlloys,Mo,e-m,0.0244293220584454,%,2
OBS,2020,EU27+4,WEEE_generatedDedicated,WEEE_Cat4a,cablewire,AlAndAlAlloys,Sm,e-m,0.086321714099822,%,2
OBS,2020,EU27+4,WEEE_generatedDedicated,WEEE_Cat4a,cablewire,AlAndAlAlloys,,m-c,0.185164809561972,%,3
OBS,2020,EU27+4,WEEE_generatedDedicated,WEEE_Cat4a,cablewire,CuAndCuAlloys,Ag,e-m,0.223993441280057,%,3
OBS,2020,EU27+4,WEEE_generatedDedicated,WEEE_Cat4a,cablewire,CuAndCuAlloys,Dy,e-m,0.487015634453696,%,1
OBS,2020,EU27+4,WEEE_generatedDedicated,WEEE_Cat4a,cablewire,CuAndCuAlloys,Zr,e-m,0.288990924266246,%,3
OBS,2020,EU27+4,WEEE_generatedDedicated,WEEE_Cat4a,cablewire,CuAndCuAlloys,,m-c,0.162446057924068,%,3
OBS,2020,EU27+4,WEEE_generatedDedicated,WEEE_Cat4a,cablewire,ferrousMetals,Ag,e-m,0.309192679770538,%,2
OBS,2020,EU27+4,WEEE_generatedDedicated,WEEE_Cat4a,cablewire,ferrousMetals,Ca,e-m,0.346715212104363,%,1
OBS,2020,EU27+4,WEEE_generatedDedicated,WEEE_Cat4a,cablewire,ferrousMetals,Ga,e-m,0.267262898425013,%,2
OBS,2020,EU27+4,WEEE_generatedDedicated,WEEE_Cat4a,cablewire,ferrousMetals,Mo,e-m,0.0699029567775046,%,1
OBS,2020,EU27+4,WEEE_generatedDedicated,WEEE_Cat4a,cablewire,ferrousMetals,Sm,e-m,0.0069262529225809,%,3
OBS,2020,EU27+4,WEEE_generatedDedicated,WEEE_Cat4a,cablewire,ferrousMetals,,m-c,0.211680117740551,%,1
OBS,2020,EU27+4,WEEE_generatedDedicated,WEEE_Cat4a,cablewire,,,c-p,0.0245978967526393,%,2
OBS,2020,EU27+4,WEEE_generatedDedicated,WEEE_Cat4a,cablewire,plastics,Ag,e-m,1,%,1
OBS,2020,EU27+4,WEEE_generatedDedicated,WEEE_Cat4a,cablewire,plastics,,m-c,0.440709014773408,%,1
OBS,2020,EU27+4,WEEE_generatedDedicated,WEEE_Cat4a,capElectrolytic,CuAndCuAlloys,Ag,e-m,0.66247814197353,%,1
OBS,2020,EU27+4,WEEE_generatedDedicated,WEEE_Cat4a,capElectrolytic,CuAndCuAlloys,Dy,e-m,0.240512086328507,%,3
OBS,2020,EU27+4,WEEE_generatedDedicated,WEEE_Cat4a,capElectrolytic,CuAndCuAlloys,Zr,e-m,0.0970097716979631,%,3
OBS,2020,EU27+4,WEEE_generatedDedicated,WEEE_Cat4a,capElectrolytic,CuAndCuAlloys,,m-c,0.132073418320233,%,3
OBS,2020,EU27+4,WEEE_generatedDedicated,WEEE_Cat4a,capElectrolytic,,,c-p,0.0105150811952635,%,3
OBS,2020,EU27+4,WEEE_generatedDedicated,WEEE_Cat4a,capElectrolytic,undefinedAndMixedMaterials,Ag,e-m,1,%,3
OBS,2020,EU27+4,WEEE_generatedDedicated,WEEE_Cat4a,capElectrolytic,undefinedAndMixedMaterials,,m-c,0.867926581679767,%,1
OBS,2020,EU27+4,WEEE_generatedDedicated,WEEE_Cat4a,casingPlasticBased,AlAndAlAlloys,Ag,e-m,0.354443132125754,%,1
OBS,2020,EU27+4,WEEE_generatedDedicated,WEEE_Cat4a,casingPlasticBased,AlAndAlAlloys,As,e-m,0.191935750926815,%,3
OBS,2020,EU27+4,WEEE_generatedDedicated,WEEE_Cat4a,casingPlasticBased,AlAndAlAlloys,Cu,e-m,0.243612060682692,%,3
OBS,2020,EU27+4,WEEE_generatedDedicated,WEEE_Cat4a,casingPlasticBased,AlAndAlAlloys,Ga,e-m,0.021800285130342,%,3
OBS,2020,EU27+4,WEEE_generatedDedicated,WEEE_Cat4a,casingPlasticBased,AlAndAlAlloys,Mn,e-m,0.0283914704438602,%,1
OBS,2020,EU27+4,WEEE_generatedDedicated,WEEE_Cat4a,casingPlasticBased,AlAndAlAlloys,Mo,e-m,0.0936448234335797,%,1
OBS,2020,EU27+4,WEEE_generatedDedicated,WEEE_Cat4a,casingPlasticBased,AlAndAlAlloys,Sm,e-m,0.0661724772569569,%,3
OBS,2020,EU27+4,WEEE_generatedDedicated,WEEE_Cat4a,casingPlasticBased,AlAndAlAlloys,,m-c,0.17977064639938,%,1
OBS,2020,EU27+4,WEEE_generatedDedicated,WEEE_Cat4a,casingPlasticBased,CuAndCuAlloys,Ag,e-m,0.32464309213841,%,1
OBS,2020,EU27+4,WEEE_generatedDedicated,WEEE_Cat4a,casingPlasticBased,CuAndCuAlloys,Dy,e-m,0.465352235050105,%,2
OBS,2020,EU27+4,WEEE_generatedDedicated,WEEE_Cat4a,casingPlasticBased,CuAndCuAlloys,Zr,e-m,0.210004672811484,%,3
OBS,2020,EU27+4,WEEE_generatedDedicated,WEEE_Cat4a,casingPlasticBased,CuAndCuAlloys,,m-c,0.202278032674731,%,1
OBS,2020,EU27+4,WEEE_generatedDedicated,WEEE_Cat4a,casingPlasticBased,ferrousMetals,Ag,e-m,0.118517113947554,%,2
OBS,2020,EU27+4,WEEE_generatedDedicated,WEEE_Cat4a,casingPlasticBased,ferrousMetals,Ca,e-m,0.0955979724723091,%,2
OBS,2020,EU27+4,WEEE_generatedDedicated,WEEE_Cat4a,casingPlasticBased,ferrousMetals,Cu,e-m,0.195507254245,%,2
OBS,2020,EU27+4,WEEE_generatedDedicated,WEEE_Cat4a,casingPlasticBased,ferrousMetals,Ga,e-m,0.238599765076288,%,1
OBS,2020,EU27+4,WEEE_generatedDedicated,WEEE_Cat4a,casingPlasticBased,ferrousMetals,Mo,e-m,0.0165435265967638,%,1
OBS,2020,EU27+4,WEEE_generatedDedicated,WEEE_Cat4a,casingPlasticBased,ferrousMetals,O,e-m,0.281248324266106,%,3
OBS,2020,EU27+4,WEEE_generatedDedicated,WEEE_Cat4a,casingPlasticBased,ferrousMetals,Sm,e-m,0.0539860433959801,%,3
OBS,2020,EU27+4,WEEE_generatedDedicated,WEEE_Cat4a,casingPlasticBased,ferrousMetals,,m-c,0.0408522804766671,%,1
OBS,2020,EU27+4,WEEE_generatedDedicated,WEEE_Cat4a,casingPlasticBased,,,c-p,0.0035175424065896,%,1
OBS,2020,EU27+4,WEEE_generatedDedicated,WEEE_Cat4a,casingPlasticBased,otherOrganics,Ag,e-m,1,%,3
OBS,2020,EU27+4,WEEE_generatedDedicated,WEEE_Cat4a,casingPlasticBased,otherOrganics,,m-c,0.151455315302759,%,3
OBS,2020,EU27+4,WEEE_generatedDedicated,WEEE_Cat4a,casingPlasticBased,plastics,Ag,e-m,1,%,2
OBS,2020,EU27+4,WEEE_generatedDedicated,WEEE_Cat4a,casingPlasticBased,plastics,,m-c,0.0956474616271392,%,3
OBS,2020,EU27+4,WEEE_generatedDedicated,WEEE_Cat4a,casingPlasticBased,polymerPA6GF30,Ag,e-m,1,%,1
OBS,2020,EU27+4,WEEE_generatedDedicated,WEEE_Cat4a,casingPlasticBased,polymerPA6GF30,,m-c,0.0403312073830276,%,2
OBS,2020,EU27+4,WEEE_generatedDedicated,WEEE_Cat4a,casingPlasticBased,polymerPPGF30,Ag,e-m,1,%,1
OBS,2020,EU27+4,WEEE_generatedDedicated,WEEE_Cat4a,casingPlasticBased,polymerPPGF30,,m-c,0.202926413403214,%,2
OBS,2020,EU27+4,WEEE_generatedDedicated,WEEE_Cat4a,casingPlasticBased,polymerPPTF30,Ag,e-m,1,%,2
OBS,2020,EU27+4,WEEE_generatedDedicated,WEEE_Cat4a,casingPlasticBased,polymerPPTF30,,m-c,0.0532818790708043,%,2
OBS,2020,EU27+4,WEEE_generatedDedicated,WEEE_Cat4a,casingPlasticBased,undefinedAndMixedMaterials,,m-c,0.0334567636622778,%,3
OBS,2020,EU27+4,WEEE_generatedDedicated,WEEE_Cat4a,casingSteelBased,ferrousMetals,Ag,e-m,0.320506762422822,%,3
OBS,2020,EU27+4,WEEE_generatedDedicated,WEEE_Cat4a,casingSteelBased,ferrousMetals,Cu,e-m,0.416146195824274,%,1
OBS,2020,EU27+4,WEEE_generatedDedicated,WEEE_Cat4a,casingSteelBased,ferrousMetals,Ga,e-m,0.134818713294836,%,2
OBS,2020,EU27+4,WEEE_generatedDedicated,WEEE_Cat4a,casingSteelBased,ferrousMetals,Mo,e-m,0.0270698175085983,%,2
OBS,2020,EU27+4,WEEE_generatedDedicated,WEEE_Cat4a,casingSteelBased,ferrousMetals,O,e-m,0.0216541988704995,%,3
OBS,2020,EU27+4,WEEE_generatedDedicated,WEEE_Cat4a,casingSteelBased,ferrousMetals,Sm,e-m,0.0798043120789704,%,2
OBS,2020,EU27+4,WEEE_generatedDedicated,WEEE_Cat4a,casingSteelBased,ferrousMetals,,m-c,1,%,2
OBS,2020,EU27+4,WEEE_generatedDedicated,WEEE_Cat4a,casingSteelBased,,,c-p,0.0021533713224239,%,3
OBS,2020,EU27+4,WEEE_generatedDedicated,WEEE_Cat4a,casingUnspecified,AlAndAlAlloys,Ag,e-m,0.519398890558291,%,1
OBS,2020,EU27+4,WEEE_generatedDedicated,WEEE_Cat4a,casingUnspecified,AlAndAlAlloys,As,e-m,0.0972814481144824,%,3
OBS,2020,EU27+4,WEEE_generatedDedicated,WEEE_Cat4a,casingUnspecified,AlAndAlAlloys,Cu,e-m,0.0095654721546979,%,2
OBS,2020,EU27+4,WEEE_generatedDedicated,WEEE_Cat4a,casingUnspecified,AlAndAlAlloys,Ga,e-m,0.0204698065436945,%,2
OBS,2020,EU27+4,WEEE_generatedDedicated,WEEE_Cat4a,casingUnspecified,AlAndAlAlloys,Mn,e-m,0.0616838785950538,%,1
OBS,2020,EU27+4,WEEE_generatedDedicated,WEEE_Cat4a,casingUnspecified,AlAndAlAlloys,Mo,e-m,0.0812809270856099,%,1
OBS,2020,EU27+4,WEEE_generatedDedicated,WEEE_Cat4a,casingUnspecified,AlAndAlAlloys,Sm,e-m,0.210319576948171,%,2
OBS,2020,EU27+4,WEEE_generatedDedicated,WEEE_Cat4a,casingUnspecified,AlAndAlAlloys,,m-c,0.0664225313290735,%,3
OBS,2020,EU27+4,WEEE_generatedDedicated,WEEE_Cat4a,casingUnspecified,CuAndCuAlloys,Ag,e-m,0.330827838886247,%,3
OBS,2020,EU27+4,WEEE_generatedDedicated,WEEE_Cat4a,casingUnspecified,CuAndCuAlloys,Dy,e-m,0.317630701392267,%,3
OBS,2020,EU27+4,WEEE_generatedDedicated,WEEE_Cat4a,casingUnspecified,CuAndCuAlloys,Zr,e-m,0.351541459721486,%,1
OBS,2020,EU27+4,WEEE_generatedDedicated,WEEE_Cat4a,casingUnspecified,CuAndCuAlloys,,m-c,0.0472146339105821,%,3
OBS,2020,EU27+4,WEEE_generatedDedicated,WEEE_Cat4a,casingUnspecified,ferrousMetals,Ag,e-m,0.0131624277709279,%,3
OBS,2020,EU27+4,WEEE_generatedDedicated,WEEE_Cat4a,casingUnspecified,ferrousMetals,Cu,e-m,0.0088145595703302,%,2
OBS,2020,EU27+4,WEEE_generatedDedicated,WEEE_Cat4a,casingUnspecified,ferrousMetals,Ga,e-m,0.412806231521046,%,1
OBS,2020,EU27+4,WEEE_generatedDedicated,WEEE_Cat4a,casingUnspecified,ferrousMetals,Mo,e-m,0.0364508897943076,%,3
OBS,2020,EU27+4,WEEE_generatedDedicated,WEEE_Cat4a,casingUnspecified,ferrousMetals,O,e-m,0.27040926826532,%,2
OBS,2020,EU27+4,WEEE_generatedDedicated,WEEE_Cat4a,casingUnspecified,ferrousMetals,Sm,e-m,0.258356623078068,%,2
OBS,2020,EU27+4,WEEE_generatedDedicated,WEEE_Cat4a,casingUnspecified,ferrousMetals,,m-c,0.174371945522655,%,2
OBS,2020,EU27+4,WEEE_generatedDedicated,WEEE_Cat4a,casingUnspecified,glass,Ag,e-m,0.0548306340777079,%,1
OBS,2020,EU27+4,WEEE_generatedDedicated,WEEE_Cat4a,casingUnspecified,glass,Pd,e-m,0.229725779711643,%,3
OBS,2020,EU27+4,WEEE_generatedDedicated,WEEE_Cat4a,casingUnspecified,glass,Sc,e-m,0.532061043894398,%,2
OBS,2020,EU27+4,WEEE_generatedDedicated,WEEE_Cat4a,casingUnspecified,glass,Zr,e-m,0.18338254231625,%,2
OBS,2020,EU27+4,WEEE_generatedDedicated,WEEE_Cat4a,casingUnspecified,glass,,m-c,0.126330447801355,%,3
OBS,2020,EU27+4,WEEE_generatedDedicated,WEEE_Cat4a,casingUnspecified,,,c-p,0.0331776914952277,%,3
OBS,2020,EU27+4,WEEE_generatedDedicated,WEEE_Cat4a,casingUnspecified,otherMetalsAndMetalAlloys,Ag,e-m,0.486318875631767,%,1
OBS,2020,EU27+4,WEEE_generatedDedicated,WEEE_Cat4a,casingUnspecified,otherMetalsAndMetalAlloys,Al,e-m,0.0312694816678092,%,2
OBS,2020,EU27+4,WEEE_generatedDedicated,WEEE_Cat4a,casingUnspecified,otherMetalsAndMetalAlloys,Dy,e-m,0.482411642700423,%,2
OBS,2020,EU27+4,WEEE_generatedDedicated,WEEE_Cat4a,casingUnspecified,otherMetalsAndMetalAlloys,,m-c,0.0276231395590743,%,2
OBS,2020,EU27+4,WEEE_generatedDedicated,WEEE_Cat4a,casingUnspecified,plastics,Ag,e-m,1,%,1
OBS,2020,EU27+4,WEEE_generatedDedicated,WEEE_Cat4a,casingUnspecified,plastics,,m-c,0.52235408161052,%,1
OBS,2020,EU27+4,WEEE_generatedDedicated,WEEE_Cat4a,casingUnspecified,undefinedAndMixedMaterials,Ag,e-m,1,%,3
OBS,2020,EU27+4,WEEE_generatedDedicated,WEEE_Cat4a,casingUnspecified,undefinedAndMixedMaterials,,m-c,0.0356832202667403,%,2
OBS,2020,EU27+4,WEEE_generatedDedicated,WEEE_Cat4a,coldCathodeLamp,,,c-p,0.0052484056631112,%,1
OBS,2020,EU27+4,WEEE_generatedDedicated,WEEE_Cat4a,compContainHazardSubst,,,c-p,0.0053093201999046,%,3
OBS,2020,EU27+4,WEEE_generatedDedicated,WEEE_Cat4a,compressor,CuAndCuAlloys,Ag,e-m,0.186104863360378,%,2
OBS,2020,EU27+4,WEEE_generatedDedicated,WEEE_Cat4a,compressor,CuAndCuAlloys,As,e-m,0.0119317084197237,%,1
OBS,2020,EU27+4,WEEE_generatedDedicated,WEEE_Cat4a,compressor,CuAndCuAlloys,Cu,e-m,0.0064039324303878,%,3
OBS,2020,EU27+4,WEEE_generatedDedicated,WEEE_Cat4a,compressor,CuAndCuAlloys,Dy,e-m,0.137272284830867,%,1
OBS,2020,EU27+4,WEEE_generatedDedicated,WEEE_Cat4a,compressor,CuAndCuAlloys,Ga,e-m,0.239144463973688,%,2
OBS,2020,EU27+4,WEEE_generatedDedicated,WEEE_Cat4a,compressor,CuAndCuAlloys,Mn,e-m,0.084191376453358,%,2
OBS,2020,EU27+4,WEEE_generatedDedicated,WEEE_Cat4a,compressor,CuAndCuAlloys,Mo,e-m,0.120167489068938,%,3
OBS,2020,EU27+4,WEEE_generatedDedicated,WEEE_Cat4a,compressor,CuAndCuAlloys,Sm,e-m,0.0917211486061175,%,1
OBS,2020,EU27+4,WEEE_generatedDedicated,WEEE_Cat4a,compressor,CuAndCuAlloys,Zr,e-m,0.123062732856542,%,3
OBS,2020,EU27+4,WEEE_generatedDedicated,WEEE_Cat4a,compressor,CuAndCuAlloys,,m-c,0.247584009980395,%,3
OBS,2020,EU27+4,WEEE_generatedDedicated,WEEE_Cat4a,compressor,glass,Ag,e-m,0.310586971220288,%,2
OBS,2020,EU27+4,WEEE_generatedDedicated,WEEE_Cat4a,compressor,glass,Pd,e-m,0.0067630253251612,%,3
OBS,2020,EU27+4,WEEE_generatedDedicated,WEEE_Cat4a,compressor,glass,Sc,e-m,0.491097942391825,%,1
OBS,2020,EU27+4,WEEE_generatedDedicated,WEEE_Cat4a,compressor,glass,Zr,e-m,0.191552061062726,%,2
OBS,2020,EU27+4,WEEE_generatedDedicated,WEEE_Cat4a,compressor,glass,,m-c,0.203072441868273,%,2
OBS,2020,EU27+4,WEEE_generatedDedicated,WEEE_Cat4a,compressor,,,c-p,0.0319555738262623,%,1
OBS,2020,EU27+4,WEEE_generatedDedicated,WEEE_Cat4a,compressor,otherFerrousAlloys,Ag,e-m,0.228623179639093,%,3
OBS,2020,EU27+4,WEEE_generatedDedicated,WEEE_Cat4a,compressor,otherFerrousAlloys,Ca,e-m,0.0614861235960081,%,3
OBS,2020,EU27+4,WEEE_generatedDedicated,WEEE_Cat4a,compressor,otherFerrousAlloys,Ga,e-m,0.07790564372778,%,2
OBS,2020,EU27+4,WEEE_generatedDedicated,WEEE_Cat4a,compressor,otherFerrousAlloys,Mo,e-m,0.384564229330596,%,1
OBS,2020,EU27+4,WEEE_generatedDedicated,WEEE_Cat4a,compressor,otherFerrousAlloys,Sm,e-m,0.247420823706523,%,3
OBS,2020,EU27+4,WEEE_generatedDedicated,WEEE_Cat4a,compressor,otherFerrousAlloys,,m-c,0.0076459061165889,%,1
OBS,2020,EU27+4,WEEE_generatedDedicated,WEEE_Cat4a,compressor,otherOrUndefinedMaterials,Ag,e-m,1,%,2
OBS,2020,EU27+4,WEEE_generatedDedicated,WEEE_Cat4a,compressor,otherOrUndefinedMaterials,,m-c,0.313285730274813,%,3
OBS,2020,EU27+4,WEEE_generatedDedicated,WEEE_Cat4a,compressor,plastics,Ag,e-m,1,%,3
OBS,2020,EU27+4,WEEE_generatedDedicated,WEEE_Cat4a,compressor,plastics,,m-c,0.0668958446756536,%,2
OBS,2020,EU27+4,WEEE_generatedDedicated,WEEE_Cat4a,compressor,steelAndSteelAlloys,Ag,e-m,0.119648132842175,%,1
OBS,2020,EU27+4,WEEE_generatedDedicated,WEEE_Cat4a,compressor,steelAndSteelAlloys,Cu,e-m,0.027350379379714,%,2
OBS,2020,EU27+4,WEEE_generatedDedicated,WEEE_Cat4a,compressor,steelAndSteelAlloys,Ga,e-m,0.0454757727633079,%,3
OBS,2020,EU27+4,WEEE_generatedDedicated,WEEE_Cat4a,compressor,steelAndSteelAlloys,Mo,e-m,0.412463579135112,%,3
OBS,2020,EU27+4,WEEE_generatedDedicated,WEEE_Cat4a,compressor,steelAndSteelAlloys,O,e-m,0.00266878385552,%,2
OBS,2020,EU27+4,WEEE_generatedDedicated,WEEE_Cat4a,compressor,steelAndSteelAlloys,Sm,e-m,0.392393352024171,%,1
OBS,2020,EU27+4,WEEE_generatedDedicated,WEEE_Cat4a,compressor,steelAndSteelAlloys,,m-c,0.161516067084277,%,2
OBS,2020,EU27+4,WEEE_generatedDedicated,WEEE_Cat4a,condensator,,,c-p,0.0206867429597533,%,2
OBS,2020,EU27+4,WEEE_generatedDedicated,WEEE_Cat4a,contactor,,,c-p,0.0002748827230083,%,3
OBS,2020,EU27+4,WEEE_generatedDedicated,WEEE_Cat4a,displayCRT,AlAndAlAlloys,Ag,e-m,0.131869077503099,%,3
OBS,2020,EU27+4,WEEE_generatedDedicated,WEEE_Cat4a,displayCRT,AlAndAlAlloys,As,e-m,0.19819962840547,%,1
OBS,2020,EU27+4,WEEE_generatedDedicated,WEEE_Cat4a,displayCRT,AlAndAlAlloys,Cu,e-m,0.186273733613028,%,3
OBS,2020,EU27+4,WEEE_generatedDedicated,WEEE_Cat4a,displayCRT,AlAndAlAlloys,Ga,e-m,0.0210163549433003,%,3
OBS,2020,EU27+4,WEEE_generatedDedicated,WEEE_Cat4a,displayCRT,AlAndAlAlloys,Mn,e-m,0.201874436191489,%,1
OBS,2020,EU27+4,WEEE_generatedDedicated,WEEE_Cat4a,displayCRT,AlAndAlAlloys,Mo,e-m,0.200273107200063,%,2
OBS,2020,EU27+4,WEEE_generatedDedicated,WEEE_Cat4a,displayCRT,AlAndAlAlloys,Sm,e-m,0.0604936621435502,%,3
OBS,2020,EU27+4,WEEE_generatedDedicated,WEEE_Cat4a,displayCRT,AlAndAlAlloys,,m-c,0.865403300250338,%,3
OBS,2020,EU27+4,WEEE_generatedDedicated,WEEE_Cat4a,displayCRT,glass,Ag,e-m,0.261293168320964,%,2
OBS,2020,EU27+4,WEEE_generatedDedicated,WEEE_Cat4a,displayCRT,glass,Pd,e-m,0.0583855585740825,%,3
OBS,2020,EU27+4,WEEE_generatedDedicated,WEEE_Cat4a,displayCRT,glass,Sc,e-m,0.668407887165364,%,1
OBS,2020,EU27+4,WEEE_generatedDedicated,WEEE_Cat4a,displayCRT,glass,Zr,e-m,0.0119133859395893,%,3
OBS,2020,EU27+4,WEEE_generatedDedicated,WEEE_Cat4a,displayCRT,glass,,m-c,0.134596699749662,%,1
OBS,2020,EU27+4,WEEE_generatedDedicated,WEEE_Cat4a,displayCRT,,,c-p,0.0211808141624211,%,3
OBS,2020,EU27+4,WEEE_generatedDedicated,WEEE_Cat4a,displayLCD,AlAndAlAlloys,Ag,e-m,0.108516706917699,%,1
OBS,2020,EU27+4,WEEE_generatedDedicated,WEEE_Cat4a,displayLCD,AlAndAlAlloys,As,e-m,0.0386113447295615,%,2
OBS,2020,EU27+4,WEEE_generatedDedicated,WEEE_Cat4a,displayLCD,AlAndAlAlloys,Cu,e-m,0.426326822071216,%,2
OBS,2020,EU27+4,WEEE_generatedDedicated,WEEE_Cat4a,displayLCD,AlAndAlAlloys,Ga,e-m,0.0342634175816497,%,1
OBS,2020,EU27+4,WEEE_generatedDedicated,WEEE_Cat4a,displayLCD,AlAndAlAlloys,Mn,e-m,0.124394871056018,%,2
OBS,2020,EU27+4,WEEE_generatedDedicated,WEEE_Cat4a,displayLCD,AlAndAlAlloys,Mo,e-m,0.191801445706121,%,1
OBS,2020,EU27+4,WEEE_generatedDedicated,WEEE_Cat4a,displayLCD,AlAndAlAlloys,Sm,e-m,0.0760853919377353,%,1
OBS,2020,EU27+4,WEEE_generatedDedicated,WEEE_Cat4a,displayLCD,AlAndAlAlloys,,m-c,0.290206087604431,%,3
OBS,2020,EU27+4,WEEE_generatedDedicated,WEEE_Cat4a,displayLCD,CuAndCuAlloys,Ag,e-m,0.48794707114793,%,2
OBS,2020,EU27+4,WEEE_generatedDedicated,WEEE_Cat4a,displayLCD,CuAndCuAlloys,Dy,e-m,0.243634428787094,%,3
OBS,2020,EU27+4,WEEE_generatedDedicated,WEEE_Cat4a,displayLCD,CuAndCuAlloys,Zr,e-m,0.268418500064976,%,1
OBS,2020,EU27+4,WEEE_generatedDedicated,WEEE_Cat4a,displayLCD,CuAndCuAlloys,,m-c,0.145699905830181,%,3
OBS,2020,EU27+4,WEEE_generatedDedicated,WEEE_Cat4a,displayLCD,ferrousMetals,Ag,e-m,0.13391468699297,%,2
OBS,2020,EU27+4,WEEE_generatedDedicated,WEEE_Cat4a,displayLCD,ferrousMetals,Cu,e-m,0.504221073123888,%,2
OBS,2020,EU27+4,WEEE_generatedDedicated,WEEE_Cat4a,displayLCD,ferrousMetals,Ga,e-m,0.0653166891009704,%,3
OBS,2020,EU27+4,WEEE_generatedDedicated,WEEE_Cat4a,displayLCD,ferrousMetals,Mo,e-m,0.0110984140111543,%,2
OBS,2020,EU27+4,WEEE_generatedDedicated,WEEE_Cat4a,displayLCD,ferrousMetals,O,e-m,0.104301211188042,%,2
OBS,2020,EU27+4,WEEE_generatedDedicated,WEEE_Cat4a,displayLCD,ferrousMetals,Sm,e-m,0.181147925582975,%,2
OBS,2020,EU27+4,WEEE_generatedDedicated,WEEE_Cat4a,displayLCD,ferrousMetals,,m-c,0.175952109103768,%,1
OBS,2020,EU27+4,WEEE_generatedDedicated,WEEE_Cat4a,displayLCD,glass,Ag,e-m,0.632872736427297,%,1
OBS,2020,EU27+4,WEEE_generatedDedicated,WEEE_Cat4a,displayLCD,glass,Pd,e-m,0.152977706901984,%,2
OBS,2020,EU27+4,WEEE_generatedDedicated,WEEE_Cat4a,displayLCD,glass,Sc,e-m,0.107731906022876,%,3
OBS,2020,EU27+4,WEEE_generatedDedicated,WEEE_Cat4a,displayLCD,glass,Zr,e-m,0.106417650647844,%,1
OBS,2020,EU27+4,WEEE_generatedDedicated,WEEE_Cat4a,displayLCD,glass,,m-c,0.197118324797214,%,2
OBS,2020,EU27+4,WEEE_generatedDedicated,WEEE_Cat4a,displayLCD,,,c-p,0.000590032298903,%,2
OBS,2020,EU27+4,WEEE_generatedDedicated,WEEE_Cat4a,displayLCD,plastics,Ag,e-m,1,%,1
OBS,2020,EU27+4,WEEE_generatedDedicated,WEEE_Cat4a,displayLCD,plastics,,m-c,0.160752819160986,%,2
OBS,2020,EU27+4,WEEE_generatedDedicated,WEEE_Cat4a,displayLCD,undefinedAndMixedMaterials,Ag,e-m,1,%,2
OBS,2020,EU27+4,WEEE_generatedDedicated,WEEE_Cat4a,displayLCD,undefinedAndMixedMaterials,,m-c,0.0302707535034204,%,2
OBS,2020,EU27+4,WEEE_generatedDedicated,WEEE_Cat4a,displayLCDunder100cm2,,,c-p,0.0083535494079057,%,3
OBS,2020,EU27+4,WEEE_generatedDedicated,WEEE_Cat4a,displayOther,AlAndAlAlloys,Ag,e-m,0.0975368326466838,%,2
OBS,2020,EU27+4,WEEE_generatedDedicated,WEEE_Cat4a,displayOther,AlAndAlAlloys,As,e-m,0.247912146115236,%,3
OBS,2020,EU27+4,WEEE_generatedDedicated,WEEE_Cat4a,displayOther,AlAndAlAlloys,Cu,e-m,0.0165605120734265,%,1
OBS,2020,EU27+4,WEEE_generatedDedicated,WEEE_Cat4a,displayOther,AlAndAlAlloys,Ga,e-m,0.0876166350038253,%,1
OBS,2020,EU27+4,WEEE_generatedDedicated,WEEE_Cat4a,displayOther,AlAndAlAlloys,Mn,e-m,0.219211660459577,%,1
OBS,2020,EU27+4,WEEE_generatedDedicated,WEEE_Cat4a,displayOther,AlAndAlAlloys,Mo,e-m,0.0299653101604804,%,1
OBS,2020,EU27+4,WEEE_generatedDedicated,WEEE_Cat4a,displayOther,AlAndAlAlloys,Sm,e-m,0.301196903540771,%,2
OBS,2020,EU27+4,WEEE_generatedDedicated,WEEE_Cat4a,displayOther,AlAndAlAlloys,,m-c,0.0129161408304412,%,1
OBS,2020,EU27+4,WEEE_generatedDedicated,WEEE_Cat4a,displayOther,CuAndCuAlloys,Ag,e-m,0.0293820453187901,%,2
OBS,2020,EU27+4,WEEE_generatedDedicated,WEEE_Cat4a,displayOther,CuAndCuAlloys,Dy,e-m,0.925867311990887,%,1
OBS,2020,EU27+4,WEEE_generatedDedicated,WEEE_Cat4a,displayOther,CuAndCuAlloys,Zr,e-m,0.0447506426903223,%,1
OBS,2020,EU27+4,WEEE_generatedDedicated,WEEE_Cat4a,displayOther,CuAndCuAlloys,,m-c,0.277631711948069,%,1
OBS,2020,EU27+4,WEEE_generatedDedicated,WEEE_Cat4a,displayOther,ferrousMetals,Ag,e-m,0.0048600249970863,%,2
OBS,2020,EU27+4,WEEE_generatedDedicated,WEEE_Cat4a,displayOther,ferrousMetals,Cu,e-m,0.23504896512788,%,2
OBS,2020,EU27+4,WEEE_generatedDedicated,WEEE_Cat4a,displayOther,ferrousMetals,Ga,e-m,0.0842964160285841,%,2
OBS,2020,EU27+4,WEEE_generatedDedicated,WEEE_Cat4a,displayOther,ferrousMetals,Mo,e-m,0.536638395502531,%,3
OBS,2020,EU27+4,WEEE_generatedDedicated,WEEE_Cat4a,displayOther,ferrousMetals,O,e-m,0.0796149957463554,%,3
OBS,2020,EU27+4,WEEE_generatedDedicated,WEEE_Cat4a,displayOther,ferrousMetals,Sm,e-m,0.0595412025975628,%,2
OBS,2020,EU27+4,WEEE_generatedDedicated,WEEE_Cat4a,displayOther,ferrousMetals,,m-c,0.103647665068161,%,3
OBS,2020,EU27+4,WEEE_generatedDedicated,WEEE_Cat4a,displayOther,glass,Ag,e-m,0.500728035527589,%,2
OBS,2020,EU27+4,WEEE_generatedDedicated,WEEE_Cat4a,displayOther,glass,Pd,e-m,0.0413885558501622,%,3
OBS,2020,EU27+4,WEEE_generatedDedicated,WEEE_Cat4a,displayOther,glass,Sc,e-m,0.20569872985561,%,2
OBS,2020,EU27+4,WEEE_generatedDedicated,WEEE_Cat4a,displayOther,glass,Zr,e-m,0.252184678766639,%,1
OBS,2020,EU27+4,WEEE_generatedDedicated,WEEE_Cat4a,displayOther,glass,,m-c,0.0332149231846754,%,3
OBS,2020,EU27+4,WEEE_generatedDedicated,WEEE_Cat4a,displayOther,,,c-p,0.0086602040594668,%,3
OBS,2020,EU27+4,WEEE_generatedDedicated,WEEE_Cat4a,displayOther,otherMetalsAndMetalAlloys,Ag,e-m,0.299533876043699,%,1
OBS,2020,EU27+4,WEEE_generatedDedicated,WEEE_Cat4a,displayOther,otherMetalsAndMetalAlloys,Al,e-m,0.148410598496877,%,2
OBS,2020,EU27+4,WEEE_generatedDedicated,WEEE_Cat4a,displayOther,otherMetalsAndMetalAlloys,Dy,e-m,0.552055525459423,%,3
OBS,2020,EU27+4,WEEE_generatedDedicated,WEEE_Cat4a,displayOther,otherMetalsAndMetalAlloys,,m-c,0.0162121983680288,%,1
OBS,2020,EU27+4,WEEE_generatedDedicated,WEEE_Cat4a,displayOther,plastics,Ag,e-m,1,%,3
OBS,2020,EU27+4,WEEE_generatedDedicated,WEEE_Cat4a,displayOther,plastics,,m-c,0.377174563579349,%,2
OBS,2020,EU27+4,WEEE_generatedDedicated,WEEE_Cat4a,displayOther,undefinedAndMixedMaterials,Ag,e-m,1,%,3
OBS,2020,EU27+4,WEEE_generatedDedicated,WEEE_Cat4a,displayOther,undefinedAndMixedMaterials,,m-c,0.179202797021276,%,2
OBS,2020,EU27+4,WEEE_generatedDedicated,WEEE_Cat4a,displayPlasma,,,c-p,0.001559036464515,%,3
OBS,2020,EU27+4,WEEE_generatedDedicated,WEEE_Cat4a,driveCDDExt,,,c-p,0.001277955093236,%,3
OBS,2020,EU27+4,WEEE_generatedDedicated,WEEE_Cat4a,driveCDDInt,AlAndAlAlloys,Ag,e-m,0.009363440266421,%,3
OBS,2020,EU27+4,WEEE_generatedDedicated,WEEE_Cat4a,driveCDDInt,AlAndAlAlloys,As,e-m,0.0920039101347806,%,2
OBS,2020,EU27+4,WEEE_generatedDedicated,WEEE_Cat4a,driveCDDInt,AlAndAlAlloys,Cu,e-m,0.0623187639506046,%,3
OBS,2020,EU27+4,WEEE_generatedDedicated,WEEE_Cat4a,driveCDDInt,AlAndAlAlloys,Ga,e-m,0.32783516148265,%,3
OBS,2020,EU27+4,WEEE_generatedDedicated,WEEE_Cat4a,driveCDDInt,AlAndAlAlloys,Mn,e-m,0.0562867612832201,%,1
OBS,2020,EU27+4,WEEE_generatedDedicated,WEEE_Cat4a,driveCDDInt,AlAndAlAlloys,Mo,e-m,0.18915548488581,%,3
OBS,2020,EU27+4,WEEE_generatedDedicated,WEEE_Cat4a,driveCDDInt,AlAndAlAlloys,Sm,e-m,0.263036477996513,%,1
OBS,2020,EU27+4,WEEE_generatedDedicated,WEEE_Cat4a,driveCDDInt,AlAndAlAlloys,,m-c,0.429748505813427,%,2
OBS,2020,EU27+4,WEEE_generatedDedicated,WEEE_Cat4a,driveCDDInt,CuAndCuAlloys,Ag,e-m,0.629115662836126,%,3
OBS,2020,EU27+4,WEEE_generatedDedicated,WEEE_Cat4a,driveCDDInt,CuAndCuAlloys,Dy,e-m,0.0788756099504191,%,1
OBS,2020,EU27+4,WEEE_generatedDedicated,WEEE_Cat4a,driveCDDInt,CuAndCuAlloys,Zr,e-m,0.292008727213455,%,1
OBS,2020,EU27+4,WEEE_generatedDedicated,WEEE_Cat4a,driveCDDInt,CuAndCuAlloys,,m-c,0.0102256414752627,%,3
OBS,2020,EU27+4,WEEE_generatedDedicated,WEEE_Cat4a,driveCDDInt,ferrousMetals,Ag,e-m,0.0154849810950561,%,1
OBS,2020,EU27+4,WEEE_generatedDedicated,WEEE_Cat4a,driveCDDInt,ferrousMetals,Cu,e-m,0.537393189927252,%,1
OBS,2020,EU27+4,WEEE_generatedDedicated,WEEE_Cat4a,driveCDDInt,ferrousMetals,Ga,e-m,0.112255388280499,%,2
OBS,2020,EU27+4,WEEE_generatedDedicated,WEEE_Cat4a,driveCDDInt,ferrousMetals,Mo,e-m,0.104080105669968,%,2
OBS,2020,EU27+4,WEEE_generatedDedicated,WEEE_Cat4a,driveCDDInt,ferrousMetals,O,e-m,0.124780832727997,%,1
OBS,2020,EU27+4,WEEE_generatedDedicated,WEEE_Cat4a,driveCDDInt,ferrousMetals,Sm,e-m,0.106005502299228,%,1
OBS,2020,EU27+4,WEEE_generatedDedicated,WEEE_Cat4a,driveCDDInt,ferrousMetals,,m-c,0.199198277408115,%,3
OBS,2020,EU27+4,WEEE_generatedDedicated,WEEE_Cat4a,driveCDDInt,,,c-p,0.007499325890857,%,2
OBS,2020,EU27+4,WEEE_generatedDedicated,WEEE_Cat4a,driveCDDInt,otherMetalsAndMetalAlloys,Ag,e-m,0.205708124725824,%,3
OBS,2020,EU27+4,WEEE_generatedDedicated,WEEE_Cat4a,driveCDDInt,otherMetalsAndMetalAlloys,Al,e-m,0.0137131067069581,%,3
OBS,2020,EU27+4,WEEE_generatedDedicated,WEEE_Cat4a,driveCDDInt,otherMetalsAndMetalAlloys,Dy,e-m,0.780578768567218,%,3
OBS,2020,EU27+4,WEEE_generatedDedicated,WEEE_Cat4a,driveCDDInt,otherMetalsAndMetalAlloys,,m-c,0.086211257489943,%,1
OBS,2020,EU27+4,WEEE_generatedDedicated,WEEE_Cat4a,driveCDDInt,plastics,Ag,e-m,1,%,1
OBS,2020,EU27+4,WEEE_generatedDedicated,WEEE_Cat4a,driveCDDInt,plastics,,m-c,0.200070344847756,%,1
OBS,2020,EU27+4,WEEE_generatedDedicated,WEEE_Cat4a,driveCDDInt,undefinedAndMixedMaterials,Ag,e-m,1,%,2
OBS,2020,EU27+4,WEEE_generatedDedicated,WEEE_Cat4a,driveCDDInt,undefinedAndMixedMaterials,,m-c,0.0745459729654962,%,2
OBS,2020,EU27+4,WEEE_generatedDedicated,WEEE_Cat4a,driveFDD,AlAndAlAlloys,Ag,e-m,0.138645224075873,%,2
OBS,2020,EU27+4,WEEE_generatedDedicated,WEEE_Cat4a,driveFDD,AlAndAlAlloys,As,e-m,0.043446034664107,%,1
OBS,2020,EU27+4,WEEE_generatedDedicated,WEEE_Cat4a,driveFDD,AlAndAlAlloys,Cu,e-m,0.0579224945212363,%,1
OBS,2020,EU27+4,WEEE_generatedDedicated,WEEE_Cat4a,driveFDD,AlAndAlAlloys,Ga,e-m,0.153759831856342,%,1
OBS,2020,EU27+4,WEEE_generatedDedicated,WEEE_Cat4a,driveFDD,AlAndAlAlloys,Mn,e-m,0.159928354800806,%,2
OBS,2020,EU27+4,WEEE_generatedDedicated,WEEE_Cat4a,driveFDD,AlAndAlAlloys,Mo,e-m,0.434809958109821,%,1
OBS,2020,EU27+4,WEEE_generatedDedicated,WEEE_Cat4a,driveFDD,AlAndAlAlloys,Sm,e-m,0.0114881019718146,%,2
OBS,2020,EU27+4,WEEE_generatedDedicated,WEEE_Cat4a,driveFDD,AlAndAlAlloys,,m-c,0.821489606182947,%,1
OBS,2020,EU27+4,WEEE_generatedDedicated,WEEE_Cat4a,driveFDD,ferrousMetals,Ag,e-m,0.0860533902617599,%,2
OBS,2020,EU27+4,WEEE_generatedDedicated,WEEE_Cat4a,driveFDD,ferrousMetals,Cu,e-m,0.140213666856386,%,3
OBS,2020,EU27+4,WEEE_generatedDedicated,WEEE_Cat4a,driveFDD,ferrousMetals,Ga,e-m,0.323038533122821,%,1
OBS,2020,EU27+4,WEEE_generatedDedicated,WEEE_Cat4a,driveFDD,ferrousMetals,Mo,e-m,0.076428684164306,%,1
OBS,2020,EU27+4,WEEE_generatedDedicated,WEEE_Cat4a,driveFDD,ferrousMetals,O,e-m,0.221428280301887,%,1
OBS,2020,EU27+4,WEEE_generatedDedicated,WEEE_Cat4a,driveFDD,ferrousMetals,Sm,e-m,0.15283744529284,%,1
OBS,2020,EU27+4,WEEE_generatedDedicated,WEEE_Cat4a,driveFDD,ferrousMetals,,m-c,0.178510393817053,%,2
OBS,2020,EU27+4,WEEE_generatedDedicated,WEEE_Cat4a,driveFDD,,,c-p,0.0104371480738057,%,1
OBS,2020,EU27+4,WEEE_generatedDedicated,WEEE_Cat4a,driveHDD,AlAndAlAlloys,Ag,e-m,0.253569169076977,%,3
OBS,2020,EU27+4,WEEE_generatedDedicated,WEEE_Cat4a,driveHDD,AlAndAlAlloys,As,e-m,0.0388555530337827,%,3
OBS,2020,EU27+4,WEEE_generatedDedicated,WEEE_Cat4a,driveHDD,AlAndAlAlloys,Cu,e-m,0.0118898250149551,%,2
OBS,2020,EU27+4,WEEE_generatedDedicated,WEEE_Cat4a,driveHDD,AlAndAlAlloys,Ga,e-m,0.0433138440405924,%,1
OBS,2020,EU27+4,WEEE_generatedDedicated,WEEE_Cat4a,driveHDD,AlAndAlAlloys,Mn,e-m,0.112278254408462,%,2
OBS,2020,EU27+4,WEEE_generatedDedicated,WEEE_Cat4a,driveHDD,AlAndAlAlloys,Mo,e-m,0.296779397143282,%,1
OBS,2020,EU27+4,WEEE_generatedDedicated,WEEE_Cat4a,driveHDD,AlAndAlAlloys,Sm,e-m,0.243313957281948,%,2
OBS,2020,EU27+4,WEEE_generatedDedicated,WEEE_Cat4a,driveHDD,AlAndAlAlloys,,m-c,0.043090389335499,%,2
OBS,2020,EU27+4,WEEE_generatedDedicated,WEEE_Cat4a,driveHDD,CuAndCuAlloys,Ag,e-m,0.245625943987737,%,1
OBS,2020,EU27+4,WEEE_generatedDedicated,WEEE_Cat4a,driveHDD,CuAndCuAlloys,Dy,e-m,0.586069687472531,%,2
OBS,2020,EU27+4,WEEE_generatedDedicated,WEEE_Cat4a,driveHDD,CuAndCuAlloys,Zr,e-m,0.168304368539732,%,2
OBS,2020,EU27+4,WEEE_generatedDedicated,WEEE_Cat4a,driveHDD,CuAndCuAlloys,,m-c,0.145904326907959,%,3
OBS,2020,EU27+4,WEEE_generatedDedicated,WEEE_Cat4a,driveHDD,ferrousMetals,Ag,e-m,0.577043719022338,%,1
OBS,2020,EU27+4,WEEE_generatedDedicated,WEEE_Cat4a,driveHDD,ferrousMetals,Cu,e-m,0.059743223372458,%,1
OBS,2020,EU27+4,WEEE_generatedDedicated,WEEE_Cat4a,driveHDD,ferrousMetals,Ga,e-m,0.18850557679889,%,1
OBS,2020,EU27+4,WEEE_generatedDedicated,WEEE_Cat4a,driveHDD,ferrousMetals,Mo,e-m,0.0663284712858033,%,1
OBS,2020,EU27+4,WEEE_generatedDedicated,WEEE_Cat4a,driveHDD,ferrousMetals,O,e-m,0.0888237888658446,%,3
OBS,2020,EU27+4,WEEE_generatedDedicated,WEEE_Cat4a,driveHDD,ferrousMetals,Sm,e-m,0.0195552206546659,%,1
OBS,2020,EU27+4,WEEE_generatedDedicated,WEEE_Cat4a,driveHDD,ferrousMetals,,m-c,0.10070721957028,%,2
OBS,2020,EU27+4,WEEE_generatedDedicated,WEEE_Cat4a,driveHDD,,,c-p,0.0135770034379788,%,2
OBS,2020,EU27+4,WEEE_generatedDedicated,WEEE_Cat4a,driveHDD,otherMetalsAndMetalAlloys,Ag,e-m,0.0537685726629896,%,1
OBS,2020,EU27+4,WEEE_generatedDedicated,WEEE_Cat4a,driveHDD,otherMetalsAndMetalAlloys,Al,e-m,0.335773112955763,%,2
OBS,2020,EU27+4,WEEE_generatedDedicated,WEEE_Cat4a,driveHDD,otherMetalsAndMetalAlloys,Dy,e-m,0.610458314381247,%,3
OBS,2020,EU27+4,WEEE_generatedDedicated,WEEE_Cat4a,driveHDD,otherMetalsAndMetalAlloys,,m-c,0.197031366810679,%,1
OBS,2020,EU27+4,WEEE_generatedDedicated,WEEE_Cat4a,driveHDD,plastics,Ag,e-m,1,%,2
OBS,2020,EU27+4,WEEE_generatedDedicated,WEEE_Cat4a,driveHDD,plastics,,m-c,0.218758154394975,%,1
OBS,2020,EU27+4,WEEE_generatedDedicated,WEEE_Cat4a,driveHDD,undefinedAndMixedMaterials,Ag,e-m,1,%,3
OBS,2020,EU27+4,WEEE_generatedDedicated,WEEE_Cat4a,driveHDD,undefinedAndMixedMaterials,,m-c,0.294508542980608,%,2
OBS,2020,EU27+4,WEEE_generatedDedicated,WEEE_Cat4a,driveUnspecified,CuAndCuAlloys,Ag,e-m,0.0839340155609954,%,1
OBS,2020,EU27+4,WEEE_generatedDedicated,WEEE_Cat4a,driveUnspecified,CuAndCuAlloys,Dy,e-m,0.827409556409113,%,2
OBS,2020,EU27+4,WEEE_generatedDedicated,WEEE_Cat4a,driveUnspecified,CuAndCuAlloys,Zr,e-m,0.088656428029891,%,2
OBS,2020,EU27+4,WEEE_generatedDedicated,WEEE_Cat4a,driveUnspecified,CuAndCuAlloys,,m-c,0.133284304080553,%,2
OBS,2020,EU27+4,WEEE_generatedDedicated,WEEE_Cat4a,driveUnspecified,ferrousMetals,Ag,e-m,0.216876335993322,%,3
OBS,2020,EU27+4,WEEE_generatedDedicated,WEEE_Cat4a,driveUnspecified,ferrousMetals,Cu,e-m,0.0335632461083468,%,3
OBS,2020,EU27+4,WEEE_generatedDedicated,WEEE_Cat4a,driveUnspecified,ferrousMetals,Ga,e-m,0.0796912377468199,%,1
OBS,2020,EU27+4,WEEE_generatedDedicated,WEEE_Cat4a,driveUnspecified,ferrousMetals,Mo,e-m,0.407615914830054,%,1
OBS,2020,EU27+4,WEEE_generatedDedicated,WEEE_Cat4a,driveUnspecified,ferrousMetals,O,e-m,0.240803463257844,%,3
OBS,2020,EU27+4,WEEE_generatedDedicated,WEEE_Cat4a,driveUnspecified,ferrousMetals,Sm,e-m,0.0214498020636134,%,2
OBS,2020,EU27+4,WEEE_generatedDedicated,WEEE_Cat4a,driveUnspecified,ferrousMetals,,m-c,0.0014083334048594,%,2
OBS,2020,EU27+4,WEEE_generatedDedicated,WEEE_Cat4a,driveUnspecified,,,c-p,0.0356488313512041,%,2
OBS,2020,EU27+4,WEEE_generatedDedicated,WEEE_Cat4a,driveUnspecified,plastics,Ag,e-m,1,%,1
OBS,2020,EU27+4,WEEE_generatedDedicated,WEEE_Cat4a,driveUnspecified,plastics,,m-c,0.106770672180604,%,1
OBS,2020,EU27+4,WEEE_generatedDedicated,WEEE_Cat4a,driveUnspecified,undefinedAndMixedMaterials,Ag,e-m,1,%,3
OBS,2020,EU27+4,WEEE_generatedDedicated,WEEE_Cat4a,driveUnspecified,undefinedAndMixedMaterials,,m-c,0.758536690333984,%,1
OBS,2020,EU27+4,WEEE_generatedDedicated,WEEE_Cat4a,electricEngine,AlAndAlAlloys,Ag,e-m,0.0688195394376153,%,3
OBS,2020,EU27+4,WEEE_generatedDedicated,WEEE_Cat4a,electricEngine,AlAndAlAlloys,As,e-m,0.428872537278665,%,3
OBS,2020,EU27+4,WEEE_generatedDedicated,WEEE_Cat4a,electricEngine,AlAndAlAlloys,Cu,e-m,0.188730213949844,%,2
OBS,2020,EU27+4,WEEE_generatedDedicated,WEEE_Cat4a,electricEngine,AlAndAlAlloys,Ga,e-m,0.0525083806097316,%,2
OBS,2020,EU27+4,WEEE_generatedDedicated,WEEE_Cat4a,electricEngine,AlAndAlAlloys,Mn,e-m,0.0742568938210411,%,3
OBS,2020,EU27+4,WEEE_generatedDedicated,WEEE_Cat4a,electricEngine,AlAndAlAlloys,Mo,e-m,0.0357058828213243,%,2
OBS,2020,EU27+4,WEEE_generatedDedicated,WEEE_Cat4a,electricEngine,AlAndAlAlloys,Sm,e-m,0.151106552081779,%,3
OBS,2020,EU27+4,WEEE_generatedDedicated,WEEE_Cat4a,electricEngine,AlAndAlAlloys,,m-c,0.305272368230478,%,1
OBS,2020,EU27+4,WEEE_generatedDedicated,WEEE_Cat4a,electricEngine,CuAndCuAlloys,Ag,e-m,0.124083121003389,%,1
OBS,2020,EU27+4,WEEE_generatedDedicated,WEEE_Cat4a,electricEngine,CuAndCuAlloys,Dy,e-m,0.252446466545856,%,3
OBS,2020,EU27+4,WEEE_generatedDedicated,WEEE_Cat4a,electricEngine,CuAndCuAlloys,Zr,e-m,0.623470412450755,%,1
OBS,2020,EU27+4,WEEE_generatedDedicated,WEEE_Cat4a,electricEngine,CuAndCuAlloys,,m-c,0.0748964318417006,%,3
OBS,2020,EU27+4,WEEE_generatedDedicated,WEEE_Cat4a,electricEngine,carbon,Ag,e-m,0.424109299110607,%,1
OBS,2020,EU27+4,WEEE_generatedDedicated,WEEE_Cat4a,electricEngine,carbon,Pd,e-m,0.204856569218067,%,1
OBS,2020,EU27+4,WEEE_generatedDedicated,WEEE_Cat4a,electricEngine,carbon,Sc,e-m,0.128845850949556,%,3
OBS,2020,EU27+4,WEEE_generatedDedicated,WEEE_Cat4a,electricEngine,carbon,Zr,e-m,0.24218828072177,%,3
OBS,2020,EU27+4,WEEE_generatedDedicated,WEEE_Cat4a,electricEngine,carbon,,m-c,0.100844205698924,%,3
OBS,2020,EU27+4,WEEE_generatedDedicated,WEEE_Cat4a,electricEngine,ferrousMetals,Ag,e-m,0.150040285190816,%,3
OBS,2020,EU27+4,WEEE_generatedDedicated,WEEE_Cat4a,electricEngine,ferrousMetals,Ca,e-m,0.371327997209888,%,1
OBS,2020,EU27+4,WEEE_generatedDedicated,WEEE_Cat4a,electricEngine,ferrousMetals,Cu,e-m,0.0796272084526427,%,3
OBS,2020,EU27+4,WEEE_generatedDedicated,WEEE_Cat4a,electricEngine,ferrousMetals,Ga,e-m,0.0274816047034935,%,3
OBS,2020,EU27+4,WEEE_generatedDedicated,WEEE_Cat4a,electricEngine,ferrousMetals,Mo,e-m,0.0145874812488495,%,1
OBS,2020,EU27+4,WEEE_generatedDedicated,WEEE_Cat4a,electricEngine,ferrousMetals,O,e-m,0.207099036684609,%,2
OBS,2020,EU27+4,WEEE_generatedDedicated,WEEE_Cat4a,electricEngine,ferrousMetals,Sm,e-m,0.149836386509702,%,1
OBS,2020,EU27+4,WEEE_generatedDedicated,WEEE_Cat4a,electricEngine,ferrousMetals,,m-c,0.0060781659758303,%,2
OBS,2020,EU27+4,WEEE_generatedDedicated,WEEE_Cat4a,electricEngine,,,c-p,0.0428522878430289,%,1
OBS,2020,EU27+4,WEEE_generatedDedicated,WEEE_Cat4a,electricEngine,otherOrganics,Ag,e-m,1,%,1
OBS,2020,EU27+4,WEEE_generatedDedicated,WEEE_Cat4a,electricEngine,otherOrganics,,m-c,0.210456333860665,%,2
OBS,2020,EU27+4,WEEE_generatedDedicated,WEEE_Cat4a,electricEngine,plastics,Ag,e-m,1,%,1
OBS,2020,EU27+4,WEEE_generatedDedicated,WEEE_Cat4a,electricEngine,plastics,,m-c,0.302452494392402,%,1
OBS,2020,EU27+4,WEEE_generatedDedicated,WEEE_Cat4a,filterFoamBased,,,c-p,0.0019045076793483,%,2
OBS,2020,EU27+4,WEEE_generatedDedicated,WEEE_Cat4a,filterFoamBased,plastics,Ag,e-m,1,%,3
OBS,2020,EU27+4,WEEE_generatedDedicated,WEEE_Cat4a,filterFoamBased,plastics,,m-c,1,%,2
OBS,2020,EU27+4,WEEE_generatedDedicated,WEEE_Cat4a,fuse,,,c-p,0.0017378228372187,%,2
OBS,2020,EU27+4,WEEE_generatedDedicated,WEEE_Cat4a,gear,,,c-p,0.0040442701910655,%,2
OBS,2020,EU27+4,WEEE_generatedDedicated,WEEE_Cat4a,gear,plastics,Ag,e-m,1,%,1
OBS,2020,EU27+4,WEEE_generatedDedicated,WEEE_Cat4a,gear,plastics,,m-c,1,%,1
OBS,2020,EU27+4,WEEE_generatedDedicated,WEEE_Cat4a,heatingCoolingEEEairCondenser,CuAndCuAlloys,Ag,e-m,0.363766959428441,%,3
OBS,2020,EU27+4,WEEE_generatedDedicated,WEEE_Cat4a,heatingCoolingEEEairCondenser,CuAndCuAlloys,Dy,e-m,0.304719746028874,%,2
OBS,2020,EU27+4,WEEE_generatedDedicated,WEEE_Cat4a,heatingCoolingEEEairCondenser,CuAndCuAlloys,Zr,e-m,0.331513294542686,%,1
OBS,2020,EU27+4,WEEE_generatedDedicated,WEEE_Cat4a,heatingCoolingEEEairCondenser,CuAndCuAlloys,,m-c,0.10346931506313,%,2
OBS,2020,EU27+4,WEEE_generatedDedicated,WEEE_Cat4a,heatingCoolingEEEairCondenser,,,c-p,0.023747949903823,%,1
OBS,2020,EU27+4,WEEE_generatedDedicated,WEEE_Cat4a,heatingCoolingEEEairCondenser,otherOrUndefinedMaterials,Ag,e-m,1,%,1
OBS,2020,EU27+4,WEEE_generatedDedicated,WEEE_Cat4a,heatingCoolingEEEairCondenser,otherOrUndefinedMaterials,,m-c,0.208927611084801,%,2
OBS,2020,EU27+4,WEEE_generatedDedicated,WEEE_Cat4a,heatingCoolingEEEairCondenser,plastics,Ag,e-m,1,%,3
OBS,2020,EU27+4,WEEE_generatedDedicated,WEEE_Cat4a,heatingCoolingEEEairCondenser,plastics,,m-c,0.0965813298997479,%,2
OBS,2020,EU27+4,WEEE_generatedDedicated,WEEE_Cat4a,heatingCoolingEEEairCondenser,steelAndSteelAlloys,Ag,e-m,0.0153169951523807,%,3
OBS,2020,EU27+4,WEEE_generatedDedicated,WEEE_Cat4a,heatingCoolingEEEairCondenser,steelAndSteelAlloys,Cu,e-m,0.135727500712936,%,2
OBS,2020,EU27+4,WEEE_generatedDedicated,WEEE_Cat4a,heatingCoolingEEEairCondenser,steelAndSteelAlloys,Ga,e-m,0.120861206835449,%,3
OBS,2020,EU27+4,WEEE_generatedDedicated,WEEE_Cat4a,heatingCoolingEEEairCondenser,steelAndSteelAlloys,Mo,e-m,0.220840545741047,%,2
OBS,2020,EU27+4,WEEE_generatedDedicated,WEEE_Cat4a,heatingCoolingEEEairCondenser,steelAndSteelAlloys,O,e-m,0.182988159554663,%,1
OBS,2020,EU27+4,WEEE_generatedDedicated,WEEE_Cat4a,heatingCoolingEEEairCondenser,steelAndSteelAlloys,Sm,e-m,0.324265592003524,%,2
OBS,2020,EU27+4,WEEE_generatedDedicated,WEEE_Cat4a,heatingCoolingEEEairCondenser,steelAndSteelAlloys,,m-c,0.591021743952321,%,1
OBS,2020,EU27+4,WEEE_generatedDedicated,WEEE_Cat4a,heatingCoolingEEEfan,AlAndAlAlloys,Ag,e-m,0.0149921987399332,%,1
OBS,2020,EU27+4,WEEE_generatedDedicated,WEEE_Cat4a,heatingCoolingEEEfan,AlAndAlAlloys,As,e-m,0.185828121111189,%,3
OBS,2020,EU27+4,WEEE_generatedDedicated,WEEE_Cat4a,heatingCoolingEEEfan,AlAndAlAlloys,Cu,e-m,0.0234155168791082,%,3
OBS,2020,EU27+4,WEEE_generatedDedicated,WEEE_Cat4a,heatingCoolingEEEfan,AlAndAlAlloys,Ga,e-m,0.388072521634062,%,1
OBS,2020,EU27+4,WEEE_generatedDedicated,WEEE_Cat4a,heatingCoolingEEEfan,AlAndAlAlloys,Mn,e-m,0.192602705059855,%,2
OBS,2020,EU27+4,WEEE_generatedDedicated,WEEE_Cat4a,heatingCoolingEEEfan,AlAndAlAlloys,Mo,e-m,0.116289734701871,%,3
OBS,2020,EU27+4,WEEE_generatedDedicated,WEEE_Cat4a,heatingCoolingEEEfan,AlAndAlAlloys,Sm,e-m,0.0787992018739812,%,3
OBS,2020,EU27+4,WEEE_generatedDedicated,WEEE_Cat4a,heatingCoolingEEEfan,AlAndAlAlloys,,m-c,0.0301292623712347,%,1
OBS,2020,EU27+4,WEEE_generatedDedicated,WEEE_Cat4a,heatingCoolingEEEfan,CuAndCuAlloys,Ag,e-m,0.034371960945897,%,2
OBS,2020,EU27+4,WEEE_generatedDedicated,WEEE_Cat4a,heatingCoolingEEEfan,CuAndCuAlloys,Dy,e-m,0.790594640580842,%,3
OBS,2020,EU27+4,WEEE_generatedDedicated,WEEE_Cat4a,heatingCoolingEEEfan,CuAndCuAlloys,Zr,e-m,0.175033398473261,%,1
OBS,2020,EU27+4,WEEE_generatedDedicated,WEEE_Cat4a,heatingCoolingEEEfan,CuAndCuAlloys,,m-c,0.0435284061104196,%,1
OBS,2020,EU27+4,WEEE_generatedDedicated,WEEE_Cat4a,heatingCoolingEEEfan,ferrousMetals,Ag,e-m,0.0453923814615363,%,2
OBS,2020,EU27+4,WEEE_generatedDedicated,WEEE_Cat4a,heatingCoolingEEEfan,ferrousMetals,Ca,e-m,0.187128112827117,%,2
OBS,2020,EU27+4,WEEE_generatedDedicated,WEEE_Cat4a,heatingCoolingEEEfan,ferrousMetals,Cu,e-m,0.0397616324531682,%,3
OBS,2020,EU27+4,WEEE_generatedDedicated,WEEE_Cat4a,heatingCoolingEEEfan,ferrousMetals,Ga,e-m,0.124181402757437,%,1
OBS,2020,EU27+4,WEEE_generatedDedicated,WEEE_Cat4a,heatingCoolingEEEfan,ferrousMetals,Mo,e-m,0.0149935197481931,%,2
OBS,2020,EU27+4,WEEE_generatedDedicated,WEEE_Cat4a,heatingCoolingEEEfan,ferrousMetals,O,e-m,0.0954822682817277,%,1
OBS,2020,EU27+4,WEEE_generatedDedicated,WEEE_Cat4a,heatingCoolingEEEfan,ferrousMetals,Sm,e-m,0.493060682470821,%,1
OBS,2020,EU27+4,WEEE_generatedDedicated,WEEE_Cat4a,heatingCoolingEEEfan,ferrousMetals,,m-c,0.0097223618643134,%,2
OBS,2020,EU27+4,WEEE_generatedDedicated,WEEE_Cat4a,heatingCoolingEEEfan,,,c-p,0.0055959607677316,%,1
OBS,2020,EU27+4,WEEE_generatedDedicated,WEEE_Cat4a,heatingCoolingEEEfan,otherMetalsAndMetalAlloys,,m-c,0.357903994459901,%,3
OBS,2020,EU27+4,WEEE_generatedDedicated,WEEE_Cat4a,heatingCoolingEEEfan,plastics,Ag,e-m,1,%,3
OBS,2020,EU27+4,WEEE_generatedDedicated,WEEE_Cat4a,heatingCoolingEEEfan,plastics,,m-c,0.0610208820742858,%,1
OBS,2020,EU27+4,WEEE_generatedDedicated,WEEE_Cat4a,heatingCoolingEEEfan,steelAndSteelAlloys,Ag,e-m,0.0999759110711421,%,2
OBS,2020,EU27+4,WEEE_generatedDedicated,WEEE_Cat4a,heatingCoolingEEEfan,steelAndSteelAlloys,Cu,e-m,0.281170172735487,%,3
OBS,2020,EU27+4,WEEE_generatedDedicated,WEEE_Cat4a,heatingCoolingEEEfan,steelAndSteelAlloys,Ga,e-m,0.0908807198992059,%,1
OBS,2020,EU27+4,WEEE_generatedDedicated,WEEE_Cat4a,heatingCoolingEEEfan,steelAndSteelAlloys,Mo,e-m,0.235703687869764,%,1
OBS,2020,EU27+4,WEEE_generatedDedicated,WEEE_Cat4a,heatingCoolingEEEfan,steelAndSteelAlloys,O,e-m,0.0148573589504874,%,1
OBS,2020,EU27+4,WEEE_generatedDedicated,WEEE_Cat4a,heatingCoolingEEEfan,steelAndSteelAlloys,Sm,e-m,0.277412149473914,%,2
OBS,2020,EU27+4,WEEE_generatedDedicated,WEEE_Cat4a,heatingCoolingEEEfan,steelAndSteelAlloys,,m-c,0.118265326603514,%,3
OBS,2020,EU27+4,WEEE_generatedDedicated,WEEE_Cat4a,heatingCoolingEEEfan,undefinedAndMixedMaterials,Ag,e-m,1,%,2
OBS,2020,EU27+4,WEEE_generatedDedicated,WEEE_Cat4a,heatingCoolingEEEfan,undefinedAndMixedMaterials,,m-c,0.379429766516331,%,2
OBS,2020,EU27+4,WEEE_generatedDedicated,WEEE_Cat4a,heatingCoolingEEEheatSink,AlAndAlAlloys,Ag,e-m,0.173680450056937,%,3
OBS,2020,EU27+4,WEEE_generatedDedicated,WEEE_Cat4a,heatingCoolingEEEheatSink,AlAndAlAlloys,As,e-m,0.0492147976183068,%,1
OBS,2020,EU27+4,WEEE_generatedDedicated,WEEE_Cat4a,heatingCoolingEEEheatSink,AlAndAlAlloys,Cu,e-m,0.131104785004616,%,2
OBS,2020,EU27+4,WEEE_generatedDedicated,WEEE_Cat4a,heatingCoolingEEEheatSink,AlAndAlAlloys,Ga,e-m,0.0362255061061765,%,2
OBS,2020,EU27+4,WEEE_generatedDedicated,WEEE_Cat4a,heatingCoolingEEEheatSink,AlAndAlAlloys,Mn,e-m,0.0997498303509897,%,2
OBS,2020,EU27+4,WEEE_generatedDedicated,WEEE_Cat4a,heatingCoolingEEEheatSink,AlAndAlAlloys,Mo,e-m,0.200699793391393,%,3
OBS,2020,EU27+4,WEEE_generatedDedicated,WEEE_Cat4a,heatingCoolingEEEheatSink,AlAndAlAlloys,Sm,e-m,0.309324837471581,%,2
OBS,2020,EU27+4,WEEE_generatedDedicated,WEEE_Cat4a,heatingCoolingEEEheatSink,AlAndAlAlloys,,m-c,0.15249254180111,%,1
OBS,2020,EU27+4,WEEE_generatedDedicated,WEEE_Cat4a,heatingCoolingEEEheatSink,CuAndCuAlloys,Ag,e-m,0.778853078010866,%,2
OBS,2020,EU27+4,WEEE_generatedDedicated,WEEE_Cat4a,heatingCoolingEEEheatSink,CuAndCuAlloys,Dy,e-m,0.0698379657432831,%,1
OBS,2020,EU27+4,WEEE_generatedDedicated,WEEE_Cat4a,heatingCoolingEEEheatSink,CuAndCuAlloys,Zr,e-m,0.15130895624585,%,1
OBS,2020,EU27+4,WEEE_generatedDedicated,WEEE_Cat4a,heatingCoolingEEEheatSink,CuAndCuAlloys,,m-c,0.40717840958324,%,1
OBS,2020,EU27+4,WEEE_generatedDedicated,WEEE_Cat4a,heatingCoolingEEEheatSink,ferrousMetals,Ag,e-m,0.108078380064303,%,3
OBS,2020,EU27+4,WEEE_generatedDedicated,WEEE_Cat4a,heatingCoolingEEEheatSink,ferrousMetals,Cu,e-m,0.0480613499995643,%,2
OBS,2020,EU27+4,WEEE_generatedDedicated,WEEE_Cat4a,heatingCoolingEEEheatSink,ferrousMetals,Ga,e-m,0.145727694812867,%,2
OBS,2020,EU27+4,WEEE_generatedDedicated,WEEE_Cat4a,heatingCoolingEEEheatSink,ferrousMetals,Mo,e-m,0.299951938277327,%,2
OBS,2020,EU27+4,WEEE_generatedDedicated,WEEE_Cat4a,heatingCoolingEEEheatSink,ferrousMetals,O,e-m,0.0552858628954792,%,3
OBS,2020,EU27+4,WEEE_generatedDedicated,WEEE_Cat4a,heatingCoolingEEEheatSink,ferrousMetals,Sm,e-m,0.34289477395046,%,1
OBS,2020,EU27+4,WEEE_generatedDedicated,WEEE_Cat4a,heatingCoolingEEEheatSink,ferrousMetals,,m-c,0.150247957145475,%,3
OBS,2020,EU27+4,WEEE_generatedDedicated,WEEE_Cat4a,heatingCoolingEEEheatSink,,,c-p,0.0043406636626819,%,3
OBS,2020,EU27+4,WEEE_generatedDedicated,WEEE_Cat4a,heatingCoolingEEEheatSink,otherMetalsAndMetalAlloys,Ag,e-m,0.398405797621728,%,3
OBS,2020,EU27+4,WEEE_generatedDedicated,WEEE_Cat4a,heatingCoolingEEEheatSink,otherMetalsAndMetalAlloys,Al,e-m,0.482939318538859,%,3
OBS,2020,EU27+4,WEEE_generatedDedicated,WEEE_Cat4a,heatingCoolingEEEheatSink,otherMetalsAndMetalAlloys,Dy,e-m,0.118654883839412,%,1
OBS,2020,EU27+4,WEEE_generatedDedicated,WEEE_Cat4a,heatingCoolingEEEheatSink,otherMetalsAndMetalAlloys,,m-c,0.0198782044816123,%,1
OBS,2020,EU27+4,WEEE_generatedDedicated,WEEE_Cat4a,heatingCoolingEEEheatSink,plastics,Ag,e-m,1,%,1
OBS,2020,EU27+4,WEEE_generatedDedicated,WEEE_Cat4a,heatingCoolingEEEheatSink,plastics,,m-c,0.0299241382888503,%,1
OBS,2020,EU27+4,WEEE_generatedDedicated,WEEE_Cat4a,heatingCoolingEEEheatSink,undefinedAndMixedMaterials,Ag,e-m,1,%,2
OBS,2020,EU27+4,WEEE_generatedDedicated,WEEE_Cat4a,heatingCoolingEEEheatSink,undefinedAndMixedMaterials,,m-c,0.240278748699712,%,2
OBS,2020,EU27+4,WEEE_generatedDedicated,WEEE_Cat4a,inductor,CuAndCuAlloys,Ag,e-m,0.396756044936163,%,2
OBS,2020,EU27+4,WEEE_generatedDedicated,WEEE_Cat4a,inductor,CuAndCuAlloys,Dy,e-m,0.423231204207265,%,3
OBS,2020,EU27+4,WEEE_generatedDedicated,WEEE_Cat4a,inductor,CuAndCuAlloys,Zr,e-m,0.180012750856572,%,3
OBS,2020,EU27+4,WEEE_generatedDedicated,WEEE_Cat4a,inductor,CuAndCuAlloys,,m-c,0.411167294202752,%,3
OBS,2020,EU27+4,WEEE_generatedDedicated,WEEE_Cat4a,inductor,ferrousMetals,Ag,e-m,0.0242683104478668,%,2
OBS,2020,EU27+4,WEEE_generatedDedicated,WEEE_Cat4a,inductor,ferrousMetals,Cu,e-m,0.0881399460968214,%,2
OBS,2020,EU27+4,WEEE_generatedDedicated,WEEE_Cat4a,inductor,ferrousMetals,Ga,e-m,0.2240195787776,%,2
OBS,2020,EU27+4,WEEE_generatedDedicated,WEEE_Cat4a,inductor,ferrousMetals,Mo,e-m,0.0702760790531858,%,1
OBS,2020,EU27+4,WEEE_generatedDedicated,WEEE_Cat4a,inductor,ferrousMetals,O,e-m,0.0407774683791104,%,3
OBS,2020,EU27+4,WEEE_generatedDedicated,WEEE_Cat4a,inductor,ferrousMetals,Sm,e-m,0.552518617245415,%,2
OBS,2020,EU27+4,WEEE_generatedDedicated,WEEE_Cat4a,inductor,ferrousMetals,,m-c,0.268209955574249,%,1
OBS,2020,EU27+4,WEEE_generatedDedicated,WEEE_Cat4a,inductor,,,c-p,0.0116367903287168,%,2
OBS,2020,EU27+4,WEEE_generatedDedicated,WEEE_Cat4a,inductor,plastics,Ag,e-m,1,%,3
OBS,2020,EU27+4,WEEE_generatedDedicated,WEEE_Cat4a,inductor,plastics,,m-c,0.320622750222999,%,2
OBS,2020,EU27+4,WEEE_generatedDedicated,WEEE_Cat4a,insulation,,,c-p,0.0022180979814818,%,1
OBS,2020,EU27+4,WEEE_generatedDedicated,WEEE_Cat4a,keyboard,AlAndAlAlloys,Ag,e-m,0.0094229726026912,%,3
OBS,2020,EU27+4,WEEE_generatedDedicated,WEEE_Cat4a,keyboard,AlAndAlAlloys,As,e-m,0.0730644168063251,%,3
OBS,2020,EU27+4,WEEE_generatedDedicated,WEEE_Cat4a,keyboard,AlAndAlAlloys,Cu,e-m,0.0712299538984991,%,2
OBS,2020,EU27+4,WEEE_generatedDedicated,WEEE_Cat4a,keyboard,AlAndAlAlloys,Ga,e-m,0.0272641461442838,%,3
OBS,2020,EU27+4,WEEE_generatedDedicated,WEEE_Cat4a,keyboard,AlAndAlAlloys,Mn,e-m,0.314546987814952,%,1
OBS,2020,EU27+4,WEEE_generatedDedicated,WEEE_Cat4a,keyboard,AlAndAlAlloys,Mo,e-m,0.0612517793913487,%,3
OBS,2020,EU27+4,WEEE_generatedDedicated,WEEE_Cat4a,keyboard,AlAndAlAlloys,Sm,e-m,0.4432197433419,%,3
OBS,2020,EU27+4,WEEE_generatedDedicated,WEEE_Cat4a,keyboard,AlAndAlAlloys,,m-c,0.408224226611198,%,1
OBS,2020,EU27+4,WEEE_generatedDedicated,WEEE_Cat4a,keyboard,CuAndCuAlloys,Ag,e-m,0.522266881863081,%,3
OBS,2020,EU27+4,WEEE_generatedDedicated,WEEE_Cat4a,keyboard,CuAndCuAlloys,Dy,e-m,0.104922067691806,%,1
OBS,2020,EU27+4,WEEE_generatedDedicated,WEEE_Cat4a,keyboard,CuAndCuAlloys,Zr,e-m,0.372811050445113,%,1
OBS,2020,EU27+4,WEEE_generatedDedicated,WEEE_Cat4a,keyboard,CuAndCuAlloys,,m-c,0.0062379837296552,%,2
OBS,2020,EU27+4,WEEE_generatedDedicated,WEEE_Cat4a,keyboard,ferrousMetals,Ag,e-m,0.0175261520131414,%,2
OBS,2020,EU27+4,WEEE_generatedDedicated,WEEE_Cat4a,keyboard,ferrousMetals,Cu,e-m,0.0224490705765859,%,1
OBS,2020,EU27+4,WEEE_generatedDedicated,WEEE_Cat4a,keyboard,ferrousMetals,Ga,e-m,0.344079069188122,%,3
OBS,2020,EU27+4,WEEE_generatedDedicated,WEEE_Cat4a,keyboard,ferrousMetals,Mo,e-m,0.343515666654767,%,3
OBS,2020,EU27+4,WEEE_generatedDedicated,WEEE_Cat4a,keyboard,ferrousMetals,O,e-m,0.189229294261742,%,1
OBS,2020,EU27+4,WEEE_generatedDedicated,WEEE_Cat4a,keyboard,ferrousMetals,Sm,e-m,0.0832007473056418,%,2
OBS,2020,EU27+4,WEEE_generatedDedicated,WEEE_Cat4a,keyboard,ferrousMetals,,m-c,0.13253240788555,%,3
OBS,2020,EU27+4,WEEE_generatedDedicated,WEEE_Cat4a,keyboard,,,c-p,0.0035190207343427,%,2
OBS,2020,EU27+4,WEEE_generatedDedicated,WEEE_Cat4a,keyboard,otherMetalsAndMetalAlloys,Ag,e-m,0.538977577236189,%,2
OBS,2020,EU27+4,WEEE_generatedDedicated,WEEE_Cat4a,keyboard,otherMetalsAndMetalAlloys,Al,e-m,0.249614695331258,%,1
OBS,2020,EU27+4,WEEE_generatedDedicated,WEEE_Cat4a,keyboard,otherMetalsAndMetalAlloys,Dy,e-m,0.211407727432552,%,3
OBS,2020,EU27+4,WEEE_generatedDedicated,WEEE_Cat4a,keyboard,otherMetalsAndMetalAlloys,,m-c,0.250848839344637,%,2
OBS,2020,EU27+4,WEEE_generatedDedicated,WEEE_Cat4a,keyboard,plastics,Ag,e-m,1,%,1
OBS,2020,EU27+4,WEEE_generatedDedicated,WEEE_Cat4a,keyboard,plastics,,m-c,0.0514874882469572,%,2
OBS,2020,EU27+4,WEEE_generatedDedicated,WEEE_Cat4a,keyboard,undefinedAndMixedMaterials,Ag,e-m,1,%,2
OBS,2020,EU27+4,WEEE_generatedDedicated,WEEE_Cat4a,keyboard,undefinedAndMixedMaterials,,m-c,0.150669054182002,%,2
OBS,2020,EU27+4,WEEE_generatedDedicated,WEEE_Cat4a,knob,AlAndAlAlloys,Ag,e-m,0.443251363007814,%,1
OBS,2020,EU27+4,WEEE_generatedDedicated,WEEE_Cat4a,knob,AlAndAlAlloys,As,e-m,0.182626747190382,%,3
OBS,2020,EU27+4,WEEE_generatedDedicated,WEEE_Cat4a,knob,AlAndAlAlloys,Cu,e-m,0.0226824449283317,%,1
OBS,2020,EU27+4,WEEE_generatedDedicated,WEEE_Cat4a,knob,AlAndAlAlloys,Ga,e-m,0.103408037065181,%,1
OBS,2020,EU27+4,WEEE_generatedDedicated,WEEE_Cat4a,knob,AlAndAlAlloys,Mn,e-m,0.116589928431782,%,3
OBS,2020,EU27+4,WEEE_generatedDedicated,WEEE_Cat4a,knob,AlAndAlAlloys,Mo,e-m,0.116149011261641,%,1
OBS,2020,EU27+4,WEEE_generatedDedicated,WEEE_Cat4a,knob,AlAndAlAlloys,Sm,e-m,0.0152924681148673,%,1
OBS,2020,EU27+4,WEEE_generatedDedicated,WEEE_Cat4a,knob,AlAndAlAlloys,,m-c,0.712554700189526,%,1
OBS,2020,EU27+4,WEEE_generatedDedicated,WEEE_Cat4a,knob,ferrousMetals,Ag,e-m,0.0058058811486243,%,1
OBS,2020,EU27+4,WEEE_generatedDedicated,WEEE_Cat4a,knob,ferrousMetals,Ca,e-m,0.271993182153963,%,2
OBS,2020,EU27+4,WEEE_generatedDedicated,WEEE_Cat4a,knob,ferrousMetals,Ga,e-m,0.236928019652919,%,2
OBS,2020,EU27+4,WEEE_generatedDedicated,WEEE_Cat4a,knob,ferrousMetals,Mo,e-m,0.41580827726324,%,2
OBS,2020,EU27+4,WEEE_generatedDedicated,WEEE_Cat4a,knob,ferrousMetals,Sm,e-m,0.0694646397812542,%,3
OBS,2020,EU27+4,WEEE_generatedDedicated,WEEE_Cat4a,knob,ferrousMetals,,m-c,0.10976172024377,%,2
OBS,2020,EU27+4,WEEE_generatedDedicated,WEEE_Cat4a,knob,,,c-p,0.0071042228485388,%,2
OBS,2020,EU27+4,WEEE_generatedDedicated,WEEE_Cat4a,knob,plastics,Ag,e-m,1,%,1
OBS,2020,EU27+4,WEEE_generatedDedicated,WEEE_Cat4a,knob,plastics,,m-c,0.177683579566703,%,3
OBS,2020,EU27+4,WEEE_generatedDedicated,WEEE_Cat4a,lenseAssembly,AlAndAlAlloys,Ag,e-m,0.218354240878338,%,1
OBS,2020,EU27+4,WEEE_generatedDedicated,WEEE_Cat4a,lenseAssembly,AlAndAlAlloys,As,e-m,0.141869937855593,%,2
OBS,2020,EU27+4,WEEE_generatedDedicated,WEEE_Cat4a,lenseAssembly,AlAndAlAlloys,Cu,e-m,0.0278132125184554,%,3
OBS,2020,EU27+4,WEEE_generatedDedicated,WEEE_Cat4a,lenseAssembly,AlAndAlAlloys,Ga,e-m,0.323540811590053,%,3
OBS,2020,EU27+4,WEEE_generatedDedicated,WEEE_Cat4a,lenseAssembly,AlAndAlAlloys,Mn,e-m,0.100571101789585,%,2
OBS,2020,EU27+4,WEEE_generatedDedicated,WEEE_Cat4a,lenseAssembly,AlAndAlAlloys,Mo,e-m,0.0967813654886937,%,3
OBS,2020,EU27+4,WEEE_generatedDedicated,WEEE_Cat4a,lenseAssembly,AlAndAlAlloys,Sm,e-m,0.0910693298792818,%,3
OBS,2020,EU27+4,WEEE_generatedDedicated,WEEE_Cat4a,lenseAssembly,AlAndAlAlloys,,m-c,0.0177170287447499,%,3
OBS,2020,EU27+4,WEEE_generatedDedicated,WEEE_Cat4a,lenseAssembly,CuAndCuAlloys,Ag,e-m,0.0190110171561742,%,1
OBS,2020,EU27+4,WEEE_generatedDedicated,WEEE_Cat4a,lenseAssembly,CuAndCuAlloys,Dy,e-m,0.742573202802221,%,2
OBS,2020,EU27+4,WEEE_generatedDedicated,WEEE_Cat4a,lenseAssembly,CuAndCuAlloys,Zr,e-m,0.238415780041605,%,1
OBS,2020,EU27+4,WEEE_generatedDedicated,WEEE_Cat4a,lenseAssembly,CuAndCuAlloys,,m-c,0.316131887109502,%,3
OBS,2020,EU27+4,WEEE_generatedDedicated,WEEE_Cat4a,lenseAssembly,ferrousMetals,Ag,e-m,0.356643076574502,%,2
OBS,2020,EU27+4,WEEE_generatedDedicated,WEEE_Cat4a,lenseAssembly,ferrousMetals,Cu,e-m,0.161349977659832,%,3
OBS,2020,EU27+4,WEEE_generatedDedicated,WEEE_Cat4a,lenseAssembly,ferrousMetals,Ga,e-m,0.123504966089768,%,2
OBS,2020,EU27+4,WEEE_generatedDedicated,WEEE_Cat4a,lenseAssembly,ferrousMetals,Mo,e-m,0.0222769271560347,%,2
OBS,2020,EU27+4,WEEE_generatedDedicated,WEEE_Cat4a,lenseAssembly,ferrousMetals,O,e-m,0.0812772065719175,%,3
OBS,2020,EU27+4,WEEE_generatedDedicated,WEEE_Cat4a,lenseAssembly,ferrousMetals,Sm,e-m,0.254947845947946,%,3
OBS,2020,EU27+4,WEEE_generatedDedicated,WEEE_Cat4a,lenseAssembly,ferrousMetals,,m-c,0.126077086416287,%,2
OBS,2020,EU27+4,WEEE_generatedDedicated,WEEE_Cat4a,lenseAssembly,glass,Ag,e-m,0.549941164545687,%,3
OBS,2020,EU27+4,WEEE_generatedDedicated,WEEE_Cat4a,lenseAssembly,glass,Pd,e-m,0.12037841935043,%,3
OBS,2020,EU27+4,WEEE_generatedDedicated,WEEE_Cat4a,lenseAssembly,glass,Sc,e-m,0.229105734594504,%,1
OBS,2020,EU27+4,WEEE_generatedDedicated,WEEE_Cat4a,lenseAssembly,glass,Zr,e-m,0.100574681509378,%,2
OBS,2020,EU27+4,WEEE_generatedDedicated,WEEE_Cat4a,lenseAssembly,glass,,m-c,0.2098470430717,%,2
OBS,2020,EU27+4,WEEE_generatedDedicated,WEEE_Cat4a,lenseAssembly,,,c-p,0.000397851271144,%,1
OBS,2020,EU27+4,WEEE_generatedDedicated,WEEE_Cat4a,lenseAssembly,plastics,Ag,e-m,1,%,1
OBS,2020,EU27+4,WEEE_generatedDedicated,WEEE_Cat4a,lenseAssembly,plastics,,m-c,0.255135695769655,%,3
OBS,2020,EU27+4,WEEE_generatedDedicated,WEEE_Cat4a,lenseAssembly,undefinedAndMixedMaterials,Ag,e-m,1,%,3
OBS,2020,EU27+4,WEEE_generatedDedicated,WEEE_Cat4a,lenseAssembly,undefinedAndMixedMaterials,,m-c,0.0750912588881045,%,2
OBS,2020,EU27+4,WEEE_generatedDedicated,WEEE_Cat4a,lighting,,,c-p,0.0350312086155195,%,1
OBS,2020,EU27+4,WEEE_generatedDedicated,WEEE_Cat4a,lightingFlash,AlAndAlAlloys,Ag,e-m,0.197613793446753,%,1
OBS,2020,EU27+4,WEEE_generatedDedicated,WEEE_Cat4a,lightingFlash,AlAndAlAlloys,As,e-m,0.223886069707589,%,1
OBS,2020,EU27+4,WEEE_generatedDedicated,WEEE_Cat4a,lightingFlash,AlAndAlAlloys,Cu,e-m,0.299261558729301,%,1
OBS,2020,EU27+4,WEEE_generatedDedicated,WEEE_Cat4a,lightingFlash,AlAndAlAlloys,Ga,e-m,0.0392280203797715,%,2
OBS,2020,EU27+4,WEEE_generatedDedicated,WEEE_Cat4a,lightingFlash,AlAndAlAlloys,Mn,e-m,0.0522788991279667,%,3
OBS,2020,EU27+4,WEEE_generatedDedicated,WEEE_Cat4a,lightingFlash,AlAndAlAlloys,Mo,e-m,0.0727820336183214,%,2
OBS,2020,EU27+4,WEEE_generatedDedicated,WEEE_Cat4a,lightingFlash,AlAndAlAlloys,Sm,e-m,0.114949624990297,%,2
OBS,2020,EU27+4,WEEE_generatedDedicated,WEEE_Cat4a,lightingFlash,AlAndAlAlloys,,m-c,0.234529912494951,%,3
OBS,2020,EU27+4,WEEE_generatedDedicated,WEEE_Cat4a,lightingFlash,CuAndCuAlloys,Ag,e-m,0.73870559628974,%,2
OBS,2020,EU27+4,WEEE_generatedDedicated,WEEE_Cat4a,lightingFlash,CuAndCuAlloys,Dy,e-m,0.0407146980005382,%,3
OBS,2020,EU27+4,WEEE_generatedDedicated,WEEE_Cat4a,lightingFlash,CuAndCuAlloys,Zr,e-m,0.220579705709721,%,2
OBS,2020,EU27+4,WEEE_generatedDedicated,WEEE_Cat4a,lightingFlash,CuAndCuAlloys,,m-c,0.0122488515667342,%,1
OBS,2020,EU27+4,WEEE_generatedDedicated,WEEE_Cat4a,lightingFlash,ferrousMetals,Ag,e-m,0.0862608104177175,%,1
OBS,2020,EU27+4,WEEE_generatedDedicated,WEEE_Cat4a,lightingFlash,ferrousMetals,Cu,e-m,0.0197141052304293,%,1
OBS,2020,EU27+4,WEEE_generatedDedicated,WEEE_Cat4a,lightingFlash,ferrousMetals,Ga,e-m,0.316005027588968,%,2
OBS,2020,EU27+4,WEEE_generatedDedicated,WEEE_Cat4a,lightingFlash,ferrousMetals,Mo,e-m,0.131768656058749,%,3
OBS,2020,EU27+4,WEEE_generatedDedicated,WEEE_Cat4a,lightingFlash,ferrousMetals,O,e-m,0.227873497492484,%,2
OBS,2020,EU27+4,WEEE_generatedDedicated,WEEE_Cat4a,lightingFlash,ferrousMetals,Sm,e-m,0.218377903211652,%,3
OBS,2020,EU27+4,WEEE_generatedDedicated,WEEE_Cat4a,lightingFlash,ferrousMetals,,m-c,0.20483394916881,%,1
OBS,2020,EU27+4,WEEE_generatedDedicated,WEEE_Cat4a,lightingFlash,glass,Ag,e-m,0.130455050814909,%,3
OBS,2020,EU27+4,WEEE_generatedDedicated,WEEE_Cat4a,lightingFlash,glass,Pd,e-m,0.172029234871883,%,2
OBS,2020,EU27+4,WEEE_generatedDedicated,WEEE_Cat4a,lightingFlash,glass,Sc,e-m,0.098485403731183,%,3
OBS,2020,EU27+4,WEEE_generatedDedicated,WEEE_Cat4a,lightingFlash,glass,Zr,e-m,0.599030310582025,%,1
OBS,2020,EU27+4,WEEE_generatedDedicated,WEEE_Cat4a,lightingFlash,glass,,m-c,0.179121771034252,%,2
OBS,2020,EU27+4,WEEE_generatedDedicated,WEEE_Cat4a,lightingFlash,,,c-p,0.0106482138953348,%,3
OBS,2020,EU27+4,WEEE_generatedDedicated,WEEE_Cat4a,lightingFlash,plastics,Ag,e-m,1,%,2
OBS,2020,EU27+4,WEEE_generatedDedicated,WEEE_Cat4a,lightingFlash,plastics,,m-c,0.241552306311496,%,2
OBS,2020,EU27+4,WEEE_generatedDedicated,WEEE_Cat4a,lightingFlash,undefinedAndMixedMaterials,Ag,e-m,1,%,3
OBS,2020,EU27+4,WEEE_generatedDedicated,WEEE_Cat4a,lightingFlash,undefinedAndMixedMaterials,,m-c,0.127713209423758,%,3
OBS,2020,EU27+4,WEEE_generatedDedicated,WEEE_Cat4a,magnetPermanent,,,c-p,0.0139282973868197,%,3
OBS,2020,EU27+4,WEEE_generatedDedicated,WEEE_Cat4a,magnetPermanent,otherOrUndefinedMaterials,Ag,e-m,1,%,1
OBS,2020,EU27+4,WEEE_generatedDedicated,WEEE_Cat4a,magnetPermanent,otherOrUndefinedMaterials,,m-c,1,%,3
OBS,2020,EU27+4,WEEE_generatedDedicated,WEEE_Cat4a,magnetron,,,c-p,0.0103956155456545,%,2
OBS,2020,EU27+4,WEEE_generatedDedicated,WEEE_Cat4a,mainboardInclCPUgpu,AlAndAlAlloys,Ag,e-m,0.0887812703490882,%,1
OBS,2020,EU27+4,WEEE_generatedDedicated,WEEE_Cat4a,mainboardInclCPUgpu,AlAndAlAlloys,As,e-m,0.117811658822423,%,3
OBS,2020,EU27+4,WEEE_generatedDedicated,WEEE_Cat4a,mainboardInclCPUgpu,AlAndAlAlloys,Cu,e-m,0.370717846400684,%,3
OBS,2020,EU27+4,WEEE_generatedDedicated,WEEE_Cat4a,mainboardInclCPUgpu,AlAndAlAlloys,Ga,e-m,0.0223856642913535,%,3
OBS,2020,EU27+4,WEEE_generatedDedicated,WEEE_Cat4a,mainboardInclCPUgpu,AlAndAlAlloys,Mn,e-m,0.0891125134630189,%,2
OBS,2020,EU27+4,WEEE_generatedDedicated,WEEE_Cat4a,mainboardInclCPUgpu,AlAndAlAlloys,Mo,e-m,0.280980627787421,%,2
OBS,2020,EU27+4,WEEE_generatedDedicated,WEEE_Cat4a,mainboardInclCPUgpu,AlAndAlAlloys,Sm,e-m,0.0302104188860108,%,1
OBS,2020,EU27+4,WEEE_generatedDedicated,WEEE_Cat4a,mainboardInclCPUgpu,AlAndAlAlloys,,m-c,0.0117258386226903,%,1
OBS,2020,EU27+4,WEEE_generatedDedicated,WEEE_Cat4a,mainboardInclCPUgpu,CuAndCuAlloys,Ag,e-m,0.0179616059902553,%,2
OBS,2020,EU27+4,WEEE_generatedDedicated,WEEE_Cat4a,mainboardInclCPUgpu,CuAndCuAlloys,Dy,e-m,0.37004409487456,%,3
OBS,2020,EU27+4,WEEE_generatedDedicated,WEEE_Cat4a,mainboardInclCPUgpu,CuAndCuAlloys,Zr,e-m,0.611994299135185,%,3
OBS,2020,EU27+4,WEEE_generatedDedicated,WEEE_Cat4a,mainboardInclCPUgpu,CuAndCuAlloys,,m-c,0.106145165861852,%,2
OBS,2020,EU27+4,WEEE_generatedDedicated,WEEE_Cat4a,mainboardInclCPUgpu,ferrousMetals,Ag,e-m,0.368026730886543,%,3
OBS,2020,EU27+4,WEEE_generatedDedicated,WEEE_Cat4a,mainboardInclCPUgpu,ferrousMetals,Cu,e-m,0.099327617911625,%,1
OBS,2020,EU27+4,WEEE_generatedDedicated,WEEE_Cat4a,mainboardInclCPUgpu,ferrousMetals,Ga,e-m,0.0225921216343806,%,2
OBS,2020,EU27+4,WEEE_generatedDedicated,WEEE_Cat4a,mainboardInclCPUgpu,ferrousMetals,Mo,e-m,0.171230361893861,%,3
OBS,2020,EU27+4,WEEE_generatedDedicated,WEEE_Cat4a,mainboardInclCPUgpu,ferrousMetals,O,e-m,0.305054812025271,%,1
OBS,2020,EU27+4,WEEE_generatedDedicated,WEEE_Cat4a,mainboardInclCPUgpu,ferrousMetals,Sm,e-m,0.0337683556483193,%,2
OBS,2020,EU27+4,WEEE_generatedDedicated,WEEE_Cat4a,mainboardInclCPUgpu,ferrousMetals,,m-c,0.033078567596274,%,2
OBS,2020,EU27+4,WEEE_generatedDedicated,WEEE_Cat4a,mainboardInclCPUgpu,,,c-p,0.0032062048447458,%,1
OBS,2020,EU27+4,WEEE_generatedDedicated,WEEE_Cat4a,mainboardInclCPUgpu,otherMetalsAndMetalAlloys,Ag,e-m,0.242993709549185,%,1
OBS,2020,EU27+4,WEEE_generatedDedicated,WEEE_Cat4a,mainboardInclCPUgpu,otherMetalsAndMetalAlloys,Al,e-m,0.190125810729613,%,1
OBS,2020,EU27+4,WEEE_generatedDedicated,WEEE_Cat4a,mainboardInclCPUgpu,otherMetalsAndMetalAlloys,Dy,e-m,0.566880479721202,%,1
OBS,2020,EU27+4,WEEE_generatedDedicated,WEEE_Cat4a,mainboardInclCPUgpu,otherMetalsAndMetalAlloys,,m-c,0.464937582698702,%,3
OBS,2020,EU27+4,WEEE_generatedDedicated,WEEE_Cat4a,mainboardInclCPUgpu,plastics,Ag,e-m,1,%,3
OBS,2020,EU27+4,WEEE_generatedDedicated,WEEE_Cat4a,mainboardInclCPUgpu,plastics,,m-c,0.0523076643999406,%,1
OBS,2020,EU27+4,WEEE_generatedDedicated,WEEE_Cat4a,mainboardInclCPUgpu,undefinedAndMixedMaterials,Ag,e-m,1,%,1
OBS,2020,EU27+4,WEEE_generatedDedicated,WEEE_Cat4a,mainboardInclCPUgpu,undefinedAndMixedMaterials,,m-c,0.331805180820541,%,2
OBS,2020,EU27+4,WEEE_generatedDedicated,WEEE_Cat4a,,,,c-p,0.243392831294304,%,1
OBS,2020,EU27+4,WEEE_generatedDedicated,WEEE_Cat4a,non-electricCoil,AlAndAlAlloys,Ag,e-m,0.205122702907793,%,2
OBS,2020,EU27+4,WEEE_generatedDedicated,WEEE_Cat4a,non-electricCoil,AlAndAlAlloys,As,e-m,0.258287557485594,%,1
OBS,2020,EU27+4,WEEE_generatedDedicated,WEEE_Cat4a,non-electricCoil,AlAndAlAlloys,Cu,e-m,0.0605142773429326,%,2
OBS,2020,EU27+4,WEEE_generatedDedicated,WEEE_Cat4a,non-electricCoil,AlAndAlAlloys,Ga,e-m,0.0189582862944787,%,3
OBS,2020,EU27+4,WEEE_generatedDedicated,WEEE_Cat4a,non-electricCoil,AlAndAlAlloys,Mn,e-m,0.0358460331568871,%,3
OBS,2020,EU27+4,WEEE_generatedDedicated,WEEE_Cat4a,non-electricCoil,AlAndAlAlloys,Mo,e-m,0.150371672701362,%,1
OBS,2020,EU27+4,WEEE_generatedDedicated,WEEE_Cat4a,non-electricCoil,AlAndAlAlloys,Sm,e-m,0.270899470110954,%,1
OBS,2020,EU27+4,WEEE_generatedDedicated,WEEE_Cat4a,non-electricCoil,AlAndAlAlloys,,m-c,0.541867467837304,%,2
OBS,2020,EU27+4,WEEE_generatedDedicated,WEEE_Cat4a,non-electricCoil,ferrousMetals,Ag,e-m,0.180212817412647,%,3
OBS,2020,EU27+4,WEEE_generatedDedicated,WEEE_Cat4a,non-electricCoil,ferrousMetals,Ca,e-m,0.515141521667664,%,2
OBS,2020,EU27+4,WEEE_generatedDedicated,WEEE_Cat4a,non-electricCoil,ferrousMetals,Ga,e-m,0.0493081245021677,%,3
OBS,2020,EU27+4,WEEE_generatedDedicated,WEEE_Cat4a,non-electricCoil,ferrousMetals,Mo,e-m,0.220127418889087,%,2
OBS,2020,EU27+4,WEEE_generatedDedicated,WEEE_Cat4a,non-electricCoil,ferrousMetals,Sm,e-m,0.0352101175284337,%,2
OBS,2020,EU27+4,WEEE_generatedDedicated,WEEE_Cat4a,non-electricCoil,ferrousMetals,,m-c,0.392593122014721,%,1
OBS,2020,EU27+4,WEEE_generatedDedicated,WEEE_Cat4a,non-electricCoil,,,c-p,0.0246568844478144,%,2
OBS,2020,EU27+4,WEEE_generatedDedicated,WEEE_Cat4a,non-electricCoil,plastics,Ag,e-m,1,%,2
OBS,2020,EU27+4,WEEE_generatedDedicated,WEEE_Cat4a,non-electricCoil,plastics,,m-c,0.0655394101479748,%,2
OBS,2020,EU27+4,WEEE_generatedDedicated,WEEE_Cat4a,nonElectricCoil,,,c-p,0.0342980553331663,%,1
OBS,2020,EU27+4,WEEE_generatedDedicated,WEEE_Cat4a,onOffSwitch,CuAndCuAlloys,Ag,e-m,0.666827136573225,%,2
OBS,2020,EU27+4,WEEE_generatedDedicated,WEEE_Cat4a,onOffSwitch,CuAndCuAlloys,Dy,e-m,0.207828819365662,%,1
OBS,2020,EU27+4,WEEE_generatedDedicated,WEEE_Cat4a,onOffSwitch,CuAndCuAlloys,Zr,e-m,0.125344044061113,%,2
OBS,2020,EU27+4,WEEE_generatedDedicated,WEEE_Cat4a,onOffSwitch,CuAndCuAlloys,,m-c,0.639666658556543,%,2
OBS,2020,EU27+4,WEEE_generatedDedicated,WEEE_Cat4a,onOffSwitch,,,c-p,0.0059742085527472,%,2
OBS,2020,EU27+4,WEEE_generatedDedicated,WEEE_Cat4a,onOffSwitch,plastics,Ag,e-m,1,%,1
OBS,2020,EU27+4,WEEE_generatedDedicated,WEEE_Cat4a,onOffSwitch,plastics,,m-c,0.360333341443457,%,2
OBS,2020,EU27+4,WEEE_generatedDedicated,WEEE_Cat4a,otherElectricCompUnspecified,AlAndAlAlloys,Ag,e-m,0.317040069476145,%,1
OBS,2020,EU27+4,WEEE_generatedDedicated,WEEE_Cat4a,otherElectricCompUnspecified,AlAndAlAlloys,As,e-m,0.139266594366987,%,2
OBS,2020,EU27+4,WEEE_generatedDedicated,WEEE_Cat4a,otherElectricCompUnspecified,AlAndAlAlloys,Cu,e-m,0.226078114493295,%,3
OBS,2020,EU27+4,WEEE_generatedDedicated,WEEE_Cat4a,otherElectricCompUnspecified,AlAndAlAlloys,Ga,e-m,0.0333397439535613,%,1
OBS,2020,EU27+4,WEEE_generatedDedicated,WEEE_Cat4a,otherElectricCompUnspecified,AlAndAlAlloys,Mn,e-m,0.133032056614913,%,2
OBS,2020,EU27+4,WEEE_generatedDedicated,WEEE_Cat4a,otherElectricCompUnspecified,AlAndAlAlloys,Mo,e-m,0.0338263076562629,%,3
OBS,2020,EU27+4,WEEE_generatedDedicated,WEEE_Cat4a,otherElectricCompUnspecified,AlAndAlAlloys,Sm,e-m,0.117417113438836,%,1
OBS,2020,EU27+4,WEEE_generatedDedicated,WEEE_Cat4a,otherElectricCompUnspecified,AlAndAlAlloys,,m-c,0.138321419632866,%,3
OBS,2020,EU27+4,WEEE_generatedDedicated,WEEE_Cat4a,otherElectricCompUnspecified,CuAndCuAlloys,Ag,e-m,0.0685728614620609,%,2
OBS,2020,EU27+4,WEEE_generatedDedicated,WEEE_Cat4a,otherElectricCompUnspecified,CuAndCuAlloys,Dy,e-m,0.0423907822662357,%,2
OBS,2020,EU27+4,WEEE_generatedDedicated,WEEE_Cat4a,otherElectricCompUnspecified,CuAndCuAlloys,Zr,e-m,0.889036356271703,%,3
OBS,2020,EU27+4,WEEE_generatedDedicated,WEEE_Cat4a,otherElectricCompUnspecified,CuAndCuAlloys,,m-c,0.076026480678805,%,2
OBS,2020,EU27+4,WEEE_generatedDedicated,WEEE_Cat4a,otherElectricCompUnspecified,ferrousMetals,Ag,e-m,0.260336378248118,%,3
OBS,2020,EU27+4,WEEE_generatedDedicated,WEEE_Cat4a,otherElectricCompUnspecified,ferrousMetals,Cu,e-m,0.276003754266493,%,3
OBS,2020,EU27+4,WEEE_generatedDedicated,WEEE_Cat4a,otherElectricCompUnspecified,ferrousMetals,Ga,e-m,0.209479632220709,%,3
OBS,2020,EU27+4,WEEE_generatedDedicated,WEEE_Cat4a,otherElectricCompUnspecified,ferrousMetals,Mo,e-m,0.170399956699383,%,2
OBS,2020,EU27+4,WEEE_generatedDedicated,WEEE_Cat4a,otherElectricCompUnspecified,ferrousMetals,O,e-m,0.0284834537086816,%,1
OBS,2020,EU27+4,WEEE_generatedDedicated,WEEE_Cat4a,otherElectricCompUnspecified,ferrousMetals,Sm,e-m,0.0552968248566147,%,2
OBS,2020,EU27+4,WEEE_generatedDedicated,WEEE_Cat4a,otherElectricCompUnspecified,ferrousMetals,,m-c,0.0032982372670244,%,1
OBS,2020,EU27+4,WEEE_generatedDedicated,WEEE_Cat4a,otherElectricCompUnspecified,glass,Ag,e-m,0.0891823894303857,%,3
OBS,2020,EU27+4,WEEE_generatedDedicated,WEEE_Cat4a,otherElectricCompUnspecified,glass,Pd,e-m,0.209848963213252,%,2
OBS,2020,EU27+4,WEEE_generatedDedicated,WEEE_Cat4a,otherElectricCompUnspecified,glass,Sc,e-m,0.189395734827997,%,3
OBS,2020,EU27+4,WEEE_generatedDedicated,WEEE_Cat4a,otherElectricCompUnspecified,glass,Zr,e-m,0.511572912528366,%,2
OBS,2020,EU27+4,WEEE_generatedDedicated,WEEE_Cat4a,otherElectricCompUnspecified,glass,,m-c,0.199693594066514,%,1
OBS,2020,EU27+4,WEEE_generatedDedicated,WEEE_Cat4a,otherElectricCompUnspecified,,,c-p,0.0117481725139337,%,3
OBS,2020,EU27+4,WEEE_generatedDedicated,WEEE_Cat4a,otherElectricCompUnspecified,otherMetalsAndMetalAlloys,Ag,e-m,0.759624690050518,%,2
OBS,2020,EU27+4,WEEE_generatedDedicated,WEEE_Cat4a,otherElectricCompUnspecified,otherMetalsAndMetalAlloys,Al,e-m,0.0757657944967327,%,1
OBS,2020,EU27+4,WEEE_generatedDedicated,WEEE_Cat4a,otherElectricCompUnspecified,otherMetalsAndMetalAlloys,Dy,e-m,0.164609515452749,%,1
OBS,2020,EU27+4,WEEE_generatedDedicated,WEEE_Cat4a,otherElectricCompUnspecified,otherMetalsAndMetalAlloys,,m-c,0.205339413236157,%,1
OBS,2020,EU27+4,WEEE_generatedDedicated,WEEE_Cat4a,otherElectricCompUnspecified,otherOrUndefinedMaterials,Ag,e-m,1,%,2
OBS,2020,EU27+4,WEEE_generatedDedicated,WEEE_Cat4a,otherElectricCompUnspecified,otherOrUndefinedMaterials,,m-c,0.166941935931228,%,2
OBS,2020,EU27+4,WEEE_generatedDedicated,WEEE_Cat4a,otherElectricCompUnspecified,plastics,Ag,e-m,1,%,2
OBS,2020,EU27+4,WEEE_generatedDedicated,WEEE_Cat4a,otherElectricCompUnspecified,plastics,,m-c,0.155655226564896,%,1
OBS,2020,EU27+4,WEEE_generatedDedicated,WEEE_Cat4a,otherElectricCompUnspecified,undefinedAndMixedMaterials,Ag,e-m,1,%,2
OBS,2020,EU27+4,WEEE_generatedDedicated,WEEE_Cat4a,otherElectricCompUnspecified,undefinedAndMixedMaterials,,m-c,0.0547236926225092,%,2
OBS,2020,EU27+4,WEEE_generatedDedicated,WEEE_Cat4a,otherNonElectricCompUnspecified,AlAndAlAlloys,Ag,e-m,0.236193692719836,%,1
OBS,2020,EU27+4,WEEE_generatedDedicated,WEEE_Cat4a,otherNonElectricCompUnspecified,AlAndAlAlloys,As,e-m,0.018378715403666,%,1
OBS,2020,EU27+4,WEEE_generatedDedicated,WEEE_Cat4a,otherNonElectricCompUnspecified,AlAndAlAlloys,Cu,e-m,0.0598273375455817,%,2
OBS,2020,EU27+4,WEEE_generatedDedicated,WEEE_Cat4a,otherNonElectricCompUnspecified,AlAndAlAlloys,Ga,e-m,0.393730927589225,%,2
OBS,2020,EU27+4,WEEE_generatedDedicated,WEEE_Cat4a,otherNonElectricCompUnspecified,AlAndAlAlloys,Mn,e-m,0.130245236946567,%,3
OBS,2020,EU27+4,WEEE_generatedDedicated,WEEE_Cat4a,otherNonElectricCompUnspecified,AlAndAlAlloys,Mo,e-m,0.143438002537502,%,1
OBS,2020,EU27+4,WEEE_generatedDedicated,WEEE_Cat4a,otherNonElectricCompUnspecified,AlAndAlAlloys,Sm,e-m,0.0181860872576228,%,3
OBS,2020,EU27+4,WEEE_generatedDedicated,WEEE_Cat4a,otherNonElectricCompUnspecified,AlAndAlAlloys,,m-c,0.132820115986591,%,1
OBS,2020,EU27+4,WEEE_generatedDedicated,WEEE_Cat4a,otherNonElectricCompUnspecified,CuAndCuAlloys,Ag,e-m,0.0181900231942394,%,2
OBS,2020,EU27+4,WEEE_generatedDedicated,WEEE_Cat4a,otherNonElectricCompUnspecified,CuAndCuAlloys,As,e-m,0.23159174785303,%,2
OBS,2020,EU27+4,WEEE_generatedDedicated,WEEE_Cat4a,otherNonElectricCompUnspecified,CuAndCuAlloys,Cu,e-m,0.18059984856495,%,2
OBS,2020,EU27+4,WEEE_generatedDedicated,WEEE_Cat4a,otherNonElectricCompUnspecified,CuAndCuAlloys,Dy,e-m,0.0235990895518875,%,3
OBS,2020,EU27+4,WEEE_generatedDedicated,WEEE_Cat4a,otherNonElectricCompUnspecified,CuAndCuAlloys,Ga,e-m,0.159118515366593,%,1
OBS,2020,EU27+4,WEEE_generatedDedicated,WEEE_Cat4a,otherNonElectricCompUnspecified,CuAndCuAlloys,Mn,e-m,0.2282633052126,%,3
OBS,2020,EU27+4,WEEE_generatedDedicated,WEEE_Cat4a,otherNonElectricCompUnspecified,CuAndCuAlloys,Mo,e-m,0.0645099820013089,%,1
OBS,2020,EU27+4,WEEE_generatedDedicated,WEEE_Cat4a,otherNonElectricCompUnspecified,CuAndCuAlloys,Sm,e-m,0.0824295396967381,%,2
OBS,2020,EU27+4,WEEE_generatedDedicated,WEEE_Cat4a,otherNonElectricCompUnspecified,CuAndCuAlloys,Zr,e-m,0.0116979485586533,%,3
OBS,2020,EU27+4,WEEE_generatedDedicated,WEEE_Cat4a,otherNonElectricCompUnspecified,CuAndCuAlloys,,m-c,0.0062146319176909,%,1
OBS,2020,EU27+4,WEEE_generatedDedicated,WEEE_Cat4a,otherNonElectricCompUnspecified,ferrousMetals,Ag,e-m,0.121556548100371,%,2
OBS,2020,EU27+4,WEEE_generatedDedicated,WEEE_Cat4a,otherNonElectricCompUnspecified,ferrousMetals,Ca,e-m,0.120973935849293,%,1
OBS,2020,EU27+4,WEEE_generatedDedicated,WEEE_Cat4a,otherNonElectricCompUnspecified,ferrousMetals,Cu,e-m,0.0598746042841189,%,3
OBS,2020,EU27+4,WEEE_generatedDedicated,WEEE_Cat4a,otherNonElectricCompUnspecified,ferrousMetals,Ga,e-m,0.0433518968967319,%,3
OBS,2020,EU27+4,WEEE_generatedDedicated,WEEE_Cat4a,otherNonElectricCompUnspecified,ferrousMetals,Mo,e-m,0.35209726151112,%,3
OBS,2020,EU27+4,WEEE_generatedDedicated,WEEE_Cat4a,otherNonElectricCompUnspecified,ferrousMetals,O,e-m,0.0908552418703365,%,1
OBS,2020,EU27+4,WEEE_generatedDedicated,WEEE_Cat4a,otherNonElectricCompUnspecified,ferrousMetals,Sm,e-m,0.211290511488029,%,1
OBS,2020,EU27+4,WEEE_generatedDedicated,WEEE_Cat4a,otherNonElectricCompUnspecified,ferrousMetals,,m-c,0.428193301447286,%,2
OBS,2020,EU27+4,WEEE_generatedDedicated,WEEE_Cat4a,otherNonElectricCompUnspecified,,,c-p,0.0005740938766616,%,3
OBS,2020,EU27+4,WEEE_generatedDedicated,WEEE_Cat4a,otherNonElectricCompUnspecified,plastics,Ag,e-m,1,%,3
OBS,2020,EU27+4,WEEE_generatedDedicated,WEEE_Cat4a,otherNonElectricCompUnspecified,plastics,,m-c,0.0376083220880018,%,3
OBS,2020,EU27+4,WEEE_generatedDedicated,WEEE_Cat4a,otherNonElectricCompUnspecified,steelAndSteelAlloys,Ag,e-m,0.643673871599914,%,2
OBS,2020,EU27+4,WEEE_generatedDedicated,WEEE_Cat4a,otherNonElectricCompUnspecified,steelAndSteelAlloys,Cu,e-m,0.0855673259970857,%,3
OBS,2020,EU27+4,WEEE_generatedDedicated,WEEE_Cat4a,otherNonElectricCompUnspecified,steelAndSteelAlloys,Ga,e-m,0.0795403592664062,%,1
OBS,2020,EU27+4,WEEE_generatedDedicated,WEEE_Cat4a,otherNonElectricCompUnspecified,steelAndSteelAlloys,Mo,e-m,0.0441425052277002,%,3
OBS,2020,EU27+4,WEEE_generatedDedicated,WEEE_Cat4a,otherNonElectricCompUnspecified,steelAndSteelAlloys,O,e-m,0.0243588412568453,%,1
OBS,2020,EU27+4,WEEE_generatedDedicated,WEEE_Cat4a,otherNonElectricCompUnspecified,steelAndSteelAlloys,Sm,e-m,0.122717096652049,%,3
OBS,2020,EU27+4,WEEE_generatedDedicated,WEEE_Cat4a,otherNonElectricCompUnspecified,steelAndSteelAlloys,,m-c,0.180377744084417,%,1
OBS,2020,EU27+4,WEEE_generatedDedicated,WEEE_Cat4a,otherNonElectricCompUnspecified,undefinedAndMixedMaterials,Ag,e-m,1,%,3
OBS,2020,EU27+4,WEEE_generatedDedicated,WEEE_Cat4a,otherNonElectricCompUnspecified,undefinedAndMixedMaterials,,m-c,0.214785884476013,%,1
OBS,2020,EU27+4,WEEE_generatedDedicated,WEEE_Cat4a,passiveJunctionBox,CuAndCuAlloys,Ag,e-m,0.304339201870089,%,1
OBS,2020,EU27+4,WEEE_generatedDedicated,WEEE_Cat4a,passiveJunctionBox,CuAndCuAlloys,Dy,e-m,0.0964117605543507,%,1
OBS,2020,EU27+4,WEEE_generatedDedicated,WEEE_Cat4a,passiveJunctionBox,CuAndCuAlloys,Sr,e-m,0.508712553535772,%,3
OBS,2020,EU27+4,WEEE_generatedDedicated,WEEE_Cat4a,passiveJunctionBox,CuAndCuAlloys,Zr,e-m,0.0905364840397884,%,3
OBS,2020,EU27+4,WEEE_generatedDedicated,WEEE_Cat4a,passiveJunctionBox,CuAndCuAlloys,,m-c,0.415092064050966,%,2
OBS,2020,EU27+4,WEEE_generatedDedicated,WEEE_Cat4a,passiveJunctionBox,,,c-p,0.0268548386512941,%,1
OBS,2020,EU27+4,WEEE_generatedDedicated,WEEE_Cat4a,passiveJunctionBox,otherOrUndefinedMaterials,Ag,e-m,1,%,1
OBS,2020,EU27+4,WEEE_generatedDedicated,WEEE_Cat4a,passiveJunctionBox,otherOrUndefinedMaterials,,m-c,0.580816023100316,%,2
OBS,2020,EU27+4,WEEE_generatedDedicated,WEEE_Cat4a,passiveJunctionBox,plastics,Ag,e-m,1,%,3
OBS,2020,EU27+4,WEEE_generatedDedicated,WEEE_Cat4a,passiveJunctionBox,plastics,,m-c,0.0040919128487186,%,1
OBS,2020,EU27+4,WEEE_generatedDedicated,WEEE_Cat4a,pcbWEEECat,,,c-p,0.0146373987114887,%,3
OBS,2020,EU27+4,WEEE_generatedDedicated,WEEE_Cat4a,pcbWEEECat,plastics,Ag,e-m,1,%,1
OBS,2020,EU27+4,WEEE_generatedDedicated,WEEE_Cat4a,pcbWEEECat,plastics,,m-c,1,%,2
OBS,2020,EU27+4,WEEE_generatedDedicated,WEEE_Cat4a,plug,,,c-p,6.32225995746226E-05,%,1
OBS,2020,EU27+4,WEEE_generatedDedicated,WEEE_Cat4a,powerSupply,AlAndAlAlloys,Ag,e-m,0.157336334916554,%,3
OBS,2020,EU27+4,WEEE_generatedDedicated,WEEE_Cat4a,powerSupply,AlAndAlAlloys,As,e-m,0.0297208136830384,%,2
OBS,2020,EU27+4,WEEE_generatedDedicated,WEEE_Cat4a,powerSupply,AlAndAlAlloys,Cu,e-m,0.138428435579811,%,2
OBS,2020,EU27+4,WEEE_generatedDedicated,WEEE_Cat4a,powerSupply,AlAndAlAlloys,Ga,e-m,0.0749227317092625,%,3
OBS,2020,EU27+4,WEEE_generatedDedicated,WEEE_Cat4a,powerSupply,AlAndAlAlloys,Mn,e-m,0.262184907407922,%,1
OBS,2020,EU27+4,WEEE_generatedDedicated,WEEE_Cat4a,powerSupply,AlAndAlAlloys,Mo,e-m,0.272220419307566,%,2
OBS,2020,EU27+4,WEEE_generatedDedicated,WEEE_Cat4a,powerSupply,AlAndAlAlloys,Sm,e-m,0.0651863573958456,%,1
OBS,2020,EU27+4,WEEE_generatedDedicated,WEEE_Cat4a,powerSupply,AlAndAlAlloys,,m-c,0.153251007841497,%,2
OBS,2020,EU27+4,WEEE_generatedDedicated,WEEE_Cat4a,powerSupply,CuAndCuAlloys,Ag,e-m,0.52322970997181,%,3
OBS,2020,EU27+4,WEEE_generatedDedicated,WEEE_Cat4a,powerSupply,CuAndCuAlloys,Dy,e-m,0.389366099391513,%,3
OBS,2020,EU27+4,WEEE_generatedDedicated,WEEE_Cat4a,powerSupply,CuAndCuAlloys,Zr,e-m,0.0874041906366776,%,3
OBS,2020,EU27+4,WEEE_generatedDedicated,WEEE_Cat4a,powerSupply,CuAndCuAlloys,,m-c,0.020702214904784,%,1
OBS,2020,EU27+4,WEEE_generatedDedicated,WEEE_Cat4a,powerSupply,ferrousMetals,Ag,e-m,0.243486862439434,%,2
OBS,2020,EU27+4,WEEE_generatedDedicated,WEEE_Cat4a,powerSupply,ferrousMetals,Cu,e-m,0.197945601348546,%,3
OBS,2020,EU27+4,WEEE_generatedDedicated,WEEE_Cat4a,powerSupply,ferrousMetals,Ga,e-m,0.226133040242296,%,3
OBS,2020,EU27+4,WEEE_generatedDedicated,WEEE_Cat4a,powerSupply,ferrousMetals,Mo,e-m,0.196139838150336,%,1
OBS,2020,EU27+4,WEEE_generatedDedicated,WEEE_Cat4a,powerSupply,ferrousMetals,O,e-m,0.0974524807359097,%,1
OBS,2020,EU27+4,WEEE_generatedDedicated,WEEE_Cat4a,powerSupply,ferrousMetals,Sm,e-m,0.0388421770834779,%,1
OBS,2020,EU27+4,WEEE_generatedDedicated,WEEE_Cat4a,powerSupply,ferrousMetals,,m-c,0.117364848219206,%,3
OBS,2020,EU27+4,WEEE_generatedDedicated,WEEE_Cat4a,powerSupply,,,c-p,0.0131014057529821,%,2
OBS,2020,EU27+4,WEEE_generatedDedicated,WEEE_Cat4a,powerSupply,otherMetalsAndMetalAlloys,Ag,e-m,0.0224853032975235,%,1
OBS,2020,EU27+4,WEEE_generatedDedicated,WEEE_Cat4a,powerSupply,otherMetalsAndMetalAlloys,Al,e-m,0.258372317883143,%,3
OBS,2020,EU27+4,WEEE_generatedDedicated,WEEE_Cat4a,powerSupply,otherMetalsAndMetalAlloys,Dy,e-m,0.719142378819334,%,2
OBS,2020,EU27+4,WEEE_generatedDedicated,WEEE_Cat4a,powerSupply,otherMetalsAndMetalAlloys,,m-c,0.0123810957442149,%,3
OBS,2020,EU27+4,WEEE_generatedDedicated,WEEE_Cat4a,powerSupply,plastics,Ag,e-m,1,%,3
OBS,2020,EU27+4,WEEE_generatedDedicated,WEEE_Cat4a,powerSupply,plastics,,m-c,0.0912607388735483,%,3
OBS,2020,EU27+4,WEEE_generatedDedicated,WEEE_Cat4a,powerSupply,undefinedAndMixedMaterials,Ag,e-m,1,%,1
OBS,2020,EU27+4,WEEE_generatedDedicated,WEEE_Cat4a,powerSupply,undefinedAndMixedMaterials,,m-c,0.605040094416751,%,3
OBS,2020,EU27+4,WEEE_generatedDedicated,WEEE_Cat4a,printedCircuitBoard,,,c-p,0.0004480625736237,%,3
OBS,2020,EU27+4,WEEE_generatedDedicated,WEEE_Cat4a,pump,ironWroughtAndCast,Ag,e-m,0.106935392823984,%,3
OBS,2020,EU27+4,WEEE_generatedDedicated,WEEE_Cat4a,pump,ironWroughtAndCast,Ca,e-m,0.172111136351312,%,1
OBS,2020,EU27+4,WEEE_generatedDedicated,WEEE_Cat4a,pump,ironWroughtAndCast,Ga,e-m,0.164923973428112,%,1
OBS,2020,EU27+4,WEEE_generatedDedicated,WEEE_Cat4a,pump,ironWroughtAndCast,Mo,e-m,0.161838795862594,%,3
OBS,2020,EU27+4,WEEE_generatedDedicated,WEEE_Cat4a,pump,ironWroughtAndCast,Sm,e-m,0.394190701533998,%,2
OBS,2020,EU27+4,WEEE_generatedDedicated,WEEE_Cat4a,pump,ironWroughtAndCast,,m-c,0.679475334416541,%,3
OBS,2020,EU27+4,WEEE_generatedDedicated,WEEE_Cat4a,pump,,,c-p,0.0110331829970559,%,1
OBS,2020,EU27+4,WEEE_generatedDedicated,WEEE_Cat4a,pump,steelAndSteelAlloys,Ag,e-m,0.0086855680439548,%,1
OBS,2020,EU27+4,WEEE_generatedDedicated,WEEE_Cat4a,pump,steelAndSteelAlloys,Cu,e-m,0.363362183147279,%,1
OBS,2020,EU27+4,WEEE_generatedDedicated,WEEE_Cat4a,pump,steelAndSteelAlloys,Ga,e-m,0.295943830308966,%,1
OBS,2020,EU27+4,WEEE_generatedDedicated,WEEE_Cat4a,pump,steelAndSteelAlloys,Mo,e-m,0.304403909519601,%,2
OBS,2020,EU27+4,WEEE_generatedDedicated,WEEE_Cat4a,pump,steelAndSteelAlloys,O,e-m,0.001057598583469,%,1
OBS,2020,EU27+4,WEEE_generatedDedicated,WEEE_Cat4a,pump,steelAndSteelAlloys,Sm,e-m,0.0265469103967298,%,1
OBS,2020,EU27+4,WEEE_generatedDedicated,WEEE_Cat4a,pump,steelAndSteelAlloys,,m-c,0.320524665583458,%,1
OBS,2020,EU27+4,WEEE_generatedDedicated,WEEE_Cat4a,refrigerant,,,c-p,0.0380425299533941,%,2
OBS,2020,EU27+4,WEEE_generatedDedicated,WEEE_Cat4a,refrigerant,otherOrUndefinedMaterials,Ag,e-m,1,%,1
OBS,2020,EU27+4,WEEE_generatedDedicated,WEEE_Cat4a,refrigerant,otherOrUndefinedMaterials,,m-c,1,%,3
OBS,2020,EU27+4,WEEE_generatedDedicated,WEEE_Cat4a,remoteControl,AlAndAlAlloys,Ag,e-m,0.131583608436625,%,2
OBS,2020,EU27+4,WEEE_generatedDedicated,WEEE_Cat4a,remoteControl,AlAndAlAlloys,As,e-m,0.335861789991861,%,3
OBS,2020,EU27+4,WEEE_generatedDedicated,WEEE_Cat4a,remoteControl,AlAndAlAlloys,Cu,e-m,0.0374405330954189,%,1
OBS,2020,EU27+4,WEEE_generatedDedicated,WEEE_Cat4a,remoteControl,AlAndAlAlloys,Ga,e-m,0.146033341562646,%,1
OBS,2020,EU27+4,WEEE_generatedDedicated,WEEE_Cat4a,remoteControl,AlAndAlAlloys,Mn,e-m,0.24526678678402,%,3
OBS,2020,EU27+4,WEEE_generatedDedicated,WEEE_Cat4a,remoteControl,AlAndAlAlloys,Mo,e-m,0.087979116732623,%,2
OBS,2020,EU27+4,WEEE_generatedDedicated,WEEE_Cat4a,remoteControl,AlAndAlAlloys,Sm,e-m,0.015834823396806,%,3
OBS,2020,EU27+4,WEEE_generatedDedicated,WEEE_Cat4a,remoteControl,AlAndAlAlloys,,m-c,0.0025694715114055,%,2
OBS,2020,EU27+4,WEEE_generatedDedicated,WEEE_Cat4a,remoteControl,CuAndCuAlloys,Ag,e-m,0.233434612514418,%,1
OBS,2020,EU27+4,WEEE_generatedDedicated,WEEE_Cat4a,remoteControl,CuAndCuAlloys,Dy,e-m,0.302468908218226,%,3
OBS,2020,EU27+4,WEEE_generatedDedicated,WEEE_Cat4a,remoteControl,CuAndCuAlloys,Zr,e-m,0.464096479267356,%,2
OBS,2020,EU27+4,WEEE_generatedDedicated,WEEE_Cat4a,remoteControl,CuAndCuAlloys,,m-c,0.303863663409194,%,3
OBS,2020,EU27+4,WEEE_generatedDedicated,WEEE_Cat4a,remoteControl,ferrousMetals,Ag,e-m,0.696508218215094,%,3
OBS,2020,EU27+4,WEEE_generatedDedicated,WEEE_Cat4a,remoteControl,ferrousMetals,Cu,e-m,0.0638696139263947,%,2
OBS,2020,EU27+4,WEEE_generatedDedicated,WEEE_Cat4a,remoteControl,ferrousMetals,Ga,e-m,0.0249553686433318,%,3
OBS,2020,EU27+4,WEEE_generatedDedicated,WEEE_Cat4a,remoteControl,ferrousMetals,Mo,e-m,0.0410708796447858,%,3
OBS,2020,EU27+4,WEEE_generatedDedicated,WEEE_Cat4a,remoteControl,ferrousMetals,O,e-m,0.0954448188091055,%,3
OBS,2020,EU27+4,WEEE_generatedDedicated,WEEE_Cat4a,remoteControl,ferrousMetals,Sm,e-m,0.0781511007612882,%,2
OBS,2020,EU27+4,WEEE_generatedDedicated,WEEE_Cat4a,remoteControl,ferrousMetals,,m-c,0.0766752063753619,%,2
OBS,2020,EU27+4,WEEE_generatedDedicated,WEEE_Cat4a,remoteControl,,,c-p,0.0010189772040589,%,2
OBS,2020,EU27+4,WEEE_generatedDedicated,WEEE_Cat4a,remoteControl,otherOrUndefinedMaterials,Ag,e-m,1,%,2
OBS,2020,EU27+4,WEEE_generatedDedicated,WEEE_Cat4a,remoteControl,otherOrUndefinedMaterials,,m-c,0.157347949918534,%,3
OBS,2020,EU27+4,WEEE_generatedDedicated,WEEE_Cat4a,remoteControl,plastics,Ag,e-m,1,%,1
OBS,2020,EU27+4,WEEE_generatedDedicated,WEEE_Cat4a,remoteControl,plastics,,m-c,0.144850244275891,%,2
OBS,2020,EU27+4,WEEE_generatedDedicated,WEEE_Cat4a,remoteControl,undefinedAndMixedMaterials,Ag,e-m,1,%,3
OBS,2020,EU27+4,WEEE_generatedDedicated,WEEE_Cat4a,remoteControl,undefinedAndMixedMaterials,,m-c,0.314693464509613,%,3
OBS,2020,EU27+4,WEEE_generatedDedicated,WEEE_Cat4a,resistor,,,c-p,0.0006848946349302,%,2
OBS,2020,EU27+4,WEEE_generatedDedicated,WEEE_Cat4a,rotor,ferrousMetals,Ag,e-m,0.461004782631098,%,1
OBS,2020,EU27+4,WEEE_generatedDedicated,WEEE_Cat4a,rotor,ferrousMetals,Cu,e-m,0.061395522111555,%,1
OBS,2020,EU27+4,WEEE_generatedDedicated,WEEE_Cat4a,rotor,ferrousMetals,Ga,e-m,0.148632448947506,%,1
OBS,2020,EU27+4,WEEE_generatedDedicated,WEEE_Cat4a,rotor,ferrousMetals,Mo,e-m,0.0835327652128641,%,3
OBS,2020,EU27+4,WEEE_generatedDedicated,WEEE_Cat4a,rotor,ferrousMetals,O,e-m,0.0245746527477539,%,2
OBS,2020,EU27+4,WEEE_generatedDedicated,WEEE_Cat4a,rotor,ferrousMetals,Sm,e-m,0.220859828349223,%,3
OBS,2020,EU27+4,WEEE_generatedDedicated,WEEE_Cat4a,rotor,ferrousMetals,,m-c,0.567844358320928,%,3
OBS,2020,EU27+4,WEEE_generatedDedicated,WEEE_Cat4a,rotor,,,c-p,0.01466165044931,%,1
OBS,2020,EU27+4,WEEE_generatedDedicated,WEEE_Cat4a,rotor,plastics,Ag,e-m,1,%,1
OBS,2020,EU27+4,WEEE_generatedDedicated,WEEE_Cat4a,rotor,plastics,,m-c,0.432155641679072,%,1
OBS,2020,EU27+4,WEEE_generatedDedicated,WEEE_Cat4a,screw,CuAndCuAlloys,Ag,e-m,0.449850777797788,%,3
OBS,2020,EU27+4,WEEE_generatedDedicated,WEEE_Cat4a,screw,CuAndCuAlloys,Dy,e-m,0.190405900708483,%,1
OBS,2020,EU27+4,WEEE_generatedDedicated,WEEE_Cat4a,screw,CuAndCuAlloys,Zr,e-m,0.35974332149373,%,2
OBS,2020,EU27+4,WEEE_generatedDedicated,WEEE_Cat4a,screw,CuAndCuAlloys,,m-c,0.280830378734225,%,3
OBS,2020,EU27+4,WEEE_generatedDedicated,WEEE_Cat4a,screw,ferrousMetals,Ag,e-m,0.178872671515067,%,1
OBS,2020,EU27+4,WEEE_generatedDedicated,WEEE_Cat4a,screw,ferrousMetals,Ca,e-m,0.237745488244746,%,3
OBS,2020,EU27+4,WEEE_generatedDedicated,WEEE_Cat4a,screw,ferrousMetals,Ga,e-m,0.320684449211139,%,1
OBS,2020,EU27+4,WEEE_generatedDedicated,WEEE_Cat4a,screw,ferrousMetals,Mo,e-m,0.0371886679517703,%,2
OBS,2020,EU27+4,WEEE_generatedDedicated,WEEE_Cat4a,screw,ferrousMetals,Sm,e-m,0.225508723077276,%,2
OBS,2020,EU27+4,WEEE_generatedDedicated,WEEE_Cat4a,screw,ferrousMetals,,m-c,0.719169621265775,%,1
OBS,2020,EU27+4,WEEE_generatedDedicated,WEEE_Cat4a,screw,,,c-p,0.0048198972456195,%,3
OBS,2020,EU27+4,WEEE_generatedDedicated,WEEE_Cat4a,sensorUnspecified,ferrousMetals,,m-c,0.275896126481878,%,3
OBS,2020,EU27+4,WEEE_generatedDedicated,WEEE_Cat4a,sensorUnspecified,,,c-p,0.0168685713061997,%,3
OBS,2020,EU27+4,WEEE_generatedDedicated,WEEE_Cat4a,sensorUnspecified,plastics,,m-c,0.724103873518122,%,1
OBS,2020,EU27+4,WEEE_generatedDedicated,WEEE_Cat4a,shadowComponentWEEE,CuAndCuAlloys,Ag,e-m,0.134067717818287,%,1
OBS,2020,EU27+4,WEEE_generatedDedicated,WEEE_Cat4a,shadowComponentWEEE,CuAndCuAlloys,As,e-m,0.0623986554237677,%,3
OBS,2020,EU27+4,WEEE_generatedDedicated,WEEE_Cat4a,shadowComponentWEEE,CuAndCuAlloys,Cu,e-m,0.037724033725505,%,1
OBS,2020,EU27+4,WEEE_generatedDedicated,WEEE_Cat4a,shadowComponentWEEE,CuAndCuAlloys,Dy,e-m,0.0396228974606169,%,1
OBS,2020,EU27+4,WEEE_generatedDedicated,WEEE_Cat4a,shadowComponentWEEE,CuAndCuAlloys,Ga,e-m,0.359996540295173,%,1
OBS,2020,EU27+4,WEEE_generatedDedicated,WEEE_Cat4a,shadowComponentWEEE,CuAndCuAlloys,Mn,e-m,0.0841143963320065,%,2
OBS,2020,EU27+4,WEEE_generatedDedicated,WEEE_Cat4a,shadowComponentWEEE,CuAndCuAlloys,Mo,e-m,0.180213116094706,%,1
OBS,2020,EU27+4,WEEE_generatedDedicated,WEEE_Cat4a,shadowComponentWEEE,CuAndCuAlloys,Sm,e-m,0.0058749952192912,%,1
OBS,2020,EU27+4,WEEE_generatedDedicated,WEEE_Cat4a,shadowComponentWEEE,CuAndCuAlloys,Sr,e-m,0.0106571364257376,%,1
OBS,2020,EU27+4,WEEE_generatedDedicated,WEEE_Cat4a,shadowComponentWEEE,CuAndCuAlloys,Zr,e-m,0.0853305112049102,%,3
OBS,2020,EU27+4,WEEE_generatedDedicated,WEEE_Cat4a,shadowComponentWEEE,CuAndCuAlloys,,m-c,0.0113766688782439,%,2
OBS,2020,EU27+4,WEEE_generatedDedicated,WEEE_Cat4a,shadowComponentWEEE,bitumen,Ag,e-m,1,%,2
OBS,2020,EU27+4,WEEE_generatedDedicated,WEEE_Cat4a,shadowComponentWEEE,bitumen,,m-c,0.0039079387497812,%,1
OBS,2020,EU27+4,WEEE_generatedDedicated,WEEE_Cat4a,shadowComponentWEEE,ceramicComposites,Ag,e-m,1,%,1
OBS,2020,EU27+4,WEEE_generatedDedicated,WEEE_Cat4a,shadowComponentWEEE,ceramicComposites,,m-c,0.0729721610040751,%,3
OBS,2020,EU27+4,WEEE_generatedDedicated,WEEE_Cat4a,shadowComponentWEEE,concrete,Ag,e-m,1,%,1
OBS,2020,EU27+4,WEEE_generatedDedicated,WEEE_Cat4a,shadowComponentWEEE,concrete,,m-c,0.130940258890588,%,3
OBS,2020,EU27+4,WEEE_generatedDedicated,WEEE_Cat4a,shadowComponentWEEE,glass,Ag,e-m,0.0494698958279392,%,3
OBS,2020,EU27+4,WEEE_generatedDedicated,WEEE_Cat4a,shadowComponentWEEE,glass,Pd,e-m,0.858972985811082,%,3
OBS,2020,EU27+4,WEEE_generatedDedicated,WEEE_Cat4a,shadowComponentWEEE,glass,Sc,e-m,0.0692608391417091,%,1
OBS,2020,EU27+4,WEEE_generatedDedicated,WEEE_Cat4a,shadowComponentWEEE,glass,Zr,e-m,0.0222962792192694,%,1
OBS,2020,EU27+4,WEEE_generatedDedicated,WEEE_Cat4a,shadowComponentWEEE,glass,,m-c,0.0438721214470677,%,2
OBS,2020,EU27+4,WEEE_generatedDedicated,WEEE_Cat4a,shadowComponentWEEE,ironWroughtAndCast,Ag,e-m,0.262261063494906,%,3
OBS,2020,EU27+4,WEEE_generatedDedicated,WEEE_Cat4a,shadowComponentWEEE,ironWroughtAndCast,Ca,e-m,0.087260420725097,%,1
OBS,2020,EU27+4,WEEE_generatedDedicated,WEEE_Cat4a,shadowComponentWEEE,ironWroughtAndCast,Ga,e-m,0.227545420524832,%,3
OBS,2020,EU27+4,WEEE_generatedDedicated,WEEE_Cat4a,shadowComponentWEEE,ironWroughtAndCast,Mo,e-m,0.287818139818968,%,1
OBS,2020,EU27+4,WEEE_generatedDedicated,WEEE_Cat4a,shadowComponentWEEE,ironWroughtAndCast,Sm,e-m,0.135114955436197,%,3
OBS,2020,EU27+4,WEEE_generatedDedicated,WEEE_Cat4a,shadowComponentWEEE,ironWroughtAndCast,,m-c,0.041131686099214,%,2
OBS,2020,EU27+4,WEEE_generatedDedicated,WEEE_Cat4a,shadowComponentWEEE,,,c-p,0.0230325072221042,%,2
OBS,2020,EU27+4,WEEE_generatedDedicated,WEEE_Cat4a,shadowComponentWEEE,oil4,Ag,e-m,1,%,2
OBS,2020,EU27+4,WEEE_generatedDedicated,WEEE_Cat4a,shadowComponentWEEE,oil4,,m-c,0.0539918004295324,%,1
OBS,2020,EU27+4,WEEE_generatedDedicated,WEEE_Cat4a,shadowComponentWEEE,otherMetalsAndMetalAlloys,Ag,e-m,0.122332501913523,%,3
OBS,2020,EU27+4,WEEE_generatedDedicated,WEEE_Cat4a,shadowComponentWEEE,otherMetalsAndMetalAlloys,Al,e-m,0.0153128342758504,%,2
OBS,2020,EU27+4,WEEE_generatedDedicated,WEEE_Cat4a,shadowComponentWEEE,otherMetalsAndMetalAlloys,As,e-m,0.0725389993000837,%,1
OBS,2020,EU27+4,WEEE_generatedDedicated,WEEE_Cat4a,shadowComponentWEEE,otherMetalsAndMetalAlloys,Bi,e-m,0.171489341040707,%,1
OBS,2020,EU27+4,WEEE_generatedDedicated,WEEE_Cat4a,shadowComponentWEEE,otherMetalsAndMetalAlloys,Ca,e-m,0.096287096350025,%,2
OBS,2020,EU27+4,WEEE_generatedDedicated,WEEE_Cat4a,shadowComponentWEEE,otherMetalsAndMetalAlloys,Cl,e-m,0.0416322086402085,%,1
OBS,2020,EU27+4,WEEE_generatedDedicated,WEEE_Cat4a,shadowComponentWEEE,otherMetalsAndMetalAlloys,Dy,e-m,0.182777109799686,%,1
OBS,2020,EU27+4,WEEE_generatedDedicated,WEEE_Cat4a,shadowComponentWEEE,otherMetalsAndMetalAlloys,Ga,e-m,0.0084950064814914,%,1
OBS,2020,EU27+4,WEEE_generatedDedicated,WEEE_Cat4a,shadowComponentWEEE,otherMetalsAndMetalAlloys,Mn,e-m,0.0129312602098525,%,2
OBS,2020,EU27+4,WEEE_generatedDedicated,WEEE_Cat4a,shadowComponentWEEE,otherMetalsAndMetalAlloys,Mo,e-m,0.0253477444122133,%,3
OBS,2020,EU27+4,WEEE_generatedDedicated,WEEE_Cat4a,shadowComponentWEEE,otherMetalsAndMetalAlloys,O,e-m,0.116102624858095,%,1
OBS,2020,EU27+4,WEEE_generatedDedicated,WEEE_Cat4a,shadowComponentWEEE,otherMetalsAndMetalAlloys,Sm,e-m,0.0414144958849558,%,2
OBS,2020,EU27+4,WEEE_generatedDedicated,WEEE_Cat4a,shadowComponentWEEE,otherMetalsAndMetalAlloys,Zr,e-m,0.0933387768333094,%,1
OBS,2020,EU27+4,WEEE_generatedDedicated,WEEE_Cat4a,shadowComponentWEEE,otherMetalsAndMetalAlloys,,m-c,0.0708075535049074,%,3
OBS,2020,EU27+4,WEEE_generatedDedicated,WEEE_Cat4a,shadowComponentWEEE,otherOrUndefinedMaterials,Ag,e-m,1,%,3
OBS,2020,EU27+4,WEEE_generatedDedicated,WEEE_Cat4a,shadowComponentWEEE,otherOrUndefinedMaterials,,m-c,0.0668462418033674,%,2
OBS,2020,EU27+4,WEEE_generatedDedicated,WEEE_Cat4a,shadowComponentWEEE,otherOrganics,Ag,e-m,1,%,1
OBS,2020,EU27+4,WEEE_generatedDedicated,WEEE_Cat4a,shadowComponentWEEE,otherOrganics,,m-c,0.146506465850965,%,1
OBS,2020,EU27+4,WEEE_generatedDedicated,WEEE_Cat4a,shadowComponentWEEE,plasticComposites,Ag,e-m,1,%,3
OBS,2020,EU27+4,WEEE_generatedDedicated,WEEE_Cat4a,shadowComponentWEEE,plasticComposites,,m-c,0.134059051003676,%,2
OBS,2020,EU27+4,WEEE_generatedDedicated,WEEE_Cat4a,shadowComponentWEEE,plastics,Ag,e-m,1,%,1
OBS,2020,EU27+4,WEEE_generatedDedicated,WEEE_Cat4a,shadowComponentWEEE,plastics,,m-c,0.0936417434187749,%,3
OBS,2020,EU27+4,WEEE_generatedDedicated,WEEE_Cat4a,shadowComponentWEEE,reinforcedPlastics,Ag,e-m,1,%,3
OBS,2020,EU27+4,WEEE_generatedDedicated,WEEE_Cat4a,shadowComponentWEEE,reinforcedPlastics,,m-c,0.0097492186372727,%,3
OBS,2020,EU27+4,WEEE_generatedDedicated,WEEE_Cat4a,shadowComponentWEEE,sand,Ag,e-m,0.0237010110897346,%,1
OBS,2020,EU27+4,WEEE_generatedDedicated,WEEE_Cat4a,shadowComponentWEEE,sand,Pd,e-m,0.0513406120955822,%,1
OBS,2020,EU27+4,WEEE_generatedDedicated,WEEE_Cat4a,shadowComponentWEEE,sand,Sc,e-m,0.486481946946272,%,3
OBS,2020,EU27+4,WEEE_generatedDedicated,WEEE_Cat4a,shadowComponentWEEE,sand,Zr,e-m,0.438476429868411,%,2
OBS,2020,EU27+4,WEEE_generatedDedicated,WEEE_Cat4a,shadowComponentWEEE,sand,,m-c,0.0471883229977524,%,1
OBS,2020,EU27+4,WEEE_generatedDedicated,WEEE_Cat4a,shadowComponentWEEE,steelAndSteelAlloys,Ag,e-m,0.288861693677825,%,2
OBS,2020,EU27+4,WEEE_generatedDedicated,WEEE_Cat4a,shadowComponentWEEE,steelAndSteelAlloys,Cu,e-m,0.248872204317096,%,1
OBS,2020,EU27+4,WEEE_generatedDedicated,WEEE_Cat4a,shadowComponentWEEE,steelAndSteelAlloys,Ga,e-m,0.0616244693230589,%,2
OBS,2020,EU27+4,WEEE_generatedDedicated,WEEE_Cat4a,shadowComponentWEEE,steelAndSteelAlloys,Mo,e-m,0.242042307865364,%,3
OBS,2020,EU27+4,WEEE_generatedDedicated,WEEE_Cat4a,shadowComponentWEEE,steelAndSteelAlloys,O,e-m,0.0826509765704729,%,2
OBS,2020,EU27+4,WEEE_generatedDedicated,WEEE_Cat4a,shadowComponentWEEE,steelAndSteelAlloys,Sm,e-m,0.075948348246183,%,2
OBS,2020,EU27+4,WEEE_generatedDedicated,WEEE_Cat4a,shadowComponentWEEE,steelAndSteelAlloys,,m-c,0.0730087672847816,%,3
OBS,2020,EU27+4,WEEE_generatedDedicated,WEEE_Cat4a,solenoidValve,,,c-p,0.0013038435228591,%,2
OBS,2020,EU27+4,WEEE_generatedDedicated,WEEE_Cat4a,speakerEEE2,AlAndAlAlloys,Ag,e-m,0.154474454590033,%,2
OBS,2020,EU27+4,WEEE_generatedDedicated,WEEE_Cat4a,speakerEEE2,AlAndAlAlloys,As,e-m,0.216114372191358,%,1
OBS,2020,EU27+4,WEEE_generatedDedicated,WEEE_Cat4a,speakerEEE2,AlAndAlAlloys,Cu,e-m,0.204637538435294,%,1
OBS,2020,EU27+4,WEEE_generatedDedicated,WEEE_Cat4a,speakerEEE2,AlAndAlAlloys,Ga,e-m,0.166152151079932,%,2
OBS,2020,EU27+4,WEEE_generatedDedicated,WEEE_Cat4a,speakerEEE2,AlAndAlAlloys,Mn,e-m,0.0584926556752308,%,1
OBS,2020,EU27+4,WEEE_generatedDedicated,WEEE_Cat4a,speakerEEE2,AlAndAlAlloys,Mo,e-m,0.101033620749849,%,2
OBS,2020,EU27+4,WEEE_generatedDedicated,WEEE_Cat4a,speakerEEE2,AlAndAlAlloys,Sm,e-m,0.0990952072783041,%,3
OBS,2020,EU27+4,WEEE_generatedDedicated,WEEE_Cat4a,speakerEEE2,AlAndAlAlloys,,m-c,0.145229636624147,%,2
OBS,2020,EU27+4,WEEE_generatedDedicated,WEEE_Cat4a,speakerEEE2,CuAndCuAlloys,Ag,e-m,0.0825221676991277,%,3
OBS,2020,EU27+4,WEEE_generatedDedicated,WEEE_Cat4a,speakerEEE2,CuAndCuAlloys,Dy,e-m,0.244817517896055,%,3
OBS,2020,EU27+4,WEEE_generatedDedicated,WEEE_Cat4a,speakerEEE2,CuAndCuAlloys,Zr,e-m,0.672660314404817,%,1
OBS,2020,EU27+4,WEEE_generatedDedicated,WEEE_Cat4a,speakerEEE2,CuAndCuAlloys,,m-c,0.286835917055609,%,3
OBS,2020,EU27+4,WEEE_generatedDedicated,WEEE_Cat4a,speakerEEE2,ferrousMetals,Ag,e-m,0.0416981774223185,%,3
OBS,2020,EU27+4,WEEE_generatedDedicated,WEEE_Cat4a,speakerEEE2,ferrousMetals,Cu,e-m,0.11509996131377,%,3
OBS,2020,EU27+4,WEEE_generatedDedicated,WEEE_Cat4a,speakerEEE2,ferrousMetals,Ga,e-m,0.0969398146105072,%,1
OBS,2020,EU27+4,WEEE_generatedDedicated,WEEE_Cat4a,speakerEEE2,ferrousMetals,Mo,e-m,0.15580737007847,%,2
OBS,2020,EU27+4,WEEE_generatedDedicated,WEEE_Cat4a,speakerEEE2,ferrousMetals,O,e-m,0.421423788031206,%,3
OBS,2020,EU27+4,WEEE_generatedDedicated,WEEE_Cat4a,speakerEEE2,ferrousMetals,Sm,e-m,0.169030888543728,%,2
OBS,2020,EU27+4,WEEE_generatedDedicated,WEEE_Cat4a,speakerEEE2,ferrousMetals,,m-c,0.12483416527804,%,1
OBS,2020,EU27+4,WEEE_generatedDedicated,WEEE_Cat4a,speakerEEE2,,,c-p,0.0044962628302941,%,1
OBS,2020,EU27+4,WEEE_generatedDedicated,WEEE_Cat4a,speakerEEE2,otherMetalsAndMetalAlloys,Ag,e-m,0.317844961276878,%,2
OBS,2020,EU27+4,WEEE_generatedDedicated,WEEE_Cat4a,speakerEEE2,otherMetalsAndMetalAlloys,Al,e-m,0.187329398745267,%,2
OBS,2020,EU27+4,WEEE_generatedDedicated,WEEE_Cat4a,speakerEEE2,otherMetalsAndMetalAlloys,Dy,e-m,0.494825639977855,%,3
OBS,2020,EU27+4,WEEE_generatedDedicated,WEEE_Cat4a,speakerEEE2,otherMetalsAndMetalAlloys,,m-c,0.369462090101043,%,1
OBS,2020,EU27+4,WEEE_generatedDedicated,WEEE_Cat4a,speakerEEE2,plastics,Ag,e-m,1,%,1
OBS,2020,EU27+4,WEEE_generatedDedicated,WEEE_Cat4a,speakerEEE2,plastics,,m-c,0.0226149953395467,%,2
OBS,2020,EU27+4,WEEE_generatedDedicated,WEEE_Cat4a,speakerEEE2,undefinedAndMixedMaterials,Ag,e-m,1,%,2
OBS,2020,EU27+4,WEEE_generatedDedicated,WEEE_Cat4a,speakerEEE2,undefinedAndMixedMaterials,,m-c,0.051023195601615,%,2
OBS,2020,EU27+4,WEEE_generatedDedicated,WEEE_Cat4a,switch,,,c-p,0.014563360883039,%,2
OBS,2020,EU27+4,WEEE_generatedDedicated,WEEE_Cat4a,tonerCartridge,,,c-p,0.0133645791120177,%,1
OBS,2020,EU27+4,WEEE_generatedDedicated,WEEE_Cat4a,transformator,CuAndCuAlloys,Ag,e-m,0.471950221405656,%,3
OBS,2020,EU27+4,WEEE_generatedDedicated,WEEE_Cat4a,transformator,CuAndCuAlloys,Dy,e-m,0.17024876439064,%,2
OBS,2020,EU27+4,WEEE_generatedDedicated,WEEE_Cat4a,transformator,CuAndCuAlloys,Zr,e-m,0.357801014203704,%,1
OBS,2020,EU27+4,WEEE_generatedDedicated,WEEE_Cat4a,transformator,CuAndCuAlloys,,m-c,0.351944541030473,%,2
OBS,2020,EU27+4,WEEE_generatedDedicated,WEEE_Cat4a,transformator,ferrousMetals,Ag,e-m,0.0591689678855046,%,3
OBS,2020,EU27+4,WEEE_generatedDedicated,WEEE_Cat4a,transformator,ferrousMetals,Cu,e-m,0.176053657274218,%,1
OBS,2020,EU27+4,WEEE_generatedDedicated,WEEE_Cat4a,transformator,ferrousMetals,Ga,e-m,0.142145669205819,%,1
OBS,2020,EU27+4,WEEE_generatedDedicated,WEEE_Cat4a,transformator,ferrousMetals,Mo,e-m,0.050315870413362,%,1
OBS,2020,EU27+4,WEEE_generatedDedicated,WEEE_Cat4a,transformator,ferrousMetals,O,e-m,0.424956127716274,%,1
OBS,2020,EU27+4,WEEE_generatedDedicated,WEEE_Cat4a,transformator,ferrousMetals,Sm,e-m,0.147359707504823,%,3
OBS,2020,EU27+4,WEEE_generatedDedicated,WEEE_Cat4a,transformator,ferrousMetals,,m-c,0.648055458969527,%,1
OBS,2020,EU27+4,WEEE_generatedDedicated,WEEE_Cat4a,transformator,,,c-p,0.0025195104607913,%,1
OBS,2020,EU27+4,WEEE_generatedDedicated,WEEE_Cat4a,transmission,AlAndAlAlloys,,m-c,0.673926339431802,%,2
OBS,2020,EU27+4,WEEE_generatedDedicated,WEEE_Cat4a,transmission,ferrousMetals,Ag,e-m,0.178357340258438,%,3
OBS,2020,EU27+4,WEEE_generatedDedicated,WEEE_Cat4a,transmission,ferrousMetals,Cu,e-m,0.205104976313433,%,2
OBS,2020,EU27+4,WEEE_generatedDedicated,WEEE_Cat4a,transmission,ferrousMetals,Ga,e-m,0.307935126728952,%,1
OBS,2020,EU27+4,WEEE_generatedDedicated,WEEE_Cat4a,transmission,ferrousMetals,Mo,e-m,0.127617995840298,%,2
OBS,2020,EU27+4,WEEE_generatedDedicated,WEEE_Cat4a,transmission,ferrousMetals,O,e-m,0.164863915864309,%,2
OBS,2020,EU27+4,WEEE_generatedDedicated,WEEE_Cat4a,transmission,ferrousMetals,Sm,e-m,0.0161206449945694,%,2
OBS,2020,EU27+4,WEEE_generatedDedicated,WEEE_Cat4a,transmission,ferrousMetals,,m-c,0.260248984775426,%,1
OBS,2020,EU27+4,WEEE_generatedDedicated,WEEE_Cat4a,transmission,,,c-p,0.0107056852320994,%,2
OBS,2020,EU27+4,WEEE_generatedDedicated,WEEE_Cat4a,transmission,plastics,Ag,e-m,1,%,3
OBS,2020,EU27+4,WEEE_generatedDedicated,WEEE_Cat4a,transmission,plastics,,m-c,0.0658246757927727,%,2
OBS,2020,EU27+4,WEEE_generatedDedicated,WEEE_Cat4a,transmitter,CuAndCuAlloys,Ag,e-m,0.211034299029112,%,2
OBS,2020,EU27+4,WEEE_generatedDedicated,WEEE_Cat4a,transmitter,CuAndCuAlloys,Dy,e-m,0.307191518831095,%,3
OBS,2020,EU27+4,WEEE_generatedDedicated,WEEE_Cat4a,transmitter,CuAndCuAlloys,Zr,e-m,0.481774182139793,%,3
OBS,2020,EU27+4,WEEE_generatedDedicated,WEEE_Cat4a,transmitter,CuAndCuAlloys,,m-c,0.486777703586383,%,1
OBS,2020,EU27+4,WEEE_generatedDedicated,WEEE_Cat4a,transmitter,ferrousMetals,Ag,e-m,0.322840091509448,%,3
OBS,2020,EU27+4,WEEE_generatedDedicated,WEEE_Cat4a,transmitter,ferrousMetals,Ca,e-m,0.272900044441607,%,3
OBS,2020,EU27+4,WEEE_generatedDedicated,WEEE_Cat4a,transmitter,ferrousMetals,Ga,e-m,0.161997526934124,%,2
OBS,2020,EU27+4,WEEE_generatedDedicated,WEEE_Cat4a,transmitter,ferrousMetals,Mo,e-m,0.18292341464041,%,2
OBS,2020,EU27+4,WEEE_generatedDedicated,WEEE_Cat4a,transmitter,ferrousMetals,Sm,e-m,0.0593389224744113,%,1
OBS,2020,EU27+4,WEEE_generatedDedicated,WEEE_Cat4a,transmitter,ferrousMetals,,m-c,0.263727041806858,%,2
OBS,2020,EU27+4,WEEE_generatedDedicated,WEEE_Cat4a,transmitter,,,c-p,0.037945094574172,%,3
OBS,2020,EU27+4,WEEE_generatedDedicated,WEEE_Cat4a,transmitter,plastics,Ag,e-m,1,%,3
OBS,2020,EU27+4,WEEE_generatedDedicated,WEEE_Cat4a,transmitter,plastics,,m-c,0.249495254606759,%,2
OBS,2020,EU27+4,WEEE_generatedDedicated,WEEE_Cat4a,wheel,ferrousMetals,Ag,e-m,0.0941041005039794,%,3
OBS,2020,EU27+4,WEEE_generatedDedicated,WEEE_Cat4a,wheel,ferrousMetals,Cu,e-m,0.150822077663047,%,1
OBS,2020,EU27+4,WEEE_generatedDedicated,WEEE_Cat4a,wheel,ferrousMetals,Ga,e-m,0.244526514130006,%,2
OBS,2020,EU27+4,WEEE_generatedDedicated,WEEE_Cat4a,wheel,ferrousMetals,Mo,e-m,0.0787153083733829,%,3
OBS,2020,EU27+4,WEEE_generatedDedicated,WEEE_Cat4a,wheel,ferrousMetals,O,e-m,0.0070810901625417,%,3
OBS,2020,EU27+4,WEEE_generatedDedicated,WEEE_Cat4a,wheel,ferrousMetals,Sm,e-m,0.424750909167042,%,2
OBS,2020,EU27+4,WEEE_generatedDedicated,WEEE_Cat4a,wheel,ferrousMetals,,m-c,0.189380579696739,%,3
OBS,2020,EU27+4,WEEE_generatedDedicated,WEEE_Cat4a,wheel,,,c-p,0.0099139691313574,%,3
OBS,2020,EU27+4,WEEE_generatedDedicated,WEEE_Cat4a,wheel,plastics,Ag,e-m,1,%,3
OBS,2020,EU27+4,WEEE_generatedDedicated,WEEE_Cat4a,wheel,plastics,,m-c,0.248221358218067,%,2
OBS,2020,EU27+4,WEEE_generatedDedicated,WEEE_Cat4a,wheel,polymerPA6GF30,Ag,e-m,1,%,1
OBS,2020,EU27+4,WEEE_generatedDedicated,WEEE_Cat4a,wheel,polymerPA6GF30,,m-c,0.0627910685506545,%,3
OBS,2020,EU27+4,WEEE_generatedDedicated,WEEE_Cat4a,wheel,polymerPPTF20,Ag,e-m,1,%,2
OBS,2020,EU27+4,WEEE_generatedDedicated,WEEE_Cat4a,wheel,polymerPPTF20,,m-c,0.288260591445036,%,1
OBS,2020,EU27+4,WEEE_generatedDedicated,WEEE_Cat4a,wheel,polymerPPTF30,Ag,e-m,1,%,1
OBS,2020,EU27+4,WEEE_generatedDedicated,WEEE_Cat4a,wheel,polymerPPTF30,,m-c,0.211346402089504,%,2
OBS,2020,EU27+4,WEEE_generatedDedicated,WEEE_Cat4b,ComponentShadowWEEE,AlAndAlAlloys,Ag,e-m,0.216628092355436,%,2
OBS,2020,EU27+4,WEEE_generatedDedicated,WEEE_Cat4b,ComponentShadowWEEE,AlAndAlAlloys,As,e-m,0.172503087804456,%,3
OBS,2020,EU27+4,WEEE_generatedDedicated,WEEE_Cat4b,ComponentShadowWEEE,AlAndAlAlloys,Cu,e-m,0.160195690968536,%,2
OBS,2020,EU27+4,WEEE_generatedDedicated,WEEE_Cat4b,ComponentShadowWEEE,AlAndAlAlloys,Ga,e-m,0.107690867826207,%,3
OBS,2020,EU27+4,WEEE_generatedDedicated,WEEE_Cat4b,ComponentShadowWEEE,AlAndAlAlloys,Mn,e-m,0.132370562058554,%,3
OBS,2020,EU27+4,WEEE_generatedDedicated,WEEE_Cat4b,ComponentShadowWEEE,AlAndAlAlloys,Mo,e-m,0.108362143951932,%,3
OBS,2020,EU27+4,WEEE_generatedDedicated,WEEE_Cat4b,ComponentShadowWEEE,AlAndAlAlloys,Sm,e-m,0.102249555034879,%,2
OBS,2020,EU27+4,WEEE_generatedDedicated,WEEE_Cat4b,ComponentShadowWEEE,AlAndAlAlloys,,m-c,0.0331533409785135,%,2
OBS,2020,EU27+4,WEEE_generatedDedicated,WEEE_Cat4b,ComponentShadowWEEE,CuAndCuAlloys,Ag,e-m,0.704304359650367,%,3
OBS,2020,EU27+4,WEEE_generatedDedicated,WEEE_Cat4b,ComponentShadowWEEE,CuAndCuAlloys,Dy,e-m,0.289500912504404,%,3
OBS,2020,EU27+4,WEEE_generatedDedicated,WEEE_Cat4b,ComponentShadowWEEE,CuAndCuAlloys,Zr,e-m,0.0061947278452285,%,2
OBS,2020,EU27+4,WEEE_generatedDedicated,WEEE_Cat4b,ComponentShadowWEEE,CuAndCuAlloys,,m-c,0.138023992021428,%,1
OBS,2020,EU27+4,WEEE_generatedDedicated,WEEE_Cat4b,ComponentShadowWEEE,MaterialShadowWEEE,,m-c,0.164419471667035,%,2
OBS,2020,EU27+4,WEEE_generatedDedicated,WEEE_Cat4b,ComponentShadowWEEE,aggregateBinderMixedMaterials,Ag,e-m,1,%,3
OBS,2020,EU27+4,WEEE_generatedDedicated,WEEE_Cat4b,ComponentShadowWEEE,aggregateBinderMixedMaterials,,m-c,0.0511272821501975,%,3
OBS,2020,EU27+4,WEEE_generatedDedicated,WEEE_Cat4b,ComponentShadowWEEE,ferrousMetals,Ag,e-m,0.218062311347006,%,3
OBS,2020,EU27+4,WEEE_generatedDedicated,WEEE_Cat4b,ComponentShadowWEEE,ferrousMetals,Ca,e-m,0.313423717114971,%,2
OBS,2020,EU27+4,WEEE_generatedDedicated,WEEE_Cat4b,ComponentShadowWEEE,ferrousMetals,Cu,e-m,0.0044059566821397,%,3
OBS,2020,EU27+4,WEEE_generatedDedicated,WEEE_Cat4b,ComponentShadowWEEE,ferrousMetals,Ga,e-m,0.090357263734822,%,2
OBS,2020,EU27+4,WEEE_generatedDedicated,WEEE_Cat4b,ComponentShadowWEEE,ferrousMetals,Mo,e-m,0.127461886254611,%,1
OBS,2020,EU27+4,WEEE_generatedDedicated,WEEE_Cat4b,ComponentShadowWEEE,ferrousMetals,O,e-m,0.0801133235806988,%,1
OBS,2020,EU27+4,WEEE_generatedDedicated,WEEE_Cat4b,ComponentShadowWEEE,ferrousMetals,Sm,e-m,0.166175541285751,%,3
OBS,2020,EU27+4,WEEE_generatedDedicated,WEEE_Cat4b,ComponentShadowWEEE,ferrousMetals,,m-c,0.0971949389989978,%,2
OBS,2020,EU27+4,WEEE_generatedDedicated,WEEE_Cat4b,ComponentShadowWEEE,glass,Ag,e-m,0.331118025280168,%,3
OBS,2020,EU27+4,WEEE_generatedDedicated,WEEE_Cat4b,ComponentShadowWEEE,glass,Pd,e-m,0.0317696631936456,%,3
OBS,2020,EU27+4,WEEE_generatedDedicated,WEEE_Cat4b,ComponentShadowWEEE,glass,Sc,e-m,0.479800660607768,%,3
OBS,2020,EU27+4,WEEE_generatedDedicated,WEEE_Cat4b,ComponentShadowWEEE,glass,Zr,e-m,0.157311650918418,%,1
OBS,2020,EU27+4,WEEE_generatedDedicated,WEEE_Cat4b,ComponentShadowWEEE,glass,,m-c,0.0040022711008334,%,1
OBS,2020,EU27+4,WEEE_generatedDedicated,WEEE_Cat4b,ComponentShadowWEEE,glassAndCeramics,Ag,e-m,0.207291075828701,%,2
OBS,2020,EU27+4,WEEE_generatedDedicated,WEEE_Cat4b,ComponentShadowWEEE,glassAndCeramics,Pd,e-m,0.538401653647677,%,1
OBS,2020,EU27+4,WEEE_generatedDedicated,WEEE_Cat4b,ComponentShadowWEEE,glassAndCeramics,Sc,e-m,0.107846778669076,%,3
OBS,2020,EU27+4,WEEE_generatedDedicated,WEEE_Cat4b,ComponentShadowWEEE,glassAndCeramics,Zr,e-m,0.146460491854546,%,3
OBS,2020,EU27+4,WEEE_generatedDedicated,WEEE_Cat4b,ComponentShadowWEEE,glassAndCeramics,,m-c,0.033239982191379,%,3
OBS,2020,EU27+4,WEEE_generatedDedicated,WEEE_Cat4b,ComponentShadowWEEE,,,c-p,0.0053205895035291,%,2
OBS,2020,EU27+4,WEEE_generatedDedicated,WEEE_Cat4b,ComponentShadowWEEE,non-ferrousMetals,Ag,e-m,0.0496661591421031,%,3
OBS,2020,EU27+4,WEEE_generatedDedicated,WEEE_Cat4b,ComponentShadowWEEE,non-ferrousMetals,Al,e-m,0.0552980568799781,%,1
OBS,2020,EU27+4,WEEE_generatedDedicated,WEEE_Cat4b,ComponentShadowWEEE,non-ferrousMetals,As,e-m,0.141164798791714,%,3
OBS,2020,EU27+4,WEEE_generatedDedicated,WEEE_Cat4b,ComponentShadowWEEE,non-ferrousMetals,Ca,e-m,9.85925483327111E-05,%,1
OBS,2020,EU27+4,WEEE_generatedDedicated,WEEE_Cat4b,ComponentShadowWEEE,non-ferrousMetals,Cl,e-m,0.0004328994497286,%,1
OBS,2020,EU27+4,WEEE_generatedDedicated,WEEE_Cat4b,ComponentShadowWEEE,non-ferrousMetals,Cu,e-m,0.212206524483281,%,2
OBS,2020,EU27+4,WEEE_generatedDedicated,WEEE_Cat4b,ComponentShadowWEEE,non-ferrousMetals,Dy,e-m,0.100847979790379,%,1
OBS,2020,EU27+4,WEEE_generatedDedicated,WEEE_Cat4b,ComponentShadowWEEE,non-ferrousMetals,Ga,e-m,0.0370760190350008,%,1
OBS,2020,EU27+4,WEEE_generatedDedicated,WEEE_Cat4b,ComponentShadowWEEE,non-ferrousMetals,Mn,e-m,0.0214354162768921,%,1
OBS,2020,EU27+4,WEEE_generatedDedicated,WEEE_Cat4b,ComponentShadowWEEE,non-ferrousMetals,Mo,e-m,0.0331071309570063,%,3
OBS,2020,EU27+4,WEEE_generatedDedicated,WEEE_Cat4b,ComponentShadowWEEE,non-ferrousMetals,O,e-m,0.0383890446551859,%,2
OBS,2020,EU27+4,WEEE_generatedDedicated,WEEE_Cat4b,ComponentShadowWEEE,non-ferrousMetals,Pd,e-m,0.0348443744460741,%,3
OBS,2020,EU27+4,WEEE_generatedDedicated,WEEE_Cat4b,ComponentShadowWEEE,non-ferrousMetals,Sm,e-m,0.220720875232708,%,1
OBS,2020,EU27+4,WEEE_generatedDedicated,WEEE_Cat4b,ComponentShadowWEEE,non-ferrousMetals,Sr,e-m,0.009701871011874,%,3
OBS,2020,EU27+4,WEEE_generatedDedicated,WEEE_Cat4b,ComponentShadowWEEE,non-ferrousMetals,Zr,e-m,0.0450102572997426,%,1
OBS,2020,EU27+4,WEEE_generatedDedicated,WEEE_Cat4b,ComponentShadowWEEE,non-ferrousMetals,,m-c,0.0048962646790756,%,1
OBS,2020,EU27+4,WEEE_generatedDedicated,WEEE_Cat4b,ComponentShadowWEEE,otherMetalsAndMetalAlloys,Ag,e-m,0.703983538931289,%,2
OBS,2020,EU27+4,WEEE_generatedDedicated,WEEE_Cat4b,ComponentShadowWEEE,otherMetalsAndMetalAlloys,Al,e-m,0.0331861426573563,%,1
OBS,2020,EU27+4,WEEE_generatedDedicated,WEEE_Cat4b,ComponentShadowWEEE,otherMetalsAndMetalAlloys,Dy,e-m,0.262830318411355,%,3
OBS,2020,EU27+4,WEEE_generatedDedicated,WEEE_Cat4b,ComponentShadowWEEE,otherMetalsAndMetalAlloys,,m-c,0.0722328075913622,%,1
OBS,2020,EU27+4,WEEE_generatedDedicated,WEEE_Cat4b,ComponentShadowWEEE,otherMinerals,Ag,e-m,0.332598190635696,%,2
OBS,2020,EU27+4,WEEE_generatedDedicated,WEEE_Cat4b,ComponentShadowWEEE,otherMinerals,Pd,e-m,0.0508643282921829,%,3
OBS,2020,EU27+4,WEEE_generatedDedicated,WEEE_Cat4b,ComponentShadowWEEE,otherMinerals,Sc,e-m,0.242732715198201,%,3
OBS,2020,EU27+4,WEEE_generatedDedicated,WEEE_Cat4b,ComponentShadowWEEE,otherMinerals,Zr,e-m,0.37380476587392,%,2
OBS,2020,EU27+4,WEEE_generatedDedicated,WEEE_Cat4b,ComponentShadowWEEE,otherMinerals,,m-c,0.10991171547599,%,2
OBS,2020,EU27+4,WEEE_generatedDedicated,WEEE_Cat4b,ComponentShadowWEEE,otherOrUndefinedMaterials,Ag,e-m,1,%,2
OBS,2020,EU27+4,WEEE_generatedDedicated,WEEE_Cat4b,ComponentShadowWEEE,otherOrUndefinedMaterials,,m-c,0.0645640371043459,%,3
OBS,2020,EU27+4,WEEE_generatedDedicated,WEEE_Cat4b,ComponentShadowWEEE,otherOrganics,Ag,e-m,1,%,1
OBS,2020,EU27+4,WEEE_generatedDedicated,WEEE_Cat4b,ComponentShadowWEEE,otherOrganics,,m-c,0.0037416245574519,%,1
OBS,2020,EU27+4,WEEE_generatedDedicated,WEEE_Cat4b,ComponentShadowWEEE,plastics,Ag,e-m,1,%,2
OBS,2020,EU27+4,WEEE_generatedDedicated,WEEE_Cat4b,ComponentShadowWEEE,plastics,,m-c,0.0137236300974211,%,3
OBS,2020,EU27+4,WEEE_generatedDedicated,WEEE_Cat4b,ComponentShadowWEEE,undefinedAndMixedMaterials,Ag,e-m,1,%,1
OBS,2020,EU27+4,WEEE_generatedDedicated,WEEE_Cat4b,ComponentShadowWEEE,undefinedAndMixedMaterials,,m-c,0.124768759316375,%,2
OBS,2020,EU27+4,WEEE_generatedDedicated,WEEE_Cat4b,ComponentShadowWEEE,wood,Ag,e-m,1,%,3
OBS,2020,EU27+4,WEEE_generatedDedicated,WEEE_Cat4b,ComponentShadowWEEE,wood,,m-c,0.0849998820695941,%,3
OBS,2020,EU27+4,WEEE_generatedDedicated,WEEE_Cat4b,ConductivitySensor,CuAndCuAlloys,,m-c,0.955538071103919,%,2
OBS,2020,EU27+4,WEEE_generatedDedicated,WEEE_Cat4b,ConductivitySensor,ferrousMetals,,m-c,0.0444619288960809,%,3
OBS,2020,EU27+4,WEEE_generatedDedicated,WEEE_Cat4b,ConductivitySensor,,,c-p,0.0039225405392534,%,2
OBS,2020,EU27+4,WEEE_generatedDedicated,WEEE_Cat4b,LED,,,c-p,0.012695116114634,%,2
OBS,2020,EU27+4,WEEE_generatedDedicated,WEEE_Cat4b,LidarSensor (&lt;15cm),AlAndAlAlloys,Ag,e-m,0.0256813035104931,%,2
OBS,2020,EU27+4,WEEE_generatedDedicated,WEEE_Cat4b,LidarSensor (&lt;15cm),AlAndAlAlloys,As,e-m,0.387916544542603,%,2
OBS,2020,EU27+4,WEEE_generatedDedicated,WEEE_Cat4b,LidarSensor (&lt;15cm),AlAndAlAlloys,Cu,e-m,0.0957942973688867,%,3
OBS,2020,EU27+4,WEEE_generatedDedicated,WEEE_Cat4b,LidarSensor (&lt;15cm),AlAndAlAlloys,Ga,e-m,0.0215836454983261,%,3
OBS,2020,EU27+4,WEEE_generatedDedicated,WEEE_Cat4b,LidarSensor (&lt;15cm),AlAndAlAlloys,Mn,e-m,0.176474594504341,%,1
OBS,2020,EU27+4,WEEE_generatedDedicated,WEEE_Cat4b,LidarSensor (&lt;15cm),AlAndAlAlloys,Mo,e-m,0.034136784194328,%,2
OBS,2020,EU27+4,WEEE_generatedDedicated,WEEE_Cat4b,LidarSensor (&lt;15cm),AlAndAlAlloys,Sm,e-m,0.258412830381022,%,2
OBS,2020,EU27+4,WEEE_generatedDedicated,WEEE_Cat4b,LidarSensor (&lt;15cm),AlAndAlAlloys,,m-c,0.0578237218451987,%,2
OBS,2020,EU27+4,WEEE_generatedDedicated,WEEE_Cat4b,LidarSensor (&lt;15cm),CuAndCuAlloys,Ag,e-m,0.0087675248122628,%,3
OBS,2020,EU27+4,WEEE_generatedDedicated,WEEE_Cat4b,LidarSensor (&lt;15cm),CuAndCuAlloys,Dy,e-m,0.689827786335422,%,3
OBS,2020,EU27+4,WEEE_generatedDedicated,WEEE_Cat4b,LidarSensor (&lt;15cm),CuAndCuAlloys,Zr,e-m,0.301404688852315,%,2
OBS,2020,EU27+4,WEEE_generatedDedicated,WEEE_Cat4b,LidarSensor (&lt;15cm),CuAndCuAlloys,,m-c,0.0008890580699109,%,2
OBS,2020,EU27+4,WEEE_generatedDedicated,WEEE_Cat4b,LidarSensor (&lt;15cm),ferrousMetals,Ag,e-m,0.203515781286882,%,3
OBS,2020,EU27+4,WEEE_generatedDedicated,WEEE_Cat4b,LidarSensor (&lt;15cm),ferrousMetals,Ca,e-m,0.131895505314592,%,3
OBS,2020,EU27+4,WEEE_generatedDedicated,WEEE_Cat4b,LidarSensor (&lt;15cm),ferrousMetals,Cu,e-m,0.266502047644669,%,3
OBS,2020,EU27+4,WEEE_generatedDedicated,WEEE_Cat4b,LidarSensor (&lt;15cm),ferrousMetals,Ga,e-m,0.190899919177849,%,1
OBS,2020,EU27+4,WEEE_generatedDedicated,WEEE_Cat4b,LidarSensor (&lt;15cm),ferrousMetals,Mo,e-m,0.0454526570207431,%,3
OBS,2020,EU27+4,WEEE_generatedDedicated,WEEE_Cat4b,LidarSensor (&lt;15cm),ferrousMetals,O,e-m,0.0798834399952333,%,1
OBS,2020,EU27+4,WEEE_generatedDedicated,WEEE_Cat4b,LidarSensor (&lt;15cm),ferrousMetals,Sm,e-m,0.0818506495600323,%,3
OBS,2020,EU27+4,WEEE_generatedDedicated,WEEE_Cat4b,LidarSensor (&lt;15cm),ferrousMetals,,m-c,0.126246829366453,%,2
OBS,2020,EU27+4,WEEE_generatedDedicated,WEEE_Cat4b,LidarSensor (&lt;15cm),glass,Ag,e-m,0.0895331412978709,%,3
OBS,2020,EU27+4,WEEE_generatedDedicated,WEEE_Cat4b,LidarSensor (&lt;15cm),glass,Pd,e-m,0.193615462803661,%,2
OBS,2020,EU27+4,WEEE_generatedDedicated,WEEE_Cat4b,LidarSensor (&lt;15cm),glass,Sc,e-m,0.191225406065426,%,3
OBS,2020,EU27+4,WEEE_generatedDedicated,WEEE_Cat4b,LidarSensor (&lt;15cm),glass,Zr,e-m,0.525625989833042,%,1
OBS,2020,EU27+4,WEEE_generatedDedicated,WEEE_Cat4b,LidarSensor (&lt;15cm),glass,,m-c,0.0979091205343567,%,1
OBS,2020,EU27+4,WEEE_generatedDedicated,WEEE_Cat4b,LidarSensor (&lt;15cm),,,c-p,0.0024691722881198,%,1
OBS,2020,EU27+4,WEEE_generatedDedicated,WEEE_Cat4b,LidarSensor (&lt;15cm),plastics,Ag,e-m,1,%,2
OBS,2020,EU27+4,WEEE_generatedDedicated,WEEE_Cat4b,LidarSensor (&lt;15cm),plastics,,m-c,0.71713127018408,%,1
OBS,2020,EU27+4,WEEE_generatedDedicated,WEEE_Cat4b,MagnetSensor,CuAndCuAlloys,Ag,e-m,0.521014697014558,%,1
OBS,2020,EU27+4,WEEE_generatedDedicated,WEEE_Cat4b,MagnetSensor,CuAndCuAlloys,Dy,e-m,0.106781487715294,%,3
OBS,2020,EU27+4,WEEE_generatedDedicated,WEEE_Cat4b,MagnetSensor,CuAndCuAlloys,Zr,e-m,0.372203815270148,%,1
OBS,2020,EU27+4,WEEE_generatedDedicated,WEEE_Cat4b,MagnetSensor,CuAndCuAlloys,,m-c,0.0760128638769816,%,3
OBS,2020,EU27+4,WEEE_generatedDedicated,WEEE_Cat4b,MagnetSensor,ferrousMetals,Ag,e-m,0.475666538758126,%,3
OBS,2020,EU27+4,WEEE_generatedDedicated,WEEE_Cat4b,MagnetSensor,ferrousMetals,Ca,e-m,0.0099057634493005,%,2
OBS,2020,EU27+4,WEEE_generatedDedicated,WEEE_Cat4b,MagnetSensor,ferrousMetals,Ga,e-m,0.0777558680467484,%,1
OBS,2020,EU27+4,WEEE_generatedDedicated,WEEE_Cat4b,MagnetSensor,ferrousMetals,Mo,e-m,0.347023438872387,%,2
OBS,2020,EU27+4,WEEE_generatedDedicated,WEEE_Cat4b,MagnetSensor,ferrousMetals,Sm,e-m,0.089648390873438,%,2
OBS,2020,EU27+4,WEEE_generatedDedicated,WEEE_Cat4b,MagnetSensor,ferrousMetals,,m-c,0.107171386871275,%,3
OBS,2020,EU27+4,WEEE_generatedDedicated,WEEE_Cat4b,MagnetSensor,,,c-p,0.0138205427343722,%,1
OBS,2020,EU27+4,WEEE_generatedDedicated,WEEE_Cat4b,MagnetSensor,plastics,Ag,e-m,1,%,3
OBS,2020,EU27+4,WEEE_generatedDedicated,WEEE_Cat4b,MagnetSensor,plastics,,m-c,0.816815749251743,%,2
OBS,2020,EU27+4,WEEE_generatedDedicated,WEEE_Cat4b,PCBWEEECat,,,c-p,0.0105885124149841,%,1
OBS,2020,EU27+4,WEEE_generatedDedicated,WEEE_Cat4b,PCBWEEECat,otherOrUndefinedMaterials,Ag,e-m,1,%,3
OBS,2020,EU27+4,WEEE_generatedDedicated,WEEE_Cat4b,PCBWEEECat,otherOrUndefinedMaterials,,m-c,1,%,3
OBS,2020,EU27+4,WEEE_generatedDedicated,WEEE_Cat4b,PCBunspecified,ferrousMetals,Ag,e-m,0.0076325809802455,%,1
OBS,2020,EU27+4,WEEE_generatedDedicated,WEEE_Cat4b,PCBunspecified,ferrousMetals,Cu,e-m,0.0437103164198335,%,1
OBS,2020,EU27+4,WEEE_generatedDedicated,WEEE_Cat4b,PCBunspecified,ferrousMetals,Ga,e-m,0.0261249119833969,%,3
OBS,2020,EU27+4,WEEE_generatedDedicated,WEEE_Cat4b,PCBunspecified,ferrousMetals,Mo,e-m,0.0726510270773912,%,3
OBS,2020,EU27+4,WEEE_generatedDedicated,WEEE_Cat4b,PCBunspecified,ferrousMetals,O,e-m,0.281942882664291,%,2
OBS,2020,EU27+4,WEEE_generatedDedicated,WEEE_Cat4b,PCBunspecified,ferrousMetals,Sm,e-m,0.567938280874842,%,2
OBS,2020,EU27+4,WEEE_generatedDedicated,WEEE_Cat4b,PCBunspecified,ferrousMetals,,m-c,1,%,3
OBS,2020,EU27+4,WEEE_generatedDedicated,WEEE_Cat4b,PCBunspecified,,,c-p,0.0115759582812651,%,2
OBS,2020,EU27+4,WEEE_generatedDedicated,WEEE_Cat4b,PVBacksheet,,,c-p,0.0124356728294815,%,1
OBS,2020,EU27+4,WEEE_generatedDedicated,WEEE_Cat4b,PVBacksheet,plasticComposites,Ag,e-m,1,%,3
OBS,2020,EU27+4,WEEE_generatedDedicated,WEEE_Cat4b,PVBacksheet,plasticComposites,,m-c,0.680524399064608,%,3
OBS,2020,EU27+4,WEEE_generatedDedicated,WEEE_Cat4b,PVBacksheet,plastics,Ag,e-m,1,%,2
OBS,2020,EU27+4,WEEE_generatedDedicated,WEEE_Cat4b,PVBacksheet,plastics,,m-c,0.319475600935392,%,1
OBS,2020,EU27+4,WEEE_generatedDedicated,WEEE_Cat4b,PVEncapsulationEVA,,,c-p,0.0107131180925069,%,1
OBS,2020,EU27+4,WEEE_generatedDedicated,WEEE_Cat4b,PVEncapsulationEVA,plastics,Ag,e-m,1,%,2
OBS,2020,EU27+4,WEEE_generatedDedicated,WEEE_Cat4b,PVEncapsulationEVA,plastics,,m-c,1,%,1
OBS,2020,EU27+4,WEEE_generatedDedicated,WEEE_Cat4b,PVFrameAl,CuAndCuAlloys,Ag,e-m,0.170867594674687,%,1
OBS,2020,EU27+4,WEEE_generatedDedicated,WEEE_Cat4b,PVFrameAl,CuAndCuAlloys,As,e-m,0.158737852418838,%,2
OBS,2020,EU27+4,WEEE_generatedDedicated,WEEE_Cat4b,PVFrameAl,CuAndCuAlloys,Cu,e-m,0.104044112945555,%,3
OBS,2020,EU27+4,WEEE_generatedDedicated,WEEE_Cat4b,PVFrameAl,CuAndCuAlloys,Ga,e-m,0.214304358864284,%,1
OBS,2020,EU27+4,WEEE_generatedDedicated,WEEE_Cat4b,PVFrameAl,CuAndCuAlloys,Mn,e-m,0.26639679970857,%,1
OBS,2020,EU27+4,WEEE_generatedDedicated,WEEE_Cat4b,PVFrameAl,CuAndCuAlloys,Mo,e-m,0.0444527373429961,%,3
OBS,2020,EU27+4,WEEE_generatedDedicated,WEEE_Cat4b,PVFrameAl,CuAndCuAlloys,Sm,e-m,0.0411965440450697,%,1
OBS,2020,EU27+4,WEEE_generatedDedicated,WEEE_Cat4b,PVFrameAl,CuAndCuAlloys,,m-c,1,%,2
OBS,2020,EU27+4,WEEE_generatedDedicated,WEEE_Cat4b,PVFrameAl,,,c-p,0.017324780588163,%,3
OBS,2020,EU27+4,WEEE_generatedDedicated,WEEE_Cat4b,PVSolarGlass,glass,Ag,e-m,0.160100682565113,%,2
OBS,2020,EU27+4,WEEE_generatedDedicated,WEEE_Cat4b,PVSolarGlass,glass,Pd,e-m,0.144351830199353,%,3
OBS,2020,EU27+4,WEEE_generatedDedicated,WEEE_Cat4b,PVSolarGlass,glass,Sc,e-m,0.257495114183108,%,3
OBS,2020,EU27+4,WEEE_generatedDedicated,WEEE_Cat4b,PVSolarGlass,glass,Zr,e-m,0.438052373052426,%,2
OBS,2020,EU27+4,WEEE_generatedDedicated,WEEE_Cat4b,PVSolarGlass,glass,,m-c,1,%,1
OBS,2020,EU27+4,WEEE_generatedDedicated,WEEE_Cat4b,PVSolarGlass,,,c-p,0.0180078794733231,%,2
OBS,2020,EU27+4,WEEE_generatedDedicated,WEEE_Cat4b,PVcellSi,,,c-p,0.0005635120614229,%,3
OBS,2020,EU27+4,WEEE_generatedDedicated,WEEE_Cat4b,PVcellSi,otherOrUndefinedMaterials,Ag,e-m,1,%,2
OBS,2020,EU27+4,WEEE_generatedDedicated,WEEE_Cat4b,PVcellSi,otherOrUndefinedMaterials,,m-c,1,%,3
OBS,2020,EU27+4,WEEE_generatedDedicated,WEEE_Cat4b,WEEEEvaporator,CuAndCuAlloys,Ag,e-m,0.394975675381453,%,3
OBS,2020,EU27+4,WEEE_generatedDedicated,WEEE_Cat4b,WEEEEvaporator,CuAndCuAlloys,Dy,e-m,0.566399005722781,%,3
OBS,2020,EU27+4,WEEE_generatedDedicated,WEEE_Cat4b,WEEEEvaporator,CuAndCuAlloys,Zr,e-m,0.0386253188957652,%,3
OBS,2020,EU27+4,WEEE_generatedDedicated,WEEE_Cat4b,WEEEEvaporator,CuAndCuAlloys,,m-c,0.409761520582246,%,1
OBS,2020,EU27+4,WEEE_generatedDedicated,WEEE_Cat4b,WEEEEvaporator,,,c-p,0.0496599348638294,%,3
OBS,2020,EU27+4,WEEE_generatedDedicated,WEEE_Cat4b,WEEEEvaporator,steelAndSteelAlloys,Ag,e-m,0.150346537266826,%,1
OBS,2020,EU27+4,WEEE_generatedDedicated,WEEE_Cat4b,WEEEEvaporator,steelAndSteelAlloys,Cu,e-m,0.0209033937234193,%,2
OBS,2020,EU27+4,WEEE_generatedDedicated,WEEE_Cat4b,WEEEEvaporator,steelAndSteelAlloys,Ga,e-m,0.0287564822547804,%,3
OBS,2020,EU27+4,WEEE_generatedDedicated,WEEE_Cat4b,WEEEEvaporator,steelAndSteelAlloys,Mo,e-m,0.022929266561467,%,1
OBS,2020,EU27+4,WEEE_generatedDedicated,WEEE_Cat4b,WEEEEvaporator,steelAndSteelAlloys,O,e-m,0.721890089346366,%,2
OBS,2020,EU27+4,WEEE_generatedDedicated,WEEE_Cat4b,WEEEEvaporator,steelAndSteelAlloys,Sm,e-m,0.0551742308471416,%,3
OBS,2020,EU27+4,WEEE_generatedDedicated,WEEE_Cat4b,WEEEEvaporator,steelAndSteelAlloys,,m-c,0.590238479417755,%,3
OBS,2020,EU27+4,WEEE_generatedDedicated,WEEE_Cat4b,brush,AlAndAlAlloys,Ag,e-m,0.277991324791585,%,1
OBS,2020,EU27+4,WEEE_generatedDedicated,WEEE_Cat4b,brush,AlAndAlAlloys,As,e-m,0.298091881973271,%,1
OBS,2020,EU27+4,WEEE_generatedDedicated,WEEE_Cat4b,brush,AlAndAlAlloys,Cu,e-m,0.0048862251594136,%,1
OBS,2020,EU27+4,WEEE_generatedDedicated,WEEE_Cat4b,brush,AlAndAlAlloys,Ga,e-m,0.0629967652150005,%,1
OBS,2020,EU27+4,WEEE_generatedDedicated,WEEE_Cat4b,brush,AlAndAlAlloys,Mn,e-m,0.274114627715495,%,2
OBS,2020,EU27+4,WEEE_generatedDedicated,WEEE_Cat4b,brush,AlAndAlAlloys,Mo,e-m,0.0093840598168232,%,2
OBS,2020,EU27+4,WEEE_generatedDedicated,WEEE_Cat4b,brush,AlAndAlAlloys,Sm,e-m,0.0725351153284114,%,2
OBS,2020,EU27+4,WEEE_generatedDedicated,WEEE_Cat4b,brush,AlAndAlAlloys,,m-c,0.552437012040734,%,1
OBS,2020,EU27+4,WEEE_generatedDedicated,WEEE_Cat4b,brush,ferrousMetals,Ag,e-m,0.071639079017086,%,1
OBS,2020,EU27+4,WEEE_generatedDedicated,WEEE_Cat4b,brush,ferrousMetals,Ca,e-m,0.2065818833864,%,3
OBS,2020,EU27+4,WEEE_generatedDedicated,WEEE_Cat4b,brush,ferrousMetals,Ga,e-m,0.163871433723601,%,1
OBS,2020,EU27+4,WEEE_generatedDedicated,WEEE_Cat4b,brush,ferrousMetals,Mo,e-m,0.23319129303397,%,1
OBS,2020,EU27+4,WEEE_generatedDedicated,WEEE_Cat4b,brush,ferrousMetals,Sm,e-m,0.324716310838942,%,2
OBS,2020,EU27+4,WEEE_generatedDedicated,WEEE_Cat4b,brush,ferrousMetals,,m-c,0.169963566942385,%,3
OBS,2020,EU27+4,WEEE_generatedDedicated,WEEE_Cat4b,brush,,,c-p,0.0076989623952612,%,3
OBS,2020,EU27+4,WEEE_generatedDedicated,WEEE_Cat4b,brush,plastics,Ag,e-m,1,%,3
OBS,2020,EU27+4,WEEE_generatedDedicated,WEEE_Cat4b,brush,plastics,,m-c,0.277599421016881,%,3
OBS,2020,EU27+4,WEEE_generatedDedicated,WEEE_Cat4b,cableUnspecified,AlAndAlAlloys,Ag,e-m,0.0393024550734956,%,1
OBS,2020,EU27+4,WEEE_generatedDedicated,WEEE_Cat4b,cableUnspecified,AlAndAlAlloys,As,e-m,0.0609722014701122,%,3
OBS,2020,EU27+4,WEEE_generatedDedicated,WEEE_Cat4b,cableUnspecified,AlAndAlAlloys,Cu,e-m,0.354937056641453,%,2
OBS,2020,EU27+4,WEEE_generatedDedicated,WEEE_Cat4b,cableUnspecified,AlAndAlAlloys,Ga,e-m,0.10680115629664,%,3
OBS,2020,EU27+4,WEEE_generatedDedicated,WEEE_Cat4b,cableUnspecified,AlAndAlAlloys,Mn,e-m,0.151216651025103,%,2
OBS,2020,EU27+4,WEEE_generatedDedicated,WEEE_Cat4b,cableUnspecified,AlAndAlAlloys,Mo,e-m,0.237395942170491,%,3
OBS,2020,EU27+4,WEEE_generatedDedicated,WEEE_Cat4b,cableUnspecified,AlAndAlAlloys,Sm,e-m,0.0493745373227044,%,2
OBS,2020,EU27+4,WEEE_generatedDedicated,WEEE_Cat4b,cableUnspecified,AlAndAlAlloys,,m-c,0.0478401566992459,%,3
OBS,2020,EU27+4,WEEE_generatedDedicated,WEEE_Cat4b,cableUnspecified,CuAndCuAlloys,Ag,e-m,0.134938720466211,%,2
OBS,2020,EU27+4,WEEE_generatedDedicated,WEEE_Cat4b,cableUnspecified,CuAndCuAlloys,Dy,e-m,0.550156904304518,%,2
OBS,2020,EU27+4,WEEE_generatedDedicated,WEEE_Cat4b,cableUnspecified,CuAndCuAlloys,Zr,e-m,0.314904375229271,%,3
OBS,2020,EU27+4,WEEE_generatedDedicated,WEEE_Cat4b,cableUnspecified,CuAndCuAlloys,,m-c,0.261369273278347,%,3
OBS,2020,EU27+4,WEEE_generatedDedicated,WEEE_Cat4b,cableUnspecified,ferrousMetals,Ag,e-m,0.177822228755704,%,2
OBS,2020,EU27+4,WEEE_generatedDedicated,WEEE_Cat4b,cableUnspecified,ferrousMetals,Cu,e-m,0.0169473912273882,%,2
OBS,2020,EU27+4,WEEE_generatedDedicated,WEEE_Cat4b,cableUnspecified,ferrousMetals,Ga,e-m,0.0271246608087816,%,1
OBS,2020,EU27+4,WEEE_generatedDedicated,WEEE_Cat4b,cableUnspecified,ferrousMetals,Mo,e-m,0.250761724465134,%,2
OBS,2020,EU27+4,WEEE_generatedDedicated,WEEE_Cat4b,cableUnspecified,ferrousMetals,O,e-m,0.278990162634663,%,3
OBS,2020,EU27+4,WEEE_generatedDedicated,WEEE_Cat4b,cableUnspecified,ferrousMetals,Sm,e-m,0.248353832108328,%,1
OBS,2020,EU27+4,WEEE_generatedDedicated,WEEE_Cat4b,cableUnspecified,ferrousMetals,,m-c,0.678626080218753,%,2
OBS,2020,EU27+4,WEEE_generatedDedicated,WEEE_Cat4b,cableUnspecified,,,c-p,0.0005876340289281,%,1
OBS,2020,EU27+4,WEEE_generatedDedicated,WEEE_Cat4b,cableUnspecified,plastics,Ag,e-m,1,%,3
OBS,2020,EU27+4,WEEE_generatedDedicated,WEEE_Cat4b,cableUnspecified,plastics,,m-c,0.0121644898036546,%,2
OBS,2020,EU27+4,WEEE_generatedDedicated,WEEE_Cat4b,cableWOPlug,,,c-p,0.0210838061232509,%,3
OBS,2020,EU27+4,WEEE_generatedDedicated,WEEE_Cat4b,cableWPlug,AlAndAlAlloys,,m-c,0.140102701099714,%,3
OBS,2020,EU27+4,WEEE_generatedDedicated,WEEE_Cat4b,cableWPlug,ferrousMetals,,m-c,0.0526586146884201,%,1
OBS,2020,EU27+4,WEEE_generatedDedicated,WEEE_Cat4b,cableWPlug,,,c-p,0.005906159993757,%,1
OBS,2020,EU27+4,WEEE_generatedDedicated,WEEE_Cat4b,cableWPlug,plastics,Ag,e-m,1,%,1
OBS,2020,EU27+4,WEEE_generatedDedicated,WEEE_Cat4b,cableWPlug,plastics,,m-c,0.807238684211865,%,3
OBS,2020,EU27+4,WEEE_generatedDedicated,WEEE_Cat4b,cableWithConnector,CuAndCuAlloys,Ag,e-m,0.458401785994625,%,2
OBS,2020,EU27+4,WEEE_generatedDedicated,WEEE_Cat4b,cableWithConnector,CuAndCuAlloys,Dy,e-m,0.0473689246881863,%,2
OBS,2020,EU27+4,WEEE_generatedDedicated,WEEE_Cat4b,cableWithConnector,CuAndCuAlloys,Zr,e-m,0.494229289317188,%,3
OBS,2020,EU27+4,WEEE_generatedDedicated,WEEE_Cat4b,cableWithConnector,CuAndCuAlloys,,m-c,1,%,1
OBS,2020,EU27+4,WEEE_generatedDedicated,WEEE_Cat4b,cables,,,c-p,0.0236211342298597,%,3
OBS,2020,EU27+4,WEEE_generatedDedicated,WEEE_Cat4b,cables,otherOrUndefinedMaterials,Ag,e-m,1,%,3
OBS,2020,EU27+4,WEEE_generatedDedicated,WEEE_Cat4b,cables,otherOrUndefinedMaterials,,m-c,1,%,3
OBS,2020,EU27+4,WEEE_generatedDedicated,WEEE_Cat4b,cablewire,AlAndAlAlloys,Ag,e-m,0.0414283810780756,%,2
OBS,2020,EU27+4,WEEE_generatedDedicated,WEEE_Cat4b,cablewire,AlAndAlAlloys,As,e-m,0.244243816760465,%,3
OBS,2020,EU27+4,WEEE_generatedDedicated,WEEE_Cat4b,cablewire,AlAndAlAlloys,Cu,e-m,0.0324268444314493,%,2
OBS,2020,EU27+4,WEEE_generatedDedicated,WEEE_Cat4b,cablewire,AlAndAlAlloys,Ga,e-m,0.04959048695374,%,2
OBS,2020,EU27+4,WEEE_generatedDedicated,WEEE_Cat4b,cablewire,AlAndAlAlloys,Mn,e-m,0.0815300975263989,%,3
OBS,2020,EU27+4,WEEE_generatedDedicated,WEEE_Cat4b,cablewire,AlAndAlAlloys,Mo,e-m,0.155917922979643,%,3
OBS,2020,EU27+4,WEEE_generatedDedicated,WEEE_Cat4b,cablewire,AlAndAlAlloys,Sm,e-m,0.394862450270228,%,2
OBS,2020,EU27+4,WEEE_generatedDedicated,WEEE_Cat4b,cablewire,AlAndAlAlloys,,m-c,0.0438356065731118,%,3
OBS,2020,EU27+4,WEEE_generatedDedicated,WEEE_Cat4b,cablewire,CuAndCuAlloys,Ag,e-m,0.0532111133274919,%,3
OBS,2020,EU27+4,WEEE_generatedDedicated,WEEE_Cat4b,cablewire,CuAndCuAlloys,Dy,e-m,0.491731612351764,%,3
OBS,2020,EU27+4,WEEE_generatedDedicated,WEEE_Cat4b,cablewire,CuAndCuAlloys,Zr,e-m,0.455057274320744,%,1
OBS,2020,EU27+4,WEEE_generatedDedicated,WEEE_Cat4b,cablewire,CuAndCuAlloys,,m-c,0.156468458264167,%,3
OBS,2020,EU27+4,WEEE_generatedDedicated,WEEE_Cat4b,cablewire,ferrousMetals,Ag,e-m,0.0928510581128603,%,2
OBS,2020,EU27+4,WEEE_generatedDedicated,WEEE_Cat4b,cablewire,ferrousMetals,Ca,e-m,0.133816610808325,%,2
OBS,2020,EU27+4,WEEE_generatedDedicated,WEEE_Cat4b,cablewire,ferrousMetals,Ga,e-m,0.0782696003058426,%,1
OBS,2020,EU27+4,WEEE_generatedDedicated,WEEE_Cat4b,cablewire,ferrousMetals,Mo,e-m,0.337138136148319,%,3
OBS,2020,EU27+4,WEEE_generatedDedicated,WEEE_Cat4b,cablewire,ferrousMetals,Sm,e-m,0.357924594624653,%,1
OBS,2020,EU27+4,WEEE_generatedDedicated,WEEE_Cat4b,cablewire,ferrousMetals,,m-c,0.0542235815490251,%,3
OBS,2020,EU27+4,WEEE_generatedDedicated,WEEE_Cat4b,cablewire,,,c-p,0.0091882248556968,%,3
OBS,2020,EU27+4,WEEE_generatedDedicated,WEEE_Cat4b,cablewire,plastics,Ag,e-m,1,%,2
OBS,2020,EU27+4,WEEE_generatedDedicated,WEEE_Cat4b,cablewire,plastics,,m-c,0.745472353613696,%,3
OBS,2020,EU27+4,WEEE_generatedDedicated,WEEE_Cat4b,capElectrolytic,CuAndCuAlloys,Ag,e-m,0.182976045483054,%,2
OBS,2020,EU27+4,WEEE_generatedDedicated,WEEE_Cat4b,capElectrolytic,CuAndCuAlloys,Dy,e-m,0.512015348898878,%,3
OBS,2020,EU27+4,WEEE_generatedDedicated,WEEE_Cat4b,capElectrolytic,CuAndCuAlloys,Zr,e-m,0.305008605618067,%,3
OBS,2020,EU27+4,WEEE_generatedDedicated,WEEE_Cat4b,capElectrolytic,CuAndCuAlloys,,m-c,0.834168017885771,%,3
OBS,2020,EU27+4,WEEE_generatedDedicated,WEEE_Cat4b,capElectrolytic,,,c-p,0.0054948346152742,%,2
OBS,2020,EU27+4,WEEE_generatedDedicated,WEEE_Cat4b,capElectrolytic,undefinedAndMixedMaterials,Ag,e-m,1,%,1
OBS,2020,EU27+4,WEEE_generatedDedicated,WEEE_Cat4b,capElectrolytic,undefinedAndMixedMaterials,,m-c,0.165831982114228,%,1
OBS,2020,EU27+4,WEEE_generatedDedicated,WEEE_Cat4b,casingPlasticBased,AlAndAlAlloys,Ag,e-m,0.0065817568061885,%,2
OBS,2020,EU27+4,WEEE_generatedDedicated,WEEE_Cat4b,casingPlasticBased,AlAndAlAlloys,As,e-m,0.303737633276845,%,1
OBS,2020,EU27+4,WEEE_generatedDedicated,WEEE_Cat4b,casingPlasticBased,AlAndAlAlloys,Cu,e-m,0.182742881929646,%,1
OBS,2020,EU27+4,WEEE_generatedDedicated,WEEE_Cat4b,casingPlasticBased,AlAndAlAlloys,Ga,e-m,0.0624688921608082,%,3
OBS,2020,EU27+4,WEEE_generatedDedicated,WEEE_Cat4b,casingPlasticBased,AlAndAlAlloys,Mn,e-m,0.305394267608137,%,3
OBS,2020,EU27+4,WEEE_generatedDedicated,WEEE_Cat4b,casingPlasticBased,AlAndAlAlloys,Mo,e-m,0.0614051267433866,%,1
OBS,2020,EU27+4,WEEE_generatedDedicated,WEEE_Cat4b,casingPlasticBased,AlAndAlAlloys,Sm,e-m,0.0776694414749882,%,3
OBS,2020,EU27+4,WEEE_generatedDedicated,WEEE_Cat4b,casingPlasticBased,AlAndAlAlloys,,m-c,0.169821131979587,%,1
OBS,2020,EU27+4,WEEE_generatedDedicated,WEEE_Cat4b,casingPlasticBased,CuAndCuAlloys,Ag,e-m,0.234475100458034,%,2
OBS,2020,EU27+4,WEEE_generatedDedicated,WEEE_Cat4b,casingPlasticBased,CuAndCuAlloys,Dy,e-m,0.315393142157699,%,1
OBS,2020,EU27+4,WEEE_generatedDedicated,WEEE_Cat4b,casingPlasticBased,CuAndCuAlloys,Zr,e-m,0.450131757384267,%,2
OBS,2020,EU27+4,WEEE_generatedDedicated,WEEE_Cat4b,casingPlasticBased,CuAndCuAlloys,,m-c,0.0399989400160539,%,3
OBS,2020,EU27+4,WEEE_generatedDedicated,WEEE_Cat4b,casingPlasticBased,ferrousMetals,Ag,e-m,0.366105401067567,%,2
OBS,2020,EU27+4,WEEE_generatedDedicated,WEEE_Cat4b,casingPlasticBased,ferrousMetals,Ca,e-m,0.239106174589898,%,2
OBS,2020,EU27+4,WEEE_generatedDedicated,WEEE_Cat4b,casingPlasticBased,ferrousMetals,Cu,e-m,0.0217701749210026,%,3
OBS,2020,EU27+4,WEEE_generatedDedicated,WEEE_Cat4b,casingPlasticBased,ferrousMetals,Ga,e-m,0.245860036985809,%,1
OBS,2020,EU27+4,WEEE_generatedDedicated,WEEE_Cat4b,casingPlasticBased,ferrousMetals,Mo,e-m,0.054075114550062,%,1
OBS,2020,EU27+4,WEEE_generatedDedicated,WEEE_Cat4b,casingPlasticBased,ferrousMetals,O,e-m,0.0098865246661806,%,1
OBS,2020,EU27+4,WEEE_generatedDedicated,WEEE_Cat4b,casingPlasticBased,ferrousMetals,Sm,e-m,0.0631965732194812,%,2
OBS,2020,EU27+4,WEEE_generatedDedicated,WEEE_Cat4b,casingPlasticBased,ferrousMetals,,m-c,0.111329766927106,%,3
OBS,2020,EU27+4,WEEE_generatedDedicated,WEEE_Cat4b,casingPlasticBased,,,c-p,0.0225121049374798,%,1
OBS,2020,EU27+4,WEEE_generatedDedicated,WEEE_Cat4b,casingPlasticBased,otherOrganics,Ag,e-m,1,%,2
OBS,2020,EU27+4,WEEE_generatedDedicated,WEEE_Cat4b,casingPlasticBased,otherOrganics,,m-c,0.151970962272162,%,1
OBS,2020,EU27+4,WEEE_generatedDedicated,WEEE_Cat4b,casingPlasticBased,plastics,Ag,e-m,1,%,3
OBS,2020,EU27+4,WEEE_generatedDedicated,WEEE_Cat4b,casingPlasticBased,plastics,,m-c,0.20901218251421,%,3
OBS,2020,EU27+4,WEEE_generatedDedicated,WEEE_Cat4b,casingPlasticBased,polymerPA6GF30,Ag,e-m,1,%,2
OBS,2020,EU27+4,WEEE_generatedDedicated,WEEE_Cat4b,casingPlasticBased,polymerPA6GF30,,m-c,0.0231497288807835,%,1
OBS,2020,EU27+4,WEEE_generatedDedicated,WEEE_Cat4b,casingPlasticBased,polymerPPGF30,Ag,e-m,1,%,1
OBS,2020,EU27+4,WEEE_generatedDedicated,WEEE_Cat4b,casingPlasticBased,polymerPPGF30,,m-c,0.0765617347674838,%,2
OBS,2020,EU27+4,WEEE_generatedDedicated,WEEE_Cat4b,casingPlasticBased,polymerPPTF30,Ag,e-m,1,%,2
OBS,2020,EU27+4,WEEE_generatedDedicated,WEEE_Cat4b,casingPlasticBased,polymerPPTF30,,m-c,0.18273471348059,%,2
OBS,2020,EU27+4,WEEE_generatedDedicated,WEEE_Cat4b,casingPlasticBased,undefinedAndMixedMaterials,,m-c,0.0354208391620242,%,2
OBS,2020,EU27+4,WEEE_generatedDedicated,WEEE_Cat4b,casingSteelBased,ferrousMetals,Ag,e-m,0.123660879124521,%,2
OBS,2020,EU27+4,WEEE_generatedDedicated,WEEE_Cat4b,casingSteelBased,ferrousMetals,Cu,e-m,0.0011114461437461,%,3
OBS,2020,EU27+4,WEEE_generatedDedicated,WEEE_Cat4b,casingSteelBased,ferrousMetals,Ga,e-m,0.0091799222709667,%,1
OBS,2020,EU27+4,WEEE_generatedDedicated,WEEE_Cat4b,casingSteelBased,ferrousMetals,Mo,e-m,0.32543432344385,%,2
OBS,2020,EU27+4,WEEE_generatedDedicated,WEEE_Cat4b,casingSteelBased,ferrousMetals,O,e-m,0.333263578095367,%,3
OBS,2020,EU27+4,WEEE_generatedDedicated,WEEE_Cat4b,casingSteelBased,ferrousMetals,Sm,e-m,0.207349850921549,%,2
OBS,2020,EU27+4,WEEE_generatedDedicated,WEEE_Cat4b,casingSteelBased,ferrousMetals,,m-c,1,%,2
OBS,2020,EU27+4,WEEE_generatedDedicated,WEEE_Cat4b,casingSteelBased,,,c-p,0.0069761440727517,%,3
OBS,2020,EU27+4,WEEE_generatedDedicated,WEEE_Cat4b,casingUnspecified,AlAndAlAlloys,Ag,e-m,0.244547422660763,%,3
OBS,2020,EU27+4,WEEE_generatedDedicated,WEEE_Cat4b,casingUnspecified,AlAndAlAlloys,As,e-m,0.0832854150684095,%,2
OBS,2020,EU27+4,WEEE_generatedDedicated,WEEE_Cat4b,casingUnspecified,AlAndAlAlloys,Cu,e-m,0.0871710128475396,%,3
OBS,2020,EU27+4,WEEE_generatedDedicated,WEEE_Cat4b,casingUnspecified,AlAndAlAlloys,Ga,e-m,0.121761327997471,%,1
OBS,2020,EU27+4,WEEE_generatedDedicated,WEEE_Cat4b,casingUnspecified,AlAndAlAlloys,Mn,e-m,0.106932307750417,%,1
OBS,2020,EU27+4,WEEE_generatedDedicated,WEEE_Cat4b,casingUnspecified,AlAndAlAlloys,Mo,e-m,0.333801632345681,%,3
OBS,2020,EU27+4,WEEE_generatedDedicated,WEEE_Cat4b,casingUnspecified,AlAndAlAlloys,Sm,e-m,0.022500881329719,%,1
OBS,2020,EU27+4,WEEE_generatedDedicated,WEEE_Cat4b,casingUnspecified,AlAndAlAlloys,,m-c,0.414729407170194,%,2
OBS,2020,EU27+4,WEEE_generatedDedicated,WEEE_Cat4b,casingUnspecified,CuAndCuAlloys,Ag,e-m,0.0281653599802176,%,3
OBS,2020,EU27+4,WEEE_generatedDedicated,WEEE_Cat4b,casingUnspecified,CuAndCuAlloys,Dy,e-m,0.758623652787837,%,1
OBS,2020,EU27+4,WEEE_generatedDedicated,WEEE_Cat4b,casingUnspecified,CuAndCuAlloys,Zr,e-m,0.213210987231946,%,3
OBS,2020,EU27+4,WEEE_generatedDedicated,WEEE_Cat4b,casingUnspecified,CuAndCuAlloys,,m-c,0.226660281216151,%,1
OBS,2020,EU27+4,WEEE_generatedDedicated,WEEE_Cat4b,casingUnspecified,ferrousMetals,Ag,e-m,0.0034764045752692,%,2
OBS,2020,EU27+4,WEEE_generatedDedicated,WEEE_Cat4b,casingUnspecified,ferrousMetals,Cu,e-m,0.277393598128156,%,3
OBS,2020,EU27+4,WEEE_generatedDedicated,WEEE_Cat4b,casingUnspecified,ferrousMetals,Ga,e-m,0.0293670984998054,%,1
OBS,2020,EU27+4,WEEE_generatedDedicated,WEEE_Cat4b,casingUnspecified,ferrousMetals,Mo,e-m,0.0158111046646475,%,3
OBS,2020,EU27+4,WEEE_generatedDedicated,WEEE_Cat4b,casingUnspecified,ferrousMetals,O,e-m,0.270799273536194,%,1
OBS,2020,EU27+4,WEEE_generatedDedicated,WEEE_Cat4b,casingUnspecified,ferrousMetals,Sm,e-m,0.403152520595927,%,2
OBS,2020,EU27+4,WEEE_generatedDedicated,WEEE_Cat4b,casingUnspecified,ferrousMetals,,m-c,0.0076975023091443,%,1
OBS,2020,EU27+4,WEEE_generatedDedicated,WEEE_Cat4b,casingUnspecified,glass,Ag,e-m,0.193127095417281,%,3
OBS,2020,EU27+4,WEEE_generatedDedicated,WEEE_Cat4b,casingUnspecified,glass,Pd,e-m,0.0042297407002364,%,3
OBS,2020,EU27+4,WEEE_generatedDedicated,WEEE_Cat4b,casingUnspecified,glass,Sc,e-m,0.781961862358604,%,3
OBS,2020,EU27+4,WEEE_generatedDedicated,WEEE_Cat4b,casingUnspecified,glass,Zr,e-m,0.0206813015238794,%,2
OBS,2020,EU27+4,WEEE_generatedDedicated,WEEE_Cat4b,casingUnspecified,glass,,m-c,0.0789559524105833,%,3
OBS,2020,EU27+4,WEEE_generatedDedicated,WEEE_Cat4b,casingUnspecified,,,c-p,0.0005449650581053,%,1
OBS,2020,EU27+4,WEEE_generatedDedicated,WEEE_Cat4b,casingUnspecified,otherMetalsAndMetalAlloys,Ag,e-m,0.401409208423028,%,1
OBS,2020,EU27+4,WEEE_generatedDedicated,WEEE_Cat4b,casingUnspecified,otherMetalsAndMetalAlloys,Al,e-m,0.0322481223568049,%,2
OBS,2020,EU27+4,WEEE_generatedDedicated,WEEE_Cat4b,casingUnspecified,otherMetalsAndMetalAlloys,Dy,e-m,0.566342669220168,%,3
OBS,2020,EU27+4,WEEE_generatedDedicated,WEEE_Cat4b,casingUnspecified,otherMetalsAndMetalAlloys,,m-c,0.133262212540148,%,2
OBS,2020,EU27+4,WEEE_generatedDedicated,WEEE_Cat4b,casingUnspecified,plastics,Ag,e-m,1,%,3
OBS,2020,EU27+4,WEEE_generatedDedicated,WEEE_Cat4b,casingUnspecified,plastics,,m-c,0.0833502117334785,%,1
OBS,2020,EU27+4,WEEE_generatedDedicated,WEEE_Cat4b,casingUnspecified,undefinedAndMixedMaterials,Ag,e-m,1,%,1
OBS,2020,EU27+4,WEEE_generatedDedicated,WEEE_Cat4b,casingUnspecified,undefinedAndMixedMaterials,,m-c,0.0553444326203001,%,1
OBS,2020,EU27+4,WEEE_generatedDedicated,WEEE_Cat4b,coldCathodeLamp,,,c-p,0.0017926867833541,%,2
OBS,2020,EU27+4,WEEE_generatedDedicated,WEEE_Cat4b,compContainHazardSubst,,,c-p,0.0123160333605003,%,2
OBS,2020,EU27+4,WEEE_generatedDedicated,WEEE_Cat4b,compressor,CuAndCuAlloys,Ag,e-m,0.104617244435588,%,1
OBS,2020,EU27+4,WEEE_generatedDedicated,WEEE_Cat4b,compressor,CuAndCuAlloys,As,e-m,0.0499820615229714,%,3
OBS,2020,EU27+4,WEEE_generatedDedicated,WEEE_Cat4b,compressor,CuAndCuAlloys,Cu,e-m,0.0028731236954705,%,2
OBS,2020,EU27+4,WEEE_generatedDedicated,WEEE_Cat4b,compressor,CuAndCuAlloys,Dy,e-m,0.0371101421501212,%,1
OBS,2020,EU27+4,WEEE_generatedDedicated,WEEE_Cat4b,compressor,CuAndCuAlloys,Ga,e-m,0.0039595930335749,%,2
OBS,2020,EU27+4,WEEE_generatedDedicated,WEEE_Cat4b,compressor,CuAndCuAlloys,Mn,e-m,0.10788596618117,%,2
OBS,2020,EU27+4,WEEE_generatedDedicated,WEEE_Cat4b,compressor,CuAndCuAlloys,Mo,e-m,0.0907570662945968,%,3
OBS,2020,EU27+4,WEEE_generatedDedicated,WEEE_Cat4b,compressor,CuAndCuAlloys,Sm,e-m,0.389567535962345,%,2
OBS,2020,EU27+4,WEEE_generatedDedicated,WEEE_Cat4b,compressor,CuAndCuAlloys,Zr,e-m,0.213247266724163,%,3
OBS,2020,EU27+4,WEEE_generatedDedicated,WEEE_Cat4b,compressor,CuAndCuAlloys,,m-c,0.323185412444006,%,3
OBS,2020,EU27+4,WEEE_generatedDedicated,WEEE_Cat4b,compressor,glass,Ag,e-m,0.282247562543675,%,3
OBS,2020,EU27+4,WEEE_generatedDedicated,WEEE_Cat4b,compressor,glass,Pd,e-m,0.221917581635874,%,2
OBS,2020,EU27+4,WEEE_generatedDedicated,WEEE_Cat4b,compressor,glass,Sc,e-m,0.005376723309465,%,2
OBS,2020,EU27+4,WEEE_generatedDedicated,WEEE_Cat4b,compressor,glass,Zr,e-m,0.490458132510985,%,2
OBS,2020,EU27+4,WEEE_generatedDedicated,WEEE_Cat4b,compressor,glass,,m-c,0.168704175362599,%,1
OBS,2020,EU27+4,WEEE_generatedDedicated,WEEE_Cat4b,compressor,,,c-p,0.0397656962280183,%,1
OBS,2020,EU27+4,WEEE_generatedDedicated,WEEE_Cat4b,compressor,otherFerrousAlloys,Ag,e-m,0.0349524746835281,%,1
OBS,2020,EU27+4,WEEE_generatedDedicated,WEEE_Cat4b,compressor,otherFerrousAlloys,Ca,e-m,0.22735153544983,%,3
OBS,2020,EU27+4,WEEE_generatedDedicated,WEEE_Cat4b,compressor,otherFerrousAlloys,Ga,e-m,0.168866979083068,%,3
OBS,2020,EU27+4,WEEE_generatedDedicated,WEEE_Cat4b,compressor,otherFerrousAlloys,Mo,e-m,0.178950455766322,%,1
OBS,2020,EU27+4,WEEE_generatedDedicated,WEEE_Cat4b,compressor,otherFerrousAlloys,Sm,e-m,0.389878555017252,%,2
OBS,2020,EU27+4,WEEE_generatedDedicated,WEEE_Cat4b,compressor,otherFerrousAlloys,,m-c,0.0771912068368134,%,3
OBS,2020,EU27+4,WEEE_generatedDedicated,WEEE_Cat4b,compressor,otherOrUndefinedMaterials,Ag,e-m,1,%,3
OBS,2020,EU27+4,WEEE_generatedDedicated,WEEE_Cat4b,compressor,otherOrUndefinedMaterials,,m-c,0.0486331872533563,%,3
OBS,2020,EU27+4,WEEE_generatedDedicated,WEEE_Cat4b,compressor,plastics,Ag,e-m,1,%,1
OBS,2020,EU27+4,WEEE_generatedDedicated,WEEE_Cat4b,compressor,plastics,,m-c,0.0140995623132853,%,1
OBS,2020,EU27+4,WEEE_generatedDedicated,WEEE_Cat4b,compressor,steelAndSteelAlloys,Ag,e-m,0.0755248351484981,%,2
OBS,2020,EU27+4,WEEE_generatedDedicated,WEEE_Cat4b,compressor,steelAndSteelAlloys,Cu,e-m,0.316158142937285,%,3
OBS,2020,EU27+4,WEEE_generatedDedicated,WEEE_Cat4b,compressor,steelAndSteelAlloys,Ga,e-m,0.0014839748511845,%,3
OBS,2020,EU27+4,WEEE_generatedDedicated,WEEE_Cat4b,compressor,steelAndSteelAlloys,Mo,e-m,0.222345714234577,%,3
OBS,2020,EU27+4,WEEE_generatedDedicated,WEEE_Cat4b,compressor,steelAndSteelAlloys,O,e-m,0.140034700857697,%,1
OBS,2020,EU27+4,WEEE_generatedDedicated,WEEE_Cat4b,compressor,steelAndSteelAlloys,Sm,e-m,0.244452631970758,%,2
OBS,2020,EU27+4,WEEE_generatedDedicated,WEEE_Cat4b,compressor,steelAndSteelAlloys,,m-c,0.36818645578994,%,2
OBS,2020,EU27+4,WEEE_generatedDedicated,WEEE_Cat4b,condensator,,,c-p,0.0564769439598389,%,2
OBS,2020,EU27+4,WEEE_generatedDedicated,WEEE_Cat4b,contactor,,,c-p,0.0068228160169878,%,2
OBS,2020,EU27+4,WEEE_generatedDedicated,WEEE_Cat4b,displayCRT,AlAndAlAlloys,Ag,e-m,0.114135157827014,%,2
OBS,2020,EU27+4,WEEE_generatedDedicated,WEEE_Cat4b,displayCRT,AlAndAlAlloys,As,e-m,0.372821649860051,%,3
OBS,2020,EU27+4,WEEE_generatedDedicated,WEEE_Cat4b,displayCRT,AlAndAlAlloys,Cu,e-m,0.0525590437550476,%,3
OBS,2020,EU27+4,WEEE_generatedDedicated,WEEE_Cat4b,displayCRT,AlAndAlAlloys,Ga,e-m,0.190970178865898,%,3
OBS,2020,EU27+4,WEEE_generatedDedicated,WEEE_Cat4b,displayCRT,AlAndAlAlloys,Mn,e-m,0.0261459274560881,%,1
OBS,2020,EU27+4,WEEE_generatedDedicated,WEEE_Cat4b,displayCRT,AlAndAlAlloys,Mo,e-m,0.126030518591963,%,2
OBS,2020,EU27+4,WEEE_generatedDedicated,WEEE_Cat4b,displayCRT,AlAndAlAlloys,Sm,e-m,0.117337523643937,%,1
OBS,2020,EU27+4,WEEE_generatedDedicated,WEEE_Cat4b,displayCRT,AlAndAlAlloys,,m-c,0.229363121192478,%,3
OBS,2020,EU27+4,WEEE_generatedDedicated,WEEE_Cat4b,displayCRT,glass,Ag,e-m,0.221117336385983,%,2
OBS,2020,EU27+4,WEEE_generatedDedicated,WEEE_Cat4b,displayCRT,glass,Pd,e-m,0.638513238244846,%,2
OBS,2020,EU27+4,WEEE_generatedDedicated,WEEE_Cat4b,displayCRT,glass,Sc,e-m,0.0876052572924446,%,3
OBS,2020,EU27+4,WEEE_generatedDedicated,WEEE_Cat4b,displayCRT,glass,Zr,e-m,0.0527641680767263,%,1
OBS,2020,EU27+4,WEEE_generatedDedicated,WEEE_Cat4b,displayCRT,glass,,m-c,0.770636878807522,%,3
OBS,2020,EU27+4,WEEE_generatedDedicated,WEEE_Cat4b,displayCRT,,,c-p,0.0067672255484486,%,2
OBS,2020,EU27+4,WEEE_generatedDedicated,WEEE_Cat4b,displayLCD,AlAndAlAlloys,Ag,e-m,0.114336760796883,%,1
OBS,2020,EU27+4,WEEE_generatedDedicated,WEEE_Cat4b,displayLCD,AlAndAlAlloys,As,e-m,0.0801953240632571,%,2
OBS,2020,EU27+4,WEEE_generatedDedicated,WEEE_Cat4b,displayLCD,AlAndAlAlloys,Cu,e-m,0.11478794702547,%,1
OBS,2020,EU27+4,WEEE_generatedDedicated,WEEE_Cat4b,displayLCD,AlAndAlAlloys,Ga,e-m,0.16848095339419,%,3
OBS,2020,EU27+4,WEEE_generatedDedicated,WEEE_Cat4b,displayLCD,AlAndAlAlloys,Mn,e-m,0.0236676637661809,%,2
OBS,2020,EU27+4,WEEE_generatedDedicated,WEEE_Cat4b,displayLCD,AlAndAlAlloys,Mo,e-m,0.374081817910224,%,1
OBS,2020,EU27+4,WEEE_generatedDedicated,WEEE_Cat4b,displayLCD,AlAndAlAlloys,Sm,e-m,0.124449533043794,%,1
OBS,2020,EU27+4,WEEE_generatedDedicated,WEEE_Cat4b,displayLCD,AlAndAlAlloys,,m-c,0.571034085097423,%,1
OBS,2020,EU27+4,WEEE_generatedDedicated,WEEE_Cat4b,displayLCD,CuAndCuAlloys,Ag,e-m,0.278340739260498,%,3
OBS,2020,EU27+4,WEEE_generatedDedicated,WEEE_Cat4b,displayLCD,CuAndCuAlloys,Dy,e-m,0.262864803689662,%,3
OBS,2020,EU27+4,WEEE_generatedDedicated,WEEE_Cat4b,displayLCD,CuAndCuAlloys,Zr,e-m,0.458794457049841,%,2
OBS,2020,EU27+4,WEEE_generatedDedicated,WEEE_Cat4b,displayLCD,CuAndCuAlloys,,m-c,0.116125968952096,%,3
OBS,2020,EU27+4,WEEE_generatedDedicated,WEEE_Cat4b,displayLCD,ferrousMetals,Ag,e-m,0.0822656570928194,%,2
OBS,2020,EU27+4,WEEE_generatedDedicated,WEEE_Cat4b,displayLCD,ferrousMetals,Cu,e-m,0.0328634326504144,%,3
OBS,2020,EU27+4,WEEE_generatedDedicated,WEEE_Cat4b,displayLCD,ferrousMetals,Ga,e-m,0.201268000300632,%,2
OBS,2020,EU27+4,WEEE_generatedDedicated,WEEE_Cat4b,displayLCD,ferrousMetals,Mo,e-m,0.006513738271927,%,3
OBS,2020,EU27+4,WEEE_generatedDedicated,WEEE_Cat4b,displayLCD,ferrousMetals,O,e-m,0.376458342551379,%,1
OBS,2020,EU27+4,WEEE_generatedDedicated,WEEE_Cat4b,displayLCD,ferrousMetals,Sm,e-m,0.300630829132828,%,3
OBS,2020,EU27+4,WEEE_generatedDedicated,WEEE_Cat4b,displayLCD,ferrousMetals,,m-c,0.0647778946471581,%,2
OBS,2020,EU27+4,WEEE_generatedDedicated,WEEE_Cat4b,displayLCD,glass,Ag,e-m,0.146329435195822,%,1
OBS,2020,EU27+4,WEEE_generatedDedicated,WEEE_Cat4b,displayLCD,glass,Pd,e-m,0.143813413982716,%,1
OBS,2020,EU27+4,WEEE_generatedDedicated,WEEE_Cat4b,displayLCD,glass,Sc,e-m,0.443493456756747,%,1
OBS,2020,EU27+4,WEEE_generatedDedicated,WEEE_Cat4b,displayLCD,glass,Zr,e-m,0.266363694064716,%,1
OBS,2020,EU27+4,WEEE_generatedDedicated,WEEE_Cat4b,displayLCD,glass,,m-c,0.107710805334322,%,1
OBS,2020,EU27+4,WEEE_generatedDedicated,WEEE_Cat4b,displayLCD,,,c-p,0.0051158402578439,%,2
OBS,2020,EU27+4,WEEE_generatedDedicated,WEEE_Cat4b,displayLCD,plastics,Ag,e-m,1,%,2
OBS,2020,EU27+4,WEEE_generatedDedicated,WEEE_Cat4b,displayLCD,plastics,,m-c,0.0423148574933139,%,2
OBS,2020,EU27+4,WEEE_generatedDedicated,WEEE_Cat4b,displayLCD,undefinedAndMixedMaterials,Ag,e-m,1,%,3
OBS,2020,EU27+4,WEEE_generatedDedicated,WEEE_Cat4b,displayLCD,undefinedAndMixedMaterials,,m-c,0.0980363884756872,%,1
OBS,2020,EU27+4,WEEE_generatedDedicated,WEEE_Cat4b,displayLCDunder100cm2,,,c-p,0.000194265804846,%,1
OBS,2020,EU27+4,WEEE_generatedDedicated,WEEE_Cat4b,displayOther,AlAndAlAlloys,Ag,e-m,0.0132874209948855,%,2
OBS,2020,EU27+4,WEEE_generatedDedicated,WEEE_Cat4b,displayOther,AlAndAlAlloys,As,e-m,0.198678582910063,%,3
OBS,2020,EU27+4,WEEE_generatedDedicated,WEEE_Cat4b,displayOther,AlAndAlAlloys,Cu,e-m,0.304186714239454,%,3
OBS,2020,EU27+4,WEEE_generatedDedicated,WEEE_Cat4b,displayOther,AlAndAlAlloys,Ga,e-m,0.244909126442379,%,3
OBS,2020,EU27+4,WEEE_generatedDedicated,WEEE_Cat4b,displayOther,AlAndAlAlloys,Mn,e-m,0.0493301583948256,%,1
OBS,2020,EU27+4,WEEE_generatedDedicated,WEEE_Cat4b,displayOther,AlAndAlAlloys,Mo,e-m,0.141568252379471,%,3
OBS,2020,EU27+4,WEEE_generatedDedicated,WEEE_Cat4b,displayOther,AlAndAlAlloys,Sm,e-m,0.0480397446389221,%,2
OBS,2020,EU27+4,WEEE_generatedDedicated,WEEE_Cat4b,displayOther,AlAndAlAlloys,,m-c,0.227428712032644,%,3
OBS,2020,EU27+4,WEEE_generatedDedicated,WEEE_Cat4b,displayOther,CuAndCuAlloys,Ag,e-m,0.361323155619079,%,1
OBS,2020,EU27+4,WEEE_generatedDedicated,WEEE_Cat4b,displayOther,CuAndCuAlloys,Dy,e-m,0.549587754689877,%,1
OBS,2020,EU27+4,WEEE_generatedDedicated,WEEE_Cat4b,displayOther,CuAndCuAlloys,Zr,e-m,0.0890890896910436,%,2
OBS,2020,EU27+4,WEEE_generatedDedicated,WEEE_Cat4b,displayOther,CuAndCuAlloys,,m-c,0.282450080274725,%,3
OBS,2020,EU27+4,WEEE_generatedDedicated,WEEE_Cat4b,displayOther,ferrousMetals,Ag,e-m,0.0381844105788685,%,3
OBS,2020,EU27+4,WEEE_generatedDedicated,WEEE_Cat4b,displayOther,ferrousMetals,Cu,e-m,0.122309655186151,%,1
OBS,2020,EU27+4,WEEE_generatedDedicated,WEEE_Cat4b,displayOther,ferrousMetals,Ga,e-m,0.0350947372400558,%,3
OBS,2020,EU27+4,WEEE_generatedDedicated,WEEE_Cat4b,displayOther,ferrousMetals,Mo,e-m,0.429872304990064,%,3
OBS,2020,EU27+4,WEEE_generatedDedicated,WEEE_Cat4b,displayOther,ferrousMetals,O,e-m,0.162884435936132,%,1
OBS,2020,EU27+4,WEEE_generatedDedicated,WEEE_Cat4b,displayOther,ferrousMetals,Sm,e-m,0.211654456068728,%,3
OBS,2020,EU27+4,WEEE_generatedDedicated,WEEE_Cat4b,displayOther,ferrousMetals,,m-c,0.0175992406721652,%,2
OBS,2020,EU27+4,WEEE_generatedDedicated,WEEE_Cat4b,displayOther,glass,Ag,e-m,0.311475123202966,%,3
OBS,2020,EU27+4,WEEE_generatedDedicated,WEEE_Cat4b,displayOther,glass,Pd,e-m,0.231263479229224,%,2
OBS,2020,EU27+4,WEEE_generatedDedicated,WEEE_Cat4b,displayOther,glass,Sc,e-m,0.0132057722291308,%,2
OBS,2020,EU27+4,WEEE_generatedDedicated,WEEE_Cat4b,displayOther,glass,Zr,e-m,0.444055625338679,%,2
OBS,2020,EU27+4,WEEE_generatedDedicated,WEEE_Cat4b,displayOther,glass,,m-c,0.111033971383643,%,2
OBS,2020,EU27+4,WEEE_generatedDedicated,WEEE_Cat4b,displayOther,,,c-p,0.0206495084186099,%,3
OBS,2020,EU27+4,WEEE_generatedDedicated,WEEE_Cat4b,displayOther,otherMetalsAndMetalAlloys,Ag,e-m,0.0280824787948222,%,3
OBS,2020,EU27+4,WEEE_generatedDedicated,WEEE_Cat4b,displayOther,otherMetalsAndMetalAlloys,Al,e-m,0.816962839899324,%,1
OBS,2020,EU27+4,WEEE_generatedDedicated,WEEE_Cat4b,displayOther,otherMetalsAndMetalAlloys,Dy,e-m,0.154954681305853,%,1
OBS,2020,EU27+4,WEEE_generatedDedicated,WEEE_Cat4b,displayOther,otherMetalsAndMetalAlloys,,m-c,0.0500345897031791,%,1
OBS,2020,EU27+4,WEEE_generatedDedicated,WEEE_Cat4b,displayOther,plastics,Ag,e-m,1,%,1
OBS,2020,EU27+4,WEEE_generatedDedicated,WEEE_Cat4b,displayOther,plastics,,m-c,0.110556567313418,%,3
OBS,2020,EU27+4,WEEE_generatedDedicated,WEEE_Cat4b,displayOther,undefinedAndMixedMaterials,Ag,e-m,1,%,3
OBS,2020,EU27+4,WEEE_generatedDedicated,WEEE_Cat4b,displayOther,undefinedAndMixedMaterials,,m-c,0.200896838620226,%,1
OBS,2020,EU27+4,WEEE_generatedDedicated,WEEE_Cat4b,displayPlasma,,,c-p,0.0127493985050989,%,3
OBS,2020,EU27+4,WEEE_generatedDedicated,WEEE_Cat4b,driveCDDExt,,,c-p,0.0157760203034289,%,2
OBS,2020,EU27+4,WEEE_generatedDedicated,WEEE_Cat4b,driveCDDInt,AlAndAlAlloys,Ag,e-m,0.145401425907473,%,2
OBS,2020,EU27+4,WEEE_generatedDedicated,WEEE_Cat4b,driveCDDInt,AlAndAlAlloys,As,e-m,0.567173676682851,%,1
OBS,2020,EU27+4,WEEE_generatedDedicated,WEEE_Cat4b,driveCDDInt,AlAndAlAlloys,Cu,e-m,0.0398483236358731,%,3
OBS,2020,EU27+4,WEEE_generatedDedicated,WEEE_Cat4b,driveCDDInt,AlAndAlAlloys,Ga,e-m,0.0006154452959283,%,3
OBS,2020,EU27+4,WEEE_generatedDedicated,WEEE_Cat4b,driveCDDInt,AlAndAlAlloys,Mn,e-m,0.0073515392484794,%,2
OBS,2020,EU27+4,WEEE_generatedDedicated,WEEE_Cat4b,driveCDDInt,AlAndAlAlloys,Mo,e-m,0.0571553497705776,%,1
OBS,2020,EU27+4,WEEE_generatedDedicated,WEEE_Cat4b,driveCDDInt,AlAndAlAlloys,Sm,e-m,0.182454239458818,%,1
OBS,2020,EU27+4,WEEE_generatedDedicated,WEEE_Cat4b,driveCDDInt,AlAndAlAlloys,,m-c,0.192754145277319,%,2
OBS,2020,EU27+4,WEEE_generatedDedicated,WEEE_Cat4b,driveCDDInt,CuAndCuAlloys,Ag,e-m,0.813828351196907,%,3
OBS,2020,EU27+4,WEEE_generatedDedicated,WEEE_Cat4b,driveCDDInt,CuAndCuAlloys,Dy,e-m,0.1731319034751,%,1
OBS,2020,EU27+4,WEEE_generatedDedicated,WEEE_Cat4b,driveCDDInt,CuAndCuAlloys,Zr,e-m,0.0130397453279932,%,1
OBS,2020,EU27+4,WEEE_generatedDedicated,WEEE_Cat4b,driveCDDInt,CuAndCuAlloys,,m-c,0.0396005886077098,%,3
OBS,2020,EU27+4,WEEE_generatedDedicated,WEEE_Cat4b,driveCDDInt,ferrousMetals,Ag,e-m,0.216329215082473,%,2
OBS,2020,EU27+4,WEEE_generatedDedicated,WEEE_Cat4b,driveCDDInt,ferrousMetals,Cu,e-m,0.0199849049642174,%,2
OBS,2020,EU27+4,WEEE_generatedDedicated,WEEE_Cat4b,driveCDDInt,ferrousMetals,Ga,e-m,0.242639943849547,%,3
OBS,2020,EU27+4,WEEE_generatedDedicated,WEEE_Cat4b,driveCDDInt,ferrousMetals,Mo,e-m,0.126626624203183,%,2
OBS,2020,EU27+4,WEEE_generatedDedicated,WEEE_Cat4b,driveCDDInt,ferrousMetals,O,e-m,0.169380833703072,%,3
OBS,2020,EU27+4,WEEE_generatedDedicated,WEEE_Cat4b,driveCDDInt,ferrousMetals,Sm,e-m,0.225038478197508,%,2
OBS,2020,EU27+4,WEEE_generatedDedicated,WEEE_Cat4b,driveCDDInt,ferrousMetals,,m-c,0.246611828989653,%,3
OBS,2020,EU27+4,WEEE_generatedDedicated,WEEE_Cat4b,driveCDDInt,,,c-p,0.0018977069869386,%,2
OBS,2020,EU27+4,WEEE_generatedDedicated,WEEE_Cat4b,driveCDDInt,otherMetalsAndMetalAlloys,Ag,e-m,0.135258277088366,%,2
OBS,2020,EU27+4,WEEE_generatedDedicated,WEEE_Cat4b,driveCDDInt,otherMetalsAndMetalAlloys,Al,e-m,0.189689780855054,%,3
OBS,2020,EU27+4,WEEE_generatedDedicated,WEEE_Cat4b,driveCDDInt,otherMetalsAndMetalAlloys,Dy,e-m,0.67505194205658,%,1
OBS,2020,EU27+4,WEEE_generatedDedicated,WEEE_Cat4b,driveCDDInt,otherMetalsAndMetalAlloys,,m-c,0.0435674756001688,%,2
OBS,2020,EU27+4,WEEE_generatedDedicated,WEEE_Cat4b,driveCDDInt,plastics,Ag,e-m,1,%,1
OBS,2020,EU27+4,WEEE_generatedDedicated,WEEE_Cat4b,driveCDDInt,plastics,,m-c,0.224755072606434,%,1
OBS,2020,EU27+4,WEEE_generatedDedicated,WEEE_Cat4b,driveCDDInt,undefinedAndMixedMaterials,Ag,e-m,1,%,2
OBS,2020,EU27+4,WEEE_generatedDedicated,WEEE_Cat4b,driveCDDInt,undefinedAndMixedMaterials,,m-c,0.252710888918715,%,2
OBS,2020,EU27+4,WEEE_generatedDedicated,WEEE_Cat4b,driveFDD,AlAndAlAlloys,Ag,e-m,0.370180301005814,%,3
OBS,2020,EU27+4,WEEE_generatedDedicated,WEEE_Cat4b,driveFDD,AlAndAlAlloys,As,e-m,0.19969879885098,%,3
OBS,2020,EU27+4,WEEE_generatedDedicated,WEEE_Cat4b,driveFDD,AlAndAlAlloys,Cu,e-m,0.163688453816203,%,2
OBS,2020,EU27+4,WEEE_generatedDedicated,WEEE_Cat4b,driveFDD,AlAndAlAlloys,Ga,e-m,0.0588382136259606,%,1
OBS,2020,EU27+4,WEEE_generatedDedicated,WEEE_Cat4b,driveFDD,AlAndAlAlloys,Mn,e-m,0.0871981348781402,%,2
OBS,2020,EU27+4,WEEE_generatedDedicated,WEEE_Cat4b,driveFDD,AlAndAlAlloys,Mo,e-m,0.0403308941474676,%,3
OBS,2020,EU27+4,WEEE_generatedDedicated,WEEE_Cat4b,driveFDD,AlAndAlAlloys,Sm,e-m,0.0800652036754349,%,2
OBS,2020,EU27+4,WEEE_generatedDedicated,WEEE_Cat4b,driveFDD,AlAndAlAlloys,,m-c,0.848061742013213,%,3
OBS,2020,EU27+4,WEEE_generatedDedicated,WEEE_Cat4b,driveFDD,ferrousMetals,Ag,e-m,0.164782591232052,%,3
OBS,2020,EU27+4,WEEE_generatedDedicated,WEEE_Cat4b,driveFDD,ferrousMetals,Cu,e-m,0.178534659733773,%,3
OBS,2020,EU27+4,WEEE_generatedDedicated,WEEE_Cat4b,driveFDD,ferrousMetals,Ga,e-m,0.133593304737803,%,2
OBS,2020,EU27+4,WEEE_generatedDedicated,WEEE_Cat4b,driveFDD,ferrousMetals,Mo,e-m,0.158137613507223,%,3
OBS,2020,EU27+4,WEEE_generatedDedicated,WEEE_Cat4b,driveFDD,ferrousMetals,O,e-m,0.357932510931732,%,3
OBS,2020,EU27+4,WEEE_generatedDedicated,WEEE_Cat4b,driveFDD,ferrousMetals,Sm,e-m,0.0070193198574167,%,2
OBS,2020,EU27+4,WEEE_generatedDedicated,WEEE_Cat4b,driveFDD,ferrousMetals,,m-c,0.151938257986787,%,2
OBS,2020,EU27+4,WEEE_generatedDedicated,WEEE_Cat4b,driveFDD,,,c-p,0.0138462109886793,%,3
OBS,2020,EU27+4,WEEE_generatedDedicated,WEEE_Cat4b,driveHDD,AlAndAlAlloys,Ag,e-m,0.0229729156014465,%,1
OBS,2020,EU27+4,WEEE_generatedDedicated,WEEE_Cat4b,driveHDD,AlAndAlAlloys,As,e-m,0.0672101847942593,%,1
OBS,2020,EU27+4,WEEE_generatedDedicated,WEEE_Cat4b,driveHDD,AlAndAlAlloys,Cu,e-m,0.466896096829033,%,2
OBS,2020,EU27+4,WEEE_generatedDedicated,WEEE_Cat4b,driveHDD,AlAndAlAlloys,Ga,e-m,0.0851240605709579,%,1
OBS,2020,EU27+4,WEEE_generatedDedicated,WEEE_Cat4b,driveHDD,AlAndAlAlloys,Mn,e-m,0.010723265828501,%,3
OBS,2020,EU27+4,WEEE_generatedDedicated,WEEE_Cat4b,driveHDD,AlAndAlAlloys,Mo,e-m,0.274943496810664,%,1
OBS,2020,EU27+4,WEEE_generatedDedicated,WEEE_Cat4b,driveHDD,AlAndAlAlloys,Sm,e-m,0.0721299795651381,%,1
OBS,2020,EU27+4,WEEE_generatedDedicated,WEEE_Cat4b,driveHDD,AlAndAlAlloys,,m-c,0.199787193537107,%,3
OBS,2020,EU27+4,WEEE_generatedDedicated,WEEE_Cat4b,driveHDD,CuAndCuAlloys,Ag,e-m,0.37193181330082,%,1
OBS,2020,EU27+4,WEEE_generatedDedicated,WEEE_Cat4b,driveHDD,CuAndCuAlloys,Dy,e-m,0.494318657530633,%,2
OBS,2020,EU27+4,WEEE_generatedDedicated,WEEE_Cat4b,driveHDD,CuAndCuAlloys,Zr,e-m,0.133749529168546,%,1
OBS,2020,EU27+4,WEEE_generatedDedicated,WEEE_Cat4b,driveHDD,CuAndCuAlloys,,m-c,0.0604309042733527,%,1
OBS,2020,EU27+4,WEEE_generatedDedicated,WEEE_Cat4b,driveHDD,ferrousMetals,Ag,e-m,0.114919943053634,%,1
OBS,2020,EU27+4,WEEE_generatedDedicated,WEEE_Cat4b,driveHDD,ferrousMetals,Cu,e-m,0.0493049548908608,%,1
OBS,2020,EU27+4,WEEE_generatedDedicated,WEEE_Cat4b,driveHDD,ferrousMetals,Ga,e-m,0.335236812186397,%,1
OBS,2020,EU27+4,WEEE_generatedDedicated,WEEE_Cat4b,driveHDD,ferrousMetals,Mo,e-m,0.041128489911498,%,1
OBS,2020,EU27+4,WEEE_generatedDedicated,WEEE_Cat4b,driveHDD,ferrousMetals,O,e-m,0.194534402937266,%,3
OBS,2020,EU27+4,WEEE_generatedDedicated,WEEE_Cat4b,driveHDD,ferrousMetals,Sm,e-m,0.264875397020345,%,2
OBS,2020,EU27+4,WEEE_generatedDedicated,WEEE_Cat4b,driveHDD,ferrousMetals,,m-c,0.182500082963034,%,2
OBS,2020,EU27+4,WEEE_generatedDedicated,WEEE_Cat4b,driveHDD,,,c-p,0.0035517959153271,%,2
OBS,2020,EU27+4,WEEE_generatedDedicated,WEEE_Cat4b,driveHDD,otherMetalsAndMetalAlloys,Ag,e-m,0.476967906166212,%,1
OBS,2020,EU27+4,WEEE_generatedDedicated,WEEE_Cat4b,driveHDD,otherMetalsAndMetalAlloys,Al,e-m,0.255629259188879,%,2
OBS,2020,EU27+4,WEEE_generatedDedicated,WEEE_Cat4b,driveHDD,otherMetalsAndMetalAlloys,Dy,e-m,0.267402834644909,%,3
OBS,2020,EU27+4,WEEE_generatedDedicated,WEEE_Cat4b,driveHDD,otherMetalsAndMetalAlloys,,m-c,0.202727870474272,%,2
OBS,2020,EU27+4,WEEE_generatedDedicated,WEEE_Cat4b,driveHDD,plastics,Ag,e-m,1,%,2
OBS,2020,EU27+4,WEEE_generatedDedicated,WEEE_Cat4b,driveHDD,plastics,,m-c,0.12891766586004,%,2
OBS,2020,EU27+4,WEEE_generatedDedicated,WEEE_Cat4b,driveHDD,undefinedAndMixedMaterials,Ag,e-m,1,%,3
OBS,2020,EU27+4,WEEE_generatedDedicated,WEEE_Cat4b,driveHDD,undefinedAndMixedMaterials,,m-c,0.225636282892194,%,1
OBS,2020,EU27+4,WEEE_generatedDedicated,WEEE_Cat4b,driveUnspecified,CuAndCuAlloys,Ag,e-m,0.0789615329679667,%,3
OBS,2020,EU27+4,WEEE_generatedDedicated,WEEE_Cat4b,driveUnspecified,CuAndCuAlloys,Dy,e-m,0.449951545913725,%,1
OBS,2020,EU27+4,WEEE_generatedDedicated,WEEE_Cat4b,driveUnspecified,CuAndCuAlloys,Zr,e-m,0.471086921118308,%,2
OBS,2020,EU27+4,WEEE_generatedDedicated,WEEE_Cat4b,driveUnspecified,CuAndCuAlloys,,m-c,0.317752458743456,%,1
OBS,2020,EU27+4,WEEE_generatedDedicated,WEEE_Cat4b,driveUnspecified,ferrousMetals,Ag,e-m,0.28820279968877,%,1
OBS,2020,EU27+4,WEEE_generatedDedicated,WEEE_Cat4b,driveUnspecified,ferrousMetals,Cu,e-m,0.228929078215237,%,3
OBS,2020,EU27+4,WEEE_generatedDedicated,WEEE_Cat4b,driveUnspecified,ferrousMetals,Ga,e-m,0.170102130954702,%,1
OBS,2020,EU27+4,WEEE_generatedDedicated,WEEE_Cat4b,driveUnspecified,ferrousMetals,Mo,e-m,0.0720672297019704,%,1
OBS,2020,EU27+4,WEEE_generatedDedicated,WEEE_Cat4b,driveUnspecified,ferrousMetals,O,e-m,0.172641430397873,%,2
OBS,2020,EU27+4,WEEE_generatedDedicated,WEEE_Cat4b,driveUnspecified,ferrousMetals,Sm,e-m,0.0680573310414468,%,3
OBS,2020,EU27+4,WEEE_generatedDedicated,WEEE_Cat4b,driveUnspecified,ferrousMetals,,m-c,0.18019010257398,%,1
OBS,2020,EU27+4,WEEE_generatedDedicated,WEEE_Cat4b,driveUnspecified,,,c-p,0.0034071349469593,%,1
OBS,2020,EU27+4,WEEE_generatedDedicated,WEEE_Cat4b,driveUnspecified,plastics,Ag,e-m,1,%,1
OBS,2020,EU27+4,WEEE_generatedDedicated,WEEE_Cat4b,driveUnspecified,plastics,,m-c,0.377208827060738,%,3
OBS,2020,EU27+4,WEEE_generatedDedicated,WEEE_Cat4b,driveUnspecified,undefinedAndMixedMaterials,Ag,e-m,1,%,2
OBS,2020,EU27+4,WEEE_generatedDedicated,WEEE_Cat4b,driveUnspecified,undefinedAndMixedMaterials,,m-c,0.124848611621826,%,2
OBS,2020,EU27+4,WEEE_generatedDedicated,WEEE_Cat4b,electricEngine,AlAndAlAlloys,Ag,e-m,0.0666218548187737,%,2
OBS,2020,EU27+4,WEEE_generatedDedicated,WEEE_Cat4b,electricEngine,AlAndAlAlloys,As,e-m,0.297640244743484,%,2
OBS,2020,EU27+4,WEEE_generatedDedicated,WEEE_Cat4b,electricEngine,AlAndAlAlloys,Cu,e-m,0.0143669791964305,%,1
OBS,2020,EU27+4,WEEE_generatedDedicated,WEEE_Cat4b,electricEngine,AlAndAlAlloys,Ga,e-m,0.110469288499966,%,2
OBS,2020,EU27+4,WEEE_generatedDedicated,WEEE_Cat4b,electricEngine,AlAndAlAlloys,Mn,e-m,0.172137730864427,%,1
OBS,2020,EU27+4,WEEE_generatedDedicated,WEEE_Cat4b,electricEngine,AlAndAlAlloys,Mo,e-m,0.253373760226599,%,3
OBS,2020,EU27+4,WEEE_generatedDedicated,WEEE_Cat4b,electricEngine,AlAndAlAlloys,Sm,e-m,0.0853901416503192,%,1
OBS,2020,EU27+4,WEEE_generatedDedicated,WEEE_Cat4b,electricEngine,AlAndAlAlloys,,m-c,0.149601031414456,%,2
OBS,2020,EU27+4,WEEE_generatedDedicated,WEEE_Cat4b,electricEngine,CuAndCuAlloys,Ag,e-m,0.856545108364104,%,3
OBS,2020,EU27+4,WEEE_generatedDedicated,WEEE_Cat4b,electricEngine,CuAndCuAlloys,Dy,e-m,0.0214761481567262,%,2
OBS,2020,EU27+4,WEEE_generatedDedicated,WEEE_Cat4b,electricEngine,CuAndCuAlloys,Zr,e-m,0.12197874347917,%,1
OBS,2020,EU27+4,WEEE_generatedDedicated,WEEE_Cat4b,electricEngine,CuAndCuAlloys,,m-c,0.416041791429172,%,2
OBS,2020,EU27+4,WEEE_generatedDedicated,WEEE_Cat4b,electricEngine,carbon,Ag,e-m,0.503058808231702,%,1
OBS,2020,EU27+4,WEEE_generatedDedicated,WEEE_Cat4b,electricEngine,carbon,Pd,e-m,0.0514635898882211,%,3
OBS,2020,EU27+4,WEEE_generatedDedicated,WEEE_Cat4b,electricEngine,carbon,Sc,e-m,0.190551332383053,%,1
OBS,2020,EU27+4,WEEE_generatedDedicated,WEEE_Cat4b,electricEngine,carbon,Zr,e-m,0.254926269497024,%,2
OBS,2020,EU27+4,WEEE_generatedDedicated,WEEE_Cat4b,electricEngine,carbon,,m-c,0.103734952689527,%,2
OBS,2020,EU27+4,WEEE_generatedDedicated,WEEE_Cat4b,electricEngine,ferrousMetals,Ag,e-m,0.192154166019435,%,1
OBS,2020,EU27+4,WEEE_generatedDedicated,WEEE_Cat4b,electricEngine,ferrousMetals,Ca,e-m,0.0694144404568692,%,2
OBS,2020,EU27+4,WEEE_generatedDedicated,WEEE_Cat4b,electricEngine,ferrousMetals,Cu,e-m,0.294645006475216,%,2
OBS,2020,EU27+4,WEEE_generatedDedicated,WEEE_Cat4b,electricEngine,ferrousMetals,Ga,e-m,0.0474202607339586,%,1
OBS,2020,EU27+4,WEEE_generatedDedicated,WEEE_Cat4b,electricEngine,ferrousMetals,Mo,e-m,0.0864025139960974,%,1
OBS,2020,EU27+4,WEEE_generatedDedicated,WEEE_Cat4b,electricEngine,ferrousMetals,O,e-m,0.152958546982209,%,3
OBS,2020,EU27+4,WEEE_generatedDedicated,WEEE_Cat4b,electricEngine,ferrousMetals,Sm,e-m,0.157005065336216,%,1
OBS,2020,EU27+4,WEEE_generatedDedicated,WEEE_Cat4b,electricEngine,ferrousMetals,,m-c,0.27892798349336,%,3
OBS,2020,EU27+4,WEEE_generatedDedicated,WEEE_Cat4b,electricEngine,,,c-p,0.0004232158096658,%,3
OBS,2020,EU27+4,WEEE_generatedDedicated,WEEE_Cat4b,electricEngine,otherOrganics,Ag,e-m,1,%,3
OBS,2020,EU27+4,WEEE_generatedDedicated,WEEE_Cat4b,electricEngine,otherOrganics,,m-c,0.0455519714253662,%,2
OBS,2020,EU27+4,WEEE_generatedDedicated,WEEE_Cat4b,electricEngine,plastics,Ag,e-m,1,%,2
OBS,2020,EU27+4,WEEE_generatedDedicated,WEEE_Cat4b,electricEngine,plastics,,m-c,0.00614226954812,%,1
OBS,2020,EU27+4,WEEE_generatedDedicated,WEEE_Cat4b,filterFoamBased,,,c-p,0.0049317819784818,%,3
OBS,2020,EU27+4,WEEE_generatedDedicated,WEEE_Cat4b,filterFoamBased,plastics,Ag,e-m,1,%,3
OBS,2020,EU27+4,WEEE_generatedDedicated,WEEE_Cat4b,filterFoamBased,plastics,,m-c,1,%,2
OBS,2020,EU27+4,WEEE_generatedDedicated,WEEE_Cat4b,fuse,,,c-p,0.0281890122242663,%,2
OBS,2020,EU27+4,WEEE_generatedDedicated,WEEE_Cat4b,gear,,,c-p,0.0384600166860592,%,3
OBS,2020,EU27+4,WEEE_generatedDedicated,WEEE_Cat4b,gear,plastics,Ag,e-m,1,%,3
OBS,2020,EU27+4,WEEE_generatedDedicated,WEEE_Cat4b,gear,plastics,,m-c,1,%,2
OBS,2020,EU27+4,WEEE_generatedDedicated,WEEE_Cat4b,heatingCoolingEEEairCondenser,CuAndCuAlloys,Ag,e-m,0.136012427291579,%,3
OBS,2020,EU27+4,WEEE_generatedDedicated,WEEE_Cat4b,heatingCoolingEEEairCondenser,CuAndCuAlloys,Dy,e-m,0.752289002651451,%,2
OBS,2020,EU27+4,WEEE_generatedDedicated,WEEE_Cat4b,heatingCoolingEEEairCondenser,CuAndCuAlloys,Zr,e-m,0.11169857005697,%,3
OBS,2020,EU27+4,WEEE_generatedDedicated,WEEE_Cat4b,heatingCoolingEEEairCondenser,CuAndCuAlloys,,m-c,0.0831408766723207,%,1
OBS,2020,EU27+4,WEEE_generatedDedicated,WEEE_Cat4b,heatingCoolingEEEairCondenser,,,c-p,0.0052725046374724,%,3
OBS,2020,EU27+4,WEEE_generatedDedicated,WEEE_Cat4b,heatingCoolingEEEairCondenser,otherOrUndefinedMaterials,Ag,e-m,1,%,2
OBS,2020,EU27+4,WEEE_generatedDedicated,WEEE_Cat4b,heatingCoolingEEEairCondenser,otherOrUndefinedMaterials,,m-c,0.0502379285728743,%,2
OBS,2020,EU27+4,WEEE_generatedDedicated,WEEE_Cat4b,heatingCoolingEEEairCondenser,plastics,Ag,e-m,1,%,3
OBS,2020,EU27+4,WEEE_generatedDedicated,WEEE_Cat4b,heatingCoolingEEEairCondenser,plastics,,m-c,0.278517991256169,%,2
OBS,2020,EU27+4,WEEE_generatedDedicated,WEEE_Cat4b,heatingCoolingEEEairCondenser,steelAndSteelAlloys,Ag,e-m,0.117314778172675,%,3
OBS,2020,EU27+4,WEEE_generatedDedicated,WEEE_Cat4b,heatingCoolingEEEairCondenser,steelAndSteelAlloys,Cu,e-m,0.33241631431508,%,2
OBS,2020,EU27+4,WEEE_generatedDedicated,WEEE_Cat4b,heatingCoolingEEEairCondenser,steelAndSteelAlloys,Ga,e-m,0.171037412315874,%,1
OBS,2020,EU27+4,WEEE_generatedDedicated,WEEE_Cat4b,heatingCoolingEEEairCondenser,steelAndSteelAlloys,Mo,e-m,0.123832539405934,%,2
OBS,2020,EU27+4,WEEE_generatedDedicated,WEEE_Cat4b,heatingCoolingEEEairCondenser,steelAndSteelAlloys,O,e-m,0.20413979363556,%,1
OBS,2020,EU27+4,WEEE_generatedDedicated,WEEE_Cat4b,heatingCoolingEEEairCondenser,steelAndSteelAlloys,Sm,e-m,0.0512591621548765,%,1
OBS,2020,EU27+4,WEEE_generatedDedicated,WEEE_Cat4b,heatingCoolingEEEairCondenser,steelAndSteelAlloys,,m-c,0.588103203498636,%,1
OBS,2020,EU27+4,WEEE_generatedDedicated,WEEE_Cat4b,heatingCoolingEEEfan,AlAndAlAlloys,Ag,e-m,0.0448329845645526,%,2
OBS,2020,EU27+4,WEEE_generatedDedicated,WEEE_Cat4b,heatingCoolingEEEfan,AlAndAlAlloys,As,e-m,0.0797034466743654,%,3
OBS,2020,EU27+4,WEEE_generatedDedicated,WEEE_Cat4b,heatingCoolingEEEfan,AlAndAlAlloys,Cu,e-m,0.27303180800757,%,2
OBS,2020,EU27+4,WEEE_generatedDedicated,WEEE_Cat4b,heatingCoolingEEEfan,AlAndAlAlloys,Ga,e-m,0.250207982500987,%,2
OBS,2020,EU27+4,WEEE_generatedDedicated,WEEE_Cat4b,heatingCoolingEEEfan,AlAndAlAlloys,Mn,e-m,0.0850772258352113,%,3
OBS,2020,EU27+4,WEEE_generatedDedicated,WEEE_Cat4b,heatingCoolingEEEfan,AlAndAlAlloys,Mo,e-m,0.241782171492294,%,2
OBS,2020,EU27+4,WEEE_generatedDedicated,WEEE_Cat4b,heatingCoolingEEEfan,AlAndAlAlloys,Sm,e-m,0.0253643809250197,%,1
OBS,2020,EU27+4,WEEE_generatedDedicated,WEEE_Cat4b,heatingCoolingEEEfan,AlAndAlAlloys,,m-c,0.0821789665744374,%,3
OBS,2020,EU27+4,WEEE_generatedDedicated,WEEE_Cat4b,heatingCoolingEEEfan,CuAndCuAlloys,Ag,e-m,0.606604402180669,%,3
OBS,2020,EU27+4,WEEE_generatedDedicated,WEEE_Cat4b,heatingCoolingEEEfan,CuAndCuAlloys,Dy,e-m,0.309704765926398,%,2
OBS,2020,EU27+4,WEEE_generatedDedicated,WEEE_Cat4b,heatingCoolingEEEfan,CuAndCuAlloys,Zr,e-m,0.0836908318929334,%,2
OBS,2020,EU27+4,WEEE_generatedDedicated,WEEE_Cat4b,heatingCoolingEEEfan,CuAndCuAlloys,,m-c,0.0026846042894234,%,2
OBS,2020,EU27+4,WEEE_generatedDedicated,WEEE_Cat4b,heatingCoolingEEEfan,ferrousMetals,Ag,e-m,0.132178954660516,%,1
OBS,2020,EU27+4,WEEE_generatedDedicated,WEEE_Cat4b,heatingCoolingEEEfan,ferrousMetals,Ca,e-m,0.0340031166127121,%,2
OBS,2020,EU27+4,WEEE_generatedDedicated,WEEE_Cat4b,heatingCoolingEEEfan,ferrousMetals,Cu,e-m,0.0460108515905014,%,1
OBS,2020,EU27+4,WEEE_generatedDedicated,WEEE_Cat4b,heatingCoolingEEEfan,ferrousMetals,Ga,e-m,0.0988679166357869,%,3
OBS,2020,EU27+4,WEEE_generatedDedicated,WEEE_Cat4b,heatingCoolingEEEfan,ferrousMetals,Mo,e-m,0.206130106209973,%,3
OBS,2020,EU27+4,WEEE_generatedDedicated,WEEE_Cat4b,heatingCoolingEEEfan,ferrousMetals,O,e-m,0.0615845334992531,%,1
OBS,2020,EU27+4,WEEE_generatedDedicated,WEEE_Cat4b,heatingCoolingEEEfan,ferrousMetals,Sm,e-m,0.421224520791257,%,3
OBS,2020,EU27+4,WEEE_generatedDedicated,WEEE_Cat4b,heatingCoolingEEEfan,ferrousMetals,,m-c,0.0902021688490998,%,1
OBS,2020,EU27+4,WEEE_generatedDedicated,WEEE_Cat4b,heatingCoolingEEEfan,,,c-p,0.0261599327382616,%,1
OBS,2020,EU27+4,WEEE_generatedDedicated,WEEE_Cat4b,heatingCoolingEEEfan,otherMetalsAndMetalAlloys,,m-c,0.13893928312568,%,3
OBS,2020,EU27+4,WEEE_generatedDedicated,WEEE_Cat4b,heatingCoolingEEEfan,plastics,Ag,e-m,1,%,1
OBS,2020,EU27+4,WEEE_generatedDedicated,WEEE_Cat4b,heatingCoolingEEEfan,plastics,,m-c,0.160585928695715,%,3
OBS,2020,EU27+4,WEEE_generatedDedicated,WEEE_Cat4b,heatingCoolingEEEfan,steelAndSteelAlloys,Ag,e-m,0.077629139781911,%,2
OBS,2020,EU27+4,WEEE_generatedDedicated,WEEE_Cat4b,heatingCoolingEEEfan,steelAndSteelAlloys,Cu,e-m,0.140126257948433,%,2
OBS,2020,EU27+4,WEEE_generatedDedicated,WEEE_Cat4b,heatingCoolingEEEfan,steelAndSteelAlloys,Ga,e-m,0.0909470235560604,%,2
OBS,2020,EU27+4,WEEE_generatedDedicated,WEEE_Cat4b,heatingCoolingEEEfan,steelAndSteelAlloys,Mo,e-m,0.161419527531758,%,2
OBS,2020,EU27+4,WEEE_generatedDedicated,WEEE_Cat4b,heatingCoolingEEEfan,steelAndSteelAlloys,O,e-m,0.289713493756161,%,2
OBS,2020,EU27+4,WEEE_generatedDedicated,WEEE_Cat4b,heatingCoolingEEEfan,steelAndSteelAlloys,Sm,e-m,0.240164557425676,%,3
OBS,2020,EU27+4,WEEE_generatedDedicated,WEEE_Cat4b,heatingCoolingEEEfan,steelAndSteelAlloys,,m-c,0.0072137445737008,%,2
OBS,2020,EU27+4,WEEE_generatedDedicated,WEEE_Cat4b,heatingCoolingEEEfan,undefinedAndMixedMaterials,Ag,e-m,1,%,3
OBS,2020,EU27+4,WEEE_generatedDedicated,WEEE_Cat4b,heatingCoolingEEEfan,undefinedAndMixedMaterials,,m-c,0.518195303891944,%,2
OBS,2020,EU27+4,WEEE_generatedDedicated,WEEE_Cat4b,heatingCoolingEEEheatSink,AlAndAlAlloys,Ag,e-m,0.0299683336040239,%,2
OBS,2020,EU27+4,WEEE_generatedDedicated,WEEE_Cat4b,heatingCoolingEEEheatSink,AlAndAlAlloys,As,e-m,0.106788101001352,%,1
OBS,2020,EU27+4,WEEE_generatedDedicated,WEEE_Cat4b,heatingCoolingEEEheatSink,AlAndAlAlloys,Cu,e-m,0.0876446182196232,%,3
OBS,2020,EU27+4,WEEE_generatedDedicated,WEEE_Cat4b,heatingCoolingEEEheatSink,AlAndAlAlloys,Ga,e-m,0.0262665007453333,%,1
OBS,2020,EU27+4,WEEE_generatedDedicated,WEEE_Cat4b,heatingCoolingEEEheatSink,AlAndAlAlloys,Mn,e-m,0.304805766346573,%,1
OBS,2020,EU27+4,WEEE_generatedDedicated,WEEE_Cat4b,heatingCoolingEEEheatSink,AlAndAlAlloys,Mo,e-m,0.0685777856229664,%,2
OBS,2020,EU27+4,WEEE_generatedDedicated,WEEE_Cat4b,heatingCoolingEEEheatSink,AlAndAlAlloys,Sm,e-m,0.375948894460128,%,1
OBS,2020,EU27+4,WEEE_generatedDedicated,WEEE_Cat4b,heatingCoolingEEEheatSink,AlAndAlAlloys,,m-c,0.0083768397003991,%,3
OBS,2020,EU27+4,WEEE_generatedDedicated,WEEE_Cat4b,heatingCoolingEEEheatSink,CuAndCuAlloys,Ag,e-m,0.834837601012542,%,2
OBS,2020,EU27+4,WEEE_generatedDedicated,WEEE_Cat4b,heatingCoolingEEEheatSink,CuAndCuAlloys,Dy,e-m,0.126048731998236,%,2
OBS,2020,EU27+4,WEEE_generatedDedicated,WEEE_Cat4b,heatingCoolingEEEheatSink,CuAndCuAlloys,Zr,e-m,0.0391136669892223,%,1
OBS,2020,EU27+4,WEEE_generatedDedicated,WEEE_Cat4b,heatingCoolingEEEheatSink,CuAndCuAlloys,,m-c,0.238907086406828,%,2
OBS,2020,EU27+4,WEEE_generatedDedicated,WEEE_Cat4b,heatingCoolingEEEheatSink,ferrousMetals,Ag,e-m,0.0400899950551893,%,1
OBS,2020,EU27+4,WEEE_generatedDedicated,WEEE_Cat4b,heatingCoolingEEEheatSink,ferrousMetals,Cu,e-m,0.631333114719436,%,2
OBS,2020,EU27+4,WEEE_generatedDedicated,WEEE_Cat4b,heatingCoolingEEEheatSink,ferrousMetals,Ga,e-m,0.0364420741176067,%,2
OBS,2020,EU27+4,WEEE_generatedDedicated,WEEE_Cat4b,heatingCoolingEEEheatSink,ferrousMetals,Mo,e-m,0.205874621704679,%,1
OBS,2020,EU27+4,WEEE_generatedDedicated,WEEE_Cat4b,heatingCoolingEEEheatSink,ferrousMetals,O,e-m,0.041951230949324,%,2
OBS,2020,EU27+4,WEEE_generatedDedicated,WEEE_Cat4b,heatingCoolingEEEheatSink,ferrousMetals,Sm,e-m,0.0443089634537653,%,1
OBS,2020,EU27+4,WEEE_generatedDedicated,WEEE_Cat4b,heatingCoolingEEEheatSink,ferrousMetals,,m-c,0.384114450351419,%,1
OBS,2020,EU27+4,WEEE_generatedDedicated,WEEE_Cat4b,heatingCoolingEEEheatSink,,,c-p,0.0048173621276505,%,2
OBS,2020,EU27+4,WEEE_generatedDedicated,WEEE_Cat4b,heatingCoolingEEEheatSink,otherMetalsAndMetalAlloys,Ag,e-m,0.0268497267609573,%,2
OBS,2020,EU27+4,WEEE_generatedDedicated,WEEE_Cat4b,heatingCoolingEEEheatSink,otherMetalsAndMetalAlloys,Al,e-m,0.59585943072198,%,2
OBS,2020,EU27+4,WEEE_generatedDedicated,WEEE_Cat4b,heatingCoolingEEEheatSink,otherMetalsAndMetalAlloys,Dy,e-m,0.377290842517063,%,3
OBS,2020,EU27+4,WEEE_generatedDedicated,WEEE_Cat4b,heatingCoolingEEEheatSink,otherMetalsAndMetalAlloys,,m-c,0.0093779331361461,%,2
OBS,2020,EU27+4,WEEE_generatedDedicated,WEEE_Cat4b,heatingCoolingEEEheatSink,plastics,Ag,e-m,1,%,2
OBS,2020,EU27+4,WEEE_generatedDedicated,WEEE_Cat4b,heatingCoolingEEEheatSink,plastics,,m-c,0.0159885394647549,%,2
OBS,2020,EU27+4,WEEE_generatedDedicated,WEEE_Cat4b,heatingCoolingEEEheatSink,undefinedAndMixedMaterials,Ag,e-m,1,%,1
OBS,2020,EU27+4,WEEE_generatedDedicated,WEEE_Cat4b,heatingCoolingEEEheatSink,undefinedAndMixedMaterials,,m-c,0.343235150940452,%,1
OBS,2020,EU27+4,WEEE_generatedDedicated,WEEE_Cat4b,inductor,CuAndCuAlloys,Ag,e-m,0.473616119013677,%,2
OBS,2020,EU27+4,WEEE_generatedDedicated,WEEE_Cat4b,inductor,CuAndCuAlloys,Dy,e-m,0.187369870554852,%,2
OBS,2020,EU27+4,WEEE_generatedDedicated,WEEE_Cat4b,inductor,CuAndCuAlloys,Zr,e-m,0.33901401043147,%,2
OBS,2020,EU27+4,WEEE_generatedDedicated,WEEE_Cat4b,inductor,CuAndCuAlloys,,m-c,0.155855043548699,%,1
OBS,2020,EU27+4,WEEE_generatedDedicated,WEEE_Cat4b,inductor,ferrousMetals,Ag,e-m,0.400904553630921,%,2
OBS,2020,EU27+4,WEEE_generatedDedicated,WEEE_Cat4b,inductor,ferrousMetals,Cu,e-m,0.0924195535524849,%,3
OBS,2020,EU27+4,WEEE_generatedDedicated,WEEE_Cat4b,inductor,ferrousMetals,Ga,e-m,0.139111665055362,%,1
OBS,2020,EU27+4,WEEE_generatedDedicated,WEEE_Cat4b,inductor,ferrousMetals,Mo,e-m,0.0845908409345966,%,2
OBS,2020,EU27+4,WEEE_generatedDedicated,WEEE_Cat4b,inductor,ferrousMetals,O,e-m,0.046981642448033,%,1
OBS,2020,EU27+4,WEEE_generatedDedicated,WEEE_Cat4b,inductor,ferrousMetals,Sm,e-m,0.235991744378602,%,2
OBS,2020,EU27+4,WEEE_generatedDedicated,WEEE_Cat4b,inductor,ferrousMetals,,m-c,0.303413670766424,%,1
OBS,2020,EU27+4,WEEE_generatedDedicated,WEEE_Cat4b,inductor,,,c-p,0.0282185101047052,%,3
OBS,2020,EU27+4,WEEE_generatedDedicated,WEEE_Cat4b,inductor,plastics,Ag,e-m,1,%,3
OBS,2020,EU27+4,WEEE_generatedDedicated,WEEE_Cat4b,inductor,plastics,,m-c,0.540731285684877,%,3
OBS,2020,EU27+4,WEEE_generatedDedicated,WEEE_Cat4b,insulation,,,c-p,0.014394157776167,%,1
OBS,2020,EU27+4,WEEE_generatedDedicated,WEEE_Cat4b,keyboard,AlAndAlAlloys,Ag,e-m,0.378801553681662,%,3
OBS,2020,EU27+4,WEEE_generatedDedicated,WEEE_Cat4b,keyboard,AlAndAlAlloys,As,e-m,0.0374104446684177,%,1
OBS,2020,EU27+4,WEEE_generatedDedicated,WEEE_Cat4b,keyboard,AlAndAlAlloys,Cu,e-m,0.077582060555057,%,3
OBS,2020,EU27+4,WEEE_generatedDedicated,WEEE_Cat4b,keyboard,AlAndAlAlloys,Ga,e-m,0.12061568518409,%,3
OBS,2020,EU27+4,WEEE_generatedDedicated,WEEE_Cat4b,keyboard,AlAndAlAlloys,Mn,e-m,0.0032682137371153,%,3
OBS,2020,EU27+4,WEEE_generatedDedicated,WEEE_Cat4b,keyboard,AlAndAlAlloys,Mo,e-m,0.286441550636438,%,1
OBS,2020,EU27+4,WEEE_generatedDedicated,WEEE_Cat4b,keyboard,AlAndAlAlloys,Sm,e-m,0.09588049153722,%,1
OBS,2020,EU27+4,WEEE_generatedDedicated,WEEE_Cat4b,keyboard,AlAndAlAlloys,,m-c,0.118740368280292,%,1
OBS,2020,EU27+4,WEEE_generatedDedicated,WEEE_Cat4b,keyboard,CuAndCuAlloys,Ag,e-m,0.145207842513316,%,2
OBS,2020,EU27+4,WEEE_generatedDedicated,WEEE_Cat4b,keyboard,CuAndCuAlloys,Dy,e-m,0.74850083600128,%,1
OBS,2020,EU27+4,WEEE_generatedDedicated,WEEE_Cat4b,keyboard,CuAndCuAlloys,Zr,e-m,0.106291321485404,%,2
OBS,2020,EU27+4,WEEE_generatedDedicated,WEEE_Cat4b,keyboard,CuAndCuAlloys,,m-c,0.0335503389334458,%,1
OBS,2020,EU27+4,WEEE_generatedDedicated,WEEE_Cat4b,keyboard,ferrousMetals,Ag,e-m,0.356682256784392,%,1
OBS,2020,EU27+4,WEEE_generatedDedicated,WEEE_Cat4b,keyboard,ferrousMetals,Cu,e-m,0.0859291233600789,%,2
OBS,2020,EU27+4,WEEE_generatedDedicated,WEEE_Cat4b,keyboard,ferrousMetals,Ga,e-m,0.0774394054927878,%,1
OBS,2020,EU27+4,WEEE_generatedDedicated,WEEE_Cat4b,keyboard,ferrousMetals,Mo,e-m,0.23370563923653,%,1
OBS,2020,EU27+4,WEEE_generatedDedicated,WEEE_Cat4b,keyboard,ferrousMetals,O,e-m,0.194300723627232,%,3
OBS,2020,EU27+4,WEEE_generatedDedicated,WEEE_Cat4b,keyboard,ferrousMetals,Sm,e-m,0.051942851498979,%,3
OBS,2020,EU27+4,WEEE_generatedDedicated,WEEE_Cat4b,keyboard,ferrousMetals,,m-c,0.238971968816668,%,1
OBS,2020,EU27+4,WEEE_generatedDedicated,WEEE_Cat4b,keyboard,,,c-p,0.0119144944849363,%,3
OBS,2020,EU27+4,WEEE_generatedDedicated,WEEE_Cat4b,keyboard,otherMetalsAndMetalAlloys,Ag,e-m,0.193585395378875,%,3
OBS,2020,EU27+4,WEEE_generatedDedicated,WEEE_Cat4b,keyboard,otherMetalsAndMetalAlloys,Al,e-m,0.299108115864303,%,2
OBS,2020,EU27+4,WEEE_generatedDedicated,WEEE_Cat4b,keyboard,otherMetalsAndMetalAlloys,Dy,e-m,0.507306488756822,%,1
OBS,2020,EU27+4,WEEE_generatedDedicated,WEEE_Cat4b,keyboard,otherMetalsAndMetalAlloys,,m-c,0.259716759530964,%,2
OBS,2020,EU27+4,WEEE_generatedDedicated,WEEE_Cat4b,keyboard,plastics,Ag,e-m,1,%,1
OBS,2020,EU27+4,WEEE_generatedDedicated,WEEE_Cat4b,keyboard,plastics,,m-c,0.26136004127329,%,1
OBS,2020,EU27+4,WEEE_generatedDedicated,WEEE_Cat4b,keyboard,undefinedAndMixedMaterials,Ag,e-m,1,%,2
OBS,2020,EU27+4,WEEE_generatedDedicated,WEEE_Cat4b,keyboard,undefinedAndMixedMaterials,,m-c,0.0876605231653403,%,2
OBS,2020,EU27+4,WEEE_generatedDedicated,WEEE_Cat4b,knob,AlAndAlAlloys,Ag,e-m,0.0253178150163873,%,3
OBS,2020,EU27+4,WEEE_generatedDedicated,WEEE_Cat4b,knob,AlAndAlAlloys,As,e-m,0.193184332981998,%,3
OBS,2020,EU27+4,WEEE_generatedDedicated,WEEE_Cat4b,knob,AlAndAlAlloys,Cu,e-m,0.42207606213669,%,2
OBS,2020,EU27+4,WEEE_generatedDedicated,WEEE_Cat4b,knob,AlAndAlAlloys,Ga,e-m,0.0022772370548561,%,2
OBS,2020,EU27+4,WEEE_generatedDedicated,WEEE_Cat4b,knob,AlAndAlAlloys,Mn,e-m,0.0308070557695846,%,1
OBS,2020,EU27+4,WEEE_generatedDedicated,WEEE_Cat4b,knob,AlAndAlAlloys,Mo,e-m,0.314592431056497,%,2
OBS,2020,EU27+4,WEEE_generatedDedicated,WEEE_Cat4b,knob,AlAndAlAlloys,Sm,e-m,0.0117450659839871,%,3
OBS,2020,EU27+4,WEEE_generatedDedicated,WEEE_Cat4b,knob,AlAndAlAlloys,,m-c,0.100695476611012,%,2
OBS,2020,EU27+4,WEEE_generatedDedicated,WEEE_Cat4b,knob,ferrousMetals,Ag,e-m,0.304487337135991,%,2
OBS,2020,EU27+4,WEEE_generatedDedicated,WEEE_Cat4b,knob,ferrousMetals,Ca,e-m,0.0758690683825691,%,2
OBS,2020,EU27+4,WEEE_generatedDedicated,WEEE_Cat4b,knob,ferrousMetals,Ga,e-m,0.31081347026493,%,3
OBS,2020,EU27+4,WEEE_generatedDedicated,WEEE_Cat4b,knob,ferrousMetals,Mo,e-m,0.304142034821824,%,1
OBS,2020,EU27+4,WEEE_generatedDedicated,WEEE_Cat4b,knob,ferrousMetals,Sm,e-m,0.0046880893946849,%,1
OBS,2020,EU27+4,WEEE_generatedDedicated,WEEE_Cat4b,knob,ferrousMetals,,m-c,0.210926262170134,%,1
OBS,2020,EU27+4,WEEE_generatedDedicated,WEEE_Cat4b,knob,,,c-p,0.0029180926945341,%,3
OBS,2020,EU27+4,WEEE_generatedDedicated,WEEE_Cat4b,knob,plastics,Ag,e-m,1,%,2
OBS,2020,EU27+4,WEEE_generatedDedicated,WEEE_Cat4b,knob,plastics,,m-c,0.688378261218854,%,2
OBS,2020,EU27+4,WEEE_generatedDedicated,WEEE_Cat4b,lenseAssembly,AlAndAlAlloys,Ag,e-m,0.0512866637080019,%,2
OBS,2020,EU27+4,WEEE_generatedDedicated,WEEE_Cat4b,lenseAssembly,AlAndAlAlloys,As,e-m,0.214718461518097,%,2
OBS,2020,EU27+4,WEEE_generatedDedicated,WEEE_Cat4b,lenseAssembly,AlAndAlAlloys,Cu,e-m,0.109672007243455,%,2
OBS,2020,EU27+4,WEEE_generatedDedicated,WEEE_Cat4b,lenseAssembly,AlAndAlAlloys,Ga,e-m,0.0433754622495998,%,1
OBS,2020,EU27+4,WEEE_generatedDedicated,WEEE_Cat4b,lenseAssembly,AlAndAlAlloys,Mn,e-m,0.238639551745426,%,1
OBS,2020,EU27+4,WEEE_generatedDedicated,WEEE_Cat4b,lenseAssembly,AlAndAlAlloys,Mo,e-m,0.0345525561637409,%,1
OBS,2020,EU27+4,WEEE_generatedDedicated,WEEE_Cat4b,lenseAssembly,AlAndAlAlloys,Sm,e-m,0.307755297371678,%,1
OBS,2020,EU27+4,WEEE_generatedDedicated,WEEE_Cat4b,lenseAssembly,AlAndAlAlloys,,m-c,0.126333150485422,%,2
OBS,2020,EU27+4,WEEE_generatedDedicated,WEEE_Cat4b,lenseAssembly,CuAndCuAlloys,Ag,e-m,0.570761082039761,%,3
OBS,2020,EU27+4,WEEE_generatedDedicated,WEEE_Cat4b,lenseAssembly,CuAndCuAlloys,Dy,e-m,0.296750146292513,%,1
OBS,2020,EU27+4,WEEE_generatedDedicated,WEEE_Cat4b,lenseAssembly,CuAndCuAlloys,Zr,e-m,0.132488771667726,%,1
OBS,2020,EU27+4,WEEE_generatedDedicated,WEEE_Cat4b,lenseAssembly,CuAndCuAlloys,,m-c,0.256215120276888,%,1
OBS,2020,EU27+4,WEEE_generatedDedicated,WEEE_Cat4b,lenseAssembly,ferrousMetals,Ag,e-m,0.732937409956776,%,3
OBS,2020,EU27+4,WEEE_generatedDedicated,WEEE_Cat4b,lenseAssembly,ferrousMetals,Cu,e-m,0.0410962328545575,%,3
OBS,2020,EU27+4,WEEE_generatedDedicated,WEEE_Cat4b,lenseAssembly,ferrousMetals,Ga,e-m,0.0166959422008895,%,1
OBS,2020,EU27+4,WEEE_generatedDedicated,WEEE_Cat4b,lenseAssembly,ferrousMetals,Mo,e-m,0.101642861898402,%,1
OBS,2020,EU27+4,WEEE_generatedDedicated,WEEE_Cat4b,lenseAssembly,ferrousMetals,O,e-m,0.103903030329963,%,1
OBS,2020,EU27+4,WEEE_generatedDedicated,WEEE_Cat4b,lenseAssembly,ferrousMetals,Sm,e-m,0.0037245227594126,%,3
OBS,2020,EU27+4,WEEE_generatedDedicated,WEEE_Cat4b,lenseAssembly,ferrousMetals,,m-c,0.488039349423636,%,1
OBS,2020,EU27+4,WEEE_generatedDedicated,WEEE_Cat4b,lenseAssembly,glass,Ag,e-m,0.315829697686682,%,1
OBS,2020,EU27+4,WEEE_generatedDedicated,WEEE_Cat4b,lenseAssembly,glass,Pd,e-m,0.20122260335979,%,1
OBS,2020,EU27+4,WEEE_generatedDedicated,WEEE_Cat4b,lenseAssembly,glass,Sc,e-m,0.177256273492093,%,2
OBS,2020,EU27+4,WEEE_generatedDedicated,WEEE_Cat4b,lenseAssembly,glass,Zr,e-m,0.305691425461435,%,1
OBS,2020,EU27+4,WEEE_generatedDedicated,WEEE_Cat4b,lenseAssembly,glass,,m-c,0.0649117522073674,%,3
OBS,2020,EU27+4,WEEE_generatedDedicated,WEEE_Cat4b,lenseAssembly,,,c-p,0.0014778368342939,%,1
OBS,2020,EU27+4,WEEE_generatedDedicated,WEEE_Cat4b,lenseAssembly,plastics,Ag,e-m,1,%,2
OBS,2020,EU27+4,WEEE_generatedDedicated,WEEE_Cat4b,lenseAssembly,plastics,,m-c,0.0592098037871014,%,2
OBS,2020,EU27+4,WEEE_generatedDedicated,WEEE_Cat4b,lenseAssembly,undefinedAndMixedMaterials,Ag,e-m,1,%,2
OBS,2020,EU27+4,WEEE_generatedDedicated,WEEE_Cat4b,lenseAssembly,undefinedAndMixedMaterials,,m-c,0.0052908238195849,%,1
OBS,2020,EU27+4,WEEE_generatedDedicated,WEEE_Cat4b,lighting,,,c-p,0.0123065930019707,%,1
OBS,2020,EU27+4,WEEE_generatedDedicated,WEEE_Cat4b,lightingFlash,AlAndAlAlloys,Ag,e-m,0.209063164113999,%,3
OBS,2020,EU27+4,WEEE_generatedDedicated,WEEE_Cat4b,lightingFlash,AlAndAlAlloys,As,e-m,0.203916515684331,%,1
OBS,2020,EU27+4,WEEE_generatedDedicated,WEEE_Cat4b,lightingFlash,AlAndAlAlloys,Cu,e-m,0.166086904743301,%,2
OBS,2020,EU27+4,WEEE_generatedDedicated,WEEE_Cat4b,lightingFlash,AlAndAlAlloys,Ga,e-m,0.0308895108475958,%,1
OBS,2020,EU27+4,WEEE_generatedDedicated,WEEE_Cat4b,lightingFlash,AlAndAlAlloys,Mn,e-m,0.111086104584103,%,1
OBS,2020,EU27+4,WEEE_generatedDedicated,WEEE_Cat4b,lightingFlash,AlAndAlAlloys,Mo,e-m,0.0062019225759866,%,3
OBS,2020,EU27+4,WEEE_generatedDedicated,WEEE_Cat4b,lightingFlash,AlAndAlAlloys,Sm,e-m,0.272755877450684,%,2
OBS,2020,EU27+4,WEEE_generatedDedicated,WEEE_Cat4b,lightingFlash,AlAndAlAlloys,,m-c,0.209350841507578,%,3
OBS,2020,EU27+4,WEEE_generatedDedicated,WEEE_Cat4b,lightingFlash,CuAndCuAlloys,Ag,e-m,0.254606483838037,%,2
OBS,2020,EU27+4,WEEE_generatedDedicated,WEEE_Cat4b,lightingFlash,CuAndCuAlloys,Dy,e-m,0.723618918845752,%,3
OBS,2020,EU27+4,WEEE_generatedDedicated,WEEE_Cat4b,lightingFlash,CuAndCuAlloys,Zr,e-m,0.0217745973162114,%,1
OBS,2020,EU27+4,WEEE_generatedDedicated,WEEE_Cat4b,lightingFlash,CuAndCuAlloys,,m-c,0.0261637960415381,%,2
OBS,2020,EU27+4,WEEE_generatedDedicated,WEEE_Cat4b,lightingFlash,ferrousMetals,Ag,e-m,0.0858876885575259,%,3
OBS,2020,EU27+4,WEEE_generatedDedicated,WEEE_Cat4b,lightingFlash,ferrousMetals,Cu,e-m,0.0042762372111482,%,2
OBS,2020,EU27+4,WEEE_generatedDedicated,WEEE_Cat4b,lightingFlash,ferrousMetals,Ga,e-m,0.544146395385293,%,3
OBS,2020,EU27+4,WEEE_generatedDedicated,WEEE_Cat4b,lightingFlash,ferrousMetals,Mo,e-m,0.14346886628009,%,3
OBS,2020,EU27+4,WEEE_generatedDedicated,WEEE_Cat4b,lightingFlash,ferrousMetals,O,e-m,0.0083803398644953,%,2
OBS,2020,EU27+4,WEEE_generatedDedicated,WEEE_Cat4b,lightingFlash,ferrousMetals,Sm,e-m,0.213840472701447,%,2
OBS,2020,EU27+4,WEEE_generatedDedicated,WEEE_Cat4b,lightingFlash,ferrousMetals,,m-c,0.341425223998113,%,3
OBS,2020,EU27+4,WEEE_generatedDedicated,WEEE_Cat4b,lightingFlash,glass,Ag,e-m,0.243371676700887,%,2
OBS,2020,EU27+4,WEEE_generatedDedicated,WEEE_Cat4b,lightingFlash,glass,Pd,e-m,0.299814010923031,%,2
OBS,2020,EU27+4,WEEE_generatedDedicated,WEEE_Cat4b,lightingFlash,glass,Sc,e-m,0.0827521471434574,%,3
OBS,2020,EU27+4,WEEE_generatedDedicated,WEEE_Cat4b,lightingFlash,glass,Zr,e-m,0.374062165232624,%,3
OBS,2020,EU27+4,WEEE_generatedDedicated,WEEE_Cat4b,lightingFlash,glass,,m-c,0.258517549683995,%,3
OBS,2020,EU27+4,WEEE_generatedDedicated,WEEE_Cat4b,lightingFlash,,,c-p,0.0016774021790485,%,1
OBS,2020,EU27+4,WEEE_generatedDedicated,WEEE_Cat4b,lightingFlash,plastics,Ag,e-m,1,%,2
OBS,2020,EU27+4,WEEE_generatedDedicated,WEEE_Cat4b,lightingFlash,plastics,,m-c,0.0805399395268782,%,1
OBS,2020,EU27+4,WEEE_generatedDedicated,WEEE_Cat4b,lightingFlash,undefinedAndMixedMaterials,Ag,e-m,1,%,2
OBS,2020,EU27+4,WEEE_generatedDedicated,WEEE_Cat4b,lightingFlash,undefinedAndMixedMaterials,,m-c,0.0840026492418978,%,1
OBS,2020,EU27+4,WEEE_generatedDedicated,WEEE_Cat4b,magnetPermanent,,,c-p,0.0086775365111665,%,2
OBS,2020,EU27+4,WEEE_generatedDedicated,WEEE_Cat4b,magnetPermanent,otherOrUndefinedMaterials,Ag,e-m,1,%,3
OBS,2020,EU27+4,WEEE_generatedDedicated,WEEE_Cat4b,magnetPermanent,otherOrUndefinedMaterials,,m-c,1,%,1
OBS,2020,EU27+4,WEEE_generatedDedicated,WEEE_Cat4b,magnetron,,,c-p,0.0097326303695701,%,1
OBS,2020,EU27+4,WEEE_generatedDedicated,WEEE_Cat4b,mainboardInclCPUgpu,AlAndAlAlloys,Ag,e-m,0.150056656812245,%,2
OBS,2020,EU27+4,WEEE_generatedDedicated,WEEE_Cat4b,mainboardInclCPUgpu,AlAndAlAlloys,As,e-m,0.53562376276903,%,2
OBS,2020,EU27+4,WEEE_generatedDedicated,WEEE_Cat4b,mainboardInclCPUgpu,AlAndAlAlloys,Cu,e-m,0.0142940126804687,%,2
OBS,2020,EU27+4,WEEE_generatedDedicated,WEEE_Cat4b,mainboardInclCPUgpu,AlAndAlAlloys,Ga,e-m,0.0783671223677462,%,2
OBS,2020,EU27+4,WEEE_generatedDedicated,WEEE_Cat4b,mainboardInclCPUgpu,AlAndAlAlloys,Mn,e-m,0.0569466710171273,%,3
OBS,2020,EU27+4,WEEE_generatedDedicated,WEEE_Cat4b,mainboardInclCPUgpu,AlAndAlAlloys,Mo,e-m,0.146202743693985,%,1
OBS,2020,EU27+4,WEEE_generatedDedicated,WEEE_Cat4b,mainboardInclCPUgpu,AlAndAlAlloys,Sm,e-m,0.0185090306593983,%,3
OBS,2020,EU27+4,WEEE_generatedDedicated,WEEE_Cat4b,mainboardInclCPUgpu,AlAndAlAlloys,,m-c,0.156733346480484,%,2
OBS,2020,EU27+4,WEEE_generatedDedicated,WEEE_Cat4b,mainboardInclCPUgpu,CuAndCuAlloys,Ag,e-m,0.125014389504596,%,3
OBS,2020,EU27+4,WEEE_generatedDedicated,WEEE_Cat4b,mainboardInclCPUgpu,CuAndCuAlloys,Dy,e-m,0.0901460435726267,%,3
OBS,2020,EU27+4,WEEE_generatedDedicated,WEEE_Cat4b,mainboardInclCPUgpu,CuAndCuAlloys,Zr,e-m,0.784839566922777,%,1
OBS,2020,EU27+4,WEEE_generatedDedicated,WEEE_Cat4b,mainboardInclCPUgpu,CuAndCuAlloys,,m-c,0.0014990006464228,%,2
OBS,2020,EU27+4,WEEE_generatedDedicated,WEEE_Cat4b,mainboardInclCPUgpu,ferrousMetals,Ag,e-m,0.256177234961462,%,3
OBS,2020,EU27+4,WEEE_generatedDedicated,WEEE_Cat4b,mainboardInclCPUgpu,ferrousMetals,Cu,e-m,0.076254925418571,%,2
OBS,2020,EU27+4,WEEE_generatedDedicated,WEEE_Cat4b,mainboardInclCPUgpu,ferrousMetals,Ga,e-m,0.259346064000741,%,3
OBS,2020,EU27+4,WEEE_generatedDedicated,WEEE_Cat4b,mainboardInclCPUgpu,ferrousMetals,Mo,e-m,0.125285745901951,%,2
OBS,2020,EU27+4,WEEE_generatedDedicated,WEEE_Cat4b,mainboardInclCPUgpu,ferrousMetals,O,e-m,0.115016516435656,%,3
OBS,2020,EU27+4,WEEE_generatedDedicated,WEEE_Cat4b,mainboardInclCPUgpu,ferrousMetals,Sm,e-m,0.167919513281619,%,2
OBS,2020,EU27+4,WEEE_generatedDedicated,WEEE_Cat4b,mainboardInclCPUgpu,ferrousMetals,,m-c,0.0340132402714985,%,1
OBS,2020,EU27+4,WEEE_generatedDedicated,WEEE_Cat4b,mainboardInclCPUgpu,,,c-p,0.0045876379371694,%,1
OBS,2020,EU27+4,WEEE_generatedDedicated,WEEE_Cat4b,mainboardInclCPUgpu,otherMetalsAndMetalAlloys,Ag,e-m,0.361484791505199,%,2
OBS,2020,EU27+4,WEEE_generatedDedicated,WEEE_Cat4b,mainboardInclCPUgpu,otherMetalsAndMetalAlloys,Al,e-m,0.174513674181042,%,2
OBS,2020,EU27+4,WEEE_generatedDedicated,WEEE_Cat4b,mainboardInclCPUgpu,otherMetalsAndMetalAlloys,Dy,e-m,0.464001534313758,%,1
OBS,2020,EU27+4,WEEE_generatedDedicated,WEEE_Cat4b,mainboardInclCPUgpu,otherMetalsAndMetalAlloys,,m-c,0.422319958299252,%,2
OBS,2020,EU27+4,WEEE_generatedDedicated,WEEE_Cat4b,mainboardInclCPUgpu,plastics,Ag,e-m,1,%,3
OBS,2020,EU27+4,WEEE_generatedDedicated,WEEE_Cat4b,mainboardInclCPUgpu,plastics,,m-c,0.0630349293577449,%,3
OBS,2020,EU27+4,WEEE_generatedDedicated,WEEE_Cat4b,mainboardInclCPUgpu,undefinedAndMixedMaterials,Ag,e-m,1,%,2
OBS,2020,EU27+4,WEEE_generatedDedicated,WEEE_Cat4b,mainboardInclCPUgpu,undefinedAndMixedMaterials,,m-c,0.322399524944598,%,1
OBS,2020,EU27+4,WEEE_generatedDedicated,WEEE_Cat4b,,,,c-p,0.0604184882852112,%,2
OBS,2020,EU27+4,WEEE_generatedDedicated,WEEE_Cat4b,non-electricCoil,AlAndAlAlloys,Ag,e-m,0.247523805711548,%,3
OBS,2020,EU27+4,WEEE_generatedDedicated,WEEE_Cat4b,non-electricCoil,AlAndAlAlloys,As,e-m,0.159243330970235,%,2
OBS,2020,EU27+4,WEEE_generatedDedicated,WEEE_Cat4b,non-electricCoil,AlAndAlAlloys,Cu,e-m,0.114065339854906,%,2
OBS,2020,EU27+4,WEEE_generatedDedicated,WEEE_Cat4b,non-electricCoil,AlAndAlAlloys,Ga,e-m,0.200636041770117,%,1
OBS,2020,EU27+4,WEEE_generatedDedicated,WEEE_Cat4b,non-electricCoil,AlAndAlAlloys,Mn,e-m,0.0445245806656038,%,1
OBS,2020,EU27+4,WEEE_generatedDedicated,WEEE_Cat4b,non-electricCoil,AlAndAlAlloys,Mo,e-m,0.0050106330371113,%,2
OBS,2020,EU27+4,WEEE_generatedDedicated,WEEE_Cat4b,non-electricCoil,AlAndAlAlloys,Sm,e-m,0.228996267990478,%,3
OBS,2020,EU27+4,WEEE_generatedDedicated,WEEE_Cat4b,non-electricCoil,AlAndAlAlloys,,m-c,0.197893072048697,%,2
OBS,2020,EU27+4,WEEE_generatedDedicated,WEEE_Cat4b,non-electricCoil,ferrousMetals,Ag,e-m,0.0973823435837802,%,3
OBS,2020,EU27+4,WEEE_generatedDedicated,WEEE_Cat4b,non-electricCoil,ferrousMetals,Ca,e-m,0.104690700114253,%,2
OBS,2020,EU27+4,WEEE_generatedDedicated,WEEE_Cat4b,non-electricCoil,ferrousMetals,Ga,e-m,0.524076659429828,%,1
OBS,2020,EU27+4,WEEE_generatedDedicated,WEEE_Cat4b,non-electricCoil,ferrousMetals,Mo,e-m,0.225115720640325,%,1
OBS,2020,EU27+4,WEEE_generatedDedicated,WEEE_Cat4b,non-electricCoil,ferrousMetals,Sm,e-m,0.0487345762318144,%,2
OBS,2020,EU27+4,WEEE_generatedDedicated,WEEE_Cat4b,non-electricCoil,ferrousMetals,,m-c,0.233378677572271,%,3
OBS,2020,EU27+4,WEEE_generatedDedicated,WEEE_Cat4b,non-electricCoil,,,c-p,0.0099748191238998,%,1
OBS,2020,EU27+4,WEEE_generatedDedicated,WEEE_Cat4b,non-electricCoil,plastics,Ag,e-m,1,%,2
OBS,2020,EU27+4,WEEE_generatedDedicated,WEEE_Cat4b,non-electricCoil,plastics,,m-c,0.568728250379032,%,1
OBS,2020,EU27+4,WEEE_generatedDedicated,WEEE_Cat4b,nonElectricCoil,,,c-p,0.018591328444351,%,3
OBS,2020,EU27+4,WEEE_generatedDedicated,WEEE_Cat4b,onOffSwitch,CuAndCuAlloys,Ag,e-m,0.693689211180788,%,1
OBS,2020,EU27+4,WEEE_generatedDedicated,WEEE_Cat4b,onOffSwitch,CuAndCuAlloys,Dy,e-m,0.225768577858799,%,1
OBS,2020,EU27+4,WEEE_generatedDedicated,WEEE_Cat4b,onOffSwitch,CuAndCuAlloys,Zr,e-m,0.0805422109604128,%,1
OBS,2020,EU27+4,WEEE_generatedDedicated,WEEE_Cat4b,onOffSwitch,CuAndCuAlloys,,m-c,0.628966509699475,%,3
OBS,2020,EU27+4,WEEE_generatedDedicated,WEEE_Cat4b,onOffSwitch,,,c-p,0.0145488665531583,%,1
OBS,2020,EU27+4,WEEE_generatedDedicated,WEEE_Cat4b,onOffSwitch,plastics,Ag,e-m,1,%,1
OBS,2020,EU27+4,WEEE_generatedDedicated,WEEE_Cat4b,onOffSwitch,plastics,,m-c,0.371033490300525,%,2
OBS,2020,EU27+4,WEEE_generatedDedicated,WEEE_Cat4b,otherElectricCompUnspecified,AlAndAlAlloys,Ag,e-m,0.0729141461227704,%,3
OBS,2020,EU27+4,WEEE_generatedDedicated,WEEE_Cat4b,otherElectricCompUnspecified,AlAndAlAlloys,As,e-m,0.0793607887532809,%,3
OBS,2020,EU27+4,WEEE_generatedDedicated,WEEE_Cat4b,otherElectricCompUnspecified,AlAndAlAlloys,Cu,e-m,0.38375972715372,%,2
OBS,2020,EU27+4,WEEE_generatedDedicated,WEEE_Cat4b,otherElectricCompUnspecified,AlAndAlAlloys,Ga,e-m,0.124580746824893,%,3
OBS,2020,EU27+4,WEEE_generatedDedicated,WEEE_Cat4b,otherElectricCompUnspecified,AlAndAlAlloys,Mn,e-m,0.0878260497462121,%,1
OBS,2020,EU27+4,WEEE_generatedDedicated,WEEE_Cat4b,otherElectricCompUnspecified,AlAndAlAlloys,Mo,e-m,0.219331616951084,%,3
OBS,2020,EU27+4,WEEE_generatedDedicated,WEEE_Cat4b,otherElectricCompUnspecified,AlAndAlAlloys,Sm,e-m,0.0322269244480406,%,2
OBS,2020,EU27+4,WEEE_generatedDedicated,WEEE_Cat4b,otherElectricCompUnspecified,AlAndAlAlloys,,m-c,0.293209984012795,%,1
OBS,2020,EU27+4,WEEE_generatedDedicated,WEEE_Cat4b,otherElectricCompUnspecified,CuAndCuAlloys,Ag,e-m,0.0355099246528129,%,1
OBS,2020,EU27+4,WEEE_generatedDedicated,WEEE_Cat4b,otherElectricCompUnspecified,CuAndCuAlloys,Dy,e-m,0.244296155391136,%,2
OBS,2020,EU27+4,WEEE_generatedDedicated,WEEE_Cat4b,otherElectricCompUnspecified,CuAndCuAlloys,Zr,e-m,0.720193919956051,%,1
OBS,2020,EU27+4,WEEE_generatedDedicated,WEEE_Cat4b,otherElectricCompUnspecified,CuAndCuAlloys,,m-c,0.137683376827446,%,3
OBS,2020,EU27+4,WEEE_generatedDedicated,WEEE_Cat4b,otherElectricCompUnspecified,ferrousMetals,Ag,e-m,0.0772627529957613,%,3
OBS,2020,EU27+4,WEEE_generatedDedicated,WEEE_Cat4b,otherElectricCompUnspecified,ferrousMetals,Cu,e-m,0.0519357169395922,%,3
OBS,2020,EU27+4,WEEE_generatedDedicated,WEEE_Cat4b,otherElectricCompUnspecified,ferrousMetals,Ga,e-m,0.194868292975529,%,1
OBS,2020,EU27+4,WEEE_generatedDedicated,WEEE_Cat4b,otherElectricCompUnspecified,ferrousMetals,Mo,e-m,0.540490342221274,%,3
OBS,2020,EU27+4,WEEE_generatedDedicated,WEEE_Cat4b,otherElectricCompUnspecified,ferrousMetals,O,e-m,0.127793783456008,%,3
OBS,2020,EU27+4,WEEE_generatedDedicated,WEEE_Cat4b,otherElectricCompUnspecified,ferrousMetals,Sm,e-m,0.0076491114118368,%,1
OBS,2020,EU27+4,WEEE_generatedDedicated,WEEE_Cat4b,otherElectricCompUnspecified,ferrousMetals,,m-c,0.0248008940125365,%,3
OBS,2020,EU27+4,WEEE_generatedDedicated,WEEE_Cat4b,otherElectricCompUnspecified,glass,Ag,e-m,0.0499305898279618,%,3
OBS,2020,EU27+4,WEEE_generatedDedicated,WEEE_Cat4b,otherElectricCompUnspecified,glass,Pd,e-m,0.190584525617593,%,3
OBS,2020,EU27+4,WEEE_generatedDedicated,WEEE_Cat4b,otherElectricCompUnspecified,glass,Sc,e-m,0.404010517348597,%,3
OBS,2020,EU27+4,WEEE_generatedDedicated,WEEE_Cat4b,otherElectricCompUnspecified,glass,Zr,e-m,0.355474367205848,%,2
OBS,2020,EU27+4,WEEE_generatedDedicated,WEEE_Cat4b,otherElectricCompUnspecified,glass,,m-c,0.0976545557609473,%,2
OBS,2020,EU27+4,WEEE_generatedDedicated,WEEE_Cat4b,otherElectricCompUnspecified,,,c-p,0.0109714086251854,%,3
OBS,2020,EU27+4,WEEE_generatedDedicated,WEEE_Cat4b,otherElectricCompUnspecified,otherMetalsAndMetalAlloys,Ag,e-m,0.06654663356652,%,1
OBS,2020,EU27+4,WEEE_generatedDedicated,WEEE_Cat4b,otherElectricCompUnspecified,otherMetalsAndMetalAlloys,Al,e-m,0.833468645575069,%,1
OBS,2020,EU27+4,WEEE_generatedDedicated,WEEE_Cat4b,otherElectricCompUnspecified,otherMetalsAndMetalAlloys,Dy,e-m,0.0999847208584109,%,1
OBS,2020,EU27+4,WEEE_generatedDedicated,WEEE_Cat4b,otherElectricCompUnspecified,otherMetalsAndMetalAlloys,,m-c,0.0255344350852997,%,3
OBS,2020,EU27+4,WEEE_generatedDedicated,WEEE_Cat4b,otherElectricCompUnspecified,otherOrUndefinedMaterials,Ag,e-m,1,%,3
OBS,2020,EU27+4,WEEE_generatedDedicated,WEEE_Cat4b,otherElectricCompUnspecified,otherOrUndefinedMaterials,,m-c,0.0099330564657176,%,2
OBS,2020,EU27+4,WEEE_generatedDedicated,WEEE_Cat4b,otherElectricCompUnspecified,plastics,Ag,e-m,1,%,3
OBS,2020,EU27+4,WEEE_generatedDedicated,WEEE_Cat4b,otherElectricCompUnspecified,plastics,,m-c,0.405168340466423,%,2
OBS,2020,EU27+4,WEEE_generatedDedicated,WEEE_Cat4b,otherElectricCompUnspecified,undefinedAndMixedMaterials,Ag,e-m,1,%,1
OBS,2020,EU27+4,WEEE_generatedDedicated,WEEE_Cat4b,otherElectricCompUnspecified,undefinedAndMixedMaterials,,m-c,0.0060153573688357,%,2
OBS,2020,EU27+4,WEEE_generatedDedicated,WEEE_Cat4b,otherNonElectricCompUnspecified,AlAndAlAlloys,Ag,e-m,0.0014732310809752,%,1
OBS,2020,EU27+4,WEEE_generatedDedicated,WEEE_Cat4b,otherNonElectricCompUnspecified,AlAndAlAlloys,As,e-m,0.053774579630347,%,1
OBS,2020,EU27+4,WEEE_generatedDedicated,WEEE_Cat4b,otherNonElectricCompUnspecified,AlAndAlAlloys,Cu,e-m,0.295745396285903,%,3
OBS,2020,EU27+4,WEEE_generatedDedicated,WEEE_Cat4b,otherNonElectricCompUnspecified,AlAndAlAlloys,Ga,e-m,0.193472523114563,%,2
OBS,2020,EU27+4,WEEE_generatedDedicated,WEEE_Cat4b,otherNonElectricCompUnspecified,AlAndAlAlloys,Mn,e-m,0.0377203018500118,%,3
OBS,2020,EU27+4,WEEE_generatedDedicated,WEEE_Cat4b,otherNonElectricCompUnspecified,AlAndAlAlloys,Mo,e-m,0.131568554844599,%,3
OBS,2020,EU27+4,WEEE_generatedDedicated,WEEE_Cat4b,otherNonElectricCompUnspecified,AlAndAlAlloys,Sm,e-m,0.2862454131936,%,1
OBS,2020,EU27+4,WEEE_generatedDedicated,WEEE_Cat4b,otherNonElectricCompUnspecified,AlAndAlAlloys,,m-c,0.0573635801787507,%,1
OBS,2020,EU27+4,WEEE_generatedDedicated,WEEE_Cat4b,otherNonElectricCompUnspecified,CuAndCuAlloys,Ag,e-m,0.125503424264351,%,1
OBS,2020,EU27+4,WEEE_generatedDedicated,WEEE_Cat4b,otherNonElectricCompUnspecified,CuAndCuAlloys,As,e-m,0.05588976097703,%,1
OBS,2020,EU27+4,WEEE_generatedDedicated,WEEE_Cat4b,otherNonElectricCompUnspecified,CuAndCuAlloys,Cu,e-m,0.0952025931192733,%,3
OBS,2020,EU27+4,WEEE_generatedDedicated,WEEE_Cat4b,otherNonElectricCompUnspecified,CuAndCuAlloys,Dy,e-m,0.135918252261985,%,2
OBS,2020,EU27+4,WEEE_generatedDedicated,WEEE_Cat4b,otherNonElectricCompUnspecified,CuAndCuAlloys,Ga,e-m,0.211634447177171,%,3
OBS,2020,EU27+4,WEEE_generatedDedicated,WEEE_Cat4b,otherNonElectricCompUnspecified,CuAndCuAlloys,Mn,e-m,0.0601082240694953,%,2
OBS,2020,EU27+4,WEEE_generatedDedicated,WEEE_Cat4b,otherNonElectricCompUnspecified,CuAndCuAlloys,Mo,e-m,0.192889608506181,%,3
OBS,2020,EU27+4,WEEE_generatedDedicated,WEEE_Cat4b,otherNonElectricCompUnspecified,CuAndCuAlloys,Sm,e-m,0.0688462399499953,%,1
OBS,2020,EU27+4,WEEE_generatedDedicated,WEEE_Cat4b,otherNonElectricCompUnspecified,CuAndCuAlloys,Zr,e-m,0.054007449674518,%,3
OBS,2020,EU27+4,WEEE_generatedDedicated,WEEE_Cat4b,otherNonElectricCompUnspecified,CuAndCuAlloys,,m-c,0.0020221174811346,%,2
OBS,2020,EU27+4,WEEE_generatedDedicated,WEEE_Cat4b,otherNonElectricCompUnspecified,ferrousMetals,Ag,e-m,0.0574609248572264,%,3
OBS,2020,EU27+4,WEEE_generatedDedicated,WEEE_Cat4b,otherNonElectricCompUnspecified,ferrousMetals,Ca,e-m,0.26241525682833,%,2
OBS,2020,EU27+4,WEEE_generatedDedicated,WEEE_Cat4b,otherNonElectricCompUnspecified,ferrousMetals,Cu,e-m,0.0403148766393086,%,3
OBS,2020,EU27+4,WEEE_generatedDedicated,WEEE_Cat4b,otherNonElectricCompUnspecified,ferrousMetals,Ga,e-m,0.178033652506518,%,3
OBS,2020,EU27+4,WEEE_generatedDedicated,WEEE_Cat4b,otherNonElectricCompUnspecified,ferrousMetals,Mo,e-m,0.293061358578355,%,1
OBS,2020,EU27+4,WEEE_generatedDedicated,WEEE_Cat4b,otherNonElectricCompUnspecified,ferrousMetals,O,e-m,0.0984539765041836,%,1
OBS,2020,EU27+4,WEEE_generatedDedicated,WEEE_Cat4b,otherNonElectricCompUnspecified,ferrousMetals,Sm,e-m,0.0702599540860781,%,3
OBS,2020,EU27+4,WEEE_generatedDedicated,WEEE_Cat4b,otherNonElectricCompUnspecified,ferrousMetals,,m-c,0.628256078058805,%,2
OBS,2020,EU27+4,WEEE_generatedDedicated,WEEE_Cat4b,otherNonElectricCompUnspecified,,,c-p,0.0047050971548703,%,1
OBS,2020,EU27+4,WEEE_generatedDedicated,WEEE_Cat4b,otherNonElectricCompUnspecified,plastics,Ag,e-m,1,%,3
OBS,2020,EU27+4,WEEE_generatedDedicated,WEEE_Cat4b,otherNonElectricCompUnspecified,plastics,,m-c,0.0218157032737176,%,2
OBS,2020,EU27+4,WEEE_generatedDedicated,WEEE_Cat4b,otherNonElectricCompUnspecified,steelAndSteelAlloys,Ag,e-m,0.193566284628277,%,3
OBS,2020,EU27+4,WEEE_generatedDedicated,WEEE_Cat4b,otherNonElectricCompUnspecified,steelAndSteelAlloys,Cu,e-m,0.0184719768338197,%,1
OBS,2020,EU27+4,WEEE_generatedDedicated,WEEE_Cat4b,otherNonElectricCompUnspecified,steelAndSteelAlloys,Ga,e-m,0.0097751413787357,%,1
OBS,2020,EU27+4,WEEE_generatedDedicated,WEEE_Cat4b,otherNonElectricCompUnspecified,steelAndSteelAlloys,Mo,e-m,0.260219462042603,%,1
OBS,2020,EU27+4,WEEE_generatedDedicated,WEEE_Cat4b,otherNonElectricCompUnspecified,steelAndSteelAlloys,O,e-m,0.0987249766711008,%,1
OBS,2020,EU27+4,WEEE_generatedDedicated,WEEE_Cat4b,otherNonElectricCompUnspecified,steelAndSteelAlloys,Sm,e-m,0.419242158445463,%,1
OBS,2020,EU27+4,WEEE_generatedDedicated,WEEE_Cat4b,otherNonElectricCompUnspecified,steelAndSteelAlloys,,m-c,0.0419098233811156,%,3
OBS,2020,EU27+4,WEEE_generatedDedicated,WEEE_Cat4b,otherNonElectricCompUnspecified,undefinedAndMixedMaterials,Ag,e-m,1,%,2
OBS,2020,EU27+4,WEEE_generatedDedicated,WEEE_Cat4b,otherNonElectricCompUnspecified,undefinedAndMixedMaterials,,m-c,0.248632697626476,%,2
OBS,2020,EU27+4,WEEE_generatedDedicated,WEEE_Cat4b,passiveJunctionBox,CuAndCuAlloys,Ag,e-m,0.397382123702357,%,3
OBS,2020,EU27+4,WEEE_generatedDedicated,WEEE_Cat4b,passiveJunctionBox,CuAndCuAlloys,Dy,e-m,0.235661256664525,%,1
OBS,2020,EU27+4,WEEE_generatedDedicated,WEEE_Cat4b,passiveJunctionBox,CuAndCuAlloys,Sr,e-m,0.197942873302113,%,1
OBS,2020,EU27+4,WEEE_generatedDedicated,WEEE_Cat4b,passiveJunctionBox,CuAndCuAlloys,Zr,e-m,0.169013746331005,%,2
OBS,2020,EU27+4,WEEE_generatedDedicated,WEEE_Cat4b,passiveJunctionBox,CuAndCuAlloys,,m-c,0.765650833694866,%,3
OBS,2020,EU27+4,WEEE_generatedDedicated,WEEE_Cat4b,passiveJunctionBox,,,c-p,0.0093122423243257,%,3
OBS,2020,EU27+4,WEEE_generatedDedicated,WEEE_Cat4b,passiveJunctionBox,otherOrUndefinedMaterials,Ag,e-m,1,%,3
OBS,2020,EU27+4,WEEE_generatedDedicated,WEEE_Cat4b,passiveJunctionBox,otherOrUndefinedMaterials,,m-c,0.051137120430539,%,3
OBS,2020,EU27+4,WEEE_generatedDedicated,WEEE_Cat4b,passiveJunctionBox,plastics,Ag,e-m,1,%,1
OBS,2020,EU27+4,WEEE_generatedDedicated,WEEE_Cat4b,passiveJunctionBox,plastics,,m-c,0.183212045874595,%,1
OBS,2020,EU27+4,WEEE_generatedDedicated,WEEE_Cat4b,pcbWEEECat,,,c-p,0.0203481859904084,%,1
OBS,2020,EU27+4,WEEE_generatedDedicated,WEEE_Cat4b,pcbWEEECat,plastics,Ag,e-m,1,%,2
OBS,2020,EU27+4,WEEE_generatedDedicated,WEEE_Cat4b,pcbWEEECat,plastics,,m-c,1,%,2
OBS,2020,EU27+4,WEEE_generatedDedicated,WEEE_Cat4b,plug,,,c-p,0.0341448030752858,%,2
OBS,2020,EU27+4,WEEE_generatedDedicated,WEEE_Cat4b,powerSupply,AlAndAlAlloys,Ag,e-m,0.160008884546021,%,2
OBS,2020,EU27+4,WEEE_generatedDedicated,WEEE_Cat4b,powerSupply,AlAndAlAlloys,As,e-m,0.228135611195686,%,3
OBS,2020,EU27+4,WEEE_generatedDedicated,WEEE_Cat4b,powerSupply,AlAndAlAlloys,Cu,e-m,0.144672354204223,%,2
OBS,2020,EU27+4,WEEE_generatedDedicated,WEEE_Cat4b,powerSupply,AlAndAlAlloys,Ga,e-m,0.135936859214011,%,1
OBS,2020,EU27+4,WEEE_generatedDedicated,WEEE_Cat4b,powerSupply,AlAndAlAlloys,Mn,e-m,0.0331769813674541,%,3
OBS,2020,EU27+4,WEEE_generatedDedicated,WEEE_Cat4b,powerSupply,AlAndAlAlloys,Mo,e-m,0.132509441083823,%,1
OBS,2020,EU27+4,WEEE_generatedDedicated,WEEE_Cat4b,powerSupply,AlAndAlAlloys,Sm,e-m,0.165559868388782,%,2
OBS,2020,EU27+4,WEEE_generatedDedicated,WEEE_Cat4b,powerSupply,AlAndAlAlloys,,m-c,0.312381553659231,%,2
OBS,2020,EU27+4,WEEE_generatedDedicated,WEEE_Cat4b,powerSupply,CuAndCuAlloys,Ag,e-m,0.817528120185608,%,3
OBS,2020,EU27+4,WEEE_generatedDedicated,WEEE_Cat4b,powerSupply,CuAndCuAlloys,Dy,e-m,0.0618920912303183,%,2
OBS,2020,EU27+4,WEEE_generatedDedicated,WEEE_Cat4b,powerSupply,CuAndCuAlloys,Zr,e-m,0.120579788584074,%,2
OBS,2020,EU27+4,WEEE_generatedDedicated,WEEE_Cat4b,powerSupply,CuAndCuAlloys,,m-c,0.0258514508814048,%,1
OBS,2020,EU27+4,WEEE_generatedDedicated,WEEE_Cat4b,powerSupply,ferrousMetals,Ag,e-m,0.275991699373341,%,1
OBS,2020,EU27+4,WEEE_generatedDedicated,WEEE_Cat4b,powerSupply,ferrousMetals,Cu,e-m,0.0824307635988734,%,1
OBS,2020,EU27+4,WEEE_generatedDedicated,WEEE_Cat4b,powerSupply,ferrousMetals,Ga,e-m,0.336350480952755,%,3
OBS,2020,EU27+4,WEEE_generatedDedicated,WEEE_Cat4b,powerSupply,ferrousMetals,Mo,e-m,0.159334352576502,%,1
OBS,2020,EU27+4,WEEE_generatedDedicated,WEEE_Cat4b,powerSupply,ferrousMetals,O,e-m,0.0963356494749763,%,3
OBS,2020,EU27+4,WEEE_generatedDedicated,WEEE_Cat4b,powerSupply,ferrousMetals,Sm,e-m,0.049557054023552,%,2
OBS,2020,EU27+4,WEEE_generatedDedicated,WEEE_Cat4b,powerSupply,ferrousMetals,,m-c,0.248213662962017,%,3
OBS,2020,EU27+4,WEEE_generatedDedicated,WEEE_Cat4b,powerSupply,,,c-p,0.0037583323884525,%,1
OBS,2020,EU27+4,WEEE_generatedDedicated,WEEE_Cat4b,powerSupply,otherMetalsAndMetalAlloys,Ag,e-m,0.0251644905595704,%,1
OBS,2020,EU27+4,WEEE_generatedDedicated,WEEE_Cat4b,powerSupply,otherMetalsAndMetalAlloys,Al,e-m,0.0360528212681452,%,1
OBS,2020,EU27+4,WEEE_generatedDedicated,WEEE_Cat4b,powerSupply,otherMetalsAndMetalAlloys,Dy,e-m,0.938782688172284,%,1
OBS,2020,EU27+4,WEEE_generatedDedicated,WEEE_Cat4b,powerSupply,otherMetalsAndMetalAlloys,,m-c,0.0651083683393907,%,2
OBS,2020,EU27+4,WEEE_generatedDedicated,WEEE_Cat4b,powerSupply,plastics,Ag,e-m,1,%,3
OBS,2020,EU27+4,WEEE_generatedDedicated,WEEE_Cat4b,powerSupply,plastics,,m-c,0.175351654501805,%,2
OBS,2020,EU27+4,WEEE_generatedDedicated,WEEE_Cat4b,powerSupply,undefinedAndMixedMaterials,Ag,e-m,1,%,2
OBS,2020,EU27+4,WEEE_generatedDedicated,WEEE_Cat4b,powerSupply,undefinedAndMixedMaterials,,m-c,0.173093309656152,%,3
OBS,2020,EU27+4,WEEE_generatedDedicated,WEEE_Cat4b,printedCircuitBoard,,,c-p,0.015355694370563,%,3
OBS,2020,EU27+4,WEEE_generatedDedicated,WEEE_Cat4b,pump,ironWroughtAndCast,Ag,e-m,0.0916500742032514,%,3
OBS,2020,EU27+4,WEEE_generatedDedicated,WEEE_Cat4b,pump,ironWroughtAndCast,Ca,e-m,0.0447310153473185,%,1
OBS,2020,EU27+4,WEEE_generatedDedicated,WEEE_Cat4b,pump,ironWroughtAndCast,Ga,e-m,0.531373468507128,%,2
OBS,2020,EU27+4,WEEE_generatedDedicated,WEEE_Cat4b,pump,ironWroughtAndCast,Mo,e-m,0.322560780751075,%,2
OBS,2020,EU27+4,WEEE_generatedDedicated,WEEE_Cat4b,pump,ironWroughtAndCast,Sm,e-m,0.0096846611912269,%,1
OBS,2020,EU27+4,WEEE_generatedDedicated,WEEE_Cat4b,pump,ironWroughtAndCast,,m-c,0.909471585853689,%,2
OBS,2020,EU27+4,WEEE_generatedDedicated,WEEE_Cat4b,pump,,,c-p,0.02242244379993,%,1
OBS,2020,EU27+4,WEEE_generatedDedicated,WEEE_Cat4b,pump,steelAndSteelAlloys,Ag,e-m,0.0039950535856429,%,3
OBS,2020,EU27+4,WEEE_generatedDedicated,WEEE_Cat4b,pump,steelAndSteelAlloys,Cu,e-m,0.438836775052665,%,2
OBS,2020,EU27+4,WEEE_generatedDedicated,WEEE_Cat4b,pump,steelAndSteelAlloys,Ga,e-m,0.082853420770353,%,2
OBS,2020,EU27+4,WEEE_generatedDedicated,WEEE_Cat4b,pump,steelAndSteelAlloys,Mo,e-m,0.218568230927372,%,2
OBS,2020,EU27+4,WEEE_generatedDedicated,WEEE_Cat4b,pump,steelAndSteelAlloys,O,e-m,0.252769503239071,%,2
OBS,2020,EU27+4,WEEE_generatedDedicated,WEEE_Cat4b,pump,steelAndSteelAlloys,Sm,e-m,0.0029770164248961,%,1
OBS,2020,EU27+4,WEEE_generatedDedicated,WEEE_Cat4b,pump,steelAndSteelAlloys,,m-c,0.0905284141463109,%,3
OBS,2020,EU27+4,WEEE_generatedDedicated,WEEE_Cat4b,refrigerant,,,c-p,0.0083794904977489,%,2
OBS,2020,EU27+4,WEEE_generatedDedicated,WEEE_Cat4b,refrigerant,otherOrUndefinedMaterials,Ag,e-m,1,%,3
OBS,2020,EU27+4,WEEE_generatedDedicated,WEEE_Cat4b,refrigerant,otherOrUndefinedMaterials,,m-c,1,%,1
OBS,2020,EU27+4,WEEE_generatedDedicated,WEEE_Cat4b,remoteControl,AlAndAlAlloys,Ag,e-m,0.414891271992913,%,3
OBS,2020,EU27+4,WEEE_generatedDedicated,WEEE_Cat4b,remoteControl,AlAndAlAlloys,As,e-m,0.149013412393484,%,1
OBS,2020,EU27+4,WEEE_generatedDedicated,WEEE_Cat4b,remoteControl,AlAndAlAlloys,Cu,e-m,0.0163640446588323,%,1
OBS,2020,EU27+4,WEEE_generatedDedicated,WEEE_Cat4b,remoteControl,AlAndAlAlloys,Ga,e-m,0.212966544661224,%,3
OBS,2020,EU27+4,WEEE_generatedDedicated,WEEE_Cat4b,remoteControl,AlAndAlAlloys,Mn,e-m,0.0187554031658147,%,1
OBS,2020,EU27+4,WEEE_generatedDedicated,WEEE_Cat4b,remoteControl,AlAndAlAlloys,Mo,e-m,0.167090301898606,%,2
OBS,2020,EU27+4,WEEE_generatedDedicated,WEEE_Cat4b,remoteControl,AlAndAlAlloys,Sm,e-m,0.0209190212291268,%,2
OBS,2020,EU27+4,WEEE_generatedDedicated,WEEE_Cat4b,remoteControl,AlAndAlAlloys,,m-c,0.318628249545456,%,2
OBS,2020,EU27+4,WEEE_generatedDedicated,WEEE_Cat4b,remoteControl,CuAndCuAlloys,Ag,e-m,0.6227006249849,%,2
OBS,2020,EU27+4,WEEE_generatedDedicated,WEEE_Cat4b,remoteControl,CuAndCuAlloys,Dy,e-m,0.336055360257621,%,1
OBS,2020,EU27+4,WEEE_generatedDedicated,WEEE_Cat4b,remoteControl,CuAndCuAlloys,Zr,e-m,0.041244014757479,%,1
OBS,2020,EU27+4,WEEE_generatedDedicated,WEEE_Cat4b,remoteControl,CuAndCuAlloys,,m-c,0.0503009496865295,%,1
OBS,2020,EU27+4,WEEE_generatedDedicated,WEEE_Cat4b,remoteControl,ferrousMetals,Ag,e-m,0.144081540965347,%,2
OBS,2020,EU27+4,WEEE_generatedDedicated,WEEE_Cat4b,remoteControl,ferrousMetals,Cu,e-m,0.245262370395873,%,3
OBS,2020,EU27+4,WEEE_generatedDedicated,WEEE_Cat4b,remoteControl,ferrousMetals,Ga,e-m,0.113601721811428,%,1
OBS,2020,EU27+4,WEEE_generatedDedicated,WEEE_Cat4b,remoteControl,ferrousMetals,Mo,e-m,0.0321667678048416,%,2
OBS,2020,EU27+4,WEEE_generatedDedicated,WEEE_Cat4b,remoteControl,ferrousMetals,O,e-m,0.0754665940866688,%,1
OBS,2020,EU27+4,WEEE_generatedDedicated,WEEE_Cat4b,remoteControl,ferrousMetals,Sm,e-m,0.389421004935842,%,1
OBS,2020,EU27+4,WEEE_generatedDedicated,WEEE_Cat4b,remoteControl,ferrousMetals,,m-c,0.0693389331618085,%,3
OBS,2020,EU27+4,WEEE_generatedDedicated,WEEE_Cat4b,remoteControl,,,c-p,0.011661483755406,%,1
OBS,2020,EU27+4,WEEE_generatedDedicated,WEEE_Cat4b,remoteControl,otherOrUndefinedMaterials,Ag,e-m,1,%,2
OBS,2020,EU27+4,WEEE_generatedDedicated,WEEE_Cat4b,remoteControl,otherOrUndefinedMaterials,,m-c,0.093131552940297,%,3
OBS,2020,EU27+4,WEEE_generatedDedicated,WEEE_Cat4b,remoteControl,plastics,Ag,e-m,1,%,1
OBS,2020,EU27+4,WEEE_generatedDedicated,WEEE_Cat4b,remoteControl,plastics,,m-c,0.421824837279174,%,1
OBS,2020,EU27+4,WEEE_generatedDedicated,WEEE_Cat4b,remoteControl,undefinedAndMixedMaterials,Ag,e-m,1,%,2
OBS,2020,EU27+4,WEEE_generatedDedicated,WEEE_Cat4b,remoteControl,undefinedAndMixedMaterials,,m-c,0.0467754773867354,%,3
OBS,2020,EU27+4,WEEE_generatedDedicated,WEEE_Cat4b,resistor,,,c-p,0.0092599191109239,%,1
OBS,2020,EU27+4,WEEE_generatedDedicated,WEEE_Cat4b,rotor,ferrousMetals,Ag,e-m,0.184363211858846,%,1
OBS,2020,EU27+4,WEEE_generatedDedicated,WEEE_Cat4b,rotor,ferrousMetals,Cu,e-m,0.0904578836852363,%,2
OBS,2020,EU27+4,WEEE_generatedDedicated,WEEE_Cat4b,rotor,ferrousMetals,Ga,e-m,0.155835529333734,%,2
OBS,2020,EU27+4,WEEE_generatedDedicated,WEEE_Cat4b,rotor,ferrousMetals,Mo,e-m,0.141186639396214,%,2
OBS,2020,EU27+4,WEEE_generatedDedicated,WEEE_Cat4b,rotor,ferrousMetals,O,e-m,0.0802053903516569,%,1
OBS,2020,EU27+4,WEEE_generatedDedicated,WEEE_Cat4b,rotor,ferrousMetals,Sm,e-m,0.347951345374312,%,1
OBS,2020,EU27+4,WEEE_generatedDedicated,WEEE_Cat4b,rotor,ferrousMetals,,m-c,0.259374723089257,%,2
OBS,2020,EU27+4,WEEE_generatedDedicated,WEEE_Cat4b,rotor,,,c-p,0.0001269324582858,%,1
OBS,2020,EU27+4,WEEE_generatedDedicated,WEEE_Cat4b,rotor,plastics,Ag,e-m,1,%,2
OBS,2020,EU27+4,WEEE_generatedDedicated,WEEE_Cat4b,rotor,plastics,,m-c,0.740625276910743,%,2
OBS,2020,EU27+4,WEEE_generatedDedicated,WEEE_Cat4b,screw,CuAndCuAlloys,Ag,e-m,0.395813532558389,%,2
OBS,2020,EU27+4,WEEE_generatedDedicated,WEEE_Cat4b,screw,CuAndCuAlloys,Dy,e-m,0.0036683457939977,%,1
OBS,2020,EU27+4,WEEE_generatedDedicated,WEEE_Cat4b,screw,CuAndCuAlloys,Zr,e-m,0.600518121647613,%,1
OBS,2020,EU27+4,WEEE_generatedDedicated,WEEE_Cat4b,screw,CuAndCuAlloys,,m-c,0.062666070872073,%,1
OBS,2020,EU27+4,WEEE_generatedDedicated,WEEE_Cat4b,screw,ferrousMetals,Ag,e-m,0.394597543211034,%,1
OBS,2020,EU27+4,WEEE_generatedDedicated,WEEE_Cat4b,screw,ferrousMetals,Ca,e-m,0.0278148445516568,%,2
OBS,2020,EU27+4,WEEE_generatedDedicated,WEEE_Cat4b,screw,ferrousMetals,Ga,e-m,0.144994611811349,%,2
OBS,2020,EU27+4,WEEE_generatedDedicated,WEEE_Cat4b,screw,ferrousMetals,Mo,e-m,0.388093263433585,%,2
OBS,2020,EU27+4,WEEE_generatedDedicated,WEEE_Cat4b,screw,ferrousMetals,Sm,e-m,0.0444997369923749,%,3
OBS,2020,EU27+4,WEEE_generatedDedicated,WEEE_Cat4b,screw,ferrousMetals,,m-c,0.937333929127927,%,1
OBS,2020,EU27+4,WEEE_generatedDedicated,WEEE_Cat4b,screw,,,c-p,0.0066413093133042,%,1
OBS,2020,EU27+4,WEEE_generatedDedicated,WEEE_Cat4b,sensorUnspecified,ferrousMetals,,m-c,0.360983486233636,%,2
OBS,2020,EU27+4,WEEE_generatedDedicated,WEEE_Cat4b,sensorUnspecified,,,c-p,0.0063563096861025,%,1
OBS,2020,EU27+4,WEEE_generatedDedicated,WEEE_Cat4b,sensorUnspecified,plastics,,m-c,0.639016513766364,%,3
OBS,2020,EU27+4,WEEE_generatedDedicated,WEEE_Cat4b,shadowComponentWEEE,CuAndCuAlloys,Ag,e-m,0.075456677026767,%,3
OBS,2020,EU27+4,WEEE_generatedDedicated,WEEE_Cat4b,shadowComponentWEEE,CuAndCuAlloys,As,e-m,0.0114161278304333,%,1
OBS,2020,EU27+4,WEEE_generatedDedicated,WEEE_Cat4b,shadowComponentWEEE,CuAndCuAlloys,Cu,e-m,0.341269930679076,%,3
OBS,2020,EU27+4,WEEE_generatedDedicated,WEEE_Cat4b,shadowComponentWEEE,CuAndCuAlloys,Dy,e-m,0.0277664624490963,%,2
OBS,2020,EU27+4,WEEE_generatedDedicated,WEEE_Cat4b,shadowComponentWEEE,CuAndCuAlloys,Ga,e-m,0.194232856188841,%,3
OBS,2020,EU27+4,WEEE_generatedDedicated,WEEE_Cat4b,shadowComponentWEEE,CuAndCuAlloys,Mn,e-m,0.0120208839260987,%,1
OBS,2020,EU27+4,WEEE_generatedDedicated,WEEE_Cat4b,shadowComponentWEEE,CuAndCuAlloys,Mo,e-m,0.0991684614610538,%,1
OBS,2020,EU27+4,WEEE_generatedDedicated,WEEE_Cat4b,shadowComponentWEEE,CuAndCuAlloys,Sm,e-m,0.0617001844272158,%,3
OBS,2020,EU27+4,WEEE_generatedDedicated,WEEE_Cat4b,shadowComponentWEEE,CuAndCuAlloys,Sr,e-m,0.0254332655402629,%,3
OBS,2020,EU27+4,WEEE_generatedDedicated,WEEE_Cat4b,shadowComponentWEEE,CuAndCuAlloys,Zr,e-m,0.151535150471155,%,1
OBS,2020,EU27+4,WEEE_generatedDedicated,WEEE_Cat4b,shadowComponentWEEE,CuAndCuAlloys,,m-c,0.244525338144725,%,2
OBS,2020,EU27+4,WEEE_generatedDedicated,WEEE_Cat4b,shadowComponentWEEE,bitumen,Ag,e-m,1,%,3
OBS,2020,EU27+4,WEEE_generatedDedicated,WEEE_Cat4b,shadowComponentWEEE,bitumen,,m-c,0.0370403840598212,%,3
OBS,2020,EU27+4,WEEE_generatedDedicated,WEEE_Cat4b,shadowComponentWEEE,ceramicComposites,Ag,e-m,1,%,1
OBS,2020,EU27+4,WEEE_generatedDedicated,WEEE_Cat4b,shadowComponentWEEE,ceramicComposites,,m-c,0.0310226275722929,%,2
OBS,2020,EU27+4,WEEE_generatedDedicated,WEEE_Cat4b,shadowComponentWEEE,concrete,Ag,e-m,1,%,3
OBS,2020,EU27+4,WEEE_generatedDedicated,WEEE_Cat4b,shadowComponentWEEE,concrete,,m-c,0.0293209311409985,%,3
OBS,2020,EU27+4,WEEE_generatedDedicated,WEEE_Cat4b,shadowComponentWEEE,glass,Ag,e-m,0.300073276637456,%,2
OBS,2020,EU27+4,WEEE_generatedDedicated,WEEE_Cat4b,shadowComponentWEEE,glass,Pd,e-m,0.0018890277650055,%,1
OBS,2020,EU27+4,WEEE_generatedDedicated,WEEE_Cat4b,shadowComponentWEEE,glass,Sc,e-m,0.0991085795885457,%,3
OBS,2020,EU27+4,WEEE_generatedDedicated,WEEE_Cat4b,shadowComponentWEEE,glass,Zr,e-m,0.598929116008992,%,3
OBS,2020,EU27+4,WEEE_generatedDedicated,WEEE_Cat4b,shadowComponentWEEE,glass,,m-c,0.0634297022236398,%,3
OBS,2020,EU27+4,WEEE_generatedDedicated,WEEE_Cat4b,shadowComponentWEEE,ironWroughtAndCast,Ag,e-m,0.150131246177514,%,2
OBS,2020,EU27+4,WEEE_generatedDedicated,WEEE_Cat4b,shadowComponentWEEE,ironWroughtAndCast,Ca,e-m,0.317967763125014,%,3
OBS,2020,EU27+4,WEEE_generatedDedicated,WEEE_Cat4b,shadowComponentWEEE,ironWroughtAndCast,Ga,e-m,0.13180029561825,%,3
OBS,2020,EU27+4,WEEE_generatedDedicated,WEEE_Cat4b,shadowComponentWEEE,ironWroughtAndCast,Mo,e-m,0.0277909763216349,%,1
OBS,2020,EU27+4,WEEE_generatedDedicated,WEEE_Cat4b,shadowComponentWEEE,ironWroughtAndCast,Sm,e-m,0.372309718757588,%,2
OBS,2020,EU27+4,WEEE_generatedDedicated,WEEE_Cat4b,shadowComponentWEEE,ironWroughtAndCast,,m-c,0.0630366324909578,%,1
OBS,2020,EU27+4,WEEE_generatedDedicated,WEEE_Cat4b,shadowComponentWEEE,,,c-p,0.0023236947482853,%,1
OBS,2020,EU27+4,WEEE_generatedDedicated,WEEE_Cat4b,shadowComponentWEEE,oil4,Ag,e-m,1,%,2
OBS,2020,EU27+4,WEEE_generatedDedicated,WEEE_Cat4b,shadowComponentWEEE,oil4,,m-c,0.06133978207264,%,1
OBS,2020,EU27+4,WEEE_generatedDedicated,WEEE_Cat4b,shadowComponentWEEE,otherMetalsAndMetalAlloys,Ag,e-m,0.105255085953833,%,1
OBS,2020,EU27+4,WEEE_generatedDedicated,WEEE_Cat4b,shadowComponentWEEE,otherMetalsAndMetalAlloys,Al,e-m,0.0109666747380358,%,3
OBS,2020,EU27+4,WEEE_generatedDedicated,WEEE_Cat4b,shadowComponentWEEE,otherMetalsAndMetalAlloys,As,e-m,0.202438158650854,%,2
OBS,2020,EU27+4,WEEE_generatedDedicated,WEEE_Cat4b,shadowComponentWEEE,otherMetalsAndMetalAlloys,Bi,e-m,0.127901279216132,%,1
OBS,2020,EU27+4,WEEE_generatedDedicated,WEEE_Cat4b,shadowComponentWEEE,otherMetalsAndMetalAlloys,Ca,e-m,0.0482043417471259,%,3
OBS,2020,EU27+4,WEEE_generatedDedicated,WEEE_Cat4b,shadowComponentWEEE,otherMetalsAndMetalAlloys,Cl,e-m,0.0052441105940506,%,2
OBS,2020,EU27+4,WEEE_generatedDedicated,WEEE_Cat4b,shadowComponentWEEE,otherMetalsAndMetalAlloys,Dy,e-m,0.0604800394298408,%,2
OBS,2020,EU27+4,WEEE_generatedDedicated,WEEE_Cat4b,shadowComponentWEEE,otherMetalsAndMetalAlloys,Ga,e-m,0.183535759776541,%,2
OBS,2020,EU27+4,WEEE_generatedDedicated,WEEE_Cat4b,shadowComponentWEEE,otherMetalsAndMetalAlloys,Mn,e-m,0.0455700669076836,%,2
OBS,2020,EU27+4,WEEE_generatedDedicated,WEEE_Cat4b,shadowComponentWEEE,otherMetalsAndMetalAlloys,Mo,e-m,0.0238455713471358,%,3
OBS,2020,EU27+4,WEEE_generatedDedicated,WEEE_Cat4b,shadowComponentWEEE,otherMetalsAndMetalAlloys,O,e-m,0.0728204533908688,%,1
OBS,2020,EU27+4,WEEE_generatedDedicated,WEEE_Cat4b,shadowComponentWEEE,otherMetalsAndMetalAlloys,Sm,e-m,0.0126937865848383,%,3
OBS,2020,EU27+4,WEEE_generatedDedicated,WEEE_Cat4b,shadowComponentWEEE,otherMetalsAndMetalAlloys,Zr,e-m,0.101044671663061,%,2
OBS,2020,EU27+4,WEEE_generatedDedicated,WEEE_Cat4b,shadowComponentWEEE,otherMetalsAndMetalAlloys,,m-c,0.0394329485130662,%,2
OBS,2020,EU27+4,WEEE_generatedDedicated,WEEE_Cat4b,shadowComponentWEEE,otherOrUndefinedMaterials,Ag,e-m,1,%,1
OBS,2020,EU27+4,WEEE_generatedDedicated,WEEE_Cat4b,shadowComponentWEEE,otherOrUndefinedMaterials,,m-c,0.110646189749174,%,1
OBS,2020,EU27+4,WEEE_generatedDedicated,WEEE_Cat4b,shadowComponentWEEE,otherOrganics,Ag,e-m,1,%,2
OBS,2020,EU27+4,WEEE_generatedDedicated,WEEE_Cat4b,shadowComponentWEEE,otherOrganics,,m-c,0.0142720122426883,%,3
OBS,2020,EU27+4,WEEE_generatedDedicated,WEEE_Cat4b,shadowComponentWEEE,plasticComposites,Ag,e-m,1,%,3
OBS,2020,EU27+4,WEEE_generatedDedicated,WEEE_Cat4b,shadowComponentWEEE,plasticComposites,,m-c,0.0685295337823753,%,3
OBS,2020,EU27+4,WEEE_generatedDedicated,WEEE_Cat4b,shadowComponentWEEE,plastics,Ag,e-m,1,%,3
OBS,2020,EU27+4,WEEE_generatedDedicated,WEEE_Cat4b,shadowComponentWEEE,plastics,,m-c,0.100201322905687,%,2
OBS,2020,EU27+4,WEEE_generatedDedicated,WEEE_Cat4b,shadowComponentWEEE,reinforcedPlastics,Ag,e-m,1,%,2
OBS,2020,EU27+4,WEEE_generatedDedicated,WEEE_Cat4b,shadowComponentWEEE,reinforcedPlastics,,m-c,0.0330165645845817,%,3
OBS,2020,EU27+4,WEEE_generatedDedicated,WEEE_Cat4b,shadowComponentWEEE,sand,Ag,e-m,0.0890153007835177,%,2
OBS,2020,EU27+4,WEEE_generatedDedicated,WEEE_Cat4b,shadowComponentWEEE,sand,Pd,e-m,0.442994646279438,%,3
OBS,2020,EU27+4,WEEE_generatedDedicated,WEEE_Cat4b,shadowComponentWEEE,sand,Sc,e-m,0.352125574542787,%,3
OBS,2020,EU27+4,WEEE_generatedDedicated,WEEE_Cat4b,shadowComponentWEEE,sand,Zr,e-m,0.115864478394257,%,1
OBS,2020,EU27+4,WEEE_generatedDedicated,WEEE_Cat4b,shadowComponentWEEE,sand,,m-c,0.0730050260615792,%,1
OBS,2020,EU27+4,WEEE_generatedDedicated,WEEE_Cat4b,shadowComponentWEEE,steelAndSteelAlloys,Ag,e-m,0.0101793906406033,%,1
OBS,2020,EU27+4,WEEE_generatedDedicated,WEEE_Cat4b,shadowComponentWEEE,steelAndSteelAlloys,Cu,e-m,0.1688829196897,%,2
OBS,2020,EU27+4,WEEE_generatedDedicated,WEEE_Cat4b,shadowComponentWEEE,steelAndSteelAlloys,Ga,e-m,0.0948117805325132,%,3
OBS,2020,EU27+4,WEEE_generatedDedicated,WEEE_Cat4b,shadowComponentWEEE,steelAndSteelAlloys,Mo,e-m,0.299273888506431,%,1
OBS,2020,EU27+4,WEEE_generatedDedicated,WEEE_Cat4b,shadowComponentWEEE,steelAndSteelAlloys,O,e-m,0.236744943420118,%,3
OBS,2020,EU27+4,WEEE_generatedDedicated,WEEE_Cat4b,shadowComponentWEEE,steelAndSteelAlloys,Sm,e-m,0.190107077210634,%,3
OBS,2020,EU27+4,WEEE_generatedDedicated,WEEE_Cat4b,shadowComponentWEEE,steelAndSteelAlloys,,m-c,0.0311810044557732,%,3
OBS,2020,EU27+4,WEEE_generatedDedicated,WEEE_Cat4b,solenoidValve,,,c-p,0.0217807912628726,%,1
OBS,2020,EU27+4,WEEE_generatedDedicated,WEEE_Cat4b,speakerEEE2,AlAndAlAlloys,Ag,e-m,0.0702411902831694,%,2
OBS,2020,EU27+4,WEEE_generatedDedicated,WEEE_Cat4b,speakerEEE2,AlAndAlAlloys,As,e-m,0.0951779277457221,%,2
OBS,2020,EU27+4,WEEE_generatedDedicated,WEEE_Cat4b,speakerEEE2,AlAndAlAlloys,Cu,e-m,0.0829920990078897,%,1
OBS,2020,EU27+4,WEEE_generatedDedicated,WEEE_Cat4b,speakerEEE2,AlAndAlAlloys,Ga,e-m,0.141614677847896,%,3
OBS,2020,EU27+4,WEEE_generatedDedicated,WEEE_Cat4b,speakerEEE2,AlAndAlAlloys,Mn,e-m,0.158128788081805,%,1
OBS,2020,EU27+4,WEEE_generatedDedicated,WEEE_Cat4b,speakerEEE2,AlAndAlAlloys,Mo,e-m,0.266379336136033,%,1
OBS,2020,EU27+4,WEEE_generatedDedicated,WEEE_Cat4b,speakerEEE2,AlAndAlAlloys,Sm,e-m,0.185465980897484,%,2
OBS,2020,EU27+4,WEEE_generatedDedicated,WEEE_Cat4b,speakerEEE2,AlAndAlAlloys,,m-c,0.343367870620351,%,1
OBS,2020,EU27+4,WEEE_generatedDedicated,WEEE_Cat4b,speakerEEE2,CuAndCuAlloys,Ag,e-m,0.136173368445327,%,1
OBS,2020,EU27+4,WEEE_generatedDedicated,WEEE_Cat4b,speakerEEE2,CuAndCuAlloys,Dy,e-m,0.817419102232723,%,2
OBS,2020,EU27+4,WEEE_generatedDedicated,WEEE_Cat4b,speakerEEE2,CuAndCuAlloys,Zr,e-m,0.0464075293219497,%,3
OBS,2020,EU27+4,WEEE_generatedDedicated,WEEE_Cat4b,speakerEEE2,CuAndCuAlloys,,m-c,0.0099379620963396,%,2
OBS,2020,EU27+4,WEEE_generatedDedicated,WEEE_Cat4b,speakerEEE2,ferrousMetals,Ag,e-m,0.0391132652229677,%,2
OBS,2020,EU27+4,WEEE_generatedDedicated,WEEE_Cat4b,speakerEEE2,ferrousMetals,Cu,e-m,0.0561263094978522,%,3
OBS,2020,EU27+4,WEEE_generatedDedicated,WEEE_Cat4b,speakerEEE2,ferrousMetals,Ga,e-m,0.411813014770356,%,2
OBS,2020,EU27+4,WEEE_generatedDedicated,WEEE_Cat4b,speakerEEE2,ferrousMetals,Mo,e-m,0.0666368713717054,%,3
OBS,2020,EU27+4,WEEE_generatedDedicated,WEEE_Cat4b,speakerEEE2,ferrousMetals,O,e-m,0.305697367626698,%,1
OBS,2020,EU27+4,WEEE_generatedDedicated,WEEE_Cat4b,speakerEEE2,ferrousMetals,Sm,e-m,0.120613171510421,%,1
OBS,2020,EU27+4,WEEE_generatedDedicated,WEEE_Cat4b,speakerEEE2,ferrousMetals,,m-c,0.200407984105973,%,3
OBS,2020,EU27+4,WEEE_generatedDedicated,WEEE_Cat4b,speakerEEE2,,,c-p,0.00060343569575,%,2
OBS,2020,EU27+4,WEEE_generatedDedicated,WEEE_Cat4b,speakerEEE2,otherMetalsAndMetalAlloys,Ag,e-m,0.525698878400924,%,2
OBS,2020,EU27+4,WEEE_generatedDedicated,WEEE_Cat4b,speakerEEE2,otherMetalsAndMetalAlloys,Al,e-m,0.342496997444679,%,2
OBS,2020,EU27+4,WEEE_generatedDedicated,WEEE_Cat4b,speakerEEE2,otherMetalsAndMetalAlloys,Dy,e-m,0.131804124154397,%,1
OBS,2020,EU27+4,WEEE_generatedDedicated,WEEE_Cat4b,speakerEEE2,otherMetalsAndMetalAlloys,,m-c,0.100668093598211,%,2
OBS,2020,EU27+4,WEEE_generatedDedicated,WEEE_Cat4b,speakerEEE2,plastics,Ag,e-m,1,%,2
OBS,2020,EU27+4,WEEE_generatedDedicated,WEEE_Cat4b,speakerEEE2,plastics,,m-c,0.29861861026673,%,2
OBS,2020,EU27+4,WEEE_generatedDedicated,WEEE_Cat4b,speakerEEE2,undefinedAndMixedMaterials,Ag,e-m,1,%,2
OBS,2020,EU27+4,WEEE_generatedDedicated,WEEE_Cat4b,speakerEEE2,undefinedAndMixedMaterials,,m-c,0.0469994793123949,%,1
OBS,2020,EU27+4,WEEE_generatedDedicated,WEEE_Cat4b,switch,,,c-p,0.0318318885954856,%,3
OBS,2020,EU27+4,WEEE_generatedDedicated,WEEE_Cat4b,tonerCartridge,,,c-p,0.0088301505699436,%,2
OBS,2020,EU27+4,WEEE_generatedDedicated,WEEE_Cat4b,transformator,CuAndCuAlloys,Ag,e-m,0.0489992383844498,%,2
OBS,2020,EU27+4,WEEE_generatedDedicated,WEEE_Cat4b,transformator,CuAndCuAlloys,Dy,e-m,0.315350210685406,%,2
OBS,2020,EU27+4,WEEE_generatedDedicated,WEEE_Cat4b,transformator,CuAndCuAlloys,Zr,e-m,0.635650550930144,%,2
OBS,2020,EU27+4,WEEE_generatedDedicated,WEEE_Cat4b,transformator,CuAndCuAlloys,,m-c,0.286463164423982,%,2
OBS,2020,EU27+4,WEEE_generatedDedicated,WEEE_Cat4b,transformator,ferrousMetals,Ag,e-m,0.681175974741812,%,1
OBS,2020,EU27+4,WEEE_generatedDedicated,WEEE_Cat4b,transformator,ferrousMetals,Cu,e-m,0.0431509042803902,%,2
OBS,2020,EU27+4,WEEE_generatedDedicated,WEEE_Cat4b,transformator,ferrousMetals,Ga,e-m,0.0002234711617244,%,2
OBS,2020,EU27+4,WEEE_generatedDedicated,WEEE_Cat4b,transformator,ferrousMetals,Mo,e-m,0.0225862886088441,%,1
OBS,2020,EU27+4,WEEE_generatedDedicated,WEEE_Cat4b,transformator,ferrousMetals,O,e-m,0.0544969894226396,%,1
OBS,2020,EU27+4,WEEE_generatedDedicated,WEEE_Cat4b,transformator,ferrousMetals,Sm,e-m,0.198366371784589,%,2
OBS,2020,EU27+4,WEEE_generatedDedicated,WEEE_Cat4b,transformator,ferrousMetals,,m-c,0.713536835576018,%,3
OBS,2020,EU27+4,WEEE_generatedDedicated,WEEE_Cat4b,transformator,,,c-p,0.0084500421484921,%,2
OBS,2020,EU27+4,WEEE_generatedDedicated,WEEE_Cat4b,transmission,AlAndAlAlloys,,m-c,0.256805104393681,%,2
OBS,2020,EU27+4,WEEE_generatedDedicated,WEEE_Cat4b,transmission,ferrousMetals,Ag,e-m,0.187801655547986,%,1
OBS,2020,EU27+4,WEEE_generatedDedicated,WEEE_Cat4b,transmission,ferrousMetals,Cu,e-m,0.0644447324428942,%,3
OBS,2020,EU27+4,WEEE_generatedDedicated,WEEE_Cat4b,transmission,ferrousMetals,Ga,e-m,0.317074910891963,%,2
OBS,2020,EU27+4,WEEE_generatedDedicated,WEEE_Cat4b,transmission,ferrousMetals,Mo,e-m,0.0640566985808703,%,2
OBS,2020,EU27+4,WEEE_generatedDedicated,WEEE_Cat4b,transmission,ferrousMetals,O,e-m,0.214332088536056,%,3
OBS,2020,EU27+4,WEEE_generatedDedicated,WEEE_Cat4b,transmission,ferrousMetals,Sm,e-m,0.15228991400023,%,1
OBS,2020,EU27+4,WEEE_generatedDedicated,WEEE_Cat4b,transmission,ferrousMetals,,m-c,0.423768036258403,%,2
OBS,2020,EU27+4,WEEE_generatedDedicated,WEEE_Cat4b,transmission,,,c-p,0.0065339945637606,%,2
OBS,2020,EU27+4,WEEE_generatedDedicated,WEEE_Cat4b,transmission,plastics,Ag,e-m,1,%,1
OBS,2020,EU27+4,WEEE_generatedDedicated,WEEE_Cat4b,transmission,plastics,,m-c,0.319426859347915,%,1
OBS,2020,EU27+4,WEEE_generatedDedicated,WEEE_Cat4b,transmitter,CuAndCuAlloys,Ag,e-m,0.670040328853248,%,2
OBS,2020,EU27+4,WEEE_generatedDedicated,WEEE_Cat4b,transmitter,CuAndCuAlloys,Dy,e-m,0.0809566469737086,%,1
OBS,2020,EU27+4,WEEE_generatedDedicated,WEEE_Cat4b,transmitter,CuAndCuAlloys,Zr,e-m,0.249003024173043,%,3
OBS,2020,EU27+4,WEEE_generatedDedicated,WEEE_Cat4b,transmitter,CuAndCuAlloys,,m-c,0.127484711519019,%,3
OBS,2020,EU27+4,WEEE_generatedDedicated,WEEE_Cat4b,transmitter,ferrousMetals,Ag,e-m,0.139868717310631,%,1
OBS,2020,EU27+4,WEEE_generatedDedicated,WEEE_Cat4b,transmitter,ferrousMetals,Ca,e-m,0.0079055749119669,%,1
OBS,2020,EU27+4,WEEE_generatedDedicated,WEEE_Cat4b,transmitter,ferrousMetals,Ga,e-m,0.547617818910373,%,2
OBS,2020,EU27+4,WEEE_generatedDedicated,WEEE_Cat4b,transmitter,ferrousMetals,Mo,e-m,0.069067590730909,%,2
OBS,2020,EU27+4,WEEE_generatedDedicated,WEEE_Cat4b,transmitter,ferrousMetals,Sm,e-m,0.23554029813612,%,2
OBS,2020,EU27+4,WEEE_generatedDedicated,WEEE_Cat4b,transmitter,ferrousMetals,,m-c,0.821582925583573,%,2
OBS,2020,EU27+4,WEEE_generatedDedicated,WEEE_Cat4b,transmitter,,,c-p,0.0189066938759626,%,3
OBS,2020,EU27+4,WEEE_generatedDedicated,WEEE_Cat4b,transmitter,plastics,Ag,e-m,1,%,2
OBS,2020,EU27+4,WEEE_generatedDedicated,WEEE_Cat4b,transmitter,plastics,,m-c,0.0509323628974089,%,2
OBS,2020,EU27+4,WEEE_generatedDedicated,WEEE_Cat4b,wheel,ferrousMetals,Ag,e-m,0.0889702187897338,%,1
OBS,2020,EU27+4,WEEE_generatedDedicated,WEEE_Cat4b,wheel,ferrousMetals,Cu,e-m,0.0202631987123242,%,2
OBS,2020,EU27+4,WEEE_generatedDedicated,WEEE_Cat4b,wheel,ferrousMetals,Ga,e-m,0.118304866366789,%,2
OBS,2020,EU27+4,WEEE_generatedDedicated,WEEE_Cat4b,wheel,ferrousMetals,Mo,e-m,0.219483067013084,%,1
OBS,2020,EU27+4,WEEE_generatedDedicated,WEEE_Cat4b,wheel,ferrousMetals,O,e-m,0.426505186555874,%,3
OBS,2020,EU27+4,WEEE_generatedDedicated,WEEE_Cat4b,wheel,ferrousMetals,Sm,e-m,0.126473462562195,%,3
OBS,2020,EU27+4,WEEE_generatedDedicated,WEEE_Cat4b,wheel,ferrousMetals,,m-c,0.294884841885164,%,1
OBS,2020,EU27+4,WEEE_generatedDedicated,WEEE_Cat4b,wheel,,,c-p,0.0056542793680361,%,1
OBS,2020,EU27+4,WEEE_generatedDedicated,WEEE_Cat4b,wheel,plastics,Ag,e-m,1,%,1
OBS,2020,EU27+4,WEEE_generatedDedicated,WEEE_Cat4b,wheel,plastics,,m-c,0.0230432206118727,%,3
OBS,2020,EU27+4,WEEE_generatedDedicated,WEEE_Cat4b,wheel,polymerPA6GF30,Ag,e-m,1,%,3
OBS,2020,EU27+4,WEEE_generatedDedicated,WEEE_Cat4b,wheel,polymerPA6GF30,,m-c,0.450065033816812,%,3
OBS,2020,EU27+4,WEEE_generatedDedicated,WEEE_Cat4b,wheel,polymerPPTF20,Ag,e-m,1,%,1
OBS,2020,EU27+4,WEEE_generatedDedicated,WEEE_Cat4b,wheel,polymerPPTF20,,m-c,0.132749654313146,%,1
OBS,2020,EU27+4,WEEE_generatedDedicated,WEEE_Cat4b,wheel,polymerPPTF30,Ag,e-m,1,%,1
OBS,2020,EU27+4,WEEE_generatedDedicated,WEEE_Cat4b,wheel,polymerPPTF30,,m-c,0.0992572493730048,%,3
OBS,2020,EU27+4,WEEE_generatedDedicated,WEEE_Cat5,ComponentShadowWEEE,AlAndAlAlloys,Ag,e-m,0.027999564362874,%,3
OBS,2020,EU27+4,WEEE_generatedDedicated,WEEE_Cat5,ComponentShadowWEEE,AlAndAlAlloys,As,e-m,0.216170040995325,%,2
OBS,2020,EU27+4,WEEE_generatedDedicated,WEEE_Cat5,ComponentShadowWEEE,AlAndAlAlloys,Cu,e-m,0.0980438837864068,%,1
OBS,2020,EU27+4,WEEE_generatedDedicated,WEEE_Cat5,ComponentShadowWEEE,AlAndAlAlloys,Ga,e-m,0.403305737487269,%,1
OBS,2020,EU27+4,WEEE_generatedDedicated,WEEE_Cat5,ComponentShadowWEEE,AlAndAlAlloys,Mn,e-m,0.0755849215082268,%,2
OBS,2020,EU27+4,WEEE_generatedDedicated,WEEE_Cat5,ComponentShadowWEEE,AlAndAlAlloys,Mo,e-m,0.0090540233508633,%,2
OBS,2020,EU27+4,WEEE_generatedDedicated,WEEE_Cat5,ComponentShadowWEEE,AlAndAlAlloys,Sm,e-m,0.169841828509035,%,3
OBS,2020,EU27+4,WEEE_generatedDedicated,WEEE_Cat5,ComponentShadowWEEE,AlAndAlAlloys,,m-c,0.0346932529998388,%,2
OBS,2020,EU27+4,WEEE_generatedDedicated,WEEE_Cat5,ComponentShadowWEEE,CuAndCuAlloys,Ag,e-m,0.266214160750297,%,3
OBS,2020,EU27+4,WEEE_generatedDedicated,WEEE_Cat5,ComponentShadowWEEE,CuAndCuAlloys,Dy,e-m,0.325666419016802,%,3
OBS,2020,EU27+4,WEEE_generatedDedicated,WEEE_Cat5,ComponentShadowWEEE,CuAndCuAlloys,Zr,e-m,0.408119420232901,%,1
OBS,2020,EU27+4,WEEE_generatedDedicated,WEEE_Cat5,ComponentShadowWEEE,CuAndCuAlloys,,m-c,0.0064581805096704,%,2
OBS,2020,EU27+4,WEEE_generatedDedicated,WEEE_Cat5,ComponentShadowWEEE,MaterialShadowWEEE,,m-c,0.0122233671501068,%,2
OBS,2020,EU27+4,WEEE_generatedDedicated,WEEE_Cat5,ComponentShadowWEEE,aggregateBinderMixedMaterials,Ag,e-m,1,%,1
OBS,2020,EU27+4,WEEE_generatedDedicated,WEEE_Cat5,ComponentShadowWEEE,aggregateBinderMixedMaterials,,m-c,0.0170990977978938,%,2
OBS,2020,EU27+4,WEEE_generatedDedicated,WEEE_Cat5,ComponentShadowWEEE,ferrousMetals,Ag,e-m,0.0217752397455648,%,1
OBS,2020,EU27+4,WEEE_generatedDedicated,WEEE_Cat5,ComponentShadowWEEE,ferrousMetals,Ca,e-m,0.157463225387936,%,1
OBS,2020,EU27+4,WEEE_generatedDedicated,WEEE_Cat5,ComponentShadowWEEE,ferrousMetals,Cu,e-m,0.165492947654143,%,3
OBS,2020,EU27+4,WEEE_generatedDedicated,WEEE_Cat5,ComponentShadowWEEE,ferrousMetals,Ga,e-m,0.174472611852836,%,3
OBS,2020,EU27+4,WEEE_generatedDedicated,WEEE_Cat5,ComponentShadowWEEE,ferrousMetals,Mo,e-m,0.0819351754307532,%,1
OBS,2020,EU27+4,WEEE_generatedDedicated,WEEE_Cat5,ComponentShadowWEEE,ferrousMetals,O,e-m,0.192868842941145,%,1
OBS,2020,EU27+4,WEEE_generatedDedicated,WEEE_Cat5,ComponentShadowWEEE,ferrousMetals,Sm,e-m,0.205991956987621,%,3
OBS,2020,EU27+4,WEEE_generatedDedicated,WEEE_Cat5,ComponentShadowWEEE,ferrousMetals,,m-c,0.0334404805018773,%,2
OBS,2020,EU27+4,WEEE_generatedDedicated,WEEE_Cat5,ComponentShadowWEEE,glass,Ag,e-m,0.180584389784307,%,1
OBS,2020,EU27+4,WEEE_generatedDedicated,WEEE_Cat5,ComponentShadowWEEE,glass,Pd,e-m,0.0665272356028036,%,2
OBS,2020,EU27+4,WEEE_generatedDedicated,WEEE_Cat5,ComponentShadowWEEE,glass,Sc,e-m,0.409634722214557,%,3
OBS,2020,EU27+4,WEEE_generatedDedicated,WEEE_Cat5,ComponentShadowWEEE,glass,Zr,e-m,0.343253652398333,%,1
OBS,2020,EU27+4,WEEE_generatedDedicated,WEEE_Cat5,ComponentShadowWEEE,glass,,m-c,0.0093188961958058,%,1
OBS,2020,EU27+4,WEEE_generatedDedicated,WEEE_Cat5,ComponentShadowWEEE,glassAndCeramics,Ag,e-m,0.0063604593698323,%,3
OBS,2020,EU27+4,WEEE_generatedDedicated,WEEE_Cat5,ComponentShadowWEEE,glassAndCeramics,Pd,e-m,0.0725600537728309,%,1
OBS,2020,EU27+4,WEEE_generatedDedicated,WEEE_Cat5,ComponentShadowWEEE,glassAndCeramics,Sc,e-m,0.429542941800811,%,1
OBS,2020,EU27+4,WEEE_generatedDedicated,WEEE_Cat5,ComponentShadowWEEE,glassAndCeramics,Zr,e-m,0.491536545056526,%,3
OBS,2020,EU27+4,WEEE_generatedDedicated,WEEE_Cat5,ComponentShadowWEEE,glassAndCeramics,,m-c,0.185319434249836,%,1
OBS,2020,EU27+4,WEEE_generatedDedicated,WEEE_Cat5,ComponentShadowWEEE,,,c-p,0.0023215668841824,%,3
OBS,2020,EU27+4,WEEE_generatedDedicated,WEEE_Cat5,ComponentShadowWEEE,non-ferrousMetals,Ag,e-m,0.117790604615067,%,2
OBS,2020,EU27+4,WEEE_generatedDedicated,WEEE_Cat5,ComponentShadowWEEE,non-ferrousMetals,Al,e-m,0.058342644765519,%,3
OBS,2020,EU27+4,WEEE_generatedDedicated,WEEE_Cat5,ComponentShadowWEEE,non-ferrousMetals,As,e-m,0.0128834862039998,%,3
OBS,2020,EU27+4,WEEE_generatedDedicated,WEEE_Cat5,ComponentShadowWEEE,non-ferrousMetals,Ca,e-m,0.038033271219578,%,2
OBS,2020,EU27+4,WEEE_generatedDedicated,WEEE_Cat5,ComponentShadowWEEE,non-ferrousMetals,Cl,e-m,0.0796235685029588,%,1
OBS,2020,EU27+4,WEEE_generatedDedicated,WEEE_Cat5,ComponentShadowWEEE,non-ferrousMetals,Cu,e-m,0.0122373332238536,%,1
OBS,2020,EU27+4,WEEE_generatedDedicated,WEEE_Cat5,ComponentShadowWEEE,non-ferrousMetals,Dy,e-m,0.0780532198971886,%,1
OBS,2020,EU27+4,WEEE_generatedDedicated,WEEE_Cat5,ComponentShadowWEEE,non-ferrousMetals,Ga,e-m,0.0309272386139404,%,1
OBS,2020,EU27+4,WEEE_generatedDedicated,WEEE_Cat5,ComponentShadowWEEE,non-ferrousMetals,Mn,e-m,0.0047682557799204,%,3
OBS,2020,EU27+4,WEEE_generatedDedicated,WEEE_Cat5,ComponentShadowWEEE,non-ferrousMetals,Mo,e-m,0.23582577897874,%,3
OBS,2020,EU27+4,WEEE_generatedDedicated,WEEE_Cat5,ComponentShadowWEEE,non-ferrousMetals,O,e-m,0.043653483142118,%,1
OBS,2020,EU27+4,WEEE_generatedDedicated,WEEE_Cat5,ComponentShadowWEEE,non-ferrousMetals,Pd,e-m,0.0256637545901048,%,2
OBS,2020,EU27+4,WEEE_generatedDedicated,WEEE_Cat5,ComponentShadowWEEE,non-ferrousMetals,Sm,e-m,0.0361283708529554,%,2
OBS,2020,EU27+4,WEEE_generatedDedicated,WEEE_Cat5,ComponentShadowWEEE,non-ferrousMetals,Sr,e-m,0.0136582863669753,%,2
OBS,2020,EU27+4,WEEE_generatedDedicated,WEEE_Cat5,ComponentShadowWEEE,non-ferrousMetals,Zr,e-m,0.21241070324708,%,2
OBS,2020,EU27+4,WEEE_generatedDedicated,WEEE_Cat5,ComponentShadowWEEE,non-ferrousMetals,,m-c,0.173757556023843,%,2
OBS,2020,EU27+4,WEEE_generatedDedicated,WEEE_Cat5,ComponentShadowWEEE,otherMetalsAndMetalAlloys,Ag,e-m,0.137463151197238,%,3
OBS,2020,EU27+4,WEEE_generatedDedicated,WEEE_Cat5,ComponentShadowWEEE,otherMetalsAndMetalAlloys,Al,e-m,0.325142473110375,%,2
OBS,2020,EU27+4,WEEE_generatedDedicated,WEEE_Cat5,ComponentShadowWEEE,otherMetalsAndMetalAlloys,Dy,e-m,0.537394375692387,%,3
OBS,2020,EU27+4,WEEE_generatedDedicated,WEEE_Cat5,ComponentShadowWEEE,otherMetalsAndMetalAlloys,,m-c,0.0423788422930994,%,2
OBS,2020,EU27+4,WEEE_generatedDedicated,WEEE_Cat5,ComponentShadowWEEE,otherMinerals,Ag,e-m,0.613691894863473,%,1
OBS,2020,EU27+4,WEEE_generatedDedicated,WEEE_Cat5,ComponentShadowWEEE,otherMinerals,Pd,e-m,0.127954233584906,%,2
OBS,2020,EU27+4,WEEE_generatedDedicated,WEEE_Cat5,ComponentShadowWEEE,otherMinerals,Sc,e-m,0.217934282799619,%,2
OBS,2020,EU27+4,WEEE_generatedDedicated,WEEE_Cat5,ComponentShadowWEEE,otherMinerals,Zr,e-m,0.040419588752002,%,2
OBS,2020,EU27+4,WEEE_generatedDedicated,WEEE_Cat5,ComponentShadowWEEE,otherMinerals,,m-c,0.0587727818299326,%,2
OBS,2020,EU27+4,WEEE_generatedDedicated,WEEE_Cat5,ComponentShadowWEEE,otherOrUndefinedMaterials,Ag,e-m,1,%,1
OBS,2020,EU27+4,WEEE_generatedDedicated,WEEE_Cat5,ComponentShadowWEEE,otherOrUndefinedMaterials,,m-c,0.0485807624968608,%,3
OBS,2020,EU27+4,WEEE_generatedDedicated,WEEE_Cat5,ComponentShadowWEEE,otherOrganics,Ag,e-m,1,%,2
OBS,2020,EU27+4,WEEE_generatedDedicated,WEEE_Cat5,ComponentShadowWEEE,otherOrganics,,m-c,0.0389749802545118,%,2
OBS,2020,EU27+4,WEEE_generatedDedicated,WEEE_Cat5,ComponentShadowWEEE,plastics,Ag,e-m,1,%,1
OBS,2020,EU27+4,WEEE_generatedDedicated,WEEE_Cat5,ComponentShadowWEEE,plastics,,m-c,0.127544266793527,%,3
OBS,2020,EU27+4,WEEE_generatedDedicated,WEEE_Cat5,ComponentShadowWEEE,undefinedAndMixedMaterials,Ag,e-m,1,%,3
OBS,2020,EU27+4,WEEE_generatedDedicated,WEEE_Cat5,ComponentShadowWEEE,undefinedAndMixedMaterials,,m-c,0.191117570270644,%,2
OBS,2020,EU27+4,WEEE_generatedDedicated,WEEE_Cat5,ComponentShadowWEEE,wood,Ag,e-m,1,%,2
OBS,2020,EU27+4,WEEE_generatedDedicated,WEEE_Cat5,ComponentShadowWEEE,wood,,m-c,0.0203205306325521,%,1
OBS,2020,EU27+4,WEEE_generatedDedicated,WEEE_Cat5,ConductivitySensor,CuAndCuAlloys,,m-c,0.817640524208262,%,3
OBS,2020,EU27+4,WEEE_generatedDedicated,WEEE_Cat5,ConductivitySensor,ferrousMetals,,m-c,0.182359475791738,%,3
OBS,2020,EU27+4,WEEE_generatedDedicated,WEEE_Cat5,ConductivitySensor,,,c-p,0.0055549531180525,%,2
OBS,2020,EU27+4,WEEE_generatedDedicated,WEEE_Cat5,LED,,,c-p,0.0067260533885651,%,1
OBS,2020,EU27+4,WEEE_generatedDedicated,WEEE_Cat5,LidarSensor (&lt;15cm),AlAndAlAlloys,Ag,e-m,0.0033649342154245,%,1
OBS,2020,EU27+4,WEEE_generatedDedicated,WEEE_Cat5,LidarSensor (&lt;15cm),AlAndAlAlloys,As,e-m,0.0836772924903432,%,1
OBS,2020,EU27+4,WEEE_generatedDedicated,WEEE_Cat5,LidarSensor (&lt;15cm),AlAndAlAlloys,Cu,e-m,0.0121216893431898,%,2
OBS,2020,EU27+4,WEEE_generatedDedicated,WEEE_Cat5,LidarSensor (&lt;15cm),AlAndAlAlloys,Ga,e-m,0.240833125032604,%,1
OBS,2020,EU27+4,WEEE_generatedDedicated,WEEE_Cat5,LidarSensor (&lt;15cm),AlAndAlAlloys,Mn,e-m,0.349663649351879,%,2
OBS,2020,EU27+4,WEEE_generatedDedicated,WEEE_Cat5,LidarSensor (&lt;15cm),AlAndAlAlloys,Mo,e-m,0.0690003182716928,%,1
OBS,2020,EU27+4,WEEE_generatedDedicated,WEEE_Cat5,LidarSensor (&lt;15cm),AlAndAlAlloys,Sm,e-m,0.241338991294867,%,1
OBS,2020,EU27+4,WEEE_generatedDedicated,WEEE_Cat5,LidarSensor (&lt;15cm),AlAndAlAlloys,,m-c,4.88611444359673E-05,%,3
OBS,2020,EU27+4,WEEE_generatedDedicated,WEEE_Cat5,LidarSensor (&lt;15cm),CuAndCuAlloys,Ag,e-m,0.0895606528932617,%,1
OBS,2020,EU27+4,WEEE_generatedDedicated,WEEE_Cat5,LidarSensor (&lt;15cm),CuAndCuAlloys,Dy,e-m,0.121983388172977,%,1
OBS,2020,EU27+4,WEEE_generatedDedicated,WEEE_Cat5,LidarSensor (&lt;15cm),CuAndCuAlloys,Zr,e-m,0.788455958933761,%,3
OBS,2020,EU27+4,WEEE_generatedDedicated,WEEE_Cat5,LidarSensor (&lt;15cm),CuAndCuAlloys,,m-c,0.0931931749371659,%,2
OBS,2020,EU27+4,WEEE_generatedDedicated,WEEE_Cat5,LidarSensor (&lt;15cm),ferrousMetals,Ag,e-m,0.0543587351881442,%,3
OBS,2020,EU27+4,WEEE_generatedDedicated,WEEE_Cat5,LidarSensor (&lt;15cm),ferrousMetals,Ca,e-m,0.0440952868760105,%,1
OBS,2020,EU27+4,WEEE_generatedDedicated,WEEE_Cat5,LidarSensor (&lt;15cm),ferrousMetals,Cu,e-m,0.0677526835150656,%,2
OBS,2020,EU27+4,WEEE_generatedDedicated,WEEE_Cat5,LidarSensor (&lt;15cm),ferrousMetals,Ga,e-m,0.435224966728088,%,1
OBS,2020,EU27+4,WEEE_generatedDedicated,WEEE_Cat5,LidarSensor (&lt;15cm),ferrousMetals,Mo,e-m,0.0020230499505446,%,1
OBS,2020,EU27+4,WEEE_generatedDedicated,WEEE_Cat5,LidarSensor (&lt;15cm),ferrousMetals,O,e-m,0.267489127549131,%,3
OBS,2020,EU27+4,WEEE_generatedDedicated,WEEE_Cat5,LidarSensor (&lt;15cm),ferrousMetals,Sm,e-m,0.129056150193016,%,1
OBS,2020,EU27+4,WEEE_generatedDedicated,WEEE_Cat5,LidarSensor (&lt;15cm),ferrousMetals,,m-c,0.776608456884713,%,2
OBS,2020,EU27+4,WEEE_generatedDedicated,WEEE_Cat5,LidarSensor (&lt;15cm),glass,Ag,e-m,0.291476025349926,%,3
OBS,2020,EU27+4,WEEE_generatedDedicated,WEEE_Cat5,LidarSensor (&lt;15cm),glass,Pd,e-m,0.197962799430805,%,2
OBS,2020,EU27+4,WEEE_generatedDedicated,WEEE_Cat5,LidarSensor (&lt;15cm),glass,Sc,e-m,0.284201004306702,%,2
OBS,2020,EU27+4,WEEE_generatedDedicated,WEEE_Cat5,LidarSensor (&lt;15cm),glass,Zr,e-m,0.226360170912567,%,1
OBS,2020,EU27+4,WEEE_generatedDedicated,WEEE_Cat5,LidarSensor (&lt;15cm),glass,,m-c,0.0178735760659801,%,1
OBS,2020,EU27+4,WEEE_generatedDedicated,WEEE_Cat5,LidarSensor (&lt;15cm),,,c-p,0.0004068690708336,%,3
OBS,2020,EU27+4,WEEE_generatedDedicated,WEEE_Cat5,LidarSensor (&lt;15cm),plastics,Ag,e-m,1,%,2
OBS,2020,EU27+4,WEEE_generatedDedicated,WEEE_Cat5,LidarSensor (&lt;15cm),plastics,,m-c,0.112275930967705,%,3
OBS,2020,EU27+4,WEEE_generatedDedicated,WEEE_Cat5,MagnetSensor,CuAndCuAlloys,Ag,e-m,0.207039965698123,%,3
OBS,2020,EU27+4,WEEE_generatedDedicated,WEEE_Cat5,MagnetSensor,CuAndCuAlloys,Dy,e-m,0.678245993065548,%,3
OBS,2020,EU27+4,WEEE_generatedDedicated,WEEE_Cat5,MagnetSensor,CuAndCuAlloys,Zr,e-m,0.114714041236328,%,2
OBS,2020,EU27+4,WEEE_generatedDedicated,WEEE_Cat5,MagnetSensor,CuAndCuAlloys,,m-c,0.0503333293322055,%,3
OBS,2020,EU27+4,WEEE_generatedDedicated,WEEE_Cat5,MagnetSensor,ferrousMetals,Ag,e-m,0.633103424935299,%,3
OBS,2020,EU27+4,WEEE_generatedDedicated,WEEE_Cat5,MagnetSensor,ferrousMetals,Ca,e-m,0.0481853683698375,%,2
OBS,2020,EU27+4,WEEE_generatedDedicated,WEEE_Cat5,MagnetSensor,ferrousMetals,Ga,e-m,0.0385112809412427,%,3
OBS,2020,EU27+4,WEEE_generatedDedicated,WEEE_Cat5,MagnetSensor,ferrousMetals,Mo,e-m,0.217821522742677,%,1
OBS,2020,EU27+4,WEEE_generatedDedicated,WEEE_Cat5,MagnetSensor,ferrousMetals,Sm,e-m,0.0623784030109439,%,3
OBS,2020,EU27+4,WEEE_generatedDedicated,WEEE_Cat5,MagnetSensor,ferrousMetals,,m-c,0.881955535010955,%,2
OBS,2020,EU27+4,WEEE_generatedDedicated,WEEE_Cat5,MagnetSensor,,,c-p,0.0101435175928468,%,1
OBS,2020,EU27+4,WEEE_generatedDedicated,WEEE_Cat5,MagnetSensor,plastics,Ag,e-m,1,%,2
OBS,2020,EU27+4,WEEE_generatedDedicated,WEEE_Cat5,MagnetSensor,plastics,,m-c,0.0677111356568399,%,1
OBS,2020,EU27+4,WEEE_generatedDedicated,WEEE_Cat5,PCBWEEECat,,,c-p,0.0094298690593859,%,2
OBS,2020,EU27+4,WEEE_generatedDedicated,WEEE_Cat5,PCBWEEECat,otherOrUndefinedMaterials,Ag,e-m,1,%,1
OBS,2020,EU27+4,WEEE_generatedDedicated,WEEE_Cat5,PCBWEEECat,otherOrUndefinedMaterials,,m-c,1,%,3
OBS,2020,EU27+4,WEEE_generatedDedicated,WEEE_Cat5,PCBunspecified,ferrousMetals,Ag,e-m,0.50088187071311,%,2
OBS,2020,EU27+4,WEEE_generatedDedicated,WEEE_Cat5,PCBunspecified,ferrousMetals,Cu,e-m,0.182360038196572,%,3
OBS,2020,EU27+4,WEEE_generatedDedicated,WEEE_Cat5,PCBunspecified,ferrousMetals,Ga,e-m,0.115251739588705,%,2
OBS,2020,EU27+4,WEEE_generatedDedicated,WEEE_Cat5,PCBunspecified,ferrousMetals,Mo,e-m,0.171041595884176,%,3
OBS,2020,EU27+4,WEEE_generatedDedicated,WEEE_Cat5,PCBunspecified,ferrousMetals,O,e-m,0.0021517064446778,%,2
OBS,2020,EU27+4,WEEE_generatedDedicated,WEEE_Cat5,PCBunspecified,ferrousMetals,Sm,e-m,0.028313049172759,%,3
OBS,2020,EU27+4,WEEE_generatedDedicated,WEEE_Cat5,PCBunspecified,ferrousMetals,,m-c,1,%,2
OBS,2020,EU27+4,WEEE_generatedDedicated,WEEE_Cat5,PCBunspecified,,,c-p,0.0036249897589902,%,1
OBS,2020,EU27+4,WEEE_generatedDedicated,WEEE_Cat5,PVBacksheet,,,c-p,0.0065442594398311,%,3
OBS,2020,EU27+4,WEEE_generatedDedicated,WEEE_Cat5,PVBacksheet,plasticComposites,Ag,e-m,1,%,3
OBS,2020,EU27+4,WEEE_generatedDedicated,WEEE_Cat5,PVBacksheet,plasticComposites,,m-c,0.109243303997162,%,1
OBS,2020,EU27+4,WEEE_generatedDedicated,WEEE_Cat5,PVBacksheet,plastics,Ag,e-m,1,%,1
OBS,2020,EU27+4,WEEE_generatedDedicated,WEEE_Cat5,PVBacksheet,plastics,,m-c,0.890756696002838,%,3
OBS,2020,EU27+4,WEEE_generatedDedicated,WEEE_Cat5,PVEncapsulationEVA,,,c-p,0.0270139717676004,%,3
OBS,2020,EU27+4,WEEE_generatedDedicated,WEEE_Cat5,PVEncapsulationEVA,plastics,Ag,e-m,1,%,1
OBS,2020,EU27+4,WEEE_generatedDedicated,WEEE_Cat5,PVEncapsulationEVA,plastics,,m-c,1,%,1
OBS,2020,EU27+4,WEEE_generatedDedicated,WEEE_Cat5,PVFrameAl,CuAndCuAlloys,Ag,e-m,0.105856148423249,%,2
OBS,2020,EU27+4,WEEE_generatedDedicated,WEEE_Cat5,PVFrameAl,CuAndCuAlloys,As,e-m,0.0576582119328918,%,2
OBS,2020,EU27+4,WEEE_generatedDedicated,WEEE_Cat5,PVFrameAl,CuAndCuAlloys,Cu,e-m,0.110141942103944,%,2
OBS,2020,EU27+4,WEEE_generatedDedicated,WEEE_Cat5,PVFrameAl,CuAndCuAlloys,Ga,e-m,0.278641729216611,%,2
OBS,2020,EU27+4,WEEE_generatedDedicated,WEEE_Cat5,PVFrameAl,CuAndCuAlloys,Mn,e-m,0.161087002025188,%,1
OBS,2020,EU27+4,WEEE_generatedDedicated,WEEE_Cat5,PVFrameAl,CuAndCuAlloys,Mo,e-m,0.271413297026758,%,2
OBS,2020,EU27+4,WEEE_generatedDedicated,WEEE_Cat5,PVFrameAl,CuAndCuAlloys,Sm,e-m,0.0152016692713576,%,1
OBS,2020,EU27+4,WEEE_generatedDedicated,WEEE_Cat5,PVFrameAl,CuAndCuAlloys,,m-c,1,%,2
OBS,2020,EU27+4,WEEE_generatedDedicated,WEEE_Cat5,PVFrameAl,,,c-p,0.0219964691080985,%,1
OBS,2020,EU27+4,WEEE_generatedDedicated,WEEE_Cat5,PVSolarGlass,glass,Ag,e-m,0.570661863651942,%,2
OBS,2020,EU27+4,WEEE_generatedDedicated,WEEE_Cat5,PVSolarGlass,glass,Pd,e-m,0.138359147904482,%,2
OBS,2020,EU27+4,WEEE_generatedDedicated,WEEE_Cat5,PVSolarGlass,glass,Sc,e-m,0.0701687728791129,%,3
OBS,2020,EU27+4,WEEE_generatedDedicated,WEEE_Cat5,PVSolarGlass,glass,Zr,e-m,0.220810215564464,%,3
OBS,2020,EU27+4,WEEE_generatedDedicated,WEEE_Cat5,PVSolarGlass,glass,,m-c,1,%,1
OBS,2020,EU27+4,WEEE_generatedDedicated,WEEE_Cat5,PVSolarGlass,,,c-p,0.0084719094848882,%,2
OBS,2020,EU27+4,WEEE_generatedDedicated,WEEE_Cat5,PVcellSi,,,c-p,0.0020477775492174,%,1
OBS,2020,EU27+4,WEEE_generatedDedicated,WEEE_Cat5,PVcellSi,otherOrUndefinedMaterials,Ag,e-m,1,%,1
OBS,2020,EU27+4,WEEE_generatedDedicated,WEEE_Cat5,PVcellSi,otherOrUndefinedMaterials,,m-c,1,%,2
OBS,2020,EU27+4,WEEE_generatedDedicated,WEEE_Cat5,WEEEEvaporator,CuAndCuAlloys,Ag,e-m,0.935697990023099,%,3
OBS,2020,EU27+4,WEEE_generatedDedicated,WEEE_Cat5,WEEEEvaporator,CuAndCuAlloys,Dy,e-m,0.0426243961819823,%,2
OBS,2020,EU27+4,WEEE_generatedDedicated,WEEE_Cat5,WEEEEvaporator,CuAndCuAlloys,Zr,e-m,0.0216776137949183,%,1
OBS,2020,EU27+4,WEEE_generatedDedicated,WEEE_Cat5,WEEEEvaporator,CuAndCuAlloys,,m-c,0.743946580081748,%,3
OBS,2020,EU27+4,WEEE_generatedDedicated,WEEE_Cat5,WEEEEvaporator,,,c-p,0.005501341275325,%,2
OBS,2020,EU27+4,WEEE_generatedDedicated,WEEE_Cat5,WEEEEvaporator,steelAndSteelAlloys,Ag,e-m,0.0075578540743285,%,2
OBS,2020,EU27+4,WEEE_generatedDedicated,WEEE_Cat5,WEEEEvaporator,steelAndSteelAlloys,Cu,e-m,0.0606862401018997,%,1
OBS,2020,EU27+4,WEEE_generatedDedicated,WEEE_Cat5,WEEEEvaporator,steelAndSteelAlloys,Ga,e-m,0.138345672355426,%,1
OBS,2020,EU27+4,WEEE_generatedDedicated,WEEE_Cat5,WEEEEvaporator,steelAndSteelAlloys,Mo,e-m,0.0793953971681719,%,2
OBS,2020,EU27+4,WEEE_generatedDedicated,WEEE_Cat5,WEEEEvaporator,steelAndSteelAlloys,O,e-m,0.225395567596902,%,2
OBS,2020,EU27+4,WEEE_generatedDedicated,WEEE_Cat5,WEEEEvaporator,steelAndSteelAlloys,Sm,e-m,0.488619268703272,%,1
OBS,2020,EU27+4,WEEE_generatedDedicated,WEEE_Cat5,WEEEEvaporator,steelAndSteelAlloys,,m-c,0.256053419918252,%,3
OBS,2020,EU27+4,WEEE_generatedDedicated,WEEE_Cat5,brush,AlAndAlAlloys,Ag,e-m,0.408508836823058,%,1
OBS,2020,EU27+4,WEEE_generatedDedicated,WEEE_Cat5,brush,AlAndAlAlloys,As,e-m,0.257279081176715,%,3
OBS,2020,EU27+4,WEEE_generatedDedicated,WEEE_Cat5,brush,AlAndAlAlloys,Cu,e-m,0.0013548524955177,%,2
OBS,2020,EU27+4,WEEE_generatedDedicated,WEEE_Cat5,brush,AlAndAlAlloys,Ga,e-m,0.0585097666150721,%,2
OBS,2020,EU27+4,WEEE_generatedDedicated,WEEE_Cat5,brush,AlAndAlAlloys,Mn,e-m,0.13934595935533,%,1
OBS,2020,EU27+4,WEEE_generatedDedicated,WEEE_Cat5,brush,AlAndAlAlloys,Mo,e-m,0.0520044741046263,%,3
OBS,2020,EU27+4,WEEE_generatedDedicated,WEEE_Cat5,brush,AlAndAlAlloys,Sm,e-m,0.0829970294296812,%,1
OBS,2020,EU27+4,WEEE_generatedDedicated,WEEE_Cat5,brush,AlAndAlAlloys,,m-c,0.198068979983184,%,2
OBS,2020,EU27+4,WEEE_generatedDedicated,WEEE_Cat5,brush,ferrousMetals,Ag,e-m,0.105750462505356,%,1
OBS,2020,EU27+4,WEEE_generatedDedicated,WEEE_Cat5,brush,ferrousMetals,Ca,e-m,0.656886600235895,%,1
OBS,2020,EU27+4,WEEE_generatedDedicated,WEEE_Cat5,brush,ferrousMetals,Ga,e-m,0.0295380778515871,%,1
OBS,2020,EU27+4,WEEE_generatedDedicated,WEEE_Cat5,brush,ferrousMetals,Mo,e-m,0.201557067008527,%,3
OBS,2020,EU27+4,WEEE_generatedDedicated,WEEE_Cat5,brush,ferrousMetals,Sm,e-m,0.0062677923986358,%,2
OBS,2020,EU27+4,WEEE_generatedDedicated,WEEE_Cat5,brush,ferrousMetals,,m-c,0.538907603813267,%,3
OBS,2020,EU27+4,WEEE_generatedDedicated,WEEE_Cat5,brush,,,c-p,0.0024457322046483,%,1
OBS,2020,EU27+4,WEEE_generatedDedicated,WEEE_Cat5,brush,plastics,Ag,e-m,1,%,3
OBS,2020,EU27+4,WEEE_generatedDedicated,WEEE_Cat5,brush,plastics,,m-c,0.263023416203549,%,1
OBS,2020,EU27+4,WEEE_generatedDedicated,WEEE_Cat5,cableUnspecified,AlAndAlAlloys,Ag,e-m,0.0959610479537303,%,3
OBS,2020,EU27+4,WEEE_generatedDedicated,WEEE_Cat5,cableUnspecified,AlAndAlAlloys,As,e-m,0.020953222048778,%,3
OBS,2020,EU27+4,WEEE_generatedDedicated,WEEE_Cat5,cableUnspecified,AlAndAlAlloys,Cu,e-m,0.477104296401312,%,3
OBS,2020,EU27+4,WEEE_generatedDedicated,WEEE_Cat5,cableUnspecified,AlAndAlAlloys,Ga,e-m,0.0961382183362239,%,2
OBS,2020,EU27+4,WEEE_generatedDedicated,WEEE_Cat5,cableUnspecified,AlAndAlAlloys,Mn,e-m,0.0819771725123112,%,3
OBS,2020,EU27+4,WEEE_generatedDedicated,WEEE_Cat5,cableUnspecified,AlAndAlAlloys,Mo,e-m,0.165245438713138,%,3
OBS,2020,EU27+4,WEEE_generatedDedicated,WEEE_Cat5,cableUnspecified,AlAndAlAlloys,Sm,e-m,0.0626206040345058,%,1
OBS,2020,EU27+4,WEEE_generatedDedicated,WEEE_Cat5,cableUnspecified,AlAndAlAlloys,,m-c,0.0366376445917898,%,2
OBS,2020,EU27+4,WEEE_generatedDedicated,WEEE_Cat5,cableUnspecified,CuAndCuAlloys,Ag,e-m,0.312274966323387,%,3
OBS,2020,EU27+4,WEEE_generatedDedicated,WEEE_Cat5,cableUnspecified,CuAndCuAlloys,Dy,e-m,0.205841518584118,%,2
OBS,2020,EU27+4,WEEE_generatedDedicated,WEEE_Cat5,cableUnspecified,CuAndCuAlloys,Zr,e-m,0.481883515092495,%,2
OBS,2020,EU27+4,WEEE_generatedDedicated,WEEE_Cat5,cableUnspecified,CuAndCuAlloys,,m-c,0.107069989379471,%,2
OBS,2020,EU27+4,WEEE_generatedDedicated,WEEE_Cat5,cableUnspecified,ferrousMetals,Ag,e-m,0.173856092365587,%,3
OBS,2020,EU27+4,WEEE_generatedDedicated,WEEE_Cat5,cableUnspecified,ferrousMetals,Cu,e-m,0.032744278379019,%,3
OBS,2020,EU27+4,WEEE_generatedDedicated,WEEE_Cat5,cableUnspecified,ferrousMetals,Ga,e-m,0.31766389787358,%,3
OBS,2020,EU27+4,WEEE_generatedDedicated,WEEE_Cat5,cableUnspecified,ferrousMetals,Mo,e-m,0.0045909424056555,%,2
OBS,2020,EU27+4,WEEE_generatedDedicated,WEEE_Cat5,cableUnspecified,ferrousMetals,O,e-m,0.29130524910266,%,2
OBS,2020,EU27+4,WEEE_generatedDedicated,WEEE_Cat5,cableUnspecified,ferrousMetals,Sm,e-m,0.179839539873499,%,2
OBS,2020,EU27+4,WEEE_generatedDedicated,WEEE_Cat5,cableUnspecified,ferrousMetals,,m-c,0.344267801278957,%,3
OBS,2020,EU27+4,WEEE_generatedDedicated,WEEE_Cat5,cableUnspecified,,,c-p,0.0005536543161214,%,2
OBS,2020,EU27+4,WEEE_generatedDedicated,WEEE_Cat5,cableUnspecified,plastics,Ag,e-m,1,%,2
OBS,2020,EU27+4,WEEE_generatedDedicated,WEEE_Cat5,cableUnspecified,plastics,,m-c,0.512024564749783,%,2
OBS,2020,EU27+4,WEEE_generatedDedicated,WEEE_Cat5,cableWOPlug,,,c-p,0.0037913883233469,%,3
OBS,2020,EU27+4,WEEE_generatedDedicated,WEEE_Cat5,cableWPlug,AlAndAlAlloys,,m-c,0.202033860713237,%,2
OBS,2020,EU27+4,WEEE_generatedDedicated,WEEE_Cat5,cableWPlug,ferrousMetals,,m-c,0.726560336181122,%,1
OBS,2020,EU27+4,WEEE_generatedDedicated,WEEE_Cat5,cableWPlug,,,c-p,0.0047276110584381,%,2
OBS,2020,EU27+4,WEEE_generatedDedicated,WEEE_Cat5,cableWPlug,plastics,Ag,e-m,1,%,1
OBS,2020,EU27+4,WEEE_generatedDedicated,WEEE_Cat5,cableWPlug,plastics,,m-c,0.0714058031056403,%,3
OBS,2020,EU27+4,WEEE_generatedDedicated,WEEE_Cat5,cableWithConnector,CuAndCuAlloys,Ag,e-m,0.54343713406442,%,1
OBS,2020,EU27+4,WEEE_generatedDedicated,WEEE_Cat5,cableWithConnector,CuAndCuAlloys,Dy,e-m,0.12876299763458,%,2
OBS,2020,EU27+4,WEEE_generatedDedicated,WEEE_Cat5,cableWithConnector,CuAndCuAlloys,Zr,e-m,0.327799868301,%,2
OBS,2020,EU27+4,WEEE_generatedDedicated,WEEE_Cat5,cableWithConnector,CuAndCuAlloys,,m-c,1,%,1
OBS,2020,EU27+4,WEEE_generatedDedicated,WEEE_Cat5,cables,,,c-p,0.0516503219610018,%,3
OBS,2020,EU27+4,WEEE_generatedDedicated,WEEE_Cat5,cables,otherOrUndefinedMaterials,Ag,e-m,1,%,2
OBS,2020,EU27+4,WEEE_generatedDedicated,WEEE_Cat5,cables,otherOrUndefinedMaterials,,m-c,1,%,2
OBS,2020,EU27+4,WEEE_generatedDedicated,WEEE_Cat5,cablewire,AlAndAlAlloys,Ag,e-m,0.318732414201057,%,3
OBS,2020,EU27+4,WEEE_generatedDedicated,WEEE_Cat5,cablewire,AlAndAlAlloys,As,e-m,0.182420563274613,%,3
OBS,2020,EU27+4,WEEE_generatedDedicated,WEEE_Cat5,cablewire,AlAndAlAlloys,Cu,e-m,0.203335721452509,%,1
OBS,2020,EU27+4,WEEE_generatedDedicated,WEEE_Cat5,cablewire,AlAndAlAlloys,Ga,e-m,0.0265808830474655,%,2
OBS,2020,EU27+4,WEEE_generatedDedicated,WEEE_Cat5,cablewire,AlAndAlAlloys,Mn,e-m,0.0785723944978386,%,1
OBS,2020,EU27+4,WEEE_generatedDedicated,WEEE_Cat5,cablewire,AlAndAlAlloys,Mo,e-m,0.0391760806133141,%,1
OBS,2020,EU27+4,WEEE_generatedDedicated,WEEE_Cat5,cablewire,AlAndAlAlloys,Sm,e-m,0.151181942913203,%,1
OBS,2020,EU27+4,WEEE_generatedDedicated,WEEE_Cat5,cablewire,AlAndAlAlloys,,m-c,0.0814528893551493,%,2
OBS,2020,EU27+4,WEEE_generatedDedicated,WEEE_Cat5,cablewire,CuAndCuAlloys,Ag,e-m,0.357530153988125,%,3
OBS,2020,EU27+4,WEEE_generatedDedicated,WEEE_Cat5,cablewire,CuAndCuAlloys,Dy,e-m,0.50963585112926,%,3
OBS,2020,EU27+4,WEEE_generatedDedicated,WEEE_Cat5,cablewire,CuAndCuAlloys,Zr,e-m,0.132833994882615,%,1
OBS,2020,EU27+4,WEEE_generatedDedicated,WEEE_Cat5,cablewire,CuAndCuAlloys,,m-c,0.184209339289657,%,2
OBS,2020,EU27+4,WEEE_generatedDedicated,WEEE_Cat5,cablewire,ferrousMetals,Ag,e-m,0.486555371157875,%,2
OBS,2020,EU27+4,WEEE_generatedDedicated,WEEE_Cat5,cablewire,ferrousMetals,Ca,e-m,0.157426654952118,%,1
OBS,2020,EU27+4,WEEE_generatedDedicated,WEEE_Cat5,cablewire,ferrousMetals,Ga,e-m,0.0283138710949762,%,3
OBS,2020,EU27+4,WEEE_generatedDedicated,WEEE_Cat5,cablewire,ferrousMetals,Mo,e-m,0.267720996309111,%,3
OBS,2020,EU27+4,WEEE_generatedDedicated,WEEE_Cat5,cablewire,ferrousMetals,Sm,e-m,0.0599831064859196,%,2
OBS,2020,EU27+4,WEEE_generatedDedicated,WEEE_Cat5,cablewire,ferrousMetals,,m-c,0.255166064393836,%,2
OBS,2020,EU27+4,WEEE_generatedDedicated,WEEE_Cat5,cablewire,,,c-p,0.0016718698868424,%,1
OBS,2020,EU27+4,WEEE_generatedDedicated,WEEE_Cat5,cablewire,plastics,Ag,e-m,1,%,1
OBS,2020,EU27+4,WEEE_generatedDedicated,WEEE_Cat5,cablewire,plastics,,m-c,0.479171706961358,%,1
OBS,2020,EU27+4,WEEE_generatedDedicated,WEEE_Cat5,capElectrolytic,CuAndCuAlloys,Ag,e-m,0.798427564376212,%,3
OBS,2020,EU27+4,WEEE_generatedDedicated,WEEE_Cat5,capElectrolytic,CuAndCuAlloys,Dy,e-m,0.160725890989884,%,2
OBS,2020,EU27+4,WEEE_generatedDedicated,WEEE_Cat5,capElectrolytic,CuAndCuAlloys,Zr,e-m,0.0408465446339034,%,1
OBS,2020,EU27+4,WEEE_generatedDedicated,WEEE_Cat5,capElectrolytic,CuAndCuAlloys,,m-c,0.308111666393255,%,1
OBS,2020,EU27+4,WEEE_generatedDedicated,WEEE_Cat5,capElectrolytic,,,c-p,0.0131926278908761,%,3
OBS,2020,EU27+4,WEEE_generatedDedicated,WEEE_Cat5,capElectrolytic,undefinedAndMixedMaterials,Ag,e-m,1,%,3
OBS,2020,EU27+4,WEEE_generatedDedicated,WEEE_Cat5,capElectrolytic,undefinedAndMixedMaterials,,m-c,0.691888333606745,%,2
OBS,2020,EU27+4,WEEE_generatedDedicated,WEEE_Cat5,casingPlasticBased,AlAndAlAlloys,Ag,e-m,0.266548128450357,%,2
OBS,2020,EU27+4,WEEE_generatedDedicated,WEEE_Cat5,casingPlasticBased,AlAndAlAlloys,As,e-m,0.162790719463344,%,3
OBS,2020,EU27+4,WEEE_generatedDedicated,WEEE_Cat5,casingPlasticBased,AlAndAlAlloys,Cu,e-m,0.0655365861519225,%,2
OBS,2020,EU27+4,WEEE_generatedDedicated,WEEE_Cat5,casingPlasticBased,AlAndAlAlloys,Ga,e-m,0.0172838400873864,%,1
OBS,2020,EU27+4,WEEE_generatedDedicated,WEEE_Cat5,casingPlasticBased,AlAndAlAlloys,Mn,e-m,0.226035976034069,%,2
OBS,2020,EU27+4,WEEE_generatedDedicated,WEEE_Cat5,casingPlasticBased,AlAndAlAlloys,Mo,e-m,0.171397020797995,%,1
OBS,2020,EU27+4,WEEE_generatedDedicated,WEEE_Cat5,casingPlasticBased,AlAndAlAlloys,Sm,e-m,0.0904077290149258,%,2
OBS,2020,EU27+4,WEEE_generatedDedicated,WEEE_Cat5,casingPlasticBased,AlAndAlAlloys,,m-c,0.157836135081969,%,3
OBS,2020,EU27+4,WEEE_generatedDedicated,WEEE_Cat5,casingPlasticBased,CuAndCuAlloys,Ag,e-m,0.762495828997718,%,1
OBS,2020,EU27+4,WEEE_generatedDedicated,WEEE_Cat5,casingPlasticBased,CuAndCuAlloys,Dy,e-m,0.0901932380532343,%,1
OBS,2020,EU27+4,WEEE_generatedDedicated,WEEE_Cat5,casingPlasticBased,CuAndCuAlloys,Zr,e-m,0.147310932949048,%,1
OBS,2020,EU27+4,WEEE_generatedDedicated,WEEE_Cat5,casingPlasticBased,CuAndCuAlloys,,m-c,0.238738067286339,%,2
OBS,2020,EU27+4,WEEE_generatedDedicated,WEEE_Cat5,casingPlasticBased,ferrousMetals,Ag,e-m,0.408294297138706,%,2
OBS,2020,EU27+4,WEEE_generatedDedicated,WEEE_Cat5,casingPlasticBased,ferrousMetals,Ca,e-m,0.176063350411274,%,2
OBS,2020,EU27+4,WEEE_generatedDedicated,WEEE_Cat5,casingPlasticBased,ferrousMetals,Cu,e-m,0.178780016433633,%,2
OBS,2020,EU27+4,WEEE_generatedDedicated,WEEE_Cat5,casingPlasticBased,ferrousMetals,Ga,e-m,0.0826104418802133,%,2
OBS,2020,EU27+4,WEEE_generatedDedicated,WEEE_Cat5,casingPlasticBased,ferrousMetals,Mo,e-m,0.0727937893608037,%,3
OBS,2020,EU27+4,WEEE_generatedDedicated,WEEE_Cat5,casingPlasticBased,ferrousMetals,O,e-m,0.0413739271517592,%,2
OBS,2020,EU27+4,WEEE_generatedDedicated,WEEE_Cat5,casingPlasticBased,ferrousMetals,Sm,e-m,0.0400841776236108,%,3
OBS,2020,EU27+4,WEEE_generatedDedicated,WEEE_Cat5,casingPlasticBased,ferrousMetals,,m-c,0.118955856289927,%,2
OBS,2020,EU27+4,WEEE_generatedDedicated,WEEE_Cat5,casingPlasticBased,,,c-p,0.0151842154992276,%,2
OBS,2020,EU27+4,WEEE_generatedDedicated,WEEE_Cat5,casingPlasticBased,otherOrganics,Ag,e-m,1,%,2
OBS,2020,EU27+4,WEEE_generatedDedicated,WEEE_Cat5,casingPlasticBased,otherOrganics,,m-c,0.104845259395848,%,2
OBS,2020,EU27+4,WEEE_generatedDedicated,WEEE_Cat5,casingPlasticBased,plastics,Ag,e-m,1,%,3
OBS,2020,EU27+4,WEEE_generatedDedicated,WEEE_Cat5,casingPlasticBased,plastics,,m-c,0.168024747863873,%,2
OBS,2020,EU27+4,WEEE_generatedDedicated,WEEE_Cat5,casingPlasticBased,polymerPA6GF30,Ag,e-m,1,%,1
OBS,2020,EU27+4,WEEE_generatedDedicated,WEEE_Cat5,casingPlasticBased,polymerPA6GF30,,m-c,0.0475256316287321,%,2
OBS,2020,EU27+4,WEEE_generatedDedicated,WEEE_Cat5,casingPlasticBased,polymerPPGF30,Ag,e-m,1,%,3
OBS,2020,EU27+4,WEEE_generatedDedicated,WEEE_Cat5,casingPlasticBased,polymerPPGF30,,m-c,0.0236487504213965,%,1
OBS,2020,EU27+4,WEEE_generatedDedicated,WEEE_Cat5,casingPlasticBased,polymerPPTF30,Ag,e-m,1,%,2
OBS,2020,EU27+4,WEEE_generatedDedicated,WEEE_Cat5,casingPlasticBased,polymerPPTF30,,m-c,0.093979618261432,%,1
OBS,2020,EU27+4,WEEE_generatedDedicated,WEEE_Cat5,casingPlasticBased,undefinedAndMixedMaterials,,m-c,0.0464459337704834,%,1
OBS,2020,EU27+4,WEEE_generatedDedicated,WEEE_Cat5,casingSteelBased,ferrousMetals,Ag,e-m,0.0193727649064893,%,2
OBS,2020,EU27+4,WEEE_generatedDedicated,WEEE_Cat5,casingSteelBased,ferrousMetals,Cu,e-m,0.335523951362254,%,1
OBS,2020,EU27+4,WEEE_generatedDedicated,WEEE_Cat5,casingSteelBased,ferrousMetals,Ga,e-m,0.280914108652552,%,1
OBS,2020,EU27+4,WEEE_generatedDedicated,WEEE_Cat5,casingSteelBased,ferrousMetals,Mo,e-m,0.0032545192379482,%,2
OBS,2020,EU27+4,WEEE_generatedDedicated,WEEE_Cat5,casingSteelBased,ferrousMetals,O,e-m,0.0896488193921815,%,3
OBS,2020,EU27+4,WEEE_generatedDedicated,WEEE_Cat5,casingSteelBased,ferrousMetals,Sm,e-m,0.271285836448575,%,1
OBS,2020,EU27+4,WEEE_generatedDedicated,WEEE_Cat5,casingSteelBased,ferrousMetals,,m-c,1,%,3
OBS,2020,EU27+4,WEEE_generatedDedicated,WEEE_Cat5,casingSteelBased,,,c-p,0.0054708294207627,%,2
OBS,2020,EU27+4,WEEE_generatedDedicated,WEEE_Cat5,casingUnspecified,AlAndAlAlloys,Ag,e-m,0.0662705440661908,%,1
OBS,2020,EU27+4,WEEE_generatedDedicated,WEEE_Cat5,casingUnspecified,AlAndAlAlloys,As,e-m,0.0039958959402096,%,3
OBS,2020,EU27+4,WEEE_generatedDedicated,WEEE_Cat5,casingUnspecified,AlAndAlAlloys,Cu,e-m,0.393729313570765,%,3
OBS,2020,EU27+4,WEEE_generatedDedicated,WEEE_Cat5,casingUnspecified,AlAndAlAlloys,Ga,e-m,0.160857818147829,%,1
OBS,2020,EU27+4,WEEE_generatedDedicated,WEEE_Cat5,casingUnspecified,AlAndAlAlloys,Mn,e-m,0.0556470550155553,%,1
OBS,2020,EU27+4,WEEE_generatedDedicated,WEEE_Cat5,casingUnspecified,AlAndAlAlloys,Mo,e-m,0.0902645973188468,%,3
OBS,2020,EU27+4,WEEE_generatedDedicated,WEEE_Cat5,casingUnspecified,AlAndAlAlloys,Sm,e-m,0.229234775940604,%,2
OBS,2020,EU27+4,WEEE_generatedDedicated,WEEE_Cat5,casingUnspecified,AlAndAlAlloys,,m-c,0.134758725422469,%,2
OBS,2020,EU27+4,WEEE_generatedDedicated,WEEE_Cat5,casingUnspecified,CuAndCuAlloys,Ag,e-m,0.191791688219564,%,1
OBS,2020,EU27+4,WEEE_generatedDedicated,WEEE_Cat5,casingUnspecified,CuAndCuAlloys,Dy,e-m,0.0989642251963635,%,3
OBS,2020,EU27+4,WEEE_generatedDedicated,WEEE_Cat5,casingUnspecified,CuAndCuAlloys,Zr,e-m,0.709244086584073,%,3
OBS,2020,EU27+4,WEEE_generatedDedicated,WEEE_Cat5,casingUnspecified,CuAndCuAlloys,,m-c,0.0860444831380738,%,1
OBS,2020,EU27+4,WEEE_generatedDedicated,WEEE_Cat5,casingUnspecified,ferrousMetals,Ag,e-m,0.16122429569269,%,3
OBS,2020,EU27+4,WEEE_generatedDedicated,WEEE_Cat5,casingUnspecified,ferrousMetals,Cu,e-m,0.113016583137973,%,3
OBS,2020,EU27+4,WEEE_generatedDedicated,WEEE_Cat5,casingUnspecified,ferrousMetals,Ga,e-m,0.0600868624391119,%,3
OBS,2020,EU27+4,WEEE_generatedDedicated,WEEE_Cat5,casingUnspecified,ferrousMetals,Mo,e-m,0.0906733242933066,%,1
OBS,2020,EU27+4,WEEE_generatedDedicated,WEEE_Cat5,casingUnspecified,ferrousMetals,O,e-m,0.522930824491005,%,3
OBS,2020,EU27+4,WEEE_generatedDedicated,WEEE_Cat5,casingUnspecified,ferrousMetals,Sm,e-m,0.0520681099459134,%,1
OBS,2020,EU27+4,WEEE_generatedDedicated,WEEE_Cat5,casingUnspecified,ferrousMetals,,m-c,0.0054412366465142,%,1
OBS,2020,EU27+4,WEEE_generatedDedicated,WEEE_Cat5,casingUnspecified,glass,Ag,e-m,0.187009908962968,%,2
OBS,2020,EU27+4,WEEE_generatedDedicated,WEEE_Cat5,casingUnspecified,glass,Pd,e-m,0.256073307172991,%,3
OBS,2020,EU27+4,WEEE_generatedDedicated,WEEE_Cat5,casingUnspecified,glass,Sc,e-m,0.0259570453175901,%,2
OBS,2020,EU27+4,WEEE_generatedDedicated,WEEE_Cat5,casingUnspecified,glass,Zr,e-m,0.530959738546451,%,2
OBS,2020,EU27+4,WEEE_generatedDedicated,WEEE_Cat5,casingUnspecified,glass,,m-c,0.276055202979785,%,3
OBS,2020,EU27+4,WEEE_generatedDedicated,WEEE_Cat5,casingUnspecified,,,c-p,0.0054449046972476,%,2
OBS,2020,EU27+4,WEEE_generatedDedicated,WEEE_Cat5,casingUnspecified,otherMetalsAndMetalAlloys,Ag,e-m,0.603095829207406,%,1
OBS,2020,EU27+4,WEEE_generatedDedicated,WEEE_Cat5,casingUnspecified,otherMetalsAndMetalAlloys,Al,e-m,0.124369057133525,%,2
OBS,2020,EU27+4,WEEE_generatedDedicated,WEEE_Cat5,casingUnspecified,otherMetalsAndMetalAlloys,Dy,e-m,0.272535113659069,%,2
OBS,2020,EU27+4,WEEE_generatedDedicated,WEEE_Cat5,casingUnspecified,otherMetalsAndMetalAlloys,,m-c,0.269653044899332,%,3
OBS,2020,EU27+4,WEEE_generatedDedicated,WEEE_Cat5,casingUnspecified,plastics,Ag,e-m,1,%,3
OBS,2020,EU27+4,WEEE_generatedDedicated,WEEE_Cat5,casingUnspecified,plastics,,m-c,0.138789614117388,%,3
OBS,2020,EU27+4,WEEE_generatedDedicated,WEEE_Cat5,casingUnspecified,undefinedAndMixedMaterials,Ag,e-m,1,%,3
OBS,2020,EU27+4,WEEE_generatedDedicated,WEEE_Cat5,casingUnspecified,undefinedAndMixedMaterials,,m-c,0.0892576927964376,%,2
OBS,2020,EU27+4,WEEE_generatedDedicated,WEEE_Cat5,coldCathodeLamp,,,c-p,0.0350304903493406,%,3
OBS,2020,EU27+4,WEEE_generatedDedicated,WEEE_Cat5,compContainHazardSubst,,,c-p,0.0035957194656513,%,2
OBS,2020,EU27+4,WEEE_generatedDedicated,WEEE_Cat5,compressor,CuAndCuAlloys,Ag,e-m,0.0464540775732785,%,2
OBS,2020,EU27+4,WEEE_generatedDedicated,WEEE_Cat5,compressor,CuAndCuAlloys,As,e-m,0.106437443118926,%,3
OBS,2020,EU27+4,WEEE_generatedDedicated,WEEE_Cat5,compressor,CuAndCuAlloys,Cu,e-m,0.468874824091367,%,2
OBS,2020,EU27+4,WEEE_generatedDedicated,WEEE_Cat5,compressor,CuAndCuAlloys,Dy,e-m,0.0272013477116619,%,2
OBS,2020,EU27+4,WEEE_generatedDedicated,WEEE_Cat5,compressor,CuAndCuAlloys,Ga,e-m,0.0339642576601049,%,3
OBS,2020,EU27+4,WEEE_generatedDedicated,WEEE_Cat5,compressor,CuAndCuAlloys,Mn,e-m,0.0802620880465247,%,3
OBS,2020,EU27+4,WEEE_generatedDedicated,WEEE_Cat5,compressor,CuAndCuAlloys,Mo,e-m,0.0430217096511062,%,3
OBS,2020,EU27+4,WEEE_generatedDedicated,WEEE_Cat5,compressor,CuAndCuAlloys,Sm,e-m,0.0907873691435307,%,1
OBS,2020,EU27+4,WEEE_generatedDedicated,WEEE_Cat5,compressor,CuAndCuAlloys,Zr,e-m,0.1029968830035,%,1
OBS,2020,EU27+4,WEEE_generatedDedicated,WEEE_Cat5,compressor,CuAndCuAlloys,,m-c,0.0806738974517479,%,3
OBS,2020,EU27+4,WEEE_generatedDedicated,WEEE_Cat5,compressor,glass,Ag,e-m,0.191436819605258,%,2
OBS,2020,EU27+4,WEEE_generatedDedicated,WEEE_Cat5,compressor,glass,Pd,e-m,0.0457165594143564,%,1
OBS,2020,EU27+4,WEEE_generatedDedicated,WEEE_Cat5,compressor,glass,Sc,e-m,0.3352790007944,%,3
OBS,2020,EU27+4,WEEE_generatedDedicated,WEEE_Cat5,compressor,glass,Zr,e-m,0.427567620185986,%,2
OBS,2020,EU27+4,WEEE_generatedDedicated,WEEE_Cat5,compressor,glass,,m-c,0.338951565655951,%,3
OBS,2020,EU27+4,WEEE_generatedDedicated,WEEE_Cat5,compressor,,,c-p,0.0230039715540711,%,2
OBS,2020,EU27+4,WEEE_generatedDedicated,WEEE_Cat5,compressor,otherFerrousAlloys,Ag,e-m,0.314738453504463,%,2
OBS,2020,EU27+4,WEEE_generatedDedicated,WEEE_Cat5,compressor,otherFerrousAlloys,Ca,e-m,0.10521337625005,%,1
OBS,2020,EU27+4,WEEE_generatedDedicated,WEEE_Cat5,compressor,otherFerrousAlloys,Ga,e-m,0.0827697443042177,%,3
OBS,2020,EU27+4,WEEE_generatedDedicated,WEEE_Cat5,compressor,otherFerrousAlloys,Mo,e-m,0.18472724851,%,1
OBS,2020,EU27+4,WEEE_generatedDedicated,WEEE_Cat5,compressor,otherFerrousAlloys,Sm,e-m,0.312551177431269,%,1
OBS,2020,EU27+4,WEEE_generatedDedicated,WEEE_Cat5,compressor,otherFerrousAlloys,,m-c,0.105549792410481,%,1
OBS,2020,EU27+4,WEEE_generatedDedicated,WEEE_Cat5,compressor,otherOrUndefinedMaterials,Ag,e-m,1,%,2
OBS,2020,EU27+4,WEEE_generatedDedicated,WEEE_Cat5,compressor,otherOrUndefinedMaterials,,m-c,0.0781985170092479,%,2
OBS,2020,EU27+4,WEEE_generatedDedicated,WEEE_Cat5,compressor,plastics,Ag,e-m,1,%,1
OBS,2020,EU27+4,WEEE_generatedDedicated,WEEE_Cat5,compressor,plastics,,m-c,0.0755212758933619,%,2
OBS,2020,EU27+4,WEEE_generatedDedicated,WEEE_Cat5,compressor,steelAndSteelAlloys,Ag,e-m,0.100999188931029,%,2
OBS,2020,EU27+4,WEEE_generatedDedicated,WEEE_Cat5,compressor,steelAndSteelAlloys,Cu,e-m,0.284350145506093,%,2
OBS,2020,EU27+4,WEEE_generatedDedicated,WEEE_Cat5,compressor,steelAndSteelAlloys,Ga,e-m,0.071963551476314,%,1
OBS,2020,EU27+4,WEEE_generatedDedicated,WEEE_Cat5,compressor,steelAndSteelAlloys,Mo,e-m,0.360316895294468,%,2
OBS,2020,EU27+4,WEEE_generatedDedicated,WEEE_Cat5,compressor,steelAndSteelAlloys,O,e-m,0.0568798020241747,%,3
OBS,2020,EU27+4,WEEE_generatedDedicated,WEEE_Cat5,compressor,steelAndSteelAlloys,Sm,e-m,0.125490416767921,%,2
OBS,2020,EU27+4,WEEE_generatedDedicated,WEEE_Cat5,compressor,steelAndSteelAlloys,,m-c,0.321104951579211,%,3
OBS,2020,EU27+4,WEEE_generatedDedicated,WEEE_Cat5,condensator,,,c-p,0.0124122819664699,%,1
OBS,2020,EU27+4,WEEE_generatedDedicated,WEEE_Cat5,contactor,,,c-p,0.0021016412977016,%,2
OBS,2020,EU27+4,WEEE_generatedDedicated,WEEE_Cat5,displayCRT,AlAndAlAlloys,Ag,e-m,0.347685849738184,%,3
OBS,2020,EU27+4,WEEE_generatedDedicated,WEEE_Cat5,displayCRT,AlAndAlAlloys,As,e-m,0.191466078389436,%,1
OBS,2020,EU27+4,WEEE_generatedDedicated,WEEE_Cat5,displayCRT,AlAndAlAlloys,Cu,e-m,0.146304818448863,%,1
OBS,2020,EU27+4,WEEE_generatedDedicated,WEEE_Cat5,displayCRT,AlAndAlAlloys,Ga,e-m,0.0142046184578866,%,2
OBS,2020,EU27+4,WEEE_generatedDedicated,WEEE_Cat5,displayCRT,AlAndAlAlloys,Mn,e-m,0.0330895222576217,%,1
OBS,2020,EU27+4,WEEE_generatedDedicated,WEEE_Cat5,displayCRT,AlAndAlAlloys,Mo,e-m,0.129039522379948,%,3
OBS,2020,EU27+4,WEEE_generatedDedicated,WEEE_Cat5,displayCRT,AlAndAlAlloys,Sm,e-m,0.138209590328061,%,2
OBS,2020,EU27+4,WEEE_generatedDedicated,WEEE_Cat5,displayCRT,AlAndAlAlloys,,m-c,0.995903789750075,%,2
OBS,2020,EU27+4,WEEE_generatedDedicated,WEEE_Cat5,displayCRT,glass,Ag,e-m,0.227452779191846,%,2
OBS,2020,EU27+4,WEEE_generatedDedicated,WEEE_Cat5,displayCRT,glass,Pd,e-m,0.194290851846465,%,2
OBS,2020,EU27+4,WEEE_generatedDedicated,WEEE_Cat5,displayCRT,glass,Sc,e-m,0.130153298842623,%,1
OBS,2020,EU27+4,WEEE_generatedDedicated,WEEE_Cat5,displayCRT,glass,Zr,e-m,0.448103070119066,%,1
OBS,2020,EU27+4,WEEE_generatedDedicated,WEEE_Cat5,displayCRT,glass,,m-c,0.0040962102499247,%,2
OBS,2020,EU27+4,WEEE_generatedDedicated,WEEE_Cat5,displayCRT,,,c-p,0.0201812940870399,%,2
OBS,2020,EU27+4,WEEE_generatedDedicated,WEEE_Cat5,displayLCD,AlAndAlAlloys,Ag,e-m,0.0044690588280864,%,2
OBS,2020,EU27+4,WEEE_generatedDedicated,WEEE_Cat5,displayLCD,AlAndAlAlloys,As,e-m,0.105880500561162,%,1
OBS,2020,EU27+4,WEEE_generatedDedicated,WEEE_Cat5,displayLCD,AlAndAlAlloys,Cu,e-m,0.0528651579322813,%,2
OBS,2020,EU27+4,WEEE_generatedDedicated,WEEE_Cat5,displayLCD,AlAndAlAlloys,Ga,e-m,0.1744620882115,%,1
OBS,2020,EU27+4,WEEE_generatedDedicated,WEEE_Cat5,displayLCD,AlAndAlAlloys,Mn,e-m,0.0953459040408326,%,1
OBS,2020,EU27+4,WEEE_generatedDedicated,WEEE_Cat5,displayLCD,AlAndAlAlloys,Mo,e-m,0.316662309987192,%,1
OBS,2020,EU27+4,WEEE_generatedDedicated,WEEE_Cat5,displayLCD,AlAndAlAlloys,Sm,e-m,0.250314980438945,%,2
OBS,2020,EU27+4,WEEE_generatedDedicated,WEEE_Cat5,displayLCD,AlAndAlAlloys,,m-c,0.498843196095078,%,3
OBS,2020,EU27+4,WEEE_generatedDedicated,WEEE_Cat5,displayLCD,CuAndCuAlloys,Ag,e-m,0.142949612014441,%,2
OBS,2020,EU27+4,WEEE_generatedDedicated,WEEE_Cat5,displayLCD,CuAndCuAlloys,Dy,e-m,0.0767731959030319,%,2
OBS,2020,EU27+4,WEEE_generatedDedicated,WEEE_Cat5,displayLCD,CuAndCuAlloys,Zr,e-m,0.780277192082527,%,1
OBS,2020,EU27+4,WEEE_generatedDedicated,WEEE_Cat5,displayLCD,CuAndCuAlloys,,m-c,0.0678835361993949,%,2
OBS,2020,EU27+4,WEEE_generatedDedicated,WEEE_Cat5,displayLCD,ferrousMetals,Ag,e-m,0.0066389390060575,%,1
OBS,2020,EU27+4,WEEE_generatedDedicated,WEEE_Cat5,displayLCD,ferrousMetals,Cu,e-m,0.0769850322167864,%,3
OBS,2020,EU27+4,WEEE_generatedDedicated,WEEE_Cat5,displayLCD,ferrousMetals,Ga,e-m,0.438818413824536,%,2
OBS,2020,EU27+4,WEEE_generatedDedicated,WEEE_Cat5,displayLCD,ferrousMetals,Mo,e-m,0.0582646091631964,%,2
OBS,2020,EU27+4,WEEE_generatedDedicated,WEEE_Cat5,displayLCD,ferrousMetals,O,e-m,0.334758067979881,%,3
OBS,2020,EU27+4,WEEE_generatedDedicated,WEEE_Cat5,displayLCD,ferrousMetals,Sm,e-m,0.0845349378095433,%,2
OBS,2020,EU27+4,WEEE_generatedDedicated,WEEE_Cat5,displayLCD,ferrousMetals,,m-c,0.0068082858912087,%,2
OBS,2020,EU27+4,WEEE_generatedDedicated,WEEE_Cat5,displayLCD,glass,Ag,e-m,0.338463955319143,%,3
OBS,2020,EU27+4,WEEE_generatedDedicated,WEEE_Cat5,displayLCD,glass,Pd,e-m,0.149041703447152,%,2
OBS,2020,EU27+4,WEEE_generatedDedicated,WEEE_Cat5,displayLCD,glass,Sc,e-m,0.450920329402326,%,1
OBS,2020,EU27+4,WEEE_generatedDedicated,WEEE_Cat5,displayLCD,glass,Zr,e-m,0.0615740118313789,%,1
OBS,2020,EU27+4,WEEE_generatedDedicated,WEEE_Cat5,displayLCD,glass,,m-c,0.321473291139439,%,3
OBS,2020,EU27+4,WEEE_generatedDedicated,WEEE_Cat5,displayLCD,,,c-p,0.0178809404779227,%,2
OBS,2020,EU27+4,WEEE_generatedDedicated,WEEE_Cat5,displayLCD,plastics,Ag,e-m,1,%,3
OBS,2020,EU27+4,WEEE_generatedDedicated,WEEE_Cat5,displayLCD,plastics,,m-c,0.0175894986702267,%,1
OBS,2020,EU27+4,WEEE_generatedDedicated,WEEE_Cat5,displayLCD,undefinedAndMixedMaterials,Ag,e-m,1,%,1
OBS,2020,EU27+4,WEEE_generatedDedicated,WEEE_Cat5,displayLCD,undefinedAndMixedMaterials,,m-c,0.0874021920046527,%,1
OBS,2020,EU27+4,WEEE_generatedDedicated,WEEE_Cat5,displayLCDunder100cm2,,,c-p,0.0080635691935672,%,2
OBS,2020,EU27+4,WEEE_generatedDedicated,WEEE_Cat5,displayOther,AlAndAlAlloys,Ag,e-m,0.22362829046461,%,2
OBS,2020,EU27+4,WEEE_generatedDedicated,WEEE_Cat5,displayOther,AlAndAlAlloys,As,e-m,0.0978953639194175,%,1
OBS,2020,EU27+4,WEEE_generatedDedicated,WEEE_Cat5,displayOther,AlAndAlAlloys,Cu,e-m,0.135670059859973,%,3
OBS,2020,EU27+4,WEEE_generatedDedicated,WEEE_Cat5,displayOther,AlAndAlAlloys,Ga,e-m,0.162915142638788,%,1
OBS,2020,EU27+4,WEEE_generatedDedicated,WEEE_Cat5,displayOther,AlAndAlAlloys,Mn,e-m,0.168451908092782,%,2
OBS,2020,EU27+4,WEEE_generatedDedicated,WEEE_Cat5,displayOther,AlAndAlAlloys,Mo,e-m,0.0122504918966047,%,3
OBS,2020,EU27+4,WEEE_generatedDedicated,WEEE_Cat5,displayOther,AlAndAlAlloys,Sm,e-m,0.199188743127825,%,2
OBS,2020,EU27+4,WEEE_generatedDedicated,WEEE_Cat5,displayOther,AlAndAlAlloys,,m-c,0.0276358354363587,%,2
OBS,2020,EU27+4,WEEE_generatedDedicated,WEEE_Cat5,displayOther,CuAndCuAlloys,Ag,e-m,0.317559388729795,%,3
OBS,2020,EU27+4,WEEE_generatedDedicated,WEEE_Cat5,displayOther,CuAndCuAlloys,Dy,e-m,0.0979599157772749,%,1
OBS,2020,EU27+4,WEEE_generatedDedicated,WEEE_Cat5,displayOther,CuAndCuAlloys,Zr,e-m,0.584480695492931,%,2
OBS,2020,EU27+4,WEEE_generatedDedicated,WEEE_Cat5,displayOther,CuAndCuAlloys,,m-c,0.0416512403370456,%,3
OBS,2020,EU27+4,WEEE_generatedDedicated,WEEE_Cat5,displayOther,ferrousMetals,Ag,e-m,0.114808694308779,%,3
OBS,2020,EU27+4,WEEE_generatedDedicated,WEEE_Cat5,displayOther,ferrousMetals,Cu,e-m,0.117114366926196,%,3
OBS,2020,EU27+4,WEEE_generatedDedicated,WEEE_Cat5,displayOther,ferrousMetals,Ga,e-m,0.190408338751448,%,3
OBS,2020,EU27+4,WEEE_generatedDedicated,WEEE_Cat5,displayOther,ferrousMetals,Mo,e-m,0.379003563788823,%,3
OBS,2020,EU27+4,WEEE_generatedDedicated,WEEE_Cat5,displayOther,ferrousMetals,O,e-m,0.004165056690853,%,3
OBS,2020,EU27+4,WEEE_generatedDedicated,WEEE_Cat5,displayOther,ferrousMetals,Sm,e-m,0.194499979533902,%,3
OBS,2020,EU27+4,WEEE_generatedDedicated,WEEE_Cat5,displayOther,ferrousMetals,,m-c,0.260960960478114,%,3
OBS,2020,EU27+4,WEEE_generatedDedicated,WEEE_Cat5,displayOther,glass,Ag,e-m,0.03803842072977,%,3
OBS,2020,EU27+4,WEEE_generatedDedicated,WEEE_Cat5,displayOther,glass,Pd,e-m,0.325111548813862,%,2
OBS,2020,EU27+4,WEEE_generatedDedicated,WEEE_Cat5,displayOther,glass,Sc,e-m,0.41642451062476,%,3
OBS,2020,EU27+4,WEEE_generatedDedicated,WEEE_Cat5,displayOther,glass,Zr,e-m,0.220425519831608,%,1
OBS,2020,EU27+4,WEEE_generatedDedicated,WEEE_Cat5,displayOther,glass,,m-c,0.104071226624052,%,2
OBS,2020,EU27+4,WEEE_generatedDedicated,WEEE_Cat5,displayOther,,,c-p,0.0188955372862397,%,2
OBS,2020,EU27+4,WEEE_generatedDedicated,WEEE_Cat5,displayOther,otherMetalsAndMetalAlloys,Ag,e-m,0.125212596510423,%,2
OBS,2020,EU27+4,WEEE_generatedDedicated,WEEE_Cat5,displayOther,otherMetalsAndMetalAlloys,Al,e-m,0.426929900920542,%,2
OBS,2020,EU27+4,WEEE_generatedDedicated,WEEE_Cat5,displayOther,otherMetalsAndMetalAlloys,Dy,e-m,0.447857502569036,%,1
OBS,2020,EU27+4,WEEE_generatedDedicated,WEEE_Cat5,displayOther,otherMetalsAndMetalAlloys,,m-c,0.297536777802193,%,2
OBS,2020,EU27+4,WEEE_generatedDedicated,WEEE_Cat5,displayOther,plastics,Ag,e-m,1,%,1
OBS,2020,EU27+4,WEEE_generatedDedicated,WEEE_Cat5,displayOther,plastics,,m-c,0.181779326536927,%,1
OBS,2020,EU27+4,WEEE_generatedDedicated,WEEE_Cat5,displayOther,undefinedAndMixedMaterials,Ag,e-m,1,%,3
OBS,2020,EU27+4,WEEE_generatedDedicated,WEEE_Cat5,displayOther,undefinedAndMixedMaterials,,m-c,0.08636463278531,%,2
OBS,2020,EU27+4,WEEE_generatedDedicated,WEEE_Cat5,displayPlasma,,,c-p,0.048199588484543,%,1
OBS,2020,EU27+4,WEEE_generatedDedicated,WEEE_Cat5,driveCDDExt,,,c-p,0.0006525306820056,%,2
OBS,2020,EU27+4,WEEE_generatedDedicated,WEEE_Cat5,driveCDDInt,AlAndAlAlloys,Ag,e-m,0.235701121850719,%,3
OBS,2020,EU27+4,WEEE_generatedDedicated,WEEE_Cat5,driveCDDInt,AlAndAlAlloys,As,e-m,0.0430130368214346,%,3
OBS,2020,EU27+4,WEEE_generatedDedicated,WEEE_Cat5,driveCDDInt,AlAndAlAlloys,Cu,e-m,0.0836848305479196,%,1
OBS,2020,EU27+4,WEEE_generatedDedicated,WEEE_Cat5,driveCDDInt,AlAndAlAlloys,Ga,e-m,0.0033891995111987,%,2
OBS,2020,EU27+4,WEEE_generatedDedicated,WEEE_Cat5,driveCDDInt,AlAndAlAlloys,Mn,e-m,0.154965326861836,%,3
OBS,2020,EU27+4,WEEE_generatedDedicated,WEEE_Cat5,driveCDDInt,AlAndAlAlloys,Mo,e-m,0.141201583072832,%,1
OBS,2020,EU27+4,WEEE_generatedDedicated,WEEE_Cat5,driveCDDInt,AlAndAlAlloys,Sm,e-m,0.33804490133406,%,3
OBS,2020,EU27+4,WEEE_generatedDedicated,WEEE_Cat5,driveCDDInt,AlAndAlAlloys,,m-c,0.245456572249231,%,1
OBS,2020,EU27+4,WEEE_generatedDedicated,WEEE_Cat5,driveCDDInt,CuAndCuAlloys,Ag,e-m,0.455096307597067,%,2
OBS,2020,EU27+4,WEEE_generatedDedicated,WEEE_Cat5,driveCDDInt,CuAndCuAlloys,Dy,e-m,0.200631829726855,%,3
OBS,2020,EU27+4,WEEE_generatedDedicated,WEEE_Cat5,driveCDDInt,CuAndCuAlloys,Zr,e-m,0.344271862676078,%,2
OBS,2020,EU27+4,WEEE_generatedDedicated,WEEE_Cat5,driveCDDInt,CuAndCuAlloys,,m-c,0.145147627344867,%,3
OBS,2020,EU27+4,WEEE_generatedDedicated,WEEE_Cat5,driveCDDInt,ferrousMetals,Ag,e-m,0.118674380439288,%,1
OBS,2020,EU27+4,WEEE_generatedDedicated,WEEE_Cat5,driveCDDInt,ferrousMetals,Cu,e-m,0.0121154190866161,%,2
OBS,2020,EU27+4,WEEE_generatedDedicated,WEEE_Cat5,driveCDDInt,ferrousMetals,Ga,e-m,0.251704301373632,%,2
OBS,2020,EU27+4,WEEE_generatedDedicated,WEEE_Cat5,driveCDDInt,ferrousMetals,Mo,e-m,5.92959094487346E-06,%,1
OBS,2020,EU27+4,WEEE_generatedDedicated,WEEE_Cat5,driveCDDInt,ferrousMetals,O,e-m,0.527966318516044,%,2
OBS,2020,EU27+4,WEEE_generatedDedicated,WEEE_Cat5,driveCDDInt,ferrousMetals,Sm,e-m,0.089533650993475,%,1
OBS,2020,EU27+4,WEEE_generatedDedicated,WEEE_Cat5,driveCDDInt,ferrousMetals,,m-c,0.456186177915325,%,2
OBS,2020,EU27+4,WEEE_generatedDedicated,WEEE_Cat5,driveCDDInt,,,c-p,0.0160418218351851,%,2
OBS,2020,EU27+4,WEEE_generatedDedicated,WEEE_Cat5,driveCDDInt,otherMetalsAndMetalAlloys,Ag,e-m,0.167005578461813,%,1
OBS,2020,EU27+4,WEEE_generatedDedicated,WEEE_Cat5,driveCDDInt,otherMetalsAndMetalAlloys,Al,e-m,0.581955063915621,%,3
OBS,2020,EU27+4,WEEE_generatedDedicated,WEEE_Cat5,driveCDDInt,otherMetalsAndMetalAlloys,Dy,e-m,0.251039357622565,%,3
OBS,2020,EU27+4,WEEE_generatedDedicated,WEEE_Cat5,driveCDDInt,otherMetalsAndMetalAlloys,,m-c,0.0022745441756477,%,3
OBS,2020,EU27+4,WEEE_generatedDedicated,WEEE_Cat5,driveCDDInt,plastics,Ag,e-m,1,%,3
OBS,2020,EU27+4,WEEE_generatedDedicated,WEEE_Cat5,driveCDDInt,plastics,,m-c,0.148005151788745,%,3
OBS,2020,EU27+4,WEEE_generatedDedicated,WEEE_Cat5,driveCDDInt,undefinedAndMixedMaterials,Ag,e-m,1,%,3
OBS,2020,EU27+4,WEEE_generatedDedicated,WEEE_Cat5,driveCDDInt,undefinedAndMixedMaterials,,m-c,0.0029299265261844,%,1
OBS,2020,EU27+4,WEEE_generatedDedicated,WEEE_Cat5,driveFDD,AlAndAlAlloys,Ag,e-m,0.239649218573589,%,2
OBS,2020,EU27+4,WEEE_generatedDedicated,WEEE_Cat5,driveFDD,AlAndAlAlloys,As,e-m,0.13323808537281,%,2
OBS,2020,EU27+4,WEEE_generatedDedicated,WEEE_Cat5,driveFDD,AlAndAlAlloys,Cu,e-m,0.172363577167532,%,2
OBS,2020,EU27+4,WEEE_generatedDedicated,WEEE_Cat5,driveFDD,AlAndAlAlloys,Ga,e-m,0.111381973233049,%,1
OBS,2020,EU27+4,WEEE_generatedDedicated,WEEE_Cat5,driveFDD,AlAndAlAlloys,Mn,e-m,0.0992310838074451,%,1
OBS,2020,EU27+4,WEEE_generatedDedicated,WEEE_Cat5,driveFDD,AlAndAlAlloys,Mo,e-m,0.224333775538835,%,1
OBS,2020,EU27+4,WEEE_generatedDedicated,WEEE_Cat5,driveFDD,AlAndAlAlloys,Sm,e-m,0.0198022863067401,%,2
OBS,2020,EU27+4,WEEE_generatedDedicated,WEEE_Cat5,driveFDD,AlAndAlAlloys,,m-c,0.487950390253318,%,2
OBS,2020,EU27+4,WEEE_generatedDedicated,WEEE_Cat5,driveFDD,ferrousMetals,Ag,e-m,0.0509074879571217,%,3
OBS,2020,EU27+4,WEEE_generatedDedicated,WEEE_Cat5,driveFDD,ferrousMetals,Cu,e-m,0.120403410629524,%,1
OBS,2020,EU27+4,WEEE_generatedDedicated,WEEE_Cat5,driveFDD,ferrousMetals,Ga,e-m,0.112632734075909,%,2
OBS,2020,EU27+4,WEEE_generatedDedicated,WEEE_Cat5,driveFDD,ferrousMetals,Mo,e-m,0.276738062089337,%,3
OBS,2020,EU27+4,WEEE_generatedDedicated,WEEE_Cat5,driveFDD,ferrousMetals,O,e-m,0.019351539112536,%,1
OBS,2020,EU27+4,WEEE_generatedDedicated,WEEE_Cat5,driveFDD,ferrousMetals,Sm,e-m,0.419966766135572,%,2
OBS,2020,EU27+4,WEEE_generatedDedicated,WEEE_Cat5,driveFDD,ferrousMetals,,m-c,0.512049609746682,%,1
OBS,2020,EU27+4,WEEE_generatedDedicated,WEEE_Cat5,driveFDD,,,c-p,0.0070980517036225,%,2
OBS,2020,EU27+4,WEEE_generatedDedicated,WEEE_Cat5,driveHDD,AlAndAlAlloys,Ag,e-m,0.17125478869557,%,3
OBS,2020,EU27+4,WEEE_generatedDedicated,WEEE_Cat5,driveHDD,AlAndAlAlloys,As,e-m,0.27692027121098,%,2
OBS,2020,EU27+4,WEEE_generatedDedicated,WEEE_Cat5,driveHDD,AlAndAlAlloys,Cu,e-m,0.206736243452623,%,3
OBS,2020,EU27+4,WEEE_generatedDedicated,WEEE_Cat5,driveHDD,AlAndAlAlloys,Ga,e-m,0.12923048281653,%,1
OBS,2020,EU27+4,WEEE_generatedDedicated,WEEE_Cat5,driveHDD,AlAndAlAlloys,Mn,e-m,0.185010528453132,%,2
OBS,2020,EU27+4,WEEE_generatedDedicated,WEEE_Cat5,driveHDD,AlAndAlAlloys,Mo,e-m,0.0126867542688036,%,2
OBS,2020,EU27+4,WEEE_generatedDedicated,WEEE_Cat5,driveHDD,AlAndAlAlloys,Sm,e-m,0.0181609311023607,%,1
OBS,2020,EU27+4,WEEE_generatedDedicated,WEEE_Cat5,driveHDD,AlAndAlAlloys,,m-c,0.304483812769836,%,1
OBS,2020,EU27+4,WEEE_generatedDedicated,WEEE_Cat5,driveHDD,CuAndCuAlloys,Ag,e-m,0.506344074481448,%,1
OBS,2020,EU27+4,WEEE_generatedDedicated,WEEE_Cat5,driveHDD,CuAndCuAlloys,Dy,e-m,0.19304052120866,%,1
OBS,2020,EU27+4,WEEE_generatedDedicated,WEEE_Cat5,driveHDD,CuAndCuAlloys,Zr,e-m,0.300615404309891,%,2
OBS,2020,EU27+4,WEEE_generatedDedicated,WEEE_Cat5,driveHDD,CuAndCuAlloys,,m-c,0.220152498196198,%,2
OBS,2020,EU27+4,WEEE_generatedDedicated,WEEE_Cat5,driveHDD,ferrousMetals,Ag,e-m,0.273112709842719,%,3
OBS,2020,EU27+4,WEEE_generatedDedicated,WEEE_Cat5,driveHDD,ferrousMetals,Cu,e-m,0.336606079129983,%,3
OBS,2020,EU27+4,WEEE_generatedDedicated,WEEE_Cat5,driveHDD,ferrousMetals,Ga,e-m,0.237899338821426,%,1
OBS,2020,EU27+4,WEEE_generatedDedicated,WEEE_Cat5,driveHDD,ferrousMetals,Mo,e-m,0.004613407274696,%,3
OBS,2020,EU27+4,WEEE_generatedDedicated,WEEE_Cat5,driveHDD,ferrousMetals,O,e-m,0.0460233573777956,%,1
OBS,2020,EU27+4,WEEE_generatedDedicated,WEEE_Cat5,driveHDD,ferrousMetals,Sm,e-m,0.10174510755338,%,1
OBS,2020,EU27+4,WEEE_generatedDedicated,WEEE_Cat5,driveHDD,ferrousMetals,,m-c,0.0900864437915667,%,3
OBS,2020,EU27+4,WEEE_generatedDedicated,WEEE_Cat5,driveHDD,,,c-p,0.0174134796047791,%,2
OBS,2020,EU27+4,WEEE_generatedDedicated,WEEE_Cat5,driveHDD,otherMetalsAndMetalAlloys,Ag,e-m,0.368244231448783,%,2
OBS,2020,EU27+4,WEEE_generatedDedicated,WEEE_Cat5,driveHDD,otherMetalsAndMetalAlloys,Al,e-m,0.135451744206352,%,3
OBS,2020,EU27+4,WEEE_generatedDedicated,WEEE_Cat5,driveHDD,otherMetalsAndMetalAlloys,Dy,e-m,0.496304024344865,%,3
OBS,2020,EU27+4,WEEE_generatedDedicated,WEEE_Cat5,driveHDD,otherMetalsAndMetalAlloys,,m-c,0.340075504133003,%,2
OBS,2020,EU27+4,WEEE_generatedDedicated,WEEE_Cat5,driveHDD,plastics,Ag,e-m,1,%,2
OBS,2020,EU27+4,WEEE_generatedDedicated,WEEE_Cat5,driveHDD,plastics,,m-c,0.0020530642695512,%,3
OBS,2020,EU27+4,WEEE_generatedDedicated,WEEE_Cat5,driveHDD,undefinedAndMixedMaterials,Ag,e-m,1,%,1
OBS,2020,EU27+4,WEEE_generatedDedicated,WEEE_Cat5,driveHDD,undefinedAndMixedMaterials,,m-c,0.0431486768398447,%,3
OBS,2020,EU27+4,WEEE_generatedDedicated,WEEE_Cat5,driveUnspecified,CuAndCuAlloys,Ag,e-m,0.635298099048272,%,3
OBS,2020,EU27+4,WEEE_generatedDedicated,WEEE_Cat5,driveUnspecified,CuAndCuAlloys,Dy,e-m,0.197600091960416,%,2
OBS,2020,EU27+4,WEEE_generatedDedicated,WEEE_Cat5,driveUnspecified,CuAndCuAlloys,Zr,e-m,0.167101808991312,%,3
OBS,2020,EU27+4,WEEE_generatedDedicated,WEEE_Cat5,driveUnspecified,CuAndCuAlloys,,m-c,0.274026287634919,%,2
OBS,2020,EU27+4,WEEE_generatedDedicated,WEEE_Cat5,driveUnspecified,ferrousMetals,Ag,e-m,0.0305872698046911,%,2
OBS,2020,EU27+4,WEEE_generatedDedicated,WEEE_Cat5,driveUnspecified,ferrousMetals,Cu,e-m,0.312920585165292,%,3
OBS,2020,EU27+4,WEEE_generatedDedicated,WEEE_Cat5,driveUnspecified,ferrousMetals,Ga,e-m,0.0629292197595084,%,3
OBS,2020,EU27+4,WEEE_generatedDedicated,WEEE_Cat5,driveUnspecified,ferrousMetals,Mo,e-m,0.425226359818029,%,2
OBS,2020,EU27+4,WEEE_generatedDedicated,WEEE_Cat5,driveUnspecified,ferrousMetals,O,e-m,0.0349338656209385,%,3
OBS,2020,EU27+4,WEEE_generatedDedicated,WEEE_Cat5,driveUnspecified,ferrousMetals,Sm,e-m,0.133402699831541,%,3
OBS,2020,EU27+4,WEEE_generatedDedicated,WEEE_Cat5,driveUnspecified,ferrousMetals,,m-c,0.0732131329222052,%,2
OBS,2020,EU27+4,WEEE_generatedDedicated,WEEE_Cat5,driveUnspecified,,,c-p,0.0025045962045587,%,1
OBS,2020,EU27+4,WEEE_generatedDedicated,WEEE_Cat5,driveUnspecified,plastics,Ag,e-m,1,%,3
OBS,2020,EU27+4,WEEE_generatedDedicated,WEEE_Cat5,driveUnspecified,plastics,,m-c,0.44376142429487,%,3
OBS,2020,EU27+4,WEEE_generatedDedicated,WEEE_Cat5,driveUnspecified,undefinedAndMixedMaterials,Ag,e-m,1,%,1
OBS,2020,EU27+4,WEEE_generatedDedicated,WEEE_Cat5,driveUnspecified,undefinedAndMixedMaterials,,m-c,0.208999155148006,%,3
OBS,2020,EU27+4,WEEE_generatedDedicated,WEEE_Cat5,electricEngine,AlAndAlAlloys,Ag,e-m,0.237321498099382,%,1
OBS,2020,EU27+4,WEEE_generatedDedicated,WEEE_Cat5,electricEngine,AlAndAlAlloys,As,e-m,0.160445358158562,%,2
OBS,2020,EU27+4,WEEE_generatedDedicated,WEEE_Cat5,electricEngine,AlAndAlAlloys,Cu,e-m,0.312548334252252,%,1
OBS,2020,EU27+4,WEEE_generatedDedicated,WEEE_Cat5,electricEngine,AlAndAlAlloys,Ga,e-m,0.0234901131420215,%,2
OBS,2020,EU27+4,WEEE_generatedDedicated,WEEE_Cat5,electricEngine,AlAndAlAlloys,Mn,e-m,0.0660874347187061,%,1
OBS,2020,EU27+4,WEEE_generatedDedicated,WEEE_Cat5,electricEngine,AlAndAlAlloys,Mo,e-m,0.112556559421645,%,1
OBS,2020,EU27+4,WEEE_generatedDedicated,WEEE_Cat5,electricEngine,AlAndAlAlloys,Sm,e-m,0.0875507022074304,%,3
OBS,2020,EU27+4,WEEE_generatedDedicated,WEEE_Cat5,electricEngine,AlAndAlAlloys,,m-c,0.165604680676415,%,3
OBS,2020,EU27+4,WEEE_generatedDedicated,WEEE_Cat5,electricEngine,CuAndCuAlloys,Ag,e-m,0.152891328007184,%,3
OBS,2020,EU27+4,WEEE_generatedDedicated,WEEE_Cat5,electricEngine,CuAndCuAlloys,Dy,e-m,0.347562642268461,%,2
OBS,2020,EU27+4,WEEE_generatedDedicated,WEEE_Cat5,electricEngine,CuAndCuAlloys,Zr,e-m,0.499546029724355,%,3
OBS,2020,EU27+4,WEEE_generatedDedicated,WEEE_Cat5,electricEngine,CuAndCuAlloys,,m-c,0.0998378123504202,%,3
OBS,2020,EU27+4,WEEE_generatedDedicated,WEEE_Cat5,electricEngine,carbon,Ag,e-m,0.111651515949791,%,3
OBS,2020,EU27+4,WEEE_generatedDedicated,WEEE_Cat5,electricEngine,carbon,Pd,e-m,0.192927091842001,%,2
OBS,2020,EU27+4,WEEE_generatedDedicated,WEEE_Cat5,electricEngine,carbon,Sc,e-m,0.592817680474732,%,2
OBS,2020,EU27+4,WEEE_generatedDedicated,WEEE_Cat5,electricEngine,carbon,Zr,e-m,0.102603711733476,%,3
OBS,2020,EU27+4,WEEE_generatedDedicated,WEEE_Cat5,electricEngine,carbon,,m-c,0.207545138184431,%,1
OBS,2020,EU27+4,WEEE_generatedDedicated,WEEE_Cat5,electricEngine,ferrousMetals,Ag,e-m,0.273988800546827,%,3
OBS,2020,EU27+4,WEEE_generatedDedicated,WEEE_Cat5,electricEngine,ferrousMetals,Ca,e-m,0.163457834975535,%,2
OBS,2020,EU27+4,WEEE_generatedDedicated,WEEE_Cat5,electricEngine,ferrousMetals,Cu,e-m,0.001386639892221,%,1
OBS,2020,EU27+4,WEEE_generatedDedicated,WEEE_Cat5,electricEngine,ferrousMetals,Ga,e-m,0.200440369811986,%,2
OBS,2020,EU27+4,WEEE_generatedDedicated,WEEE_Cat5,electricEngine,ferrousMetals,Mo,e-m,0.217621501128059,%,1
OBS,2020,EU27+4,WEEE_generatedDedicated,WEEE_Cat5,electricEngine,ferrousMetals,O,e-m,0.0492085119724021,%,1
OBS,2020,EU27+4,WEEE_generatedDedicated,WEEE_Cat5,electricEngine,ferrousMetals,Sm,e-m,0.093896341672969,%,3
OBS,2020,EU27+4,WEEE_generatedDedicated,WEEE_Cat5,electricEngine,ferrousMetals,,m-c,0.161300557773991,%,3
OBS,2020,EU27+4,WEEE_generatedDedicated,WEEE_Cat5,electricEngine,,,c-p,0.0497490089268103,%,1
OBS,2020,EU27+4,WEEE_generatedDedicated,WEEE_Cat5,electricEngine,otherOrganics,Ag,e-m,1,%,2
OBS,2020,EU27+4,WEEE_generatedDedicated,WEEE_Cat5,electricEngine,otherOrganics,,m-c,0.0882988271641576,%,1
OBS,2020,EU27+4,WEEE_generatedDedicated,WEEE_Cat5,electricEngine,plastics,Ag,e-m,1,%,1
OBS,2020,EU27+4,WEEE_generatedDedicated,WEEE_Cat5,electricEngine,plastics,,m-c,0.277412983850585,%,3
OBS,2020,EU27+4,WEEE_generatedDedicated,WEEE_Cat5,filterFoamBased,,,c-p,0.0031594920658483,%,1
OBS,2020,EU27+4,WEEE_generatedDedicated,WEEE_Cat5,filterFoamBased,plastics,Ag,e-m,1,%,1
OBS,2020,EU27+4,WEEE_generatedDedicated,WEEE_Cat5,filterFoamBased,plastics,,m-c,1,%,2
OBS,2020,EU27+4,WEEE_generatedDedicated,WEEE_Cat5,fuse,,,c-p,0.0338225979016183,%,2
OBS,2020,EU27+4,WEEE_generatedDedicated,WEEE_Cat5,gear,,,c-p,0.0019410758760355,%,3
OBS,2020,EU27+4,WEEE_generatedDedicated,WEEE_Cat5,gear,plastics,Ag,e-m,1,%,2
OBS,2020,EU27+4,WEEE_generatedDedicated,WEEE_Cat5,gear,plastics,,m-c,1,%,3
OBS,2020,EU27+4,WEEE_generatedDedicated,WEEE_Cat5,heatingCoolingEEEairCondenser,CuAndCuAlloys,Ag,e-m,0.300554061487984,%,3
OBS,2020,EU27+4,WEEE_generatedDedicated,WEEE_Cat5,heatingCoolingEEEairCondenser,CuAndCuAlloys,Dy,e-m,0.358982828563997,%,3
OBS,2020,EU27+4,WEEE_generatedDedicated,WEEE_Cat5,heatingCoolingEEEairCondenser,CuAndCuAlloys,Zr,e-m,0.340463109948018,%,2
OBS,2020,EU27+4,WEEE_generatedDedicated,WEEE_Cat5,heatingCoolingEEEairCondenser,CuAndCuAlloys,,m-c,0.626112366533802,%,3
OBS,2020,EU27+4,WEEE_generatedDedicated,WEEE_Cat5,heatingCoolingEEEairCondenser,,,c-p,0.0040229103397978,%,2
OBS,2020,EU27+4,WEEE_generatedDedicated,WEEE_Cat5,heatingCoolingEEEairCondenser,otherOrUndefinedMaterials,Ag,e-m,1,%,3
OBS,2020,EU27+4,WEEE_generatedDedicated,WEEE_Cat5,heatingCoolingEEEairCondenser,otherOrUndefinedMaterials,,m-c,0.0430868166979055,%,1
OBS,2020,EU27+4,WEEE_generatedDedicated,WEEE_Cat5,heatingCoolingEEEairCondenser,plastics,Ag,e-m,1,%,3
OBS,2020,EU27+4,WEEE_generatedDedicated,WEEE_Cat5,heatingCoolingEEEairCondenser,plastics,,m-c,0.282453603959141,%,2
OBS,2020,EU27+4,WEEE_generatedDedicated,WEEE_Cat5,heatingCoolingEEEairCondenser,steelAndSteelAlloys,Ag,e-m,0.257096542104028,%,3
OBS,2020,EU27+4,WEEE_generatedDedicated,WEEE_Cat5,heatingCoolingEEEairCondenser,steelAndSteelAlloys,Cu,e-m,0.170349488541959,%,3
OBS,2020,EU27+4,WEEE_generatedDedicated,WEEE_Cat5,heatingCoolingEEEairCondenser,steelAndSteelAlloys,Ga,e-m,0.0272047690368988,%,1
OBS,2020,EU27+4,WEEE_generatedDedicated,WEEE_Cat5,heatingCoolingEEEairCondenser,steelAndSteelAlloys,Mo,e-m,0.400060841316874,%,1
OBS,2020,EU27+4,WEEE_generatedDedicated,WEEE_Cat5,heatingCoolingEEEairCondenser,steelAndSteelAlloys,O,e-m,0.0821920784131065,%,2
OBS,2020,EU27+4,WEEE_generatedDedicated,WEEE_Cat5,heatingCoolingEEEairCondenser,steelAndSteelAlloys,Sm,e-m,0.0630962805871332,%,3
OBS,2020,EU27+4,WEEE_generatedDedicated,WEEE_Cat5,heatingCoolingEEEairCondenser,steelAndSteelAlloys,,m-c,0.0483472128091514,%,1
OBS,2020,EU27+4,WEEE_generatedDedicated,WEEE_Cat5,heatingCoolingEEEfan,AlAndAlAlloys,Ag,e-m,0.111397909256745,%,2
OBS,2020,EU27+4,WEEE_generatedDedicated,WEEE_Cat5,heatingCoolingEEEfan,AlAndAlAlloys,As,e-m,0.114434897643266,%,2
OBS,2020,EU27+4,WEEE_generatedDedicated,WEEE_Cat5,heatingCoolingEEEfan,AlAndAlAlloys,Cu,e-m,0.239247237077183,%,2
OBS,2020,EU27+4,WEEE_generatedDedicated,WEEE_Cat5,heatingCoolingEEEfan,AlAndAlAlloys,Ga,e-m,0.129189967415142,%,3
OBS,2020,EU27+4,WEEE_generatedDedicated,WEEE_Cat5,heatingCoolingEEEfan,AlAndAlAlloys,Mn,e-m,0.101783088059874,%,2
OBS,2020,EU27+4,WEEE_generatedDedicated,WEEE_Cat5,heatingCoolingEEEfan,AlAndAlAlloys,Mo,e-m,0.158977993969917,%,1
OBS,2020,EU27+4,WEEE_generatedDedicated,WEEE_Cat5,heatingCoolingEEEfan,AlAndAlAlloys,Sm,e-m,0.144968906577873,%,2
OBS,2020,EU27+4,WEEE_generatedDedicated,WEEE_Cat5,heatingCoolingEEEfan,AlAndAlAlloys,,m-c,0.0702549204940824,%,1
OBS,2020,EU27+4,WEEE_generatedDedicated,WEEE_Cat5,heatingCoolingEEEfan,CuAndCuAlloys,Ag,e-m,0.201177290865606,%,2
OBS,2020,EU27+4,WEEE_generatedDedicated,WEEE_Cat5,heatingCoolingEEEfan,CuAndCuAlloys,Dy,e-m,0.0240846758243348,%,3
OBS,2020,EU27+4,WEEE_generatedDedicated,WEEE_Cat5,heatingCoolingEEEfan,CuAndCuAlloys,Zr,e-m,0.774738033310059,%,3
OBS,2020,EU27+4,WEEE_generatedDedicated,WEEE_Cat5,heatingCoolingEEEfan,CuAndCuAlloys,,m-c,0.157996037194693,%,3
OBS,2020,EU27+4,WEEE_generatedDedicated,WEEE_Cat5,heatingCoolingEEEfan,ferrousMetals,Ag,e-m,0.284744575576192,%,2
OBS,2020,EU27+4,WEEE_generatedDedicated,WEEE_Cat5,heatingCoolingEEEfan,ferrousMetals,Ca,e-m,0.12753357721534,%,1
OBS,2020,EU27+4,WEEE_generatedDedicated,WEEE_Cat5,heatingCoolingEEEfan,ferrousMetals,Cu,e-m,0.101123671843515,%,3
OBS,2020,EU27+4,WEEE_generatedDedicated,WEEE_Cat5,heatingCoolingEEEfan,ferrousMetals,Ga,e-m,0.309308293692221,%,3
OBS,2020,EU27+4,WEEE_generatedDedicated,WEEE_Cat5,heatingCoolingEEEfan,ferrousMetals,Mo,e-m,0.0499524769886051,%,1
OBS,2020,EU27+4,WEEE_generatedDedicated,WEEE_Cat5,heatingCoolingEEEfan,ferrousMetals,O,e-m,0.0181318554846938,%,3
OBS,2020,EU27+4,WEEE_generatedDedicated,WEEE_Cat5,heatingCoolingEEEfan,ferrousMetals,Sm,e-m,0.109205549199432,%,1
OBS,2020,EU27+4,WEEE_generatedDedicated,WEEE_Cat5,heatingCoolingEEEfan,ferrousMetals,,m-c,0.0817129263893644,%,3
OBS,2020,EU27+4,WEEE_generatedDedicated,WEEE_Cat5,heatingCoolingEEEfan,,,c-p,0.0122633532861593,%,1
OBS,2020,EU27+4,WEEE_generatedDedicated,WEEE_Cat5,heatingCoolingEEEfan,otherMetalsAndMetalAlloys,,m-c,0.0483022076225103,%,2
OBS,2020,EU27+4,WEEE_generatedDedicated,WEEE_Cat5,heatingCoolingEEEfan,plastics,Ag,e-m,1,%,1
OBS,2020,EU27+4,WEEE_generatedDedicated,WEEE_Cat5,heatingCoolingEEEfan,plastics,,m-c,0.325117448947734,%,3
OBS,2020,EU27+4,WEEE_generatedDedicated,WEEE_Cat5,heatingCoolingEEEfan,steelAndSteelAlloys,Ag,e-m,0.163110827797022,%,1
OBS,2020,EU27+4,WEEE_generatedDedicated,WEEE_Cat5,heatingCoolingEEEfan,steelAndSteelAlloys,Cu,e-m,0.0629474619710462,%,2
OBS,2020,EU27+4,WEEE_generatedDedicated,WEEE_Cat5,heatingCoolingEEEfan,steelAndSteelAlloys,Ga,e-m,0.111139627820697,%,1
OBS,2020,EU27+4,WEEE_generatedDedicated,WEEE_Cat5,heatingCoolingEEEfan,steelAndSteelAlloys,Mo,e-m,0.183122671286797,%,1
OBS,2020,EU27+4,WEEE_generatedDedicated,WEEE_Cat5,heatingCoolingEEEfan,steelAndSteelAlloys,O,e-m,0.240152119695422,%,3
OBS,2020,EU27+4,WEEE_generatedDedicated,WEEE_Cat5,heatingCoolingEEEfan,steelAndSteelAlloys,Sm,e-m,0.239527291429016,%,3
OBS,2020,EU27+4,WEEE_generatedDedicated,WEEE_Cat5,heatingCoolingEEEfan,steelAndSteelAlloys,,m-c,0.115057001332443,%,3
OBS,2020,EU27+4,WEEE_generatedDedicated,WEEE_Cat5,heatingCoolingEEEfan,undefinedAndMixedMaterials,Ag,e-m,1,%,1
OBS,2020,EU27+4,WEEE_generatedDedicated,WEEE_Cat5,heatingCoolingEEEfan,undefinedAndMixedMaterials,,m-c,0.201559458019173,%,2
OBS,2020,EU27+4,WEEE_generatedDedicated,WEEE_Cat5,heatingCoolingEEEheatSink,AlAndAlAlloys,Ag,e-m,0.337259645798114,%,2
OBS,2020,EU27+4,WEEE_generatedDedicated,WEEE_Cat5,heatingCoolingEEEheatSink,AlAndAlAlloys,As,e-m,0.135422215994157,%,1
OBS,2020,EU27+4,WEEE_generatedDedicated,WEEE_Cat5,heatingCoolingEEEheatSink,AlAndAlAlloys,Cu,e-m,0.190635625301647,%,2
OBS,2020,EU27+4,WEEE_generatedDedicated,WEEE_Cat5,heatingCoolingEEEheatSink,AlAndAlAlloys,Ga,e-m,0.0711127499079505,%,2
OBS,2020,EU27+4,WEEE_generatedDedicated,WEEE_Cat5,heatingCoolingEEEheatSink,AlAndAlAlloys,Mn,e-m,0.182070887124926,%,2
OBS,2020,EU27+4,WEEE_generatedDedicated,WEEE_Cat5,heatingCoolingEEEheatSink,AlAndAlAlloys,Mo,e-m,0.0086392224724428,%,1
OBS,2020,EU27+4,WEEE_generatedDedicated,WEEE_Cat5,heatingCoolingEEEheatSink,AlAndAlAlloys,Sm,e-m,0.074859653400763,%,1
OBS,2020,EU27+4,WEEE_generatedDedicated,WEEE_Cat5,heatingCoolingEEEheatSink,AlAndAlAlloys,,m-c,0.013219993423634,%,1
OBS,2020,EU27+4,WEEE_generatedDedicated,WEEE_Cat5,heatingCoolingEEEheatSink,CuAndCuAlloys,Ag,e-m,0.274388207293731,%,1
OBS,2020,EU27+4,WEEE_generatedDedicated,WEEE_Cat5,heatingCoolingEEEheatSink,CuAndCuAlloys,Dy,e-m,0.68930111228658,%,1
OBS,2020,EU27+4,WEEE_generatedDedicated,WEEE_Cat5,heatingCoolingEEEheatSink,CuAndCuAlloys,Zr,e-m,0.0363106804196884,%,3
OBS,2020,EU27+4,WEEE_generatedDedicated,WEEE_Cat5,heatingCoolingEEEheatSink,CuAndCuAlloys,,m-c,0.0772825964861339,%,2
OBS,2020,EU27+4,WEEE_generatedDedicated,WEEE_Cat5,heatingCoolingEEEheatSink,ferrousMetals,Ag,e-m,0.178599526111067,%,1
OBS,2020,EU27+4,WEEE_generatedDedicated,WEEE_Cat5,heatingCoolingEEEheatSink,ferrousMetals,Cu,e-m,0.182020218609219,%,2
OBS,2020,EU27+4,WEEE_generatedDedicated,WEEE_Cat5,heatingCoolingEEEheatSink,ferrousMetals,Ga,e-m,0.216163548471501,%,2
OBS,2020,EU27+4,WEEE_generatedDedicated,WEEE_Cat5,heatingCoolingEEEheatSink,ferrousMetals,Mo,e-m,0.293108481637004,%,1
OBS,2020,EU27+4,WEEE_generatedDedicated,WEEE_Cat5,heatingCoolingEEEheatSink,ferrousMetals,O,e-m,0.103428675597025,%,3
OBS,2020,EU27+4,WEEE_generatedDedicated,WEEE_Cat5,heatingCoolingEEEheatSink,ferrousMetals,Sm,e-m,0.0266795495741836,%,3
OBS,2020,EU27+4,WEEE_generatedDedicated,WEEE_Cat5,heatingCoolingEEEheatSink,ferrousMetals,,m-c,0.467435340712779,%,3
OBS,2020,EU27+4,WEEE_generatedDedicated,WEEE_Cat5,heatingCoolingEEEheatSink,,,c-p,0.0032184789218058,%,3
OBS,2020,EU27+4,WEEE_generatedDedicated,WEEE_Cat5,heatingCoolingEEEheatSink,otherMetalsAndMetalAlloys,Ag,e-m,0.597976533213452,%,3
OBS,2020,EU27+4,WEEE_generatedDedicated,WEEE_Cat5,heatingCoolingEEEheatSink,otherMetalsAndMetalAlloys,Al,e-m,0.0617001496437403,%,1
OBS,2020,EU27+4,WEEE_generatedDedicated,WEEE_Cat5,heatingCoolingEEEheatSink,otherMetalsAndMetalAlloys,Dy,e-m,0.340323317142808,%,1
OBS,2020,EU27+4,WEEE_generatedDedicated,WEEE_Cat5,heatingCoolingEEEheatSink,otherMetalsAndMetalAlloys,,m-c,0.0560419775624968,%,2
OBS,2020,EU27+4,WEEE_generatedDedicated,WEEE_Cat5,heatingCoolingEEEheatSink,plastics,Ag,e-m,1,%,2
OBS,2020,EU27+4,WEEE_generatedDedicated,WEEE_Cat5,heatingCoolingEEEheatSink,plastics,,m-c,0.238675729115671,%,2
OBS,2020,EU27+4,WEEE_generatedDedicated,WEEE_Cat5,heatingCoolingEEEheatSink,undefinedAndMixedMaterials,Ag,e-m,1,%,2
OBS,2020,EU27+4,WEEE_generatedDedicated,WEEE_Cat5,heatingCoolingEEEheatSink,undefinedAndMixedMaterials,,m-c,0.147344362699285,%,2
OBS,2020,EU27+4,WEEE_generatedDedicated,WEEE_Cat5,inductor,CuAndCuAlloys,Ag,e-m,0.0837614169755866,%,1
OBS,2020,EU27+4,WEEE_generatedDedicated,WEEE_Cat5,inductor,CuAndCuAlloys,Dy,e-m,0.431555936941524,%,3
OBS,2020,EU27+4,WEEE_generatedDedicated,WEEE_Cat5,inductor,CuAndCuAlloys,Zr,e-m,0.484682646082889,%,3
OBS,2020,EU27+4,WEEE_generatedDedicated,WEEE_Cat5,inductor,CuAndCuAlloys,,m-c,0.139702720090596,%,2
OBS,2020,EU27+4,WEEE_generatedDedicated,WEEE_Cat5,inductor,ferrousMetals,Ag,e-m,0.136627116662268,%,1
OBS,2020,EU27+4,WEEE_generatedDedicated,WEEE_Cat5,inductor,ferrousMetals,Cu,e-m,0.0725346914772268,%,2
OBS,2020,EU27+4,WEEE_generatedDedicated,WEEE_Cat5,inductor,ferrousMetals,Ga,e-m,0.203087065408158,%,2
OBS,2020,EU27+4,WEEE_generatedDedicated,WEEE_Cat5,inductor,ferrousMetals,Mo,e-m,0.234809898480963,%,1
OBS,2020,EU27+4,WEEE_generatedDedicated,WEEE_Cat5,inductor,ferrousMetals,O,e-m,0.218274111136653,%,1
OBS,2020,EU27+4,WEEE_generatedDedicated,WEEE_Cat5,inductor,ferrousMetals,Sm,e-m,0.134667116834731,%,3
OBS,2020,EU27+4,WEEE_generatedDedicated,WEEE_Cat5,inductor,ferrousMetals,,m-c,0.852807624064527,%,1
OBS,2020,EU27+4,WEEE_generatedDedicated,WEEE_Cat5,inductor,,,c-p,0.0034254321576007,%,3
OBS,2020,EU27+4,WEEE_generatedDedicated,WEEE_Cat5,inductor,plastics,Ag,e-m,1,%,3
OBS,2020,EU27+4,WEEE_generatedDedicated,WEEE_Cat5,inductor,plastics,,m-c,0.007489655844877,%,1
OBS,2020,EU27+4,WEEE_generatedDedicated,WEEE_Cat5,insulation,,,c-p,0.0216162191907585,%,2
OBS,2020,EU27+4,WEEE_generatedDedicated,WEEE_Cat5,keyboard,AlAndAlAlloys,Ag,e-m,0.0593741619532565,%,1
OBS,2020,EU27+4,WEEE_generatedDedicated,WEEE_Cat5,keyboard,AlAndAlAlloys,As,e-m,0.250724853748597,%,3
OBS,2020,EU27+4,WEEE_generatedDedicated,WEEE_Cat5,keyboard,AlAndAlAlloys,Cu,e-m,0.118870976004496,%,3
OBS,2020,EU27+4,WEEE_generatedDedicated,WEEE_Cat5,keyboard,AlAndAlAlloys,Ga,e-m,0.0874835667561833,%,3
OBS,2020,EU27+4,WEEE_generatedDedicated,WEEE_Cat5,keyboard,AlAndAlAlloys,Mn,e-m,0.196720348620602,%,2
OBS,2020,EU27+4,WEEE_generatedDedicated,WEEE_Cat5,keyboard,AlAndAlAlloys,Mo,e-m,0.188594094365835,%,3
OBS,2020,EU27+4,WEEE_generatedDedicated,WEEE_Cat5,keyboard,AlAndAlAlloys,Sm,e-m,0.0982319985510316,%,2
OBS,2020,EU27+4,WEEE_generatedDedicated,WEEE_Cat5,keyboard,AlAndAlAlloys,,m-c,0.0650853229148547,%,2
OBS,2020,EU27+4,WEEE_generatedDedicated,WEEE_Cat5,keyboard,CuAndCuAlloys,Ag,e-m,0.23825136235627,%,3
OBS,2020,EU27+4,WEEE_generatedDedicated,WEEE_Cat5,keyboard,CuAndCuAlloys,Dy,e-m,0.295613883119389,%,3
OBS,2020,EU27+4,WEEE_generatedDedicated,WEEE_Cat5,keyboard,CuAndCuAlloys,Zr,e-m,0.466134754524341,%,3
OBS,2020,EU27+4,WEEE_generatedDedicated,WEEE_Cat5,keyboard,CuAndCuAlloys,,m-c,0.142511087189017,%,2
OBS,2020,EU27+4,WEEE_generatedDedicated,WEEE_Cat5,keyboard,ferrousMetals,Ag,e-m,0.0830697108082173,%,3
OBS,2020,EU27+4,WEEE_generatedDedicated,WEEE_Cat5,keyboard,ferrousMetals,Cu,e-m,0.0273766829523143,%,1
OBS,2020,EU27+4,WEEE_generatedDedicated,WEEE_Cat5,keyboard,ferrousMetals,Ga,e-m,0.371880088446343,%,2
OBS,2020,EU27+4,WEEE_generatedDedicated,WEEE_Cat5,keyboard,ferrousMetals,Mo,e-m,0.279230678741882,%,3
OBS,2020,EU27+4,WEEE_generatedDedicated,WEEE_Cat5,keyboard,ferrousMetals,O,e-m,0.0600816135532827,%,2
OBS,2020,EU27+4,WEEE_generatedDedicated,WEEE_Cat5,keyboard,ferrousMetals,Sm,e-m,0.178361225497961,%,1
OBS,2020,EU27+4,WEEE_generatedDedicated,WEEE_Cat5,keyboard,ferrousMetals,,m-c,0.174983976434072,%,2
OBS,2020,EU27+4,WEEE_generatedDedicated,WEEE_Cat5,keyboard,,,c-p,0.0103432324208005,%,3
OBS,2020,EU27+4,WEEE_generatedDedicated,WEEE_Cat5,keyboard,otherMetalsAndMetalAlloys,Ag,e-m,0.132360867320803,%,3
OBS,2020,EU27+4,WEEE_generatedDedicated,WEEE_Cat5,keyboard,otherMetalsAndMetalAlloys,Al,e-m,0.102447808213189,%,1
OBS,2020,EU27+4,WEEE_generatedDedicated,WEEE_Cat5,keyboard,otherMetalsAndMetalAlloys,Dy,e-m,0.765191324466007,%,1
OBS,2020,EU27+4,WEEE_generatedDedicated,WEEE_Cat5,keyboard,otherMetalsAndMetalAlloys,,m-c,0.555840337983737,%,3
OBS,2020,EU27+4,WEEE_generatedDedicated,WEEE_Cat5,keyboard,plastics,Ag,e-m,1,%,1
OBS,2020,EU27+4,WEEE_generatedDedicated,WEEE_Cat5,keyboard,plastics,,m-c,0.0120120303897541,%,1
OBS,2020,EU27+4,WEEE_generatedDedicated,WEEE_Cat5,keyboard,undefinedAndMixedMaterials,Ag,e-m,1,%,3
OBS,2020,EU27+4,WEEE_generatedDedicated,WEEE_Cat5,keyboard,undefinedAndMixedMaterials,,m-c,0.0495672450885649,%,3
OBS,2020,EU27+4,WEEE_generatedDedicated,WEEE_Cat5,knob,AlAndAlAlloys,Ag,e-m,0.0333105568728573,%,2
OBS,2020,EU27+4,WEEE_generatedDedicated,WEEE_Cat5,knob,AlAndAlAlloys,As,e-m,0.187459369065816,%,3
OBS,2020,EU27+4,WEEE_generatedDedicated,WEEE_Cat5,knob,AlAndAlAlloys,Cu,e-m,0.165745900408289,%,2
OBS,2020,EU27+4,WEEE_generatedDedicated,WEEE_Cat5,knob,AlAndAlAlloys,Ga,e-m,0.31402637911782,%,1
OBS,2020,EU27+4,WEEE_generatedDedicated,WEEE_Cat5,knob,AlAndAlAlloys,Mn,e-m,0.200748967140102,%,2
OBS,2020,EU27+4,WEEE_generatedDedicated,WEEE_Cat5,knob,AlAndAlAlloys,Mo,e-m,0.0428814614175367,%,2
OBS,2020,EU27+4,WEEE_generatedDedicated,WEEE_Cat5,knob,AlAndAlAlloys,Sm,e-m,0.0558273659775785,%,1
OBS,2020,EU27+4,WEEE_generatedDedicated,WEEE_Cat5,knob,AlAndAlAlloys,,m-c,0.51855485208439,%,1
OBS,2020,EU27+4,WEEE_generatedDedicated,WEEE_Cat5,knob,ferrousMetals,Ag,e-m,0.236501003618629,%,3
OBS,2020,EU27+4,WEEE_generatedDedicated,WEEE_Cat5,knob,ferrousMetals,Ca,e-m,0.249124933140055,%,1
OBS,2020,EU27+4,WEEE_generatedDedicated,WEEE_Cat5,knob,ferrousMetals,Ga,e-m,0.394218731920713,%,1
OBS,2020,EU27+4,WEEE_generatedDedicated,WEEE_Cat5,knob,ferrousMetals,Mo,e-m,0.0782642690761922,%,2
OBS,2020,EU27+4,WEEE_generatedDedicated,WEEE_Cat5,knob,ferrousMetals,Sm,e-m,0.0418910622444108,%,2
OBS,2020,EU27+4,WEEE_generatedDedicated,WEEE_Cat5,knob,ferrousMetals,,m-c,0.301254435875898,%,3
OBS,2020,EU27+4,WEEE_generatedDedicated,WEEE_Cat5,knob,,,c-p,0.0185054302590969,%,2
OBS,2020,EU27+4,WEEE_generatedDedicated,WEEE_Cat5,knob,plastics,Ag,e-m,1,%,2
OBS,2020,EU27+4,WEEE_generatedDedicated,WEEE_Cat5,knob,plastics,,m-c,0.180190712039712,%,1
OBS,2020,EU27+4,WEEE_generatedDedicated,WEEE_Cat5,lenseAssembly,AlAndAlAlloys,Ag,e-m,0.382393546773603,%,3
OBS,2020,EU27+4,WEEE_generatedDedicated,WEEE_Cat5,lenseAssembly,AlAndAlAlloys,As,e-m,0.108392402139493,%,2
OBS,2020,EU27+4,WEEE_generatedDedicated,WEEE_Cat5,lenseAssembly,AlAndAlAlloys,Cu,e-m,0.0375879713555252,%,3
OBS,2020,EU27+4,WEEE_generatedDedicated,WEEE_Cat5,lenseAssembly,AlAndAlAlloys,Ga,e-m,0.216731817733703,%,2
OBS,2020,EU27+4,WEEE_generatedDedicated,WEEE_Cat5,lenseAssembly,AlAndAlAlloys,Mn,e-m,0.0319318434067939,%,3
OBS,2020,EU27+4,WEEE_generatedDedicated,WEEE_Cat5,lenseAssembly,AlAndAlAlloys,Mo,e-m,0.184083463142244,%,1
OBS,2020,EU27+4,WEEE_generatedDedicated,WEEE_Cat5,lenseAssembly,AlAndAlAlloys,Sm,e-m,0.0388789554486379,%,2
OBS,2020,EU27+4,WEEE_generatedDedicated,WEEE_Cat5,lenseAssembly,AlAndAlAlloys,,m-c,0.10768945258814,%,1
OBS,2020,EU27+4,WEEE_generatedDedicated,WEEE_Cat5,lenseAssembly,CuAndCuAlloys,Ag,e-m,0.33459392459439,%,2
OBS,2020,EU27+4,WEEE_generatedDedicated,WEEE_Cat5,lenseAssembly,CuAndCuAlloys,Dy,e-m,0.0088626632462572,%,3
OBS,2020,EU27+4,WEEE_generatedDedicated,WEEE_Cat5,lenseAssembly,CuAndCuAlloys,Zr,e-m,0.656543412159352,%,2
OBS,2020,EU27+4,WEEE_generatedDedicated,WEEE_Cat5,lenseAssembly,CuAndCuAlloys,,m-c,0.331249218802978,%,2
OBS,2020,EU27+4,WEEE_generatedDedicated,WEEE_Cat5,lenseAssembly,ferrousMetals,Ag,e-m,0.107694426478809,%,2
OBS,2020,EU27+4,WEEE_generatedDedicated,WEEE_Cat5,lenseAssembly,ferrousMetals,Cu,e-m,0.20833871448294,%,3
OBS,2020,EU27+4,WEEE_generatedDedicated,WEEE_Cat5,lenseAssembly,ferrousMetals,Ga,e-m,0.285260846423365,%,1
OBS,2020,EU27+4,WEEE_generatedDedicated,WEEE_Cat5,lenseAssembly,ferrousMetals,Mo,e-m,0.0949413625818027,%,1
OBS,2020,EU27+4,WEEE_generatedDedicated,WEEE_Cat5,lenseAssembly,ferrousMetals,O,e-m,0.300961145082536,%,3
OBS,2020,EU27+4,WEEE_generatedDedicated,WEEE_Cat5,lenseAssembly,ferrousMetals,Sm,e-m,0.0028035049505471,%,2
OBS,2020,EU27+4,WEEE_generatedDedicated,WEEE_Cat5,lenseAssembly,ferrousMetals,,m-c,0.12148050506212,%,2
OBS,2020,EU27+4,WEEE_generatedDedicated,WEEE_Cat5,lenseAssembly,glass,Ag,e-m,0.2817787244467,%,2
OBS,2020,EU27+4,WEEE_generatedDedicated,WEEE_Cat5,lenseAssembly,glass,Pd,e-m,0.586384932916449,%,3
OBS,2020,EU27+4,WEEE_generatedDedicated,WEEE_Cat5,lenseAssembly,glass,Sc,e-m,0.110261927478688,%,1
OBS,2020,EU27+4,WEEE_generatedDedicated,WEEE_Cat5,lenseAssembly,glass,Zr,e-m,0.0215744151581633,%,3
OBS,2020,EU27+4,WEEE_generatedDedicated,WEEE_Cat5,lenseAssembly,glass,,m-c,0.0539276824626475,%,3
OBS,2020,EU27+4,WEEE_generatedDedicated,WEEE_Cat5,lenseAssembly,,,c-p,0.0005891230699648,%,3
OBS,2020,EU27+4,WEEE_generatedDedicated,WEEE_Cat5,lenseAssembly,plastics,Ag,e-m,1,%,3
OBS,2020,EU27+4,WEEE_generatedDedicated,WEEE_Cat5,lenseAssembly,plastics,,m-c,0.226448457494758,%,1
OBS,2020,EU27+4,WEEE_generatedDedicated,WEEE_Cat5,lenseAssembly,undefinedAndMixedMaterials,Ag,e-m,1,%,2
OBS,2020,EU27+4,WEEE_generatedDedicated,WEEE_Cat5,lenseAssembly,undefinedAndMixedMaterials,,m-c,0.159204683589357,%,3
OBS,2020,EU27+4,WEEE_generatedDedicated,WEEE_Cat5,lighting,,,c-p,0.0133070755783818,%,1
OBS,2020,EU27+4,WEEE_generatedDedicated,WEEE_Cat5,lightingFlash,AlAndAlAlloys,Ag,e-m,0.26546630561901,%,2
OBS,2020,EU27+4,WEEE_generatedDedicated,WEEE_Cat5,lightingFlash,AlAndAlAlloys,As,e-m,0.287600825997524,%,3
OBS,2020,EU27+4,WEEE_generatedDedicated,WEEE_Cat5,lightingFlash,AlAndAlAlloys,Cu,e-m,0.0142041344416288,%,3
OBS,2020,EU27+4,WEEE_generatedDedicated,WEEE_Cat5,lightingFlash,AlAndAlAlloys,Ga,e-m,0.0402167829269182,%,1
OBS,2020,EU27+4,WEEE_generatedDedicated,WEEE_Cat5,lightingFlash,AlAndAlAlloys,Mn,e-m,0.0684155037797797,%,1
OBS,2020,EU27+4,WEEE_generatedDedicated,WEEE_Cat5,lightingFlash,AlAndAlAlloys,Mo,e-m,0.207341868432244,%,2
OBS,2020,EU27+4,WEEE_generatedDedicated,WEEE_Cat5,lightingFlash,AlAndAlAlloys,Sm,e-m,0.116754578802895,%,1
OBS,2020,EU27+4,WEEE_generatedDedicated,WEEE_Cat5,lightingFlash,AlAndAlAlloys,,m-c,0.118420115745447,%,2
OBS,2020,EU27+4,WEEE_generatedDedicated,WEEE_Cat5,lightingFlash,CuAndCuAlloys,Ag,e-m,0.0819137924141281,%,3
OBS,2020,EU27+4,WEEE_generatedDedicated,WEEE_Cat5,lightingFlash,CuAndCuAlloys,Dy,e-m,0.877122053785999,%,2
OBS,2020,EU27+4,WEEE_generatedDedicated,WEEE_Cat5,lightingFlash,CuAndCuAlloys,Zr,e-m,0.0409641537998732,%,2
OBS,2020,EU27+4,WEEE_generatedDedicated,WEEE_Cat5,lightingFlash,CuAndCuAlloys,,m-c,0.0943797263816619,%,2
OBS,2020,EU27+4,WEEE_generatedDedicated,WEEE_Cat5,lightingFlash,ferrousMetals,Ag,e-m,0.0493187955220373,%,1
OBS,2020,EU27+4,WEEE_generatedDedicated,WEEE_Cat5,lightingFlash,ferrousMetals,Cu,e-m,0.0983822351077226,%,1
OBS,2020,EU27+4,WEEE_generatedDedicated,WEEE_Cat5,lightingFlash,ferrousMetals,Ga,e-m,0.0436562817190357,%,1
OBS,2020,EU27+4,WEEE_generatedDedicated,WEEE_Cat5,lightingFlash,ferrousMetals,Mo,e-m,0.045182162684796,%,3
OBS,2020,EU27+4,WEEE_generatedDedicated,WEEE_Cat5,lightingFlash,ferrousMetals,O,e-m,0.639603126304582,%,2
OBS,2020,EU27+4,WEEE_generatedDedicated,WEEE_Cat5,lightingFlash,ferrousMetals,Sm,e-m,0.123857398661826,%,1
OBS,2020,EU27+4,WEEE_generatedDedicated,WEEE_Cat5,lightingFlash,ferrousMetals,,m-c,0.26299691264754,%,2
OBS,2020,EU27+4,WEEE_generatedDedicated,WEEE_Cat5,lightingFlash,glass,Ag,e-m,0.789941743719029,%,1
OBS,2020,EU27+4,WEEE_generatedDedicated,WEEE_Cat5,lightingFlash,glass,Pd,e-m,0.10555608870338,%,1
OBS,2020,EU27+4,WEEE_generatedDedicated,WEEE_Cat5,lightingFlash,glass,Sc,e-m,0.0423440419584293,%,1
OBS,2020,EU27+4,WEEE_generatedDedicated,WEEE_Cat5,lightingFlash,glass,Zr,e-m,0.0621581256191613,%,2
OBS,2020,EU27+4,WEEE_generatedDedicated,WEEE_Cat5,lightingFlash,glass,,m-c,0.217972966515767,%,2
OBS,2020,EU27+4,WEEE_generatedDedicated,WEEE_Cat5,lightingFlash,,,c-p,0.0037608128647673,%,3
OBS,2020,EU27+4,WEEE_generatedDedicated,WEEE_Cat5,lightingFlash,plastics,Ag,e-m,1,%,1
OBS,2020,EU27+4,WEEE_generatedDedicated,WEEE_Cat5,lightingFlash,plastics,,m-c,0.182854102252087,%,2
OBS,2020,EU27+4,WEEE_generatedDedicated,WEEE_Cat5,lightingFlash,undefinedAndMixedMaterials,Ag,e-m,1,%,1
OBS,2020,EU27+4,WEEE_generatedDedicated,WEEE_Cat5,lightingFlash,undefinedAndMixedMaterials,,m-c,0.123376176457498,%,2
OBS,2020,EU27+4,WEEE_generatedDedicated,WEEE_Cat5,magnetPermanent,,,c-p,0.0175029462208649,%,3
OBS,2020,EU27+4,WEEE_generatedDedicated,WEEE_Cat5,magnetPermanent,otherOrUndefinedMaterials,Ag,e-m,1,%,3
OBS,2020,EU27+4,WEEE_generatedDedicated,WEEE_Cat5,magnetPermanent,otherOrUndefinedMaterials,,m-c,1,%,3
OBS,2020,EU27+4,WEEE_generatedDedicated,WEEE_Cat5,magnetron,,,c-p,0.0009497944488181,%,2
OBS,2020,EU27+4,WEEE_generatedDedicated,WEEE_Cat5,mainboardInclCPUgpu,AlAndAlAlloys,Ag,e-m,0.0521439076018263,%,2
OBS,2020,EU27+4,WEEE_generatedDedicated,WEEE_Cat5,mainboardInclCPUgpu,AlAndAlAlloys,As,e-m,0.106546665479556,%,3
OBS,2020,EU27+4,WEEE_generatedDedicated,WEEE_Cat5,mainboardInclCPUgpu,AlAndAlAlloys,Cu,e-m,0.123599412868996,%,3
OBS,2020,EU27+4,WEEE_generatedDedicated,WEEE_Cat5,mainboardInclCPUgpu,AlAndAlAlloys,Ga,e-m,0.588434494174243,%,3
OBS,2020,EU27+4,WEEE_generatedDedicated,WEEE_Cat5,mainboardInclCPUgpu,AlAndAlAlloys,Mn,e-m,0.076943748197886,%,2
OBS,2020,EU27+4,WEEE_generatedDedicated,WEEE_Cat5,mainboardInclCPUgpu,AlAndAlAlloys,Mo,e-m,0.0171994516017524,%,1
OBS,2020,EU27+4,WEEE_generatedDedicated,WEEE_Cat5,mainboardInclCPUgpu,AlAndAlAlloys,Sm,e-m,0.0351323200757394,%,2
OBS,2020,EU27+4,WEEE_generatedDedicated,WEEE_Cat5,mainboardInclCPUgpu,AlAndAlAlloys,,m-c,0.376156289838536,%,3
OBS,2020,EU27+4,WEEE_generatedDedicated,WEEE_Cat5,mainboardInclCPUgpu,CuAndCuAlloys,Ag,e-m,0.225552267119594,%,2
OBS,2020,EU27+4,WEEE_generatedDedicated,WEEE_Cat5,mainboardInclCPUgpu,CuAndCuAlloys,Dy,e-m,0.447666781247665,%,3
OBS,2020,EU27+4,WEEE_generatedDedicated,WEEE_Cat5,mainboardInclCPUgpu,CuAndCuAlloys,Zr,e-m,0.326780951632742,%,1
OBS,2020,EU27+4,WEEE_generatedDedicated,WEEE_Cat5,mainboardInclCPUgpu,CuAndCuAlloys,,m-c,0.0260437239183563,%,2
OBS,2020,EU27+4,WEEE_generatedDedicated,WEEE_Cat5,mainboardInclCPUgpu,ferrousMetals,Ag,e-m,0.0744217141351294,%,3
OBS,2020,EU27+4,WEEE_generatedDedicated,WEEE_Cat5,mainboardInclCPUgpu,ferrousMetals,Cu,e-m,0.307754059116778,%,3
OBS,2020,EU27+4,WEEE_generatedDedicated,WEEE_Cat5,mainboardInclCPUgpu,ferrousMetals,Ga,e-m,0.38831119209061,%,3
OBS,2020,EU27+4,WEEE_generatedDedicated,WEEE_Cat5,mainboardInclCPUgpu,ferrousMetals,Mo,e-m,0.177014192699818,%,1
OBS,2020,EU27+4,WEEE_generatedDedicated,WEEE_Cat5,mainboardInclCPUgpu,ferrousMetals,O,e-m,0.0445593133393254,%,1
OBS,2020,EU27+4,WEEE_generatedDedicated,WEEE_Cat5,mainboardInclCPUgpu,ferrousMetals,Sm,e-m,0.0079395286183382,%,1
OBS,2020,EU27+4,WEEE_generatedDedicated,WEEE_Cat5,mainboardInclCPUgpu,ferrousMetals,,m-c,0.0225766771192448,%,3
OBS,2020,EU27+4,WEEE_generatedDedicated,WEEE_Cat5,mainboardInclCPUgpu,,,c-p,0.0425451716667352,%,1
OBS,2020,EU27+4,WEEE_generatedDedicated,WEEE_Cat5,mainboardInclCPUgpu,otherMetalsAndMetalAlloys,Ag,e-m,0.435174899932428,%,3
OBS,2020,EU27+4,WEEE_generatedDedicated,WEEE_Cat5,mainboardInclCPUgpu,otherMetalsAndMetalAlloys,Al,e-m,0.101653083910038,%,2
OBS,2020,EU27+4,WEEE_generatedDedicated,WEEE_Cat5,mainboardInclCPUgpu,otherMetalsAndMetalAlloys,Dy,e-m,0.463172016157534,%,1
OBS,2020,EU27+4,WEEE_generatedDedicated,WEEE_Cat5,mainboardInclCPUgpu,otherMetalsAndMetalAlloys,,m-c,0.0916116894350626,%,2
OBS,2020,EU27+4,WEEE_generatedDedicated,WEEE_Cat5,mainboardInclCPUgpu,plastics,Ag,e-m,1,%,1
OBS,2020,EU27+4,WEEE_generatedDedicated,WEEE_Cat5,mainboardInclCPUgpu,plastics,,m-c,0.33763528250537,%,3
OBS,2020,EU27+4,WEEE_generatedDedicated,WEEE_Cat5,mainboardInclCPUgpu,undefinedAndMixedMaterials,Ag,e-m,1,%,1
OBS,2020,EU27+4,WEEE_generatedDedicated,WEEE_Cat5,mainboardInclCPUgpu,undefinedAndMixedMaterials,,m-c,0.145976337183429,%,1
OBS,2020,EU27+4,WEEE_generatedDedicated,WEEE_Cat5,,,,c-p,0.388662646749431,%,3
OBS,2020,EU27+4,WEEE_generatedDedicated,WEEE_Cat5,non-electricCoil,AlAndAlAlloys,Ag,e-m,0.0558449417051065,%,1
OBS,2020,EU27+4,WEEE_generatedDedicated,WEEE_Cat5,non-electricCoil,AlAndAlAlloys,As,e-m,0.0827153920919919,%,2
OBS,2020,EU27+4,WEEE_generatedDedicated,WEEE_Cat5,non-electricCoil,AlAndAlAlloys,Cu,e-m,0.306976392535102,%,2
OBS,2020,EU27+4,WEEE_generatedDedicated,WEEE_Cat5,non-electricCoil,AlAndAlAlloys,Ga,e-m,0.1943449366233,%,1
OBS,2020,EU27+4,WEEE_generatedDedicated,WEEE_Cat5,non-electricCoil,AlAndAlAlloys,Mn,e-m,0.0361083288293857,%,2
OBS,2020,EU27+4,WEEE_generatedDedicated,WEEE_Cat5,non-electricCoil,AlAndAlAlloys,Mo,e-m,0.315206366200141,%,2
OBS,2020,EU27+4,WEEE_generatedDedicated,WEEE_Cat5,non-electricCoil,AlAndAlAlloys,Sm,e-m,0.0088036420149735,%,3
OBS,2020,EU27+4,WEEE_generatedDedicated,WEEE_Cat5,non-electricCoil,AlAndAlAlloys,,m-c,0.292561691657795,%,2
OBS,2020,EU27+4,WEEE_generatedDedicated,WEEE_Cat5,non-electricCoil,ferrousMetals,Ag,e-m,0.135752002550917,%,2
OBS,2020,EU27+4,WEEE_generatedDedicated,WEEE_Cat5,non-electricCoil,ferrousMetals,Ca,e-m,0.0116889425046791,%,3
OBS,2020,EU27+4,WEEE_generatedDedicated,WEEE_Cat5,non-electricCoil,ferrousMetals,Ga,e-m,0.49638179602362,%,3
OBS,2020,EU27+4,WEEE_generatedDedicated,WEEE_Cat5,non-electricCoil,ferrousMetals,Mo,e-m,0.0404101493954625,%,1
OBS,2020,EU27+4,WEEE_generatedDedicated,WEEE_Cat5,non-electricCoil,ferrousMetals,Sm,e-m,0.315767109525321,%,3
OBS,2020,EU27+4,WEEE_generatedDedicated,WEEE_Cat5,non-electricCoil,ferrousMetals,,m-c,0.139388872140832,%,2
OBS,2020,EU27+4,WEEE_generatedDedicated,WEEE_Cat5,non-electricCoil,,,c-p,0.0082955063101883,%,3
OBS,2020,EU27+4,WEEE_generatedDedicated,WEEE_Cat5,non-electricCoil,plastics,Ag,e-m,1,%,2
OBS,2020,EU27+4,WEEE_generatedDedicated,WEEE_Cat5,non-electricCoil,plastics,,m-c,0.568049436201372,%,2
OBS,2020,EU27+4,WEEE_generatedDedicated,WEEE_Cat5,nonElectricCoil,,,c-p,0.0155464909751733,%,3
OBS,2020,EU27+4,WEEE_generatedDedicated,WEEE_Cat5,onOffSwitch,CuAndCuAlloys,Ag,e-m,0.560881406238318,%,2
OBS,2020,EU27+4,WEEE_generatedDedicated,WEEE_Cat5,onOffSwitch,CuAndCuAlloys,Dy,e-m,0.220003528884867,%,3
OBS,2020,EU27+4,WEEE_generatedDedicated,WEEE_Cat5,onOffSwitch,CuAndCuAlloys,Zr,e-m,0.219115064876815,%,2
OBS,2020,EU27+4,WEEE_generatedDedicated,WEEE_Cat5,onOffSwitch,CuAndCuAlloys,,m-c,0.044882261680783,%,1
OBS,2020,EU27+4,WEEE_generatedDedicated,WEEE_Cat5,onOffSwitch,,,c-p,0.0273673803463122,%,2
OBS,2020,EU27+4,WEEE_generatedDedicated,WEEE_Cat5,onOffSwitch,plastics,Ag,e-m,1,%,3
OBS,2020,EU27+4,WEEE_generatedDedicated,WEEE_Cat5,onOffSwitch,plastics,,m-c,0.955117738319217,%,3
OBS,2020,EU27+4,WEEE_generatedDedicated,WEEE_Cat5,otherElectricCompUnspecified,AlAndAlAlloys,Ag,e-m,0.0915107978473158,%,1
OBS,2020,EU27+4,WEEE_generatedDedicated,WEEE_Cat5,otherElectricCompUnspecified,AlAndAlAlloys,As,e-m,0.41653607651399,%,1
OBS,2020,EU27+4,WEEE_generatedDedicated,WEEE_Cat5,otherElectricCompUnspecified,AlAndAlAlloys,Cu,e-m,0.169183735423428,%,2
OBS,2020,EU27+4,WEEE_generatedDedicated,WEEE_Cat5,otherElectricCompUnspecified,AlAndAlAlloys,Ga,e-m,0.177079231428697,%,1
OBS,2020,EU27+4,WEEE_generatedDedicated,WEEE_Cat5,otherElectricCompUnspecified,AlAndAlAlloys,Mn,e-m,0.100794021839926,%,2
OBS,2020,EU27+4,WEEE_generatedDedicated,WEEE_Cat5,otherElectricCompUnspecified,AlAndAlAlloys,Mo,e-m,0.0128709192816571,%,1
OBS,2020,EU27+4,WEEE_generatedDedicated,WEEE_Cat5,otherElectricCompUnspecified,AlAndAlAlloys,Sm,e-m,0.0320252176649859,%,1
OBS,2020,EU27+4,WEEE_generatedDedicated,WEEE_Cat5,otherElectricCompUnspecified,AlAndAlAlloys,,m-c,0.0316329524299444,%,1
OBS,2020,EU27+4,WEEE_generatedDedicated,WEEE_Cat5,otherElectricCompUnspecified,CuAndCuAlloys,Ag,e-m,0.318427355929028,%,2
OBS,2020,EU27+4,WEEE_generatedDedicated,WEEE_Cat5,otherElectricCompUnspecified,CuAndCuAlloys,Dy,e-m,0.0915935102276014,%,3
OBS,2020,EU27+4,WEEE_generatedDedicated,WEEE_Cat5,otherElectricCompUnspecified,CuAndCuAlloys,Zr,e-m,0.58997913384337,%,1
OBS,2020,EU27+4,WEEE_generatedDedicated,WEEE_Cat5,otherElectricCompUnspecified,CuAndCuAlloys,,m-c,0.149921983634164,%,3
OBS,2020,EU27+4,WEEE_generatedDedicated,WEEE_Cat5,otherElectricCompUnspecified,ferrousMetals,Ag,e-m,0.103979239114578,%,1
OBS,2020,EU27+4,WEEE_generatedDedicated,WEEE_Cat5,otherElectricCompUnspecified,ferrousMetals,Cu,e-m,0.15109395645915,%,2
OBS,2020,EU27+4,WEEE_generatedDedicated,WEEE_Cat5,otherElectricCompUnspecified,ferrousMetals,Ga,e-m,0.164607089696142,%,1
OBS,2020,EU27+4,WEEE_generatedDedicated,WEEE_Cat5,otherElectricCompUnspecified,ferrousMetals,Mo,e-m,0.168676037148954,%,2
OBS,2020,EU27+4,WEEE_generatedDedicated,WEEE_Cat5,otherElectricCompUnspecified,ferrousMetals,O,e-m,0.093239712194069,%,1
OBS,2020,EU27+4,WEEE_generatedDedicated,WEEE_Cat5,otherElectricCompUnspecified,ferrousMetals,Sm,e-m,0.318403965387106,%,3
OBS,2020,EU27+4,WEEE_generatedDedicated,WEEE_Cat5,otherElectricCompUnspecified,ferrousMetals,,m-c,0.187005211315053,%,3
OBS,2020,EU27+4,WEEE_generatedDedicated,WEEE_Cat5,otherElectricCompUnspecified,glass,Ag,e-m,0.190259361191211,%,1
OBS,2020,EU27+4,WEEE_generatedDedicated,WEEE_Cat5,otherElectricCompUnspecified,glass,Pd,e-m,0.0220392548029079,%,1
OBS,2020,EU27+4,WEEE_generatedDedicated,WEEE_Cat5,otherElectricCompUnspecified,glass,Sc,e-m,0.768011933482993,%,2
OBS,2020,EU27+4,WEEE_generatedDedicated,WEEE_Cat5,otherElectricCompUnspecified,glass,Zr,e-m,0.0196894505228888,%,3
OBS,2020,EU27+4,WEEE_generatedDedicated,WEEE_Cat5,otherElectricCompUnspecified,glass,,m-c,0.127599903395606,%,3
OBS,2020,EU27+4,WEEE_generatedDedicated,WEEE_Cat5,otherElectricCompUnspecified,,,c-p,0.0172070179598607,%,2
OBS,2020,EU27+4,WEEE_generatedDedicated,WEEE_Cat5,otherElectricCompUnspecified,otherMetalsAndMetalAlloys,Ag,e-m,0.0739994490027231,%,2
OBS,2020,EU27+4,WEEE_generatedDedicated,WEEE_Cat5,otherElectricCompUnspecified,otherMetalsAndMetalAlloys,Al,e-m,0.207458418530492,%,1
OBS,2020,EU27+4,WEEE_generatedDedicated,WEEE_Cat5,otherElectricCompUnspecified,otherMetalsAndMetalAlloys,Dy,e-m,0.718542132466785,%,1
OBS,2020,EU27+4,WEEE_generatedDedicated,WEEE_Cat5,otherElectricCompUnspecified,otherMetalsAndMetalAlloys,,m-c,0.0415264928348268,%,3
OBS,2020,EU27+4,WEEE_generatedDedicated,WEEE_Cat5,otherElectricCompUnspecified,otherOrUndefinedMaterials,Ag,e-m,1,%,2
OBS,2020,EU27+4,WEEE_generatedDedicated,WEEE_Cat5,otherElectricCompUnspecified,otherOrUndefinedMaterials,,m-c,0.399562917741356,%,2
OBS,2020,EU27+4,WEEE_generatedDedicated,WEEE_Cat5,otherElectricCompUnspecified,plastics,Ag,e-m,1,%,3
OBS,2020,EU27+4,WEEE_generatedDedicated,WEEE_Cat5,otherElectricCompUnspecified,plastics,,m-c,0.0099292582186533,%,2
OBS,2020,EU27+4,WEEE_generatedDedicated,WEEE_Cat5,otherElectricCompUnspecified,undefinedAndMixedMaterials,Ag,e-m,1,%,3
OBS,2020,EU27+4,WEEE_generatedDedicated,WEEE_Cat5,otherElectricCompUnspecified,undefinedAndMixedMaterials,,m-c,0.0528212804303968,%,1
OBS,2020,EU27+4,WEEE_generatedDedicated,WEEE_Cat5,otherNonElectricCompUnspecified,AlAndAlAlloys,Ag,e-m,0.596326810220549,%,1
OBS,2020,EU27+4,WEEE_generatedDedicated,WEEE_Cat5,otherNonElectricCompUnspecified,AlAndAlAlloys,As,e-m,0.146607863988002,%,1
OBS,2020,EU27+4,WEEE_generatedDedicated,WEEE_Cat5,otherNonElectricCompUnspecified,AlAndAlAlloys,Cu,e-m,0.112865823357855,%,2
OBS,2020,EU27+4,WEEE_generatedDedicated,WEEE_Cat5,otherNonElectricCompUnspecified,AlAndAlAlloys,Ga,e-m,0.0034895627067094,%,2
OBS,2020,EU27+4,WEEE_generatedDedicated,WEEE_Cat5,otherNonElectricCompUnspecified,AlAndAlAlloys,Mn,e-m,0.0743187976018003,%,3
OBS,2020,EU27+4,WEEE_generatedDedicated,WEEE_Cat5,otherNonElectricCompUnspecified,AlAndAlAlloys,Mo,e-m,0.0005235163044518,%,1
OBS,2020,EU27+4,WEEE_generatedDedicated,WEEE_Cat5,otherNonElectricCompUnspecified,AlAndAlAlloys,Sm,e-m,0.0658676258206325,%,1
OBS,2020,EU27+4,WEEE_generatedDedicated,WEEE_Cat5,otherNonElectricCompUnspecified,AlAndAlAlloys,,m-c,0.162723187291198,%,2
OBS,2020,EU27+4,WEEE_generatedDedicated,WEEE_Cat5,otherNonElectricCompUnspecified,CuAndCuAlloys,Ag,e-m,0.217391055415959,%,1
OBS,2020,EU27+4,WEEE_generatedDedicated,WEEE_Cat5,otherNonElectricCompUnspecified,CuAndCuAlloys,As,e-m,0.0622318331294007,%,1
OBS,2020,EU27+4,WEEE_generatedDedicated,WEEE_Cat5,otherNonElectricCompUnspecified,CuAndCuAlloys,Cu,e-m,0.109583929949817,%,3
OBS,2020,EU27+4,WEEE_generatedDedicated,WEEE_Cat5,otherNonElectricCompUnspecified,CuAndCuAlloys,Dy,e-m,0.11949609154159,%,3
OBS,2020,EU27+4,WEEE_generatedDedicated,WEEE_Cat5,otherNonElectricCompUnspecified,CuAndCuAlloys,Ga,e-m,0.0601267977216829,%,3
OBS,2020,EU27+4,WEEE_generatedDedicated,WEEE_Cat5,otherNonElectricCompUnspecified,CuAndCuAlloys,Mn,e-m,0.104231929721166,%,3
OBS,2020,EU27+4,WEEE_generatedDedicated,WEEE_Cat5,otherNonElectricCompUnspecified,CuAndCuAlloys,Mo,e-m,0.0676077609720511,%,1
OBS,2020,EU27+4,WEEE_generatedDedicated,WEEE_Cat5,otherNonElectricCompUnspecified,CuAndCuAlloys,Sm,e-m,0.0415774262549685,%,2
OBS,2020,EU27+4,WEEE_generatedDedicated,WEEE_Cat5,otherNonElectricCompUnspecified,CuAndCuAlloys,Zr,e-m,0.217753175293364,%,2
OBS,2020,EU27+4,WEEE_generatedDedicated,WEEE_Cat5,otherNonElectricCompUnspecified,CuAndCuAlloys,,m-c,0.0203523329018279,%,3
OBS,2020,EU27+4,WEEE_generatedDedicated,WEEE_Cat5,otherNonElectricCompUnspecified,ferrousMetals,Ag,e-m,0.115189478613759,%,2
OBS,2020,EU27+4,WEEE_generatedDedicated,WEEE_Cat5,otherNonElectricCompUnspecified,ferrousMetals,Ca,e-m,0.047183512306528,%,3
OBS,2020,EU27+4,WEEE_generatedDedicated,WEEE_Cat5,otherNonElectricCompUnspecified,ferrousMetals,Cu,e-m,0.0658922143731543,%,3
OBS,2020,EU27+4,WEEE_generatedDedicated,WEEE_Cat5,otherNonElectricCompUnspecified,ferrousMetals,Ga,e-m,0.436275283027207,%,1
OBS,2020,EU27+4,WEEE_generatedDedicated,WEEE_Cat5,otherNonElectricCompUnspecified,ferrousMetals,Mo,e-m,0.0416768368041694,%,3
OBS,2020,EU27+4,WEEE_generatedDedicated,WEEE_Cat5,otherNonElectricCompUnspecified,ferrousMetals,O,e-m,0.0375289675404532,%,3
OBS,2020,EU27+4,WEEE_generatedDedicated,WEEE_Cat5,otherNonElectricCompUnspecified,ferrousMetals,Sm,e-m,0.256253707334729,%,1
OBS,2020,EU27+4,WEEE_generatedDedicated,WEEE_Cat5,otherNonElectricCompUnspecified,ferrousMetals,,m-c,0.190479644215794,%,3
OBS,2020,EU27+4,WEEE_generatedDedicated,WEEE_Cat5,otherNonElectricCompUnspecified,,,c-p,0.011204747937491,%,2
OBS,2020,EU27+4,WEEE_generatedDedicated,WEEE_Cat5,otherNonElectricCompUnspecified,plastics,Ag,e-m,1,%,3
OBS,2020,EU27+4,WEEE_generatedDedicated,WEEE_Cat5,otherNonElectricCompUnspecified,plastics,,m-c,0.44078709737083,%,1
OBS,2020,EU27+4,WEEE_generatedDedicated,WEEE_Cat5,otherNonElectricCompUnspecified,steelAndSteelAlloys,Ag,e-m,0.11207481530098,%,3
OBS,2020,EU27+4,WEEE_generatedDedicated,WEEE_Cat5,otherNonElectricCompUnspecified,steelAndSteelAlloys,Cu,e-m,0.0002276597201608,%,3
OBS,2020,EU27+4,WEEE_generatedDedicated,WEEE_Cat5,otherNonElectricCompUnspecified,steelAndSteelAlloys,Ga,e-m,0.0300685939489342,%,3
OBS,2020,EU27+4,WEEE_generatedDedicated,WEEE_Cat5,otherNonElectricCompUnspecified,steelAndSteelAlloys,Mo,e-m,0.0592755752011328,%,2
OBS,2020,EU27+4,WEEE_generatedDedicated,WEEE_Cat5,otherNonElectricCompUnspecified,steelAndSteelAlloys,O,e-m,0.22523461199354,%,1
OBS,2020,EU27+4,WEEE_generatedDedicated,WEEE_Cat5,otherNonElectricCompUnspecified,steelAndSteelAlloys,Sm,e-m,0.573118743835252,%,2
OBS,2020,EU27+4,WEEE_generatedDedicated,WEEE_Cat5,otherNonElectricCompUnspecified,steelAndSteelAlloys,,m-c,0.0150346801262785,%,1
OBS,2020,EU27+4,WEEE_generatedDedicated,WEEE_Cat5,otherNonElectricCompUnspecified,undefinedAndMixedMaterials,Ag,e-m,1,%,3
OBS,2020,EU27+4,WEEE_generatedDedicated,WEEE_Cat5,otherNonElectricCompUnspecified,undefinedAndMixedMaterials,,m-c,0.170623058094071,%,3
OBS,2020,EU27+4,WEEE_generatedDedicated,WEEE_Cat5,passiveJunctionBox,CuAndCuAlloys,Ag,e-m,0.431095632732724,%,2
OBS,2020,EU27+4,WEEE_generatedDedicated,WEEE_Cat5,passiveJunctionBox,CuAndCuAlloys,Dy,e-m,0.0128153782655455,%,3
OBS,2020,EU27+4,WEEE_generatedDedicated,WEEE_Cat5,passiveJunctionBox,CuAndCuAlloys,Sr,e-m,0.231493227147901,%,1
OBS,2020,EU27+4,WEEE_generatedDedicated,WEEE_Cat5,passiveJunctionBox,CuAndCuAlloys,Zr,e-m,0.32459576185383,%,2
OBS,2020,EU27+4,WEEE_generatedDedicated,WEEE_Cat5,passiveJunctionBox,CuAndCuAlloys,,m-c,0.054077832940681,%,1
OBS,2020,EU27+4,WEEE_generatedDedicated,WEEE_Cat5,passiveJunctionBox,,,c-p,0.0053530418711287,%,1
OBS,2020,EU27+4,WEEE_generatedDedicated,WEEE_Cat5,passiveJunctionBox,otherOrUndefinedMaterials,Ag,e-m,1,%,2
OBS,2020,EU27+4,WEEE_generatedDedicated,WEEE_Cat5,passiveJunctionBox,otherOrUndefinedMaterials,,m-c,0.210273259727701,%,3
OBS,2020,EU27+4,WEEE_generatedDedicated,WEEE_Cat5,passiveJunctionBox,plastics,Ag,e-m,1,%,3
OBS,2020,EU27+4,WEEE_generatedDedicated,WEEE_Cat5,passiveJunctionBox,plastics,,m-c,0.735648907331618,%,1
OBS,2020,EU27+4,WEEE_generatedDedicated,WEEE_Cat5,pcbWEEECat,,,c-p,0.0227100199042075,%,2
OBS,2020,EU27+4,WEEE_generatedDedicated,WEEE_Cat5,pcbWEEECat,plastics,Ag,e-m,1,%,2
OBS,2020,EU27+4,WEEE_generatedDedicated,WEEE_Cat5,pcbWEEECat,plastics,,m-c,1,%,3
OBS,2020,EU27+4,WEEE_generatedDedicated,WEEE_Cat5,plug,,,c-p,0.0187535397673583,%,2
OBS,2020,EU27+4,WEEE_generatedDedicated,WEEE_Cat5,powerSupply,AlAndAlAlloys,Ag,e-m,0.0508450952727359,%,1
OBS,2020,EU27+4,WEEE_generatedDedicated,WEEE_Cat5,powerSupply,AlAndAlAlloys,As,e-m,0.0853313397019245,%,3
OBS,2020,EU27+4,WEEE_generatedDedicated,WEEE_Cat5,powerSupply,AlAndAlAlloys,Cu,e-m,0.390594348306228,%,1
OBS,2020,EU27+4,WEEE_generatedDedicated,WEEE_Cat5,powerSupply,AlAndAlAlloys,Ga,e-m,0.0561390668589613,%,1
OBS,2020,EU27+4,WEEE_generatedDedicated,WEEE_Cat5,powerSupply,AlAndAlAlloys,Mn,e-m,0.0198033196157351,%,3
OBS,2020,EU27+4,WEEE_generatedDedicated,WEEE_Cat5,powerSupply,AlAndAlAlloys,Mo,e-m,0.0149399307441017,%,3
OBS,2020,EU27+4,WEEE_generatedDedicated,WEEE_Cat5,powerSupply,AlAndAlAlloys,Sm,e-m,0.382346899500313,%,2
OBS,2020,EU27+4,WEEE_generatedDedicated,WEEE_Cat5,powerSupply,AlAndAlAlloys,,m-c,0.343426035286762,%,1
OBS,2020,EU27+4,WEEE_generatedDedicated,WEEE_Cat5,powerSupply,CuAndCuAlloys,Ag,e-m,0.079374872477409,%,3
OBS,2020,EU27+4,WEEE_generatedDedicated,WEEE_Cat5,powerSupply,CuAndCuAlloys,Dy,e-m,0.561451725475878,%,2
OBS,2020,EU27+4,WEEE_generatedDedicated,WEEE_Cat5,powerSupply,CuAndCuAlloys,Zr,e-m,0.359173402046713,%,3
OBS,2020,EU27+4,WEEE_generatedDedicated,WEEE_Cat5,powerSupply,CuAndCuAlloys,,m-c,0.304171049226917,%,3
OBS,2020,EU27+4,WEEE_generatedDedicated,WEEE_Cat5,powerSupply,ferrousMetals,Ag,e-m,0.241084437845655,%,2
OBS,2020,EU27+4,WEEE_generatedDedicated,WEEE_Cat5,powerSupply,ferrousMetals,Cu,e-m,0.363162359976154,%,2
OBS,2020,EU27+4,WEEE_generatedDedicated,WEEE_Cat5,powerSupply,ferrousMetals,Ga,e-m,0.0758016401765136,%,2
OBS,2020,EU27+4,WEEE_generatedDedicated,WEEE_Cat5,powerSupply,ferrousMetals,Mo,e-m,0.0273793206115619,%,1
OBS,2020,EU27+4,WEEE_generatedDedicated,WEEE_Cat5,powerSupply,ferrousMetals,O,e-m,0.1884815920267,%,3
OBS,2020,EU27+4,WEEE_generatedDedicated,WEEE_Cat5,powerSupply,ferrousMetals,Sm,e-m,0.104090649363415,%,1
OBS,2020,EU27+4,WEEE_generatedDedicated,WEEE_Cat5,powerSupply,ferrousMetals,,m-c,0.0285689250236499,%,3
OBS,2020,EU27+4,WEEE_generatedDedicated,WEEE_Cat5,powerSupply,,,c-p,0.0088578209256251,%,3
OBS,2020,EU27+4,WEEE_generatedDedicated,WEEE_Cat5,powerSupply,otherMetalsAndMetalAlloys,Ag,e-m,0.435827257681883,%,2
OBS,2020,EU27+4,WEEE_generatedDedicated,WEEE_Cat5,powerSupply,otherMetalsAndMetalAlloys,Al,e-m,0.15569337640602,%,3
OBS,2020,EU27+4,WEEE_generatedDedicated,WEEE_Cat5,powerSupply,otherMetalsAndMetalAlloys,Dy,e-m,0.408479365912097,%,1
OBS,2020,EU27+4,WEEE_generatedDedicated,WEEE_Cat5,powerSupply,otherMetalsAndMetalAlloys,,m-c,0.247528832536934,%,3
OBS,2020,EU27+4,WEEE_generatedDedicated,WEEE_Cat5,powerSupply,plastics,Ag,e-m,1,%,3
OBS,2020,EU27+4,WEEE_generatedDedicated,WEEE_Cat5,powerSupply,plastics,,m-c,0.0502562547136567,%,3
OBS,2020,EU27+4,WEEE_generatedDedicated,WEEE_Cat5,powerSupply,undefinedAndMixedMaterials,Ag,e-m,1,%,2
OBS,2020,EU27+4,WEEE_generatedDedicated,WEEE_Cat5,powerSupply,undefinedAndMixedMaterials,,m-c,0.0260489032120793,%,3
OBS,2020,EU27+4,WEEE_generatedDedicated,WEEE_Cat5,printedCircuitBoard,,,c-p,0.0051688305019453,%,3
OBS,2020,EU27+4,WEEE_generatedDedicated,WEEE_Cat5,pump,ironWroughtAndCast,Ag,e-m,0.149429650940443,%,2
OBS,2020,EU27+4,WEEE_generatedDedicated,WEEE_Cat5,pump,ironWroughtAndCast,Ca,e-m,0.180137924781372,%,1
OBS,2020,EU27+4,WEEE_generatedDedicated,WEEE_Cat5,pump,ironWroughtAndCast,Ga,e-m,0.211289128670494,%,3
OBS,2020,EU27+4,WEEE_generatedDedicated,WEEE_Cat5,pump,ironWroughtAndCast,Mo,e-m,0.452454915369145,%,1
OBS,2020,EU27+4,WEEE_generatedDedicated,WEEE_Cat5,pump,ironWroughtAndCast,Sm,e-m,0.0066883802385458,%,2
OBS,2020,EU27+4,WEEE_generatedDedicated,WEEE_Cat5,pump,ironWroughtAndCast,,m-c,0.546286945984601,%,1
OBS,2020,EU27+4,WEEE_generatedDedicated,WEEE_Cat5,pump,,,c-p,0.0051929088303427,%,3
OBS,2020,EU27+4,WEEE_generatedDedicated,WEEE_Cat5,pump,steelAndSteelAlloys,Ag,e-m,0.005000510113655,%,3
OBS,2020,EU27+4,WEEE_generatedDedicated,WEEE_Cat5,pump,steelAndSteelAlloys,Cu,e-m,0.179214536197434,%,1
OBS,2020,EU27+4,WEEE_generatedDedicated,WEEE_Cat5,pump,steelAndSteelAlloys,Ga,e-m,0.506393066387332,%,2
OBS,2020,EU27+4,WEEE_generatedDedicated,WEEE_Cat5,pump,steelAndSteelAlloys,Mo,e-m,0.0307659880576654,%,2
OBS,2020,EU27+4,WEEE_generatedDedicated,WEEE_Cat5,pump,steelAndSteelAlloys,O,e-m,0.237037880557268,%,3
OBS,2020,EU27+4,WEEE_generatedDedicated,WEEE_Cat5,pump,steelAndSteelAlloys,Sm,e-m,0.0415880186866456,%,1
OBS,2020,EU27+4,WEEE_generatedDedicated,WEEE_Cat5,pump,steelAndSteelAlloys,,m-c,0.453713054015399,%,1
OBS,2020,EU27+4,WEEE_generatedDedicated,WEEE_Cat5,refrigerant,,,c-p,0.0060017207227906,%,3
OBS,2020,EU27+4,WEEE_generatedDedicated,WEEE_Cat5,refrigerant,otherOrUndefinedMaterials,Ag,e-m,1,%,2
OBS,2020,EU27+4,WEEE_generatedDedicated,WEEE_Cat5,refrigerant,otherOrUndefinedMaterials,,m-c,1,%,1
OBS,2020,EU27+4,WEEE_generatedDedicated,WEEE_Cat5,remoteControl,AlAndAlAlloys,Ag,e-m,0.298945261661941,%,1
OBS,2020,EU27+4,WEEE_generatedDedicated,WEEE_Cat5,remoteControl,AlAndAlAlloys,As,e-m,0.0194496282764201,%,2
OBS,2020,EU27+4,WEEE_generatedDedicated,WEEE_Cat5,remoteControl,AlAndAlAlloys,Cu,e-m,0.0463107340872522,%,1
OBS,2020,EU27+4,WEEE_generatedDedicated,WEEE_Cat5,remoteControl,AlAndAlAlloys,Ga,e-m,0.345042745027244,%,2
OBS,2020,EU27+4,WEEE_generatedDedicated,WEEE_Cat5,remoteControl,AlAndAlAlloys,Mn,e-m,0.191821593164997,%,3
OBS,2020,EU27+4,WEEE_generatedDedicated,WEEE_Cat5,remoteControl,AlAndAlAlloys,Mo,e-m,0.058885834870671,%,2
OBS,2020,EU27+4,WEEE_generatedDedicated,WEEE_Cat5,remoteControl,AlAndAlAlloys,Sm,e-m,0.0395442029114748,%,1
OBS,2020,EU27+4,WEEE_generatedDedicated,WEEE_Cat5,remoteControl,AlAndAlAlloys,,m-c,0.324922572644771,%,3
OBS,2020,EU27+4,WEEE_generatedDedicated,WEEE_Cat5,remoteControl,CuAndCuAlloys,Ag,e-m,0.576951224981176,%,2
OBS,2020,EU27+4,WEEE_generatedDedicated,WEEE_Cat5,remoteControl,CuAndCuAlloys,Dy,e-m,0.0648029055436092,%,3
OBS,2020,EU27+4,WEEE_generatedDedicated,WEEE_Cat5,remoteControl,CuAndCuAlloys,Zr,e-m,0.358245869475215,%,2
OBS,2020,EU27+4,WEEE_generatedDedicated,WEEE_Cat5,remoteControl,CuAndCuAlloys,,m-c,0.210978036680815,%,3
OBS,2020,EU27+4,WEEE_generatedDedicated,WEEE_Cat5,remoteControl,ferrousMetals,Ag,e-m,0.201781283913937,%,1
OBS,2020,EU27+4,WEEE_generatedDedicated,WEEE_Cat5,remoteControl,ferrousMetals,Cu,e-m,0.241952599826006,%,3
OBS,2020,EU27+4,WEEE_generatedDedicated,WEEE_Cat5,remoteControl,ferrousMetals,Ga,e-m,0.0253388926008714,%,2
OBS,2020,EU27+4,WEEE_generatedDedicated,WEEE_Cat5,remoteControl,ferrousMetals,Mo,e-m,0.262155732800222,%,3
OBS,2020,EU27+4,WEEE_generatedDedicated,WEEE_Cat5,remoteControl,ferrousMetals,O,e-m,0.0081152465375388,%,2
OBS,2020,EU27+4,WEEE_generatedDedicated,WEEE_Cat5,remoteControl,ferrousMetals,Sm,e-m,0.260656244321425,%,3
OBS,2020,EU27+4,WEEE_generatedDedicated,WEEE_Cat5,remoteControl,ferrousMetals,,m-c,0.135619059488398,%,2
OBS,2020,EU27+4,WEEE_generatedDedicated,WEEE_Cat5,remoteControl,,,c-p,0.0008144877017544,%,2
OBS,2020,EU27+4,WEEE_generatedDedicated,WEEE_Cat5,remoteControl,otherOrUndefinedMaterials,Ag,e-m,1,%,2
OBS,2020,EU27+4,WEEE_generatedDedicated,WEEE_Cat5,remoteControl,otherOrUndefinedMaterials,,m-c,0.0795013326089587,%,1
OBS,2020,EU27+4,WEEE_generatedDedicated,WEEE_Cat5,remoteControl,plastics,Ag,e-m,1,%,1
OBS,2020,EU27+4,WEEE_generatedDedicated,WEEE_Cat5,remoteControl,plastics,,m-c,0.224196428156169,%,3
OBS,2020,EU27+4,WEEE_generatedDedicated,WEEE_Cat5,remoteControl,undefinedAndMixedMaterials,Ag,e-m,1,%,2
OBS,2020,EU27+4,WEEE_generatedDedicated,WEEE_Cat5,remoteControl,undefinedAndMixedMaterials,,m-c,0.0247825704208883,%,3
OBS,2020,EU27+4,WEEE_generatedDedicated,WEEE_Cat5,resistor,,,c-p,0.0054775641789711,%,2
OBS,2020,EU27+4,WEEE_generatedDedicated,WEEE_Cat5,rotor,ferrousMetals,Ag,e-m,0.0467331326693571,%,1
OBS,2020,EU27+4,WEEE_generatedDedicated,WEEE_Cat5,rotor,ferrousMetals,Cu,e-m,0.241621870928579,%,1
OBS,2020,EU27+4,WEEE_generatedDedicated,WEEE_Cat5,rotor,ferrousMetals,Ga,e-m,0.0584755797029956,%,3
OBS,2020,EU27+4,WEEE_generatedDedicated,WEEE_Cat5,rotor,ferrousMetals,Mo,e-m,0.123379003996175,%,1
OBS,2020,EU27+4,WEEE_generatedDedicated,WEEE_Cat5,rotor,ferrousMetals,O,e-m,0.0691174602535339,%,1
OBS,2020,EU27+4,WEEE_generatedDedicated,WEEE_Cat5,rotor,ferrousMetals,Sm,e-m,0.46067295244936,%,2
OBS,2020,EU27+4,WEEE_generatedDedicated,WEEE_Cat5,rotor,ferrousMetals,,m-c,0.505420522184182,%,2
OBS,2020,EU27+4,WEEE_generatedDedicated,WEEE_Cat5,rotor,,,c-p,0.0152155294704927,%,2
OBS,2020,EU27+4,WEEE_generatedDedicated,WEEE_Cat5,rotor,plastics,Ag,e-m,1,%,1
OBS,2020,EU27+4,WEEE_generatedDedicated,WEEE_Cat5,rotor,plastics,,m-c,0.494579477815818,%,2
OBS,2020,EU27+4,WEEE_generatedDedicated,WEEE_Cat5,screw,CuAndCuAlloys,Ag,e-m,0.343515195711462,%,2
OBS,2020,EU27+4,WEEE_generatedDedicated,WEEE_Cat5,screw,CuAndCuAlloys,Dy,e-m,0.426702281835684,%,3
OBS,2020,EU27+4,WEEE_generatedDedicated,WEEE_Cat5,screw,CuAndCuAlloys,Zr,e-m,0.229782522452854,%,1
OBS,2020,EU27+4,WEEE_generatedDedicated,WEEE_Cat5,screw,CuAndCuAlloys,,m-c,0.213687872172796,%,2
OBS,2020,EU27+4,WEEE_generatedDedicated,WEEE_Cat5,screw,ferrousMetals,Ag,e-m,0.0974240449269418,%,1
OBS,2020,EU27+4,WEEE_generatedDedicated,WEEE_Cat5,screw,ferrousMetals,Ca,e-m,0.108094244064195,%,2
OBS,2020,EU27+4,WEEE_generatedDedicated,WEEE_Cat5,screw,ferrousMetals,Ga,e-m,0.181357623869265,%,3
OBS,2020,EU27+4,WEEE_generatedDedicated,WEEE_Cat5,screw,ferrousMetals,Mo,e-m,0.465266118102166,%,3
OBS,2020,EU27+4,WEEE_generatedDedicated,WEEE_Cat5,screw,ferrousMetals,Sm,e-m,0.147857969037431,%,3
OBS,2020,EU27+4,WEEE_generatedDedicated,WEEE_Cat5,screw,ferrousMetals,,m-c,0.786312127827204,%,2
OBS,2020,EU27+4,WEEE_generatedDedicated,WEEE_Cat5,screw,,,c-p,0.0003684309318049,%,3
OBS,2020,EU27+4,WEEE_generatedDedicated,WEEE_Cat5,sensorUnspecified,ferrousMetals,,m-c,0.895839564156095,%,1
OBS,2020,EU27+4,WEEE_generatedDedicated,WEEE_Cat5,sensorUnspecified,,,c-p,0.0014122519850714,%,1
OBS,2020,EU27+4,WEEE_generatedDedicated,WEEE_Cat5,sensorUnspecified,plastics,,m-c,0.104160435843905,%,2
OBS,2020,EU27+4,WEEE_generatedDedicated,WEEE_Cat5,shadowComponentWEEE,CuAndCuAlloys,Ag,e-m,0.0191999283403316,%,2
OBS,2020,EU27+4,WEEE_generatedDedicated,WEEE_Cat5,shadowComponentWEEE,CuAndCuAlloys,As,e-m,0.147509363108521,%,1
OBS,2020,EU27+4,WEEE_generatedDedicated,WEEE_Cat5,shadowComponentWEEE,CuAndCuAlloys,Cu,e-m,0.0782102592684043,%,3
OBS,2020,EU27+4,WEEE_generatedDedicated,WEEE_Cat5,shadowComponentWEEE,CuAndCuAlloys,Dy,e-m,0.0144445218786145,%,3
OBS,2020,EU27+4,WEEE_generatedDedicated,WEEE_Cat5,shadowComponentWEEE,CuAndCuAlloys,Ga,e-m,0.0106294985595455,%,1
OBS,2020,EU27+4,WEEE_generatedDedicated,WEEE_Cat5,shadowComponentWEEE,CuAndCuAlloys,Mn,e-m,0.0784102367530767,%,2
OBS,2020,EU27+4,WEEE_generatedDedicated,WEEE_Cat5,shadowComponentWEEE,CuAndCuAlloys,Mo,e-m,0.396002072627276,%,3
OBS,2020,EU27+4,WEEE_generatedDedicated,WEEE_Cat5,shadowComponentWEEE,CuAndCuAlloys,Sm,e-m,0.0951372905666652,%,1
OBS,2020,EU27+4,WEEE_generatedDedicated,WEEE_Cat5,shadowComponentWEEE,CuAndCuAlloys,Sr,e-m,0.158795668587991,%,2
OBS,2020,EU27+4,WEEE_generatedDedicated,WEEE_Cat5,shadowComponentWEEE,CuAndCuAlloys,Zr,e-m,0.0016611603095749,%,2
OBS,2020,EU27+4,WEEE_generatedDedicated,WEEE_Cat5,shadowComponentWEEE,CuAndCuAlloys,,m-c,0.103776926149888,%,1
OBS,2020,EU27+4,WEEE_generatedDedicated,WEEE_Cat5,shadowComponentWEEE,bitumen,Ag,e-m,1,%,1
OBS,2020,EU27+4,WEEE_generatedDedicated,WEEE_Cat5,shadowComponentWEEE,bitumen,,m-c,0.267826898842787,%,3
OBS,2020,EU27+4,WEEE_generatedDedicated,WEEE_Cat5,shadowComponentWEEE,ceramicComposites,Ag,e-m,1,%,1
OBS,2020,EU27+4,WEEE_generatedDedicated,WEEE_Cat5,shadowComponentWEEE,ceramicComposites,,m-c,0.0325149096263363,%,2
OBS,2020,EU27+4,WEEE_generatedDedicated,WEEE_Cat5,shadowComponentWEEE,concrete,Ag,e-m,1,%,2
OBS,2020,EU27+4,WEEE_generatedDedicated,WEEE_Cat5,shadowComponentWEEE,concrete,,m-c,0.0005070282073665,%,1
OBS,2020,EU27+4,WEEE_generatedDedicated,WEEE_Cat5,shadowComponentWEEE,glass,Ag,e-m,0.0587382818753382,%,2
OBS,2020,EU27+4,WEEE_generatedDedicated,WEEE_Cat5,shadowComponentWEEE,glass,Pd,e-m,0.137202137779523,%,1
OBS,2020,EU27+4,WEEE_generatedDedicated,WEEE_Cat5,shadowComponentWEEE,glass,Sc,e-m,0.143942657519921,%,1
OBS,2020,EU27+4,WEEE_generatedDedicated,WEEE_Cat5,shadowComponentWEEE,glass,Zr,e-m,0.660116922825218,%,1
OBS,2020,EU27+4,WEEE_generatedDedicated,WEEE_Cat5,shadowComponentWEEE,glass,,m-c,0.0369145541589841,%,2
OBS,2020,EU27+4,WEEE_generatedDedicated,WEEE_Cat5,shadowComponentWEEE,ironWroughtAndCast,Ag,e-m,0.0703940910758769,%,1
OBS,2020,EU27+4,WEEE_generatedDedicated,WEEE_Cat5,shadowComponentWEEE,ironWroughtAndCast,Ca,e-m,0.0506482425147725,%,3
OBS,2020,EU27+4,WEEE_generatedDedicated,WEEE_Cat5,shadowComponentWEEE,ironWroughtAndCast,Ga,e-m,0.363233241273475,%,3
OBS,2020,EU27+4,WEEE_generatedDedicated,WEEE_Cat5,shadowComponentWEEE,ironWroughtAndCast,Mo,e-m,0.444272389626128,%,3
OBS,2020,EU27+4,WEEE_generatedDedicated,WEEE_Cat5,shadowComponentWEEE,ironWroughtAndCast,Sm,e-m,0.0714520355097473,%,1
OBS,2020,EU27+4,WEEE_generatedDedicated,WEEE_Cat5,shadowComponentWEEE,ironWroughtAndCast,,m-c,0.0868887999562691,%,1
OBS,2020,EU27+4,WEEE_generatedDedicated,WEEE_Cat5,shadowComponentWEEE,,,c-p,0.0022318094498846,%,3
OBS,2020,EU27+4,WEEE_generatedDedicated,WEEE_Cat5,shadowComponentWEEE,oil4,Ag,e-m,1,%,1
OBS,2020,EU27+4,WEEE_generatedDedicated,WEEE_Cat5,shadowComponentWEEE,oil4,,m-c,0.0071934320665183,%,1
OBS,2020,EU27+4,WEEE_generatedDedicated,WEEE_Cat5,shadowComponentWEEE,otherMetalsAndMetalAlloys,Ag,e-m,0.209495395615132,%,3
OBS,2020,EU27+4,WEEE_generatedDedicated,WEEE_Cat5,shadowComponentWEEE,otherMetalsAndMetalAlloys,Al,e-m,0.194466086746314,%,2
OBS,2020,EU27+4,WEEE_generatedDedicated,WEEE_Cat5,shadowComponentWEEE,otherMetalsAndMetalAlloys,As,e-m,0.0560409603217156,%,3
OBS,2020,EU27+4,WEEE_generatedDedicated,WEEE_Cat5,shadowComponentWEEE,otherMetalsAndMetalAlloys,Bi,e-m,0.0146318032246172,%,2
OBS,2020,EU27+4,WEEE_generatedDedicated,WEEE_Cat5,shadowComponentWEEE,otherMetalsAndMetalAlloys,Ca,e-m,0.06212747684783,%,3
OBS,2020,EU27+4,WEEE_generatedDedicated,WEEE_Cat5,shadowComponentWEEE,otherMetalsAndMetalAlloys,Cl,e-m,0.211361841325709,%,1
OBS,2020,EU27+4,WEEE_generatedDedicated,WEEE_Cat5,shadowComponentWEEE,otherMetalsAndMetalAlloys,Dy,e-m,0.0192002270673567,%,2
OBS,2020,EU27+4,WEEE_generatedDedicated,WEEE_Cat5,shadowComponentWEEE,otherMetalsAndMetalAlloys,Ga,e-m,0.034483935781277,%,3
OBS,2020,EU27+4,WEEE_generatedDedicated,WEEE_Cat5,shadowComponentWEEE,otherMetalsAndMetalAlloys,Mn,e-m,0.0105970563055384,%,2
OBS,2020,EU27+4,WEEE_generatedDedicated,WEEE_Cat5,shadowComponentWEEE,otherMetalsAndMetalAlloys,Mo,e-m,0.0395264701963537,%,3
OBS,2020,EU27+4,WEEE_generatedDedicated,WEEE_Cat5,shadowComponentWEEE,otherMetalsAndMetalAlloys,O,e-m,0.0740308860413657,%,3
OBS,2020,EU27+4,WEEE_generatedDedicated,WEEE_Cat5,shadowComponentWEEE,otherMetalsAndMetalAlloys,Sm,e-m,0.0722945087048877,%,2
OBS,2020,EU27+4,WEEE_generatedDedicated,WEEE_Cat5,shadowComponentWEEE,otherMetalsAndMetalAlloys,Zr,e-m,0.0017433518219018,%,1
OBS,2020,EU27+4,WEEE_generatedDedicated,WEEE_Cat5,shadowComponentWEEE,otherMetalsAndMetalAlloys,,m-c,0.0293679821396653,%,3
OBS,2020,EU27+4,WEEE_generatedDedicated,WEEE_Cat5,shadowComponentWEEE,otherOrUndefinedMaterials,Ag,e-m,1,%,1
OBS,2020,EU27+4,WEEE_generatedDedicated,WEEE_Cat5,shadowComponentWEEE,otherOrUndefinedMaterials,,m-c,0.0005306152681851,%,2
OBS,2020,EU27+4,WEEE_generatedDedicated,WEEE_Cat5,shadowComponentWEEE,otherOrganics,Ag,e-m,1,%,3
OBS,2020,EU27+4,WEEE_generatedDedicated,WEEE_Cat5,shadowComponentWEEE,otherOrganics,,m-c,0.0239502574806056,%,3
OBS,2020,EU27+4,WEEE_generatedDedicated,WEEE_Cat5,shadowComponentWEEE,plasticComposites,Ag,e-m,1,%,3
OBS,2020,EU27+4,WEEE_generatedDedicated,WEEE_Cat5,shadowComponentWEEE,plasticComposites,,m-c,0.195063377887366,%,1
OBS,2020,EU27+4,WEEE_generatedDedicated,WEEE_Cat5,shadowComponentWEEE,plastics,Ag,e-m,1,%,1
OBS,2020,EU27+4,WEEE_generatedDedicated,WEEE_Cat5,shadowComponentWEEE,plastics,,m-c,0.0700670225641854,%,2
OBS,2020,EU27+4,WEEE_generatedDedicated,WEEE_Cat5,shadowComponentWEEE,reinforcedPlastics,Ag,e-m,1,%,2
OBS,2020,EU27+4,WEEE_generatedDedicated,WEEE_Cat5,shadowComponentWEEE,reinforcedPlastics,,m-c,0.0150697162642116,%,1
OBS,2020,EU27+4,WEEE_generatedDedicated,WEEE_Cat5,shadowComponentWEEE,sand,Ag,e-m,0.156334967340275,%,2
OBS,2020,EU27+4,WEEE_generatedDedicated,WEEE_Cat5,shadowComponentWEEE,sand,Pd,e-m,0.754402456715645,%,2
OBS,2020,EU27+4,WEEE_generatedDedicated,WEEE_Cat5,shadowComponentWEEE,sand,Sc,e-m,0.0302945595202557,%,2
OBS,2020,EU27+4,WEEE_generatedDedicated,WEEE_Cat5,shadowComponentWEEE,sand,Zr,e-m,0.0589680164238244,%,1
OBS,2020,EU27+4,WEEE_generatedDedicated,WEEE_Cat5,shadowComponentWEEE,sand,,m-c,0.0455126351976935,%,3
OBS,2020,EU27+4,WEEE_generatedDedicated,WEEE_Cat5,shadowComponentWEEE,steelAndSteelAlloys,Ag,e-m,0.136269265762758,%,2
OBS,2020,EU27+4,WEEE_generatedDedicated,WEEE_Cat5,shadowComponentWEEE,steelAndSteelAlloys,Cu,e-m,0.332490566538651,%,1
OBS,2020,EU27+4,WEEE_generatedDedicated,WEEE_Cat5,shadowComponentWEEE,steelAndSteelAlloys,Ga,e-m,0.0882564476811425,%,2
OBS,2020,EU27+4,WEEE_generatedDedicated,WEEE_Cat5,shadowComponentWEEE,steelAndSteelAlloys,Mo,e-m,0.147291596435658,%,3
OBS,2020,EU27+4,WEEE_generatedDedicated,WEEE_Cat5,shadowComponentWEEE,steelAndSteelAlloys,O,e-m,0.158184473542859,%,3
OBS,2020,EU27+4,WEEE_generatedDedicated,WEEE_Cat5,shadowComponentWEEE,steelAndSteelAlloys,Sm,e-m,0.137507650038931,%,3
OBS,2020,EU27+4,WEEE_generatedDedicated,WEEE_Cat5,shadowComponentWEEE,steelAndSteelAlloys,,m-c,0.0848158441899371,%,3
OBS,2020,EU27+4,WEEE_generatedDedicated,WEEE_Cat5,solenoidValve,,,c-p,0.0044209536537722,%,2
OBS,2020,EU27+4,WEEE_generatedDedicated,WEEE_Cat5,speakerEEE2,AlAndAlAlloys,Ag,e-m,0.0693656739223762,%,3
OBS,2020,EU27+4,WEEE_generatedDedicated,WEEE_Cat5,speakerEEE2,AlAndAlAlloys,As,e-m,0.207871824234451,%,2
OBS,2020,EU27+4,WEEE_generatedDedicated,WEEE_Cat5,speakerEEE2,AlAndAlAlloys,Cu,e-m,0.121728774260303,%,3
OBS,2020,EU27+4,WEEE_generatedDedicated,WEEE_Cat5,speakerEEE2,AlAndAlAlloys,Ga,e-m,0.15735935048703,%,1
OBS,2020,EU27+4,WEEE_generatedDedicated,WEEE_Cat5,speakerEEE2,AlAndAlAlloys,Mn,e-m,0.0285667698788863,%,2
OBS,2020,EU27+4,WEEE_generatedDedicated,WEEE_Cat5,speakerEEE2,AlAndAlAlloys,Mo,e-m,0.0978796799386153,%,1
OBS,2020,EU27+4,WEEE_generatedDedicated,WEEE_Cat5,speakerEEE2,AlAndAlAlloys,Sm,e-m,0.317227927278338,%,1
OBS,2020,EU27+4,WEEE_generatedDedicated,WEEE_Cat5,speakerEEE2,AlAndAlAlloys,,m-c,0.0723678648604189,%,1
OBS,2020,EU27+4,WEEE_generatedDedicated,WEEE_Cat5,speakerEEE2,CuAndCuAlloys,Ag,e-m,0.465836202928625,%,1
OBS,2020,EU27+4,WEEE_generatedDedicated,WEEE_Cat5,speakerEEE2,CuAndCuAlloys,Dy,e-m,0.16904568357499,%,1
OBS,2020,EU27+4,WEEE_generatedDedicated,WEEE_Cat5,speakerEEE2,CuAndCuAlloys,Zr,e-m,0.365118113496385,%,2
OBS,2020,EU27+4,WEEE_generatedDedicated,WEEE_Cat5,speakerEEE2,CuAndCuAlloys,,m-c,0.0273486347832442,%,1
OBS,2020,EU27+4,WEEE_generatedDedicated,WEEE_Cat5,speakerEEE2,ferrousMetals,Ag,e-m,0.46488594867905,%,3
OBS,2020,EU27+4,WEEE_generatedDedicated,WEEE_Cat5,speakerEEE2,ferrousMetals,Cu,e-m,0.0401252820206327,%,2
OBS,2020,EU27+4,WEEE_generatedDedicated,WEEE_Cat5,speakerEEE2,ferrousMetals,Ga,e-m,0.104819490981879,%,1
OBS,2020,EU27+4,WEEE_generatedDedicated,WEEE_Cat5,speakerEEE2,ferrousMetals,Mo,e-m,0.0084108678189026,%,3
OBS,2020,EU27+4,WEEE_generatedDedicated,WEEE_Cat5,speakerEEE2,ferrousMetals,O,e-m,0.119111369958191,%,1
OBS,2020,EU27+4,WEEE_generatedDedicated,WEEE_Cat5,speakerEEE2,ferrousMetals,Sm,e-m,0.262647040541344,%,2
OBS,2020,EU27+4,WEEE_generatedDedicated,WEEE_Cat5,speakerEEE2,ferrousMetals,,m-c,0.123168591945212,%,2
OBS,2020,EU27+4,WEEE_generatedDedicated,WEEE_Cat5,speakerEEE2,,,c-p,0.0337401591067515,%,2
OBS,2020,EU27+4,WEEE_generatedDedicated,WEEE_Cat5,speakerEEE2,otherMetalsAndMetalAlloys,Ag,e-m,0.169746458744679,%,3
OBS,2020,EU27+4,WEEE_generatedDedicated,WEEE_Cat5,speakerEEE2,otherMetalsAndMetalAlloys,Al,e-m,0.680132938474612,%,1
OBS,2020,EU27+4,WEEE_generatedDedicated,WEEE_Cat5,speakerEEE2,otherMetalsAndMetalAlloys,Dy,e-m,0.150120602780709,%,2
OBS,2020,EU27+4,WEEE_generatedDedicated,WEEE_Cat5,speakerEEE2,otherMetalsAndMetalAlloys,,m-c,0.265669536433885,%,2
OBS,2020,EU27+4,WEEE_generatedDedicated,WEEE_Cat5,speakerEEE2,plastics,Ag,e-m,1,%,3
OBS,2020,EU27+4,WEEE_generatedDedicated,WEEE_Cat5,speakerEEE2,plastics,,m-c,0.195227422956997,%,2
OBS,2020,EU27+4,WEEE_generatedDedicated,WEEE_Cat5,speakerEEE2,undefinedAndMixedMaterials,Ag,e-m,1,%,1
OBS,2020,EU27+4,WEEE_generatedDedicated,WEEE_Cat5,speakerEEE2,undefinedAndMixedMaterials,,m-c,0.316217949020243,%,1
OBS,2020,EU27+4,WEEE_generatedDedicated,WEEE_Cat5,switch,,,c-p,0.0059204819279366,%,2
OBS,2020,EU27+4,WEEE_generatedDedicated,WEEE_Cat5,tonerCartridge,,,c-p,0.0031098327571085,%,1
OBS,2020,EU27+4,WEEE_generatedDedicated,WEEE_Cat5,transformator,CuAndCuAlloys,Ag,e-m,0.40437164274719,%,2
OBS,2020,EU27+4,WEEE_generatedDedicated,WEEE_Cat5,transformator,CuAndCuAlloys,Dy,e-m,0.400526596025751,%,3
OBS,2020,EU27+4,WEEE_generatedDedicated,WEEE_Cat5,transformator,CuAndCuAlloys,Zr,e-m,0.195101761227059,%,2
OBS,2020,EU27+4,WEEE_generatedDedicated,WEEE_Cat5,transformator,CuAndCuAlloys,,m-c,0.307240236914208,%,2
OBS,2020,EU27+4,WEEE_generatedDedicated,WEEE_Cat5,transformator,ferrousMetals,Ag,e-m,0.509728069202833,%,1
OBS,2020,EU27+4,WEEE_generatedDedicated,WEEE_Cat5,transformator,ferrousMetals,Cu,e-m,0.219927738942819,%,3
OBS,2020,EU27+4,WEEE_generatedDedicated,WEEE_Cat5,transformator,ferrousMetals,Ga,e-m,0.120735522321826,%,3
OBS,2020,EU27+4,WEEE_generatedDedicated,WEEE_Cat5,transformator,ferrousMetals,Mo,e-m,0.0154169735415741,%,3
OBS,2020,EU27+4,WEEE_generatedDedicated,WEEE_Cat5,transformator,ferrousMetals,O,e-m,0.0004278843725863,%,2
OBS,2020,EU27+4,WEEE_generatedDedicated,WEEE_Cat5,transformator,ferrousMetals,Sm,e-m,0.133763811618362,%,3
OBS,2020,EU27+4,WEEE_generatedDedicated,WEEE_Cat5,transformator,ferrousMetals,,m-c,0.692759763085792,%,1
OBS,2020,EU27+4,WEEE_generatedDedicated,WEEE_Cat5,transformator,,,c-p,0.0013450975961045,%,3
OBS,2020,EU27+4,WEEE_generatedDedicated,WEEE_Cat5,transmission,AlAndAlAlloys,,m-c,0.116967327397771,%,3
OBS,2020,EU27+4,WEEE_generatedDedicated,WEEE_Cat5,transmission,ferrousMetals,Ag,e-m,0.0338112510045902,%,2
OBS,2020,EU27+4,WEEE_generatedDedicated,WEEE_Cat5,transmission,ferrousMetals,Cu,e-m,0.418337479044233,%,3
OBS,2020,EU27+4,WEEE_generatedDedicated,WEEE_Cat5,transmission,ferrousMetals,Ga,e-m,0.240111300608838,%,2
OBS,2020,EU27+4,WEEE_generatedDedicated,WEEE_Cat5,transmission,ferrousMetals,Mo,e-m,0.0595654089578134,%,2
OBS,2020,EU27+4,WEEE_generatedDedicated,WEEE_Cat5,transmission,ferrousMetals,O,e-m,0.143194558781522,%,2
OBS,2020,EU27+4,WEEE_generatedDedicated,WEEE_Cat5,transmission,ferrousMetals,Sm,e-m,0.104980001603004,%,1
OBS,2020,EU27+4,WEEE_generatedDedicated,WEEE_Cat5,transmission,ferrousMetals,,m-c,0.570963689908956,%,3
OBS,2020,EU27+4,WEEE_generatedDedicated,WEEE_Cat5,transmission,,,c-p,0.0325248322419228,%,3
OBS,2020,EU27+4,WEEE_generatedDedicated,WEEE_Cat5,transmission,plastics,Ag,e-m,1,%,2
OBS,2020,EU27+4,WEEE_generatedDedicated,WEEE_Cat5,transmission,plastics,,m-c,0.312068982693272,%,3
OBS,2020,EU27+4,WEEE_generatedDedicated,WEEE_Cat5,transmitter,CuAndCuAlloys,Ag,e-m,0.240632640145885,%,2
OBS,2020,EU27+4,WEEE_generatedDedicated,WEEE_Cat5,transmitter,CuAndCuAlloys,Dy,e-m,0.311472618341009,%,1
OBS,2020,EU27+4,WEEE_generatedDedicated,WEEE_Cat5,transmitter,CuAndCuAlloys,Zr,e-m,0.447894741513107,%,2
OBS,2020,EU27+4,WEEE_generatedDedicated,WEEE_Cat5,transmitter,CuAndCuAlloys,,m-c,0.188017500201761,%,2
OBS,2020,EU27+4,WEEE_generatedDedicated,WEEE_Cat5,transmitter,ferrousMetals,Ag,e-m,0.016896354784864,%,1
OBS,2020,EU27+4,WEEE_generatedDedicated,WEEE_Cat5,transmitter,ferrousMetals,Ca,e-m,0.0062622862277499,%,3
OBS,2020,EU27+4,WEEE_generatedDedicated,WEEE_Cat5,transmitter,ferrousMetals,Ga,e-m,0.0194339900557977,%,3
OBS,2020,EU27+4,WEEE_generatedDedicated,WEEE_Cat5,transmitter,ferrousMetals,Mo,e-m,0.691113492066744,%,1
OBS,2020,EU27+4,WEEE_generatedDedicated,WEEE_Cat5,transmitter,ferrousMetals,Sm,e-m,0.266293876864845,%,3
OBS,2020,EU27+4,WEEE_generatedDedicated,WEEE_Cat5,transmitter,ferrousMetals,,m-c,0.417788133667141,%,1
OBS,2020,EU27+4,WEEE_generatedDedicated,WEEE_Cat5,transmitter,,,c-p,0.0049949242848755,%,2
OBS,2020,EU27+4,WEEE_generatedDedicated,WEEE_Cat5,transmitter,plastics,Ag,e-m,1,%,3
OBS,2020,EU27+4,WEEE_generatedDedicated,WEEE_Cat5,transmitter,plastics,,m-c,0.394194366131098,%,2
OBS,2020,EU27+4,WEEE_generatedDedicated,WEEE_Cat5,wheel,ferrousMetals,Ag,e-m,0.0456570005430197,%,3
OBS,2020,EU27+4,WEEE_generatedDedicated,WEEE_Cat5,wheel,ferrousMetals,Cu,e-m,0.302752077386568,%,2
OBS,2020,EU27+4,WEEE_generatedDedicated,WEEE_Cat5,wheel,ferrousMetals,Ga,e-m,0.050365172335326,%,1
OBS,2020,EU27+4,WEEE_generatedDedicated,WEEE_Cat5,wheel,ferrousMetals,Mo,e-m,0.415690184691472,%,2
OBS,2020,EU27+4,WEEE_generatedDedicated,WEEE_Cat5,wheel,ferrousMetals,O,e-m,0.0559143063816435,%,2
OBS,2020,EU27+4,WEEE_generatedDedicated,WEEE_Cat5,wheel,ferrousMetals,Sm,e-m,0.129621258661971,%,3
OBS,2020,EU27+4,WEEE_generatedDedicated,WEEE_Cat5,wheel,ferrousMetals,,m-c,0.115170444573865,%,1
OBS,2020,EU27+4,WEEE_generatedDedicated,WEEE_Cat5,wheel,,,c-p,0.0484112610087779,%,1
OBS,2020,EU27+4,WEEE_generatedDedicated,WEEE_Cat5,wheel,plastics,Ag,e-m,1,%,2
OBS,2020,EU27+4,WEEE_generatedDedicated,WEEE_Cat5,wheel,plastics,,m-c,0.0853371013467777,%,2
OBS,2020,EU27+4,WEEE_generatedDedicated,WEEE_Cat5,wheel,polymerPA6GF30,Ag,e-m,1,%,1
OBS,2020,EU27+4,WEEE_generatedDedicated,WEEE_Cat5,wheel,polymerPA6GF30,,m-c,0.129174843727145,%,1
OBS,2020,EU27+4,WEEE_generatedDedicated,WEEE_Cat5,wheel,polymerPPTF20,Ag,e-m,1,%,3
OBS,2020,EU27+4,WEEE_generatedDedicated,WEEE_Cat5,wheel,polymerPPTF20,,m-c,0.273982771348463,%,2
OBS,2020,EU27+4,WEEE_generatedDedicated,WEEE_Cat5,wheel,polymerPPTF30,Ag,e-m,1,%,3
OBS,2020,EU27+4,WEEE_generatedDedicated,WEEE_Cat5,wheel,polymerPPTF30,,m-c,0.396334839003749,%,1
OBS,2020,EU27+4,WEEE_generatedDedicated,WEEE_Cat6,ComponentShadowWEEE,AlAndAlAlloys,Ag,e-m,0.223124760420325,%,2
OBS,2020,EU27+4,WEEE_generatedDedicated,WEEE_Cat6,ComponentShadowWEEE,AlAndAlAlloys,As,e-m,0.14368623162667,%,3
OBS,2020,EU27+4,WEEE_generatedDedicated,WEEE_Cat6,ComponentShadowWEEE,AlAndAlAlloys,Cu,e-m,0.280493035543394,%,2
OBS,2020,EU27+4,WEEE_generatedDedicated,WEEE_Cat6,ComponentShadowWEEE,AlAndAlAlloys,Ga,e-m,0.040882496688218,%,1
OBS,2020,EU27+4,WEEE_generatedDedicated,WEEE_Cat6,ComponentShadowWEEE,AlAndAlAlloys,Mn,e-m,0.0005666459747085,%,1
OBS,2020,EU27+4,WEEE_generatedDedicated,WEEE_Cat6,ComponentShadowWEEE,AlAndAlAlloys,Mo,e-m,0.237040807729278,%,2
OBS,2020,EU27+4,WEEE_generatedDedicated,WEEE_Cat6,ComponentShadowWEEE,AlAndAlAlloys,Sm,e-m,0.0742060220174062,%,1
OBS,2020,EU27+4,WEEE_generatedDedicated,WEEE_Cat6,ComponentShadowWEEE,AlAndAlAlloys,,m-c,0.0867822718241361,%,1
OBS,2020,EU27+4,WEEE_generatedDedicated,WEEE_Cat6,ComponentShadowWEEE,CuAndCuAlloys,Ag,e-m,0.119791025047234,%,3
OBS,2020,EU27+4,WEEE_generatedDedicated,WEEE_Cat6,ComponentShadowWEEE,CuAndCuAlloys,Dy,e-m,0.100378929120954,%,1
OBS,2020,EU27+4,WEEE_generatedDedicated,WEEE_Cat6,ComponentShadowWEEE,CuAndCuAlloys,Zr,e-m,0.779830045831812,%,2
OBS,2020,EU27+4,WEEE_generatedDedicated,WEEE_Cat6,ComponentShadowWEEE,CuAndCuAlloys,,m-c,0.0052528561624346,%,3
OBS,2020,EU27+4,WEEE_generatedDedicated,WEEE_Cat6,ComponentShadowWEEE,MaterialShadowWEEE,,m-c,0.0287562580838688,%,2
OBS,2020,EU27+4,WEEE_generatedDedicated,WEEE_Cat6,ComponentShadowWEEE,aggregateBinderMixedMaterials,Ag,e-m,1,%,2
OBS,2020,EU27+4,WEEE_generatedDedicated,WEEE_Cat6,ComponentShadowWEEE,aggregateBinderMixedMaterials,,m-c,0.0728539835859174,%,2
OBS,2020,EU27+4,WEEE_generatedDedicated,WEEE_Cat6,ComponentShadowWEEE,ferrousMetals,Ag,e-m,0.159393715887678,%,1
OBS,2020,EU27+4,WEEE_generatedDedicated,WEEE_Cat6,ComponentShadowWEEE,ferrousMetals,Ca,e-m,0.0828148200528149,%,2
OBS,2020,EU27+4,WEEE_generatedDedicated,WEEE_Cat6,ComponentShadowWEEE,ferrousMetals,Cu,e-m,0.161141585425156,%,2
OBS,2020,EU27+4,WEEE_generatedDedicated,WEEE_Cat6,ComponentShadowWEEE,ferrousMetals,Ga,e-m,0.129195662517709,%,2
OBS,2020,EU27+4,WEEE_generatedDedicated,WEEE_Cat6,ComponentShadowWEEE,ferrousMetals,Mo,e-m,0.0691970695225284,%,3
OBS,2020,EU27+4,WEEE_generatedDedicated,WEEE_Cat6,ComponentShadowWEEE,ferrousMetals,O,e-m,0.319336964164107,%,3
OBS,2020,EU27+4,WEEE_generatedDedicated,WEEE_Cat6,ComponentShadowWEEE,ferrousMetals,Sm,e-m,0.0789201824300058,%,2
OBS,2020,EU27+4,WEEE_generatedDedicated,WEEE_Cat6,ComponentShadowWEEE,ferrousMetals,,m-c,0.0486604939733319,%,3
OBS,2020,EU27+4,WEEE_generatedDedicated,WEEE_Cat6,ComponentShadowWEEE,glass,Ag,e-m,0.249174383893382,%,1
OBS,2020,EU27+4,WEEE_generatedDedicated,WEEE_Cat6,ComponentShadowWEEE,glass,Pd,e-m,0.194700610348807,%,2
OBS,2020,EU27+4,WEEE_generatedDedicated,WEEE_Cat6,ComponentShadowWEEE,glass,Sc,e-m,0.382727901089667,%,2
OBS,2020,EU27+4,WEEE_generatedDedicated,WEEE_Cat6,ComponentShadowWEEE,glass,Zr,e-m,0.173397104668144,%,3
OBS,2020,EU27+4,WEEE_generatedDedicated,WEEE_Cat6,ComponentShadowWEEE,glass,,m-c,0.0457751545824132,%,2
OBS,2020,EU27+4,WEEE_generatedDedicated,WEEE_Cat6,ComponentShadowWEEE,glassAndCeramics,Ag,e-m,0.190185950582851,%,2
OBS,2020,EU27+4,WEEE_generatedDedicated,WEEE_Cat6,ComponentShadowWEEE,glassAndCeramics,Pd,e-m,0.0914476772187205,%,3
OBS,2020,EU27+4,WEEE_generatedDedicated,WEEE_Cat6,ComponentShadowWEEE,glassAndCeramics,Sc,e-m,0.172577776643359,%,3
OBS,2020,EU27+4,WEEE_generatedDedicated,WEEE_Cat6,ComponentShadowWEEE,glassAndCeramics,Zr,e-m,0.545788595555069,%,2
OBS,2020,EU27+4,WEEE_generatedDedicated,WEEE_Cat6,ComponentShadowWEEE,glassAndCeramics,,m-c,0.0070428323423563,%,3
OBS,2020,EU27+4,WEEE_generatedDedicated,WEEE_Cat6,ComponentShadowWEEE,,,c-p,0.0241233185343317,%,2
OBS,2020,EU27+4,WEEE_generatedDedicated,WEEE_Cat6,ComponentShadowWEEE,non-ferrousMetals,Ag,e-m,0.257906136994471,%,1
OBS,2020,EU27+4,WEEE_generatedDedicated,WEEE_Cat6,ComponentShadowWEEE,non-ferrousMetals,Al,e-m,0.0181307161590221,%,1
OBS,2020,EU27+4,WEEE_generatedDedicated,WEEE_Cat6,ComponentShadowWEEE,non-ferrousMetals,As,e-m,0.0012560971052352,%,2
OBS,2020,EU27+4,WEEE_generatedDedicated,WEEE_Cat6,ComponentShadowWEEE,non-ferrousMetals,Ca,e-m,0.146224457884583,%,1
OBS,2020,EU27+4,WEEE_generatedDedicated,WEEE_Cat6,ComponentShadowWEEE,non-ferrousMetals,Cl,e-m,0.0141472141626499,%,2
OBS,2020,EU27+4,WEEE_generatedDedicated,WEEE_Cat6,ComponentShadowWEEE,non-ferrousMetals,Cu,e-m,0.0674963778093769,%,3
OBS,2020,EU27+4,WEEE_generatedDedicated,WEEE_Cat6,ComponentShadowWEEE,non-ferrousMetals,Dy,e-m,0.0089154019976361,%,2
OBS,2020,EU27+4,WEEE_generatedDedicated,WEEE_Cat6,ComponentShadowWEEE,non-ferrousMetals,Ga,e-m,0.0011824744903503,%,3
OBS,2020,EU27+4,WEEE_generatedDedicated,WEEE_Cat6,ComponentShadowWEEE,non-ferrousMetals,Mn,e-m,0.10150161838946,%,1
OBS,2020,EU27+4,WEEE_generatedDedicated,WEEE_Cat6,ComponentShadowWEEE,non-ferrousMetals,Mo,e-m,0.006718773125559,%,1
OBS,2020,EU27+4,WEEE_generatedDedicated,WEEE_Cat6,ComponentShadowWEEE,non-ferrousMetals,O,e-m,0.0837759102039926,%,1
OBS,2020,EU27+4,WEEE_generatedDedicated,WEEE_Cat6,ComponentShadowWEEE,non-ferrousMetals,Pd,e-m,0.0383846566507611,%,2
OBS,2020,EU27+4,WEEE_generatedDedicated,WEEE_Cat6,ComponentShadowWEEE,non-ferrousMetals,Sm,e-m,0.069241370979693,%,3
OBS,2020,EU27+4,WEEE_generatedDedicated,WEEE_Cat6,ComponentShadowWEEE,non-ferrousMetals,Sr,e-m,0.0726510927517411,%,2
OBS,2020,EU27+4,WEEE_generatedDedicated,WEEE_Cat6,ComponentShadowWEEE,non-ferrousMetals,Zr,e-m,0.112467701295469,%,3
OBS,2020,EU27+4,WEEE_generatedDedicated,WEEE_Cat6,ComponentShadowWEEE,non-ferrousMetals,,m-c,0.127902701255377,%,2
OBS,2020,EU27+4,WEEE_generatedDedicated,WEEE_Cat6,ComponentShadowWEEE,otherMetalsAndMetalAlloys,Ag,e-m,0.359824320280779,%,1
OBS,2020,EU27+4,WEEE_generatedDedicated,WEEE_Cat6,ComponentShadowWEEE,otherMetalsAndMetalAlloys,Al,e-m,0.470022556224626,%,3
OBS,2020,EU27+4,WEEE_generatedDedicated,WEEE_Cat6,ComponentShadowWEEE,otherMetalsAndMetalAlloys,Dy,e-m,0.170153123494595,%,3
OBS,2020,EU27+4,WEEE_generatedDedicated,WEEE_Cat6,ComponentShadowWEEE,otherMetalsAndMetalAlloys,,m-c,0.101523931845821,%,3
OBS,2020,EU27+4,WEEE_generatedDedicated,WEEE_Cat6,ComponentShadowWEEE,otherMinerals,Ag,e-m,0.229026100156879,%,3
OBS,2020,EU27+4,WEEE_generatedDedicated,WEEE_Cat6,ComponentShadowWEEE,otherMinerals,Pd,e-m,0.182117033319702,%,2
OBS,2020,EU27+4,WEEE_generatedDedicated,WEEE_Cat6,ComponentShadowWEEE,otherMinerals,Sc,e-m,0.0576311955374254,%,1
OBS,2020,EU27+4,WEEE_generatedDedicated,WEEE_Cat6,ComponentShadowWEEE,otherMinerals,Zr,e-m,0.531225670985994,%,2
OBS,2020,EU27+4,WEEE_generatedDedicated,WEEE_Cat6,ComponentShadowWEEE,otherMinerals,,m-c,0.152950550321191,%,3
OBS,2020,EU27+4,WEEE_generatedDedicated,WEEE_Cat6,ComponentShadowWEEE,otherOrUndefinedMaterials,Ag,e-m,1,%,3
OBS,2020,EU27+4,WEEE_generatedDedicated,WEEE_Cat6,ComponentShadowWEEE,otherOrUndefinedMaterials,,m-c,0.0347071468052801,%,3
OBS,2020,EU27+4,WEEE_generatedDedicated,WEEE_Cat6,ComponentShadowWEEE,otherOrganics,Ag,e-m,1,%,3
OBS,2020,EU27+4,WEEE_generatedDedicated,WEEE_Cat6,ComponentShadowWEEE,otherOrganics,,m-c,0.0247608901295874,%,3
OBS,2020,EU27+4,WEEE_generatedDedicated,WEEE_Cat6,ComponentShadowWEEE,plastics,Ag,e-m,1,%,3
OBS,2020,EU27+4,WEEE_generatedDedicated,WEEE_Cat6,ComponentShadowWEEE,plastics,,m-c,0.0447165671628077,%,2
OBS,2020,EU27+4,WEEE_generatedDedicated,WEEE_Cat6,ComponentShadowWEEE,undefinedAndMixedMaterials,Ag,e-m,1,%,3
OBS,2020,EU27+4,WEEE_generatedDedicated,WEEE_Cat6,ComponentShadowWEEE,undefinedAndMixedMaterials,,m-c,0.112383956314311,%,3
OBS,2020,EU27+4,WEEE_generatedDedicated,WEEE_Cat6,ComponentShadowWEEE,wood,Ag,e-m,1,%,1
OBS,2020,EU27+4,WEEE_generatedDedicated,WEEE_Cat6,ComponentShadowWEEE,wood,,m-c,0.105930405611167,%,3
OBS,2020,EU27+4,WEEE_generatedDedicated,WEEE_Cat6,ConductivitySensor,CuAndCuAlloys,,m-c,0.469751989660551,%,1
OBS,2020,EU27+4,WEEE_generatedDedicated,WEEE_Cat6,ConductivitySensor,ferrousMetals,,m-c,0.530248010339449,%,1
OBS,2020,EU27+4,WEEE_generatedDedicated,WEEE_Cat6,ConductivitySensor,,,c-p,0.0185026167946469,%,3
OBS,2020,EU27+4,WEEE_generatedDedicated,WEEE_Cat6,LED,,,c-p,0.0103092256395519,%,2
OBS,2020,EU27+4,WEEE_generatedDedicated,WEEE_Cat6,LidarSensor (&lt;15cm),AlAndAlAlloys,Ag,e-m,0.1312853584391,%,1
OBS,2020,EU27+4,WEEE_generatedDedicated,WEEE_Cat6,LidarSensor (&lt;15cm),AlAndAlAlloys,As,e-m,0.278690318154761,%,1
OBS,2020,EU27+4,WEEE_generatedDedicated,WEEE_Cat6,LidarSensor (&lt;15cm),AlAndAlAlloys,Cu,e-m,0.0055342048578852,%,3
OBS,2020,EU27+4,WEEE_generatedDedicated,WEEE_Cat6,LidarSensor (&lt;15cm),AlAndAlAlloys,Ga,e-m,0.0166875247249614,%,3
OBS,2020,EU27+4,WEEE_generatedDedicated,WEEE_Cat6,LidarSensor (&lt;15cm),AlAndAlAlloys,Mn,e-m,0.0512321653195212,%,1
OBS,2020,EU27+4,WEEE_generatedDedicated,WEEE_Cat6,LidarSensor (&lt;15cm),AlAndAlAlloys,Mo,e-m,0.359542407232282,%,1
OBS,2020,EU27+4,WEEE_generatedDedicated,WEEE_Cat6,LidarSensor (&lt;15cm),AlAndAlAlloys,Sm,e-m,0.157028021271489,%,1
OBS,2020,EU27+4,WEEE_generatedDedicated,WEEE_Cat6,LidarSensor (&lt;15cm),AlAndAlAlloys,,m-c,0.119071392067505,%,2
OBS,2020,EU27+4,WEEE_generatedDedicated,WEEE_Cat6,LidarSensor (&lt;15cm),CuAndCuAlloys,Ag,e-m,0.674361933888366,%,2
OBS,2020,EU27+4,WEEE_generatedDedicated,WEEE_Cat6,LidarSensor (&lt;15cm),CuAndCuAlloys,Dy,e-m,0.250979633846964,%,2
OBS,2020,EU27+4,WEEE_generatedDedicated,WEEE_Cat6,LidarSensor (&lt;15cm),CuAndCuAlloys,Zr,e-m,0.0746584322646697,%,3
OBS,2020,EU27+4,WEEE_generatedDedicated,WEEE_Cat6,LidarSensor (&lt;15cm),CuAndCuAlloys,,m-c,0.0179689794954144,%,2
OBS,2020,EU27+4,WEEE_generatedDedicated,WEEE_Cat6,LidarSensor (&lt;15cm),ferrousMetals,Ag,e-m,0.391767800962617,%,3
OBS,2020,EU27+4,WEEE_generatedDedicated,WEEE_Cat6,LidarSensor (&lt;15cm),ferrousMetals,Ca,e-m,0.145190628194241,%,2
OBS,2020,EU27+4,WEEE_generatedDedicated,WEEE_Cat6,LidarSensor (&lt;15cm),ferrousMetals,Cu,e-m,0.0074714523995653,%,2
OBS,2020,EU27+4,WEEE_generatedDedicated,WEEE_Cat6,LidarSensor (&lt;15cm),ferrousMetals,Ga,e-m,0.210647648823831,%,1
OBS,2020,EU27+4,WEEE_generatedDedicated,WEEE_Cat6,LidarSensor (&lt;15cm),ferrousMetals,Mo,e-m,0.0511883205344536,%,2
OBS,2020,EU27+4,WEEE_generatedDedicated,WEEE_Cat6,LidarSensor (&lt;15cm),ferrousMetals,O,e-m,0.0852060885082523,%,1
OBS,2020,EU27+4,WEEE_generatedDedicated,WEEE_Cat6,LidarSensor (&lt;15cm),ferrousMetals,Sm,e-m,0.10852806057704,%,2
OBS,2020,EU27+4,WEEE_generatedDedicated,WEEE_Cat6,LidarSensor (&lt;15cm),ferrousMetals,,m-c,0.267614031053958,%,1
OBS,2020,EU27+4,WEEE_generatedDedicated,WEEE_Cat6,LidarSensor (&lt;15cm),glass,Ag,e-m,0.182554197984905,%,1
OBS,2020,EU27+4,WEEE_generatedDedicated,WEEE_Cat6,LidarSensor (&lt;15cm),glass,Pd,e-m,0.68602520797031,%,3
OBS,2020,EU27+4,WEEE_generatedDedicated,WEEE_Cat6,LidarSensor (&lt;15cm),glass,Sc,e-m,0.0572298098946524,%,2
OBS,2020,EU27+4,WEEE_generatedDedicated,WEEE_Cat6,LidarSensor (&lt;15cm),glass,Zr,e-m,0.0741907841501323,%,2
OBS,2020,EU27+4,WEEE_generatedDedicated,WEEE_Cat6,LidarSensor (&lt;15cm),glass,,m-c,0.471952367363018,%,3
OBS,2020,EU27+4,WEEE_generatedDedicated,WEEE_Cat6,LidarSensor (&lt;15cm),,,c-p,0.0003861873998628,%,2
OBS,2020,EU27+4,WEEE_generatedDedicated,WEEE_Cat6,LidarSensor (&lt;15cm),plastics,Ag,e-m,1,%,3
OBS,2020,EU27+4,WEEE_generatedDedicated,WEEE_Cat6,LidarSensor (&lt;15cm),plastics,,m-c,0.123393230020105,%,1
OBS,2020,EU27+4,WEEE_generatedDedicated,WEEE_Cat6,MagnetSensor,CuAndCuAlloys,Ag,e-m,0.278882140742389,%,1
OBS,2020,EU27+4,WEEE_generatedDedicated,WEEE_Cat6,MagnetSensor,CuAndCuAlloys,Dy,e-m,0.153555070553863,%,3
OBS,2020,EU27+4,WEEE_generatedDedicated,WEEE_Cat6,MagnetSensor,CuAndCuAlloys,Zr,e-m,0.567562788703748,%,3
OBS,2020,EU27+4,WEEE_generatedDedicated,WEEE_Cat6,MagnetSensor,CuAndCuAlloys,,m-c,0.162512717720387,%,3
OBS,2020,EU27+4,WEEE_generatedDedicated,WEEE_Cat6,MagnetSensor,ferrousMetals,Ag,e-m,0.0253565233465089,%,2
OBS,2020,EU27+4,WEEE_generatedDedicated,WEEE_Cat6,MagnetSensor,ferrousMetals,Ca,e-m,0.29990611175408,%,2
OBS,2020,EU27+4,WEEE_generatedDedicated,WEEE_Cat6,MagnetSensor,ferrousMetals,Ga,e-m,0.0560413276064233,%,3
OBS,2020,EU27+4,WEEE_generatedDedicated,WEEE_Cat6,MagnetSensor,ferrousMetals,Mo,e-m,0.0756848508487742,%,2
OBS,2020,EU27+4,WEEE_generatedDedicated,WEEE_Cat6,MagnetSensor,ferrousMetals,Sm,e-m,0.543011186444214,%,2
OBS,2020,EU27+4,WEEE_generatedDedicated,WEEE_Cat6,MagnetSensor,ferrousMetals,,m-c,0.354682546638984,%,2
OBS,2020,EU27+4,WEEE_generatedDedicated,WEEE_Cat6,MagnetSensor,,,c-p,0.0115387698612342,%,2
OBS,2020,EU27+4,WEEE_generatedDedicated,WEEE_Cat6,MagnetSensor,plastics,Ag,e-m,1,%,2
OBS,2020,EU27+4,WEEE_generatedDedicated,WEEE_Cat6,MagnetSensor,plastics,,m-c,0.482804735640629,%,3
OBS,2020,EU27+4,WEEE_generatedDedicated,WEEE_Cat6,PCBWEEECat,,,c-p,0.0022197233150068,%,1
OBS,2020,EU27+4,WEEE_generatedDedicated,WEEE_Cat6,PCBWEEECat,otherOrUndefinedMaterials,Ag,e-m,1,%,3
OBS,2020,EU27+4,WEEE_generatedDedicated,WEEE_Cat6,PCBWEEECat,otherOrUndefinedMaterials,,m-c,1,%,1
OBS,2020,EU27+4,WEEE_generatedDedicated,WEEE_Cat6,PCBunspecified,ferrousMetals,Ag,e-m,0.0004909434444661,%,3
OBS,2020,EU27+4,WEEE_generatedDedicated,WEEE_Cat6,PCBunspecified,ferrousMetals,Cu,e-m,0.0194018451271911,%,1
OBS,2020,EU27+4,WEEE_generatedDedicated,WEEE_Cat6,PCBunspecified,ferrousMetals,Ga,e-m,0.0130042908308287,%,2
OBS,2020,EU27+4,WEEE_generatedDedicated,WEEE_Cat6,PCBunspecified,ferrousMetals,Mo,e-m,0.0106587214733293,%,3
OBS,2020,EU27+4,WEEE_generatedDedicated,WEEE_Cat6,PCBunspecified,ferrousMetals,O,e-m,0.871327452649076,%,3
OBS,2020,EU27+4,WEEE_generatedDedicated,WEEE_Cat6,PCBunspecified,ferrousMetals,Sm,e-m,0.085116746475109,%,3
OBS,2020,EU27+4,WEEE_generatedDedicated,WEEE_Cat6,PCBunspecified,ferrousMetals,,m-c,1,%,2
OBS,2020,EU27+4,WEEE_generatedDedicated,WEEE_Cat6,PCBunspecified,,,c-p,0.0251320807731376,%,2
OBS,2020,EU27+4,WEEE_generatedDedicated,WEEE_Cat6,PVBacksheet,,,c-p,0.0067055373734449,%,2
OBS,2020,EU27+4,WEEE_generatedDedicated,WEEE_Cat6,PVBacksheet,plasticComposites,Ag,e-m,1,%,1
OBS,2020,EU27+4,WEEE_generatedDedicated,WEEE_Cat6,PVBacksheet,plasticComposites,,m-c,0.690536756106651,%,2
OBS,2020,EU27+4,WEEE_generatedDedicated,WEEE_Cat6,PVBacksheet,plastics,Ag,e-m,1,%,2
OBS,2020,EU27+4,WEEE_generatedDedicated,WEEE_Cat6,PVBacksheet,plastics,,m-c,0.309463243893349,%,1
OBS,2020,EU27+4,WEEE_generatedDedicated,WEEE_Cat6,PVEncapsulationEVA,,,c-p,0.0283468801846048,%,3
OBS,2020,EU27+4,WEEE_generatedDedicated,WEEE_Cat6,PVEncapsulationEVA,plastics,Ag,e-m,1,%,3
OBS,2020,EU27+4,WEEE_generatedDedicated,WEEE_Cat6,PVEncapsulationEVA,plastics,,m-c,1,%,1
OBS,2020,EU27+4,WEEE_generatedDedicated,WEEE_Cat6,PVFrameAl,CuAndCuAlloys,Ag,e-m,0.202881616673415,%,2
OBS,2020,EU27+4,WEEE_generatedDedicated,WEEE_Cat6,PVFrameAl,CuAndCuAlloys,As,e-m,0.260833906772665,%,2
OBS,2020,EU27+4,WEEE_generatedDedicated,WEEE_Cat6,PVFrameAl,CuAndCuAlloys,Cu,e-m,0.0012030358268791,%,2
OBS,2020,EU27+4,WEEE_generatedDedicated,WEEE_Cat6,PVFrameAl,CuAndCuAlloys,Ga,e-m,0.0482148887533614,%,1
OBS,2020,EU27+4,WEEE_generatedDedicated,WEEE_Cat6,PVFrameAl,CuAndCuAlloys,Mn,e-m,0.0593585322495216,%,3
OBS,2020,EU27+4,WEEE_generatedDedicated,WEEE_Cat6,PVFrameAl,CuAndCuAlloys,Mo,e-m,0.366177474263736,%,1
OBS,2020,EU27+4,WEEE_generatedDedicated,WEEE_Cat6,PVFrameAl,CuAndCuAlloys,Sm,e-m,0.0613305454604207,%,3
OBS,2020,EU27+4,WEEE_generatedDedicated,WEEE_Cat6,PVFrameAl,CuAndCuAlloys,,m-c,1,%,1
OBS,2020,EU27+4,WEEE_generatedDedicated,WEEE_Cat6,PVFrameAl,,,c-p,0.0104122828617929,%,1
OBS,2020,EU27+4,WEEE_generatedDedicated,WEEE_Cat6,PVSolarGlass,glass,Ag,e-m,0.0177000443289871,%,3
OBS,2020,EU27+4,WEEE_generatedDedicated,WEEE_Cat6,PVSolarGlass,glass,Pd,e-m,0.901484274781355,%,1
OBS,2020,EU27+4,WEEE_generatedDedicated,WEEE_Cat6,PVSolarGlass,glass,Sc,e-m,0.0440097022781193,%,2
OBS,2020,EU27+4,WEEE_generatedDedicated,WEEE_Cat6,PVSolarGlass,glass,Zr,e-m,0.0368059786115389,%,2
OBS,2020,EU27+4,WEEE_generatedDedicated,WEEE_Cat6,PVSolarGlass,glass,,m-c,1,%,3
OBS,2020,EU27+4,WEEE_generatedDedicated,WEEE_Cat6,PVSolarGlass,,,c-p,0.0043310897420019,%,1
OBS,2020,EU27+4,WEEE_generatedDedicated,WEEE_Cat6,PVcellSi,,,c-p,0.0119500036055933,%,1
OBS,2020,EU27+4,WEEE_generatedDedicated,WEEE_Cat6,PVcellSi,otherOrUndefinedMaterials,Ag,e-m,1,%,1
OBS,2020,EU27+4,WEEE_generatedDedicated,WEEE_Cat6,PVcellSi,otherOrUndefinedMaterials,,m-c,1,%,1
OBS,2020,EU27+4,WEEE_generatedDedicated,WEEE_Cat6,WEEEEvaporator,CuAndCuAlloys,Ag,e-m,0.15603758329569,%,2
OBS,2020,EU27+4,WEEE_generatedDedicated,WEEE_Cat6,WEEEEvaporator,CuAndCuAlloys,Dy,e-m,0.197137881075943,%,2
OBS,2020,EU27+4,WEEE_generatedDedicated,WEEE_Cat6,WEEEEvaporator,CuAndCuAlloys,Zr,e-m,0.646824535628367,%,3
OBS,2020,EU27+4,WEEE_generatedDedicated,WEEE_Cat6,WEEEEvaporator,CuAndCuAlloys,,m-c,0.827675359682862,%,2
OBS,2020,EU27+4,WEEE_generatedDedicated,WEEE_Cat6,WEEEEvaporator,,,c-p,0.0083885231988253,%,1
OBS,2020,EU27+4,WEEE_generatedDedicated,WEEE_Cat6,WEEEEvaporator,steelAndSteelAlloys,Ag,e-m,0.0154454983856432,%,1
OBS,2020,EU27+4,WEEE_generatedDedicated,WEEE_Cat6,WEEEEvaporator,steelAndSteelAlloys,Cu,e-m,0.0081219131341166,%,3
OBS,2020,EU27+4,WEEE_generatedDedicated,WEEE_Cat6,WEEEEvaporator,steelAndSteelAlloys,Ga,e-m,0.357326012463241,%,3
OBS,2020,EU27+4,WEEE_generatedDedicated,WEEE_Cat6,WEEEEvaporator,steelAndSteelAlloys,Mo,e-m,0.172586562472363,%,2
OBS,2020,EU27+4,WEEE_generatedDedicated,WEEE_Cat6,WEEEEvaporator,steelAndSteelAlloys,O,e-m,0.32671750481246,%,3
OBS,2020,EU27+4,WEEE_generatedDedicated,WEEE_Cat6,WEEEEvaporator,steelAndSteelAlloys,Sm,e-m,0.119802508732176,%,1
OBS,2020,EU27+4,WEEE_generatedDedicated,WEEE_Cat6,WEEEEvaporator,steelAndSteelAlloys,,m-c,0.172324640317138,%,3
OBS,2020,EU27+4,WEEE_generatedDedicated,WEEE_Cat6,brush,AlAndAlAlloys,Ag,e-m,0.127677987769335,%,3
OBS,2020,EU27+4,WEEE_generatedDedicated,WEEE_Cat6,brush,AlAndAlAlloys,As,e-m,0.144462053607371,%,3
OBS,2020,EU27+4,WEEE_generatedDedicated,WEEE_Cat6,brush,AlAndAlAlloys,Cu,e-m,0.0016555691512647,%,1
OBS,2020,EU27+4,WEEE_generatedDedicated,WEEE_Cat6,brush,AlAndAlAlloys,Ga,e-m,0.393271917305604,%,2
OBS,2020,EU27+4,WEEE_generatedDedicated,WEEE_Cat6,brush,AlAndAlAlloys,Mn,e-m,0.215079931645978,%,3
OBS,2020,EU27+4,WEEE_generatedDedicated,WEEE_Cat6,brush,AlAndAlAlloys,Mo,e-m,0.110209832106228,%,3
OBS,2020,EU27+4,WEEE_generatedDedicated,WEEE_Cat6,brush,AlAndAlAlloys,Sm,e-m,0.0076427084142187,%,1
OBS,2020,EU27+4,WEEE_generatedDedicated,WEEE_Cat6,brush,AlAndAlAlloys,,m-c,0.657038083554247,%,2
OBS,2020,EU27+4,WEEE_generatedDedicated,WEEE_Cat6,brush,ferrousMetals,Ag,e-m,0.176810618421664,%,2
OBS,2020,EU27+4,WEEE_generatedDedicated,WEEE_Cat6,brush,ferrousMetals,Ca,e-m,0.16738797382047,%,1
OBS,2020,EU27+4,WEEE_generatedDedicated,WEEE_Cat6,brush,ferrousMetals,Ga,e-m,0.285536119903587,%,2
OBS,2020,EU27+4,WEEE_generatedDedicated,WEEE_Cat6,brush,ferrousMetals,Mo,e-m,0.198663146510691,%,2
OBS,2020,EU27+4,WEEE_generatedDedicated,WEEE_Cat6,brush,ferrousMetals,Sm,e-m,0.171602141343589,%,2
OBS,2020,EU27+4,WEEE_generatedDedicated,WEEE_Cat6,brush,ferrousMetals,,m-c,0.126857982061038,%,1
OBS,2020,EU27+4,WEEE_generatedDedicated,WEEE_Cat6,brush,,,c-p,0.0198851826594878,%,1
OBS,2020,EU27+4,WEEE_generatedDedicated,WEEE_Cat6,brush,plastics,Ag,e-m,1,%,1
OBS,2020,EU27+4,WEEE_generatedDedicated,WEEE_Cat6,brush,plastics,,m-c,0.216103934384715,%,3
OBS,2020,EU27+4,WEEE_generatedDedicated,WEEE_Cat6,cableUnspecified,AlAndAlAlloys,Ag,e-m,0.0429139566974043,%,3
OBS,2020,EU27+4,WEEE_generatedDedicated,WEEE_Cat6,cableUnspecified,AlAndAlAlloys,As,e-m,0.0917470903983367,%,1
OBS,2020,EU27+4,WEEE_generatedDedicated,WEEE_Cat6,cableUnspecified,AlAndAlAlloys,Cu,e-m,0.161672422896023,%,1
OBS,2020,EU27+4,WEEE_generatedDedicated,WEEE_Cat6,cableUnspecified,AlAndAlAlloys,Ga,e-m,0.0120325949551562,%,2
OBS,2020,EU27+4,WEEE_generatedDedicated,WEEE_Cat6,cableUnspecified,AlAndAlAlloys,Mn,e-m,0.208007880460618,%,3
OBS,2020,EU27+4,WEEE_generatedDedicated,WEEE_Cat6,cableUnspecified,AlAndAlAlloys,Mo,e-m,0.254047294760836,%,1
OBS,2020,EU27+4,WEEE_generatedDedicated,WEEE_Cat6,cableUnspecified,AlAndAlAlloys,Sm,e-m,0.229578759831625,%,1
OBS,2020,EU27+4,WEEE_generatedDedicated,WEEE_Cat6,cableUnspecified,AlAndAlAlloys,,m-c,0.143758250319505,%,3
OBS,2020,EU27+4,WEEE_generatedDedicated,WEEE_Cat6,cableUnspecified,CuAndCuAlloys,Ag,e-m,0.792310881737512,%,1
OBS,2020,EU27+4,WEEE_generatedDedicated,WEEE_Cat6,cableUnspecified,CuAndCuAlloys,Dy,e-m,0.19617277816991,%,2
OBS,2020,EU27+4,WEEE_generatedDedicated,WEEE_Cat6,cableUnspecified,CuAndCuAlloys,Zr,e-m,0.011516340092578,%,2
OBS,2020,EU27+4,WEEE_generatedDedicated,WEEE_Cat6,cableUnspecified,CuAndCuAlloys,,m-c,0.0776206404651192,%,2
OBS,2020,EU27+4,WEEE_generatedDedicated,WEEE_Cat6,cableUnspecified,ferrousMetals,Ag,e-m,0.493814367803681,%,1
OBS,2020,EU27+4,WEEE_generatedDedicated,WEEE_Cat6,cableUnspecified,ferrousMetals,Cu,e-m,0.099103022226015,%,1
OBS,2020,EU27+4,WEEE_generatedDedicated,WEEE_Cat6,cableUnspecified,ferrousMetals,Ga,e-m,0.0196740340250339,%,2
OBS,2020,EU27+4,WEEE_generatedDedicated,WEEE_Cat6,cableUnspecified,ferrousMetals,Mo,e-m,0.151517143186904,%,1
OBS,2020,EU27+4,WEEE_generatedDedicated,WEEE_Cat6,cableUnspecified,ferrousMetals,O,e-m,0.0297656653344527,%,1
OBS,2020,EU27+4,WEEE_generatedDedicated,WEEE_Cat6,cableUnspecified,ferrousMetals,Sm,e-m,0.206125767423914,%,3
OBS,2020,EU27+4,WEEE_generatedDedicated,WEEE_Cat6,cableUnspecified,ferrousMetals,,m-c,0.577633522510069,%,2
OBS,2020,EU27+4,WEEE_generatedDedicated,WEEE_Cat6,cableUnspecified,,,c-p,0.0383443141385942,%,1
OBS,2020,EU27+4,WEEE_generatedDedicated,WEEE_Cat6,cableUnspecified,plastics,Ag,e-m,1,%,3
OBS,2020,EU27+4,WEEE_generatedDedicated,WEEE_Cat6,cableUnspecified,plastics,,m-c,0.200987586705307,%,3
OBS,2020,EU27+4,WEEE_generatedDedicated,WEEE_Cat6,cableWOPlug,,,c-p,0.011537113995095,%,1
OBS,2020,EU27+4,WEEE_generatedDedicated,WEEE_Cat6,cableWPlug,AlAndAlAlloys,,m-c,0.388876614994254,%,3
OBS,2020,EU27+4,WEEE_generatedDedicated,WEEE_Cat6,cableWPlug,ferrousMetals,,m-c,0.170207637350457,%,2
OBS,2020,EU27+4,WEEE_generatedDedicated,WEEE_Cat6,cableWPlug,,,c-p,0.0128480752892819,%,2
OBS,2020,EU27+4,WEEE_generatedDedicated,WEEE_Cat6,cableWPlug,plastics,Ag,e-m,1,%,1
OBS,2020,EU27+4,WEEE_generatedDedicated,WEEE_Cat6,cableWPlug,plastics,,m-c,0.44091574765529,%,1
OBS,2020,EU27+4,WEEE_generatedDedicated,WEEE_Cat6,cableWithConnector,CuAndCuAlloys,Ag,e-m,0.28718411417228,%,2
OBS,2020,EU27+4,WEEE_generatedDedicated,WEEE_Cat6,cableWithConnector,CuAndCuAlloys,Dy,e-m,0.478735656040594,%,1
OBS,2020,EU27+4,WEEE_generatedDedicated,WEEE_Cat6,cableWithConnector,CuAndCuAlloys,Zr,e-m,0.234080229787127,%,1
OBS,2020,EU27+4,WEEE_generatedDedicated,WEEE_Cat6,cableWithConnector,CuAndCuAlloys,,m-c,1,%,3
OBS,2020,EU27+4,WEEE_generatedDedicated,WEEE_Cat6,cables,,,c-p,0.0100992737899507,%,3
OBS,2020,EU27+4,WEEE_generatedDedicated,WEEE_Cat6,cables,otherOrUndefinedMaterials,Ag,e-m,1,%,2
OBS,2020,EU27+4,WEEE_generatedDedicated,WEEE_Cat6,cables,otherOrUndefinedMaterials,,m-c,1,%,1
OBS,2020,EU27+4,WEEE_generatedDedicated,WEEE_Cat6,cablewire,AlAndAlAlloys,Ag,e-m,0.0069008985101192,%,1
OBS,2020,EU27+4,WEEE_generatedDedicated,WEEE_Cat6,cablewire,AlAndAlAlloys,As,e-m,0.331086652565182,%,3
OBS,2020,EU27+4,WEEE_generatedDedicated,WEEE_Cat6,cablewire,AlAndAlAlloys,Cu,e-m,0.0443568136797045,%,1
OBS,2020,EU27+4,WEEE_generatedDedicated,WEEE_Cat6,cablewire,AlAndAlAlloys,Ga,e-m,0.44931920521934,%,3
OBS,2020,EU27+4,WEEE_generatedDedicated,WEEE_Cat6,cablewire,AlAndAlAlloys,Mn,e-m,0.0164470742281337,%,3
OBS,2020,EU27+4,WEEE_generatedDedicated,WEEE_Cat6,cablewire,AlAndAlAlloys,Mo,e-m,0.083605301785947,%,1
OBS,2020,EU27+4,WEEE_generatedDedicated,WEEE_Cat6,cablewire,AlAndAlAlloys,Sm,e-m,0.0682840540115734,%,3
OBS,2020,EU27+4,WEEE_generatedDedicated,WEEE_Cat6,cablewire,AlAndAlAlloys,,m-c,0.0534483139419014,%,3
OBS,2020,EU27+4,WEEE_generatedDedicated,WEEE_Cat6,cablewire,CuAndCuAlloys,Ag,e-m,0.405743964021289,%,2
OBS,2020,EU27+4,WEEE_generatedDedicated,WEEE_Cat6,cablewire,CuAndCuAlloys,Dy,e-m,0.143232191332078,%,1
OBS,2020,EU27+4,WEEE_generatedDedicated,WEEE_Cat6,cablewire,CuAndCuAlloys,Zr,e-m,0.451023844646633,%,2
OBS,2020,EU27+4,WEEE_generatedDedicated,WEEE_Cat6,cablewire,CuAndCuAlloys,,m-c,0.175175656642892,%,1
OBS,2020,EU27+4,WEEE_generatedDedicated,WEEE_Cat6,cablewire,ferrousMetals,Ag,e-m,0.188314048470537,%,2
OBS,2020,EU27+4,WEEE_generatedDedicated,WEEE_Cat6,cablewire,ferrousMetals,Ca,e-m,0.0258527447833464,%,1
OBS,2020,EU27+4,WEEE_generatedDedicated,WEEE_Cat6,cablewire,ferrousMetals,Ga,e-m,0.532363628566852,%,1
OBS,2020,EU27+4,WEEE_generatedDedicated,WEEE_Cat6,cablewire,ferrousMetals,Mo,e-m,0.108086773611406,%,1
OBS,2020,EU27+4,WEEE_generatedDedicated,WEEE_Cat6,cablewire,ferrousMetals,Sm,e-m,0.145382804567859,%,3
OBS,2020,EU27+4,WEEE_generatedDedicated,WEEE_Cat6,cablewire,ferrousMetals,,m-c,0.341952560446308,%,1
OBS,2020,EU27+4,WEEE_generatedDedicated,WEEE_Cat6,cablewire,,,c-p,0.004150987497539,%,2
OBS,2020,EU27+4,WEEE_generatedDedicated,WEEE_Cat6,cablewire,plastics,Ag,e-m,1,%,3
OBS,2020,EU27+4,WEEE_generatedDedicated,WEEE_Cat6,cablewire,plastics,,m-c,0.429423468968899,%,1
OBS,2020,EU27+4,WEEE_generatedDedicated,WEEE_Cat6,capElectrolytic,CuAndCuAlloys,Ag,e-m,0.300274696108231,%,3
OBS,2020,EU27+4,WEEE_generatedDedicated,WEEE_Cat6,capElectrolytic,CuAndCuAlloys,Dy,e-m,0.492758115516167,%,3
OBS,2020,EU27+4,WEEE_generatedDedicated,WEEE_Cat6,capElectrolytic,CuAndCuAlloys,Zr,e-m,0.206967188375603,%,1
OBS,2020,EU27+4,WEEE_generatedDedicated,WEEE_Cat6,capElectrolytic,CuAndCuAlloys,,m-c,0.113694047165174,%,3
OBS,2020,EU27+4,WEEE_generatedDedicated,WEEE_Cat6,capElectrolytic,,,c-p,0.0169277941438076,%,1
OBS,2020,EU27+4,WEEE_generatedDedicated,WEEE_Cat6,capElectrolytic,undefinedAndMixedMaterials,Ag,e-m,1,%,3
OBS,2020,EU27+4,WEEE_generatedDedicated,WEEE_Cat6,capElectrolytic,undefinedAndMixedMaterials,,m-c,0.886305952834826,%,2
OBS,2020,EU27+4,WEEE_generatedDedicated,WEEE_Cat6,casingPlasticBased,AlAndAlAlloys,Ag,e-m,0.0620700175050958,%,1
OBS,2020,EU27+4,WEEE_generatedDedicated,WEEE_Cat6,casingPlasticBased,AlAndAlAlloys,As,e-m,0.105551063296449,%,2
OBS,2020,EU27+4,WEEE_generatedDedicated,WEEE_Cat6,casingPlasticBased,AlAndAlAlloys,Cu,e-m,0.347076843111142,%,2
OBS,2020,EU27+4,WEEE_generatedDedicated,WEEE_Cat6,casingPlasticBased,AlAndAlAlloys,Ga,e-m,0.0784775816266787,%,1
OBS,2020,EU27+4,WEEE_generatedDedicated,WEEE_Cat6,casingPlasticBased,AlAndAlAlloys,Mn,e-m,0.015120375945597,%,1
OBS,2020,EU27+4,WEEE_generatedDedicated,WEEE_Cat6,casingPlasticBased,AlAndAlAlloys,Mo,e-m,0.341273041034641,%,2
OBS,2020,EU27+4,WEEE_generatedDedicated,WEEE_Cat6,casingPlasticBased,AlAndAlAlloys,Sm,e-m,0.0504310774803965,%,2
OBS,2020,EU27+4,WEEE_generatedDedicated,WEEE_Cat6,casingPlasticBased,AlAndAlAlloys,,m-c,0.0620569097901374,%,3
OBS,2020,EU27+4,WEEE_generatedDedicated,WEEE_Cat6,casingPlasticBased,CuAndCuAlloys,Ag,e-m,0.0157862084202581,%,1
OBS,2020,EU27+4,WEEE_generatedDedicated,WEEE_Cat6,casingPlasticBased,CuAndCuAlloys,Dy,e-m,0.227665127153657,%,3
OBS,2020,EU27+4,WEEE_generatedDedicated,WEEE_Cat6,casingPlasticBased,CuAndCuAlloys,Zr,e-m,0.756548664426085,%,2
OBS,2020,EU27+4,WEEE_generatedDedicated,WEEE_Cat6,casingPlasticBased,CuAndCuAlloys,,m-c,0.0193171222486657,%,2
OBS,2020,EU27+4,WEEE_generatedDedicated,WEEE_Cat6,casingPlasticBased,ferrousMetals,Ag,e-m,0.168950845399926,%,2
OBS,2020,EU27+4,WEEE_generatedDedicated,WEEE_Cat6,casingPlasticBased,ferrousMetals,Ca,e-m,0.270957150781448,%,1
OBS,2020,EU27+4,WEEE_generatedDedicated,WEEE_Cat6,casingPlasticBased,ferrousMetals,Cu,e-m,0.0703035316186431,%,1
OBS,2020,EU27+4,WEEE_generatedDedicated,WEEE_Cat6,casingPlasticBased,ferrousMetals,Ga,e-m,0.204377182511136,%,1
OBS,2020,EU27+4,WEEE_generatedDedicated,WEEE_Cat6,casingPlasticBased,ferrousMetals,Mo,e-m,0.0241302015613639,%,2
OBS,2020,EU27+4,WEEE_generatedDedicated,WEEE_Cat6,casingPlasticBased,ferrousMetals,O,e-m,0.209323110073796,%,3
OBS,2020,EU27+4,WEEE_generatedDedicated,WEEE_Cat6,casingPlasticBased,ferrousMetals,Sm,e-m,0.051957978053688,%,3
OBS,2020,EU27+4,WEEE_generatedDedicated,WEEE_Cat6,casingPlasticBased,ferrousMetals,,m-c,0.114831519389564,%,2
OBS,2020,EU27+4,WEEE_generatedDedicated,WEEE_Cat6,casingPlasticBased,,,c-p,0.0059344604180585,%,2
OBS,2020,EU27+4,WEEE_generatedDedicated,WEEE_Cat6,casingPlasticBased,otherOrganics,Ag,e-m,1,%,2
OBS,2020,EU27+4,WEEE_generatedDedicated,WEEE_Cat6,casingPlasticBased,otherOrganics,,m-c,0.0156639451222665,%,1
OBS,2020,EU27+4,WEEE_generatedDedicated,WEEE_Cat6,casingPlasticBased,plastics,Ag,e-m,1,%,1
OBS,2020,EU27+4,WEEE_generatedDedicated,WEEE_Cat6,casingPlasticBased,plastics,,m-c,0.0566333834265464,%,1
OBS,2020,EU27+4,WEEE_generatedDedicated,WEEE_Cat6,casingPlasticBased,polymerPA6GF30,Ag,e-m,1,%,2
OBS,2020,EU27+4,WEEE_generatedDedicated,WEEE_Cat6,casingPlasticBased,polymerPA6GF30,,m-c,0.128443456556794,%,2
OBS,2020,EU27+4,WEEE_generatedDedicated,WEEE_Cat6,casingPlasticBased,polymerPPGF30,Ag,e-m,1,%,1
OBS,2020,EU27+4,WEEE_generatedDedicated,WEEE_Cat6,casingPlasticBased,polymerPPGF30,,m-c,0.148064337221932,%,2
OBS,2020,EU27+4,WEEE_generatedDedicated,WEEE_Cat6,casingPlasticBased,polymerPPTF30,Ag,e-m,1,%,3
OBS,2020,EU27+4,WEEE_generatedDedicated,WEEE_Cat6,casingPlasticBased,polymerPPTF30,,m-c,0.0381225500379611,%,1
OBS,2020,EU27+4,WEEE_generatedDedicated,WEEE_Cat6,casingPlasticBased,undefinedAndMixedMaterials,,m-c,0.416866776206134,%,3
OBS,2020,EU27+4,WEEE_generatedDedicated,WEEE_Cat6,casingSteelBased,ferrousMetals,Ag,e-m,0.0574002983630313,%,2
OBS,2020,EU27+4,WEEE_generatedDedicated,WEEE_Cat6,casingSteelBased,ferrousMetals,Cu,e-m,0.148238416015973,%,1
OBS,2020,EU27+4,WEEE_generatedDedicated,WEEE_Cat6,casingSteelBased,ferrousMetals,Ga,e-m,0.0773952617642965,%,2
OBS,2020,EU27+4,WEEE_generatedDedicated,WEEE_Cat6,casingSteelBased,ferrousMetals,Mo,e-m,0.397005444807286,%,3
OBS,2020,EU27+4,WEEE_generatedDedicated,WEEE_Cat6,casingSteelBased,ferrousMetals,O,e-m,0.165883462751787,%,1
OBS,2020,EU27+4,WEEE_generatedDedicated,WEEE_Cat6,casingSteelBased,ferrousMetals,Sm,e-m,0.154077116297626,%,3
OBS,2020,EU27+4,WEEE_generatedDedicated,WEEE_Cat6,casingSteelBased,ferrousMetals,,m-c,1,%,3
OBS,2020,EU27+4,WEEE_generatedDedicated,WEEE_Cat6,casingSteelBased,,,c-p,0.0005771651542862,%,2
OBS,2020,EU27+4,WEEE_generatedDedicated,WEEE_Cat6,casingUnspecified,AlAndAlAlloys,Ag,e-m,0.303253309609105,%,2
OBS,2020,EU27+4,WEEE_generatedDedicated,WEEE_Cat6,casingUnspecified,AlAndAlAlloys,As,e-m,0.0350454384284805,%,1
OBS,2020,EU27+4,WEEE_generatedDedicated,WEEE_Cat6,casingUnspecified,AlAndAlAlloys,Cu,e-m,0.114020646347433,%,1
OBS,2020,EU27+4,WEEE_generatedDedicated,WEEE_Cat6,casingUnspecified,AlAndAlAlloys,Ga,e-m,0.301299755851652,%,2
OBS,2020,EU27+4,WEEE_generatedDedicated,WEEE_Cat6,casingUnspecified,AlAndAlAlloys,Mn,e-m,0.150002594787897,%,3
OBS,2020,EU27+4,WEEE_generatedDedicated,WEEE_Cat6,casingUnspecified,AlAndAlAlloys,Mo,e-m,0.0080105590475768,%,1
OBS,2020,EU27+4,WEEE_generatedDedicated,WEEE_Cat6,casingUnspecified,AlAndAlAlloys,Sm,e-m,0.0883676959278546,%,2
OBS,2020,EU27+4,WEEE_generatedDedicated,WEEE_Cat6,casingUnspecified,AlAndAlAlloys,,m-c,0.176467507989664,%,1
OBS,2020,EU27+4,WEEE_generatedDedicated,WEEE_Cat6,casingUnspecified,CuAndCuAlloys,Ag,e-m,0.58506707779437,%,3
OBS,2020,EU27+4,WEEE_generatedDedicated,WEEE_Cat6,casingUnspecified,CuAndCuAlloys,Dy,e-m,0.0270814432663856,%,2
OBS,2020,EU27+4,WEEE_generatedDedicated,WEEE_Cat6,casingUnspecified,CuAndCuAlloys,Zr,e-m,0.387851478939245,%,1
OBS,2020,EU27+4,WEEE_generatedDedicated,WEEE_Cat6,casingUnspecified,CuAndCuAlloys,,m-c,0.131705263969241,%,3
OBS,2020,EU27+4,WEEE_generatedDedicated,WEEE_Cat6,casingUnspecified,ferrousMetals,Ag,e-m,0.0805478646835523,%,3
OBS,2020,EU27+4,WEEE_generatedDedicated,WEEE_Cat6,casingUnspecified,ferrousMetals,Cu,e-m,0.260878785431033,%,2
OBS,2020,EU27+4,WEEE_generatedDedicated,WEEE_Cat6,casingUnspecified,ferrousMetals,Ga,e-m,0.113379081601575,%,2
OBS,2020,EU27+4,WEEE_generatedDedicated,WEEE_Cat6,casingUnspecified,ferrousMetals,Mo,e-m,0.521058590448903,%,2
OBS,2020,EU27+4,WEEE_generatedDedicated,WEEE_Cat6,casingUnspecified,ferrousMetals,O,e-m,0.0188095218145211,%,2
OBS,2020,EU27+4,WEEE_generatedDedicated,WEEE_Cat6,casingUnspecified,ferrousMetals,Sm,e-m,0.0053261560204146,%,2
OBS,2020,EU27+4,WEEE_generatedDedicated,WEEE_Cat6,casingUnspecified,ferrousMetals,,m-c,0.330549123423201,%,3
OBS,2020,EU27+4,WEEE_generatedDedicated,WEEE_Cat6,casingUnspecified,glass,Ag,e-m,0.0262498382729409,%,1
OBS,2020,EU27+4,WEEE_generatedDedicated,WEEE_Cat6,casingUnspecified,glass,Pd,e-m,0.264914491619176,%,3
OBS,2020,EU27+4,WEEE_generatedDedicated,WEEE_Cat6,casingUnspecified,glass,Sc,e-m,0.583733359955176,%,1
OBS,2020,EU27+4,WEEE_generatedDedicated,WEEE_Cat6,casingUnspecified,glass,Zr,e-m,0.125102310152707,%,2
OBS,2020,EU27+4,WEEE_generatedDedicated,WEEE_Cat6,casingUnspecified,glass,,m-c,0.102319061580262,%,3
OBS,2020,EU27+4,WEEE_generatedDedicated,WEEE_Cat6,casingUnspecified,,,c-p,0.0133119989445376,%,1
OBS,2020,EU27+4,WEEE_generatedDedicated,WEEE_Cat6,casingUnspecified,otherMetalsAndMetalAlloys,Ag,e-m,0.252501371432351,%,1
OBS,2020,EU27+4,WEEE_generatedDedicated,WEEE_Cat6,casingUnspecified,otherMetalsAndMetalAlloys,Al,e-m,0.704109919558103,%,1
OBS,2020,EU27+4,WEEE_generatedDedicated,WEEE_Cat6,casingUnspecified,otherMetalsAndMetalAlloys,Dy,e-m,0.0433887090095465,%,2
OBS,2020,EU27+4,WEEE_generatedDedicated,WEEE_Cat6,casingUnspecified,otherMetalsAndMetalAlloys,,m-c,0.139153972575313,%,2
OBS,2020,EU27+4,WEEE_generatedDedicated,WEEE_Cat6,casingUnspecified,plastics,Ag,e-m,1,%,1
OBS,2020,EU27+4,WEEE_generatedDedicated,WEEE_Cat6,casingUnspecified,plastics,,m-c,0.0367173490559627,%,3
OBS,2020,EU27+4,WEEE_generatedDedicated,WEEE_Cat6,casingUnspecified,undefinedAndMixedMaterials,Ag,e-m,1,%,2
OBS,2020,EU27+4,WEEE_generatedDedicated,WEEE_Cat6,casingUnspecified,undefinedAndMixedMaterials,,m-c,0.0830877214063559,%,3
OBS,2020,EU27+4,WEEE_generatedDedicated,WEEE_Cat6,coldCathodeLamp,,,c-p,0.0269311221080448,%,1
OBS,2020,EU27+4,WEEE_generatedDedicated,WEEE_Cat6,compContainHazardSubst,,,c-p,0.0076806673250298,%,1
OBS,2020,EU27+4,WEEE_generatedDedicated,WEEE_Cat6,compressor,CuAndCuAlloys,Ag,e-m,0.04692879820838,%,2
OBS,2020,EU27+4,WEEE_generatedDedicated,WEEE_Cat6,compressor,CuAndCuAlloys,As,e-m,0.0252541161269935,%,1
OBS,2020,EU27+4,WEEE_generatedDedicated,WEEE_Cat6,compressor,CuAndCuAlloys,Cu,e-m,0.371646904601032,%,2
OBS,2020,EU27+4,WEEE_generatedDedicated,WEEE_Cat6,compressor,CuAndCuAlloys,Dy,e-m,0.0629555530937551,%,3
OBS,2020,EU27+4,WEEE_generatedDedicated,WEEE_Cat6,compressor,CuAndCuAlloys,Ga,e-m,0.0859196649510401,%,1
OBS,2020,EU27+4,WEEE_generatedDedicated,WEEE_Cat6,compressor,CuAndCuAlloys,Mn,e-m,0.120042621152676,%,2
OBS,2020,EU27+4,WEEE_generatedDedicated,WEEE_Cat6,compressor,CuAndCuAlloys,Mo,e-m,0.0112706614906732,%,1
OBS,2020,EU27+4,WEEE_generatedDedicated,WEEE_Cat6,compressor,CuAndCuAlloys,Sm,e-m,0.275586189082013,%,3
OBS,2020,EU27+4,WEEE_generatedDedicated,WEEE_Cat6,compressor,CuAndCuAlloys,Zr,e-m,0.0003954912934371,%,3
OBS,2020,EU27+4,WEEE_generatedDedicated,WEEE_Cat6,compressor,CuAndCuAlloys,,m-c,0.0217163469341131,%,1
OBS,2020,EU27+4,WEEE_generatedDedicated,WEEE_Cat6,compressor,glass,Ag,e-m,0.342514975097272,%,3
OBS,2020,EU27+4,WEEE_generatedDedicated,WEEE_Cat6,compressor,glass,Pd,e-m,0.103730862330354,%,1
OBS,2020,EU27+4,WEEE_generatedDedicated,WEEE_Cat6,compressor,glass,Sc,e-m,0.101558625536441,%,1
OBS,2020,EU27+4,WEEE_generatedDedicated,WEEE_Cat6,compressor,glass,Zr,e-m,0.452195537035933,%,2
OBS,2020,EU27+4,WEEE_generatedDedicated,WEEE_Cat6,compressor,glass,,m-c,0.262790798746366,%,2
OBS,2020,EU27+4,WEEE_generatedDedicated,WEEE_Cat6,compressor,,,c-p,0.0101722135694999,%,2
OBS,2020,EU27+4,WEEE_generatedDedicated,WEEE_Cat6,compressor,otherFerrousAlloys,Ag,e-m,0.228602136395758,%,1
OBS,2020,EU27+4,WEEE_generatedDedicated,WEEE_Cat6,compressor,otherFerrousAlloys,Ca,e-m,0.0831972228984814,%,1
OBS,2020,EU27+4,WEEE_generatedDedicated,WEEE_Cat6,compressor,otherFerrousAlloys,Ga,e-m,0.099512365376063,%,1
OBS,2020,EU27+4,WEEE_generatedDedicated,WEEE_Cat6,compressor,otherFerrousAlloys,Mo,e-m,0.213268776993615,%,1
OBS,2020,EU27+4,WEEE_generatedDedicated,WEEE_Cat6,compressor,otherFerrousAlloys,Sm,e-m,0.375419498336083,%,1
OBS,2020,EU27+4,WEEE_generatedDedicated,WEEE_Cat6,compressor,otherFerrousAlloys,,m-c,0.0077661155760666,%,2
OBS,2020,EU27+4,WEEE_generatedDedicated,WEEE_Cat6,compressor,otherOrUndefinedMaterials,Ag,e-m,1,%,1
OBS,2020,EU27+4,WEEE_generatedDedicated,WEEE_Cat6,compressor,otherOrUndefinedMaterials,,m-c,0.287284785622022,%,2
OBS,2020,EU27+4,WEEE_generatedDedicated,WEEE_Cat6,compressor,plastics,Ag,e-m,1,%,2
OBS,2020,EU27+4,WEEE_generatedDedicated,WEEE_Cat6,compressor,plastics,,m-c,0.142046905983613,%,3
OBS,2020,EU27+4,WEEE_generatedDedicated,WEEE_Cat6,compressor,steelAndSteelAlloys,Ag,e-m,0.242588619275868,%,3
OBS,2020,EU27+4,WEEE_generatedDedicated,WEEE_Cat6,compressor,steelAndSteelAlloys,Cu,e-m,0.185793549916168,%,2
OBS,2020,EU27+4,WEEE_generatedDedicated,WEEE_Cat6,compressor,steelAndSteelAlloys,Ga,e-m,0.0844890042412502,%,3
OBS,2020,EU27+4,WEEE_generatedDedicated,WEEE_Cat6,compressor,steelAndSteelAlloys,Mo,e-m,0.133572736354067,%,2
OBS,2020,EU27+4,WEEE_generatedDedicated,WEEE_Cat6,compressor,steelAndSteelAlloys,O,e-m,0.316061793022729,%,2
OBS,2020,EU27+4,WEEE_generatedDedicated,WEEE_Cat6,compressor,steelAndSteelAlloys,Sm,e-m,0.037494297189918,%,3
OBS,2020,EU27+4,WEEE_generatedDedicated,WEEE_Cat6,compressor,steelAndSteelAlloys,,m-c,0.278395047137819,%,2
OBS,2020,EU27+4,WEEE_generatedDedicated,WEEE_Cat6,condensator,,,c-p,0.0128511329887894,%,1
OBS,2020,EU27+4,WEEE_generatedDedicated,WEEE_Cat6,contactor,,,c-p,0.0179714170810071,%,1
OBS,2020,EU27+4,WEEE_generatedDedicated,WEEE_Cat6,displayCRT,AlAndAlAlloys,Ag,e-m,0.0548565357230243,%,2
OBS,2020,EU27+4,WEEE_generatedDedicated,WEEE_Cat6,displayCRT,AlAndAlAlloys,As,e-m,0.0372515791579751,%,2
OBS,2020,EU27+4,WEEE_generatedDedicated,WEEE_Cat6,displayCRT,AlAndAlAlloys,Cu,e-m,0.136438425150222,%,1
OBS,2020,EU27+4,WEEE_generatedDedicated,WEEE_Cat6,displayCRT,AlAndAlAlloys,Ga,e-m,0.049341108041695,%,2
OBS,2020,EU27+4,WEEE_generatedDedicated,WEEE_Cat6,displayCRT,AlAndAlAlloys,Mn,e-m,0.0937458302509453,%,3
OBS,2020,EU27+4,WEEE_generatedDedicated,WEEE_Cat6,displayCRT,AlAndAlAlloys,Mo,e-m,0.10960858727679,%,3
OBS,2020,EU27+4,WEEE_generatedDedicated,WEEE_Cat6,displayCRT,AlAndAlAlloys,Sm,e-m,0.518757934399349,%,1
OBS,2020,EU27+4,WEEE_generatedDedicated,WEEE_Cat6,displayCRT,AlAndAlAlloys,,m-c,0.669872332575154,%,1
OBS,2020,EU27+4,WEEE_generatedDedicated,WEEE_Cat6,displayCRT,glass,Ag,e-m,0.809228032122549,%,2
OBS,2020,EU27+4,WEEE_generatedDedicated,WEEE_Cat6,displayCRT,glass,Pd,e-m,0.0423774471378179,%,3
OBS,2020,EU27+4,WEEE_generatedDedicated,WEEE_Cat6,displayCRT,glass,Sc,e-m,0.0264156445960607,%,1
OBS,2020,EU27+4,WEEE_generatedDedicated,WEEE_Cat6,displayCRT,glass,Zr,e-m,0.121978876143573,%,2
OBS,2020,EU27+4,WEEE_generatedDedicated,WEEE_Cat6,displayCRT,glass,,m-c,0.330127667424846,%,3
OBS,2020,EU27+4,WEEE_generatedDedicated,WEEE_Cat6,displayCRT,,,c-p,0.0028225994113635,%,1
OBS,2020,EU27+4,WEEE_generatedDedicated,WEEE_Cat6,displayLCD,AlAndAlAlloys,Ag,e-m,0.139743933597282,%,3
OBS,2020,EU27+4,WEEE_generatedDedicated,WEEE_Cat6,displayLCD,AlAndAlAlloys,As,e-m,0.246696846844491,%,1
OBS,2020,EU27+4,WEEE_generatedDedicated,WEEE_Cat6,displayLCD,AlAndAlAlloys,Cu,e-m,0.273620097824548,%,1
OBS,2020,EU27+4,WEEE_generatedDedicated,WEEE_Cat6,displayLCD,AlAndAlAlloys,Ga,e-m,0.194177860099983,%,2
OBS,2020,EU27+4,WEEE_generatedDedicated,WEEE_Cat6,displayLCD,AlAndAlAlloys,Mn,e-m,0.0045138618758861,%,2
OBS,2020,EU27+4,WEEE_generatedDedicated,WEEE_Cat6,displayLCD,AlAndAlAlloys,Mo,e-m,0.0909151863813903,%,3
OBS,2020,EU27+4,WEEE_generatedDedicated,WEEE_Cat6,displayLCD,AlAndAlAlloys,Sm,e-m,0.0503322133764205,%,1
OBS,2020,EU27+4,WEEE_generatedDedicated,WEEE_Cat6,displayLCD,AlAndAlAlloys,,m-c,0.217048747061279,%,1
OBS,2020,EU27+4,WEEE_generatedDedicated,WEEE_Cat6,displayLCD,CuAndCuAlloys,Ag,e-m,0.130119747131964,%,2
OBS,2020,EU27+4,WEEE_generatedDedicated,WEEE_Cat6,displayLCD,CuAndCuAlloys,Dy,e-m,0.10411782458009,%,3
OBS,2020,EU27+4,WEEE_generatedDedicated,WEEE_Cat6,displayLCD,CuAndCuAlloys,Zr,e-m,0.765762428287947,%,3
OBS,2020,EU27+4,WEEE_generatedDedicated,WEEE_Cat6,displayLCD,CuAndCuAlloys,,m-c,0.0232263640018286,%,1
OBS,2020,EU27+4,WEEE_generatedDedicated,WEEE_Cat6,displayLCD,ferrousMetals,Ag,e-m,0.0285902169142487,%,3
OBS,2020,EU27+4,WEEE_generatedDedicated,WEEE_Cat6,displayLCD,ferrousMetals,Cu,e-m,0.201569706542637,%,2
OBS,2020,EU27+4,WEEE_generatedDedicated,WEEE_Cat6,displayLCD,ferrousMetals,Ga,e-m,0.0986972666910165,%,3
OBS,2020,EU27+4,WEEE_generatedDedicated,WEEE_Cat6,displayLCD,ferrousMetals,Mo,e-m,0.448494053207065,%,3
OBS,2020,EU27+4,WEEE_generatedDedicated,WEEE_Cat6,displayLCD,ferrousMetals,O,e-m,0.138925722755113,%,2
OBS,2020,EU27+4,WEEE_generatedDedicated,WEEE_Cat6,displayLCD,ferrousMetals,Sm,e-m,0.0837230338899203,%,2
OBS,2020,EU27+4,WEEE_generatedDedicated,WEEE_Cat6,displayLCD,ferrousMetals,,m-c,0.222094735689673,%,3
OBS,2020,EU27+4,WEEE_generatedDedicated,WEEE_Cat6,displayLCD,glass,Ag,e-m,0.214894878693707,%,3
OBS,2020,EU27+4,WEEE_generatedDedicated,WEEE_Cat6,displayLCD,glass,Pd,e-m,0.228138151753118,%,3
OBS,2020,EU27+4,WEEE_generatedDedicated,WEEE_Cat6,displayLCD,glass,Sc,e-m,0.12242349700724,%,3
OBS,2020,EU27+4,WEEE_generatedDedicated,WEEE_Cat6,displayLCD,glass,Zr,e-m,0.434543472545935,%,3
OBS,2020,EU27+4,WEEE_generatedDedicated,WEEE_Cat6,displayLCD,glass,,m-c,0.198212511529674,%,2
OBS,2020,EU27+4,WEEE_generatedDedicated,WEEE_Cat6,displayLCD,,,c-p,0.011686286224502,%,2
OBS,2020,EU27+4,WEEE_generatedDedicated,WEEE_Cat6,displayLCD,plastics,Ag,e-m,1,%,2
OBS,2020,EU27+4,WEEE_generatedDedicated,WEEE_Cat6,displayLCD,plastics,,m-c,0.328543910636883,%,1
OBS,2020,EU27+4,WEEE_generatedDedicated,WEEE_Cat6,displayLCD,undefinedAndMixedMaterials,Ag,e-m,1,%,2
OBS,2020,EU27+4,WEEE_generatedDedicated,WEEE_Cat6,displayLCD,undefinedAndMixedMaterials,,m-c,0.0108737310806624,%,3
OBS,2020,EU27+4,WEEE_generatedDedicated,WEEE_Cat6,displayLCDunder100cm2,,,c-p,0.0113787705864418,%,1
OBS,2020,EU27+4,WEEE_generatedDedicated,WEEE_Cat6,displayOther,AlAndAlAlloys,Ag,e-m,0.0113474805942602,%,1
OBS,2020,EU27+4,WEEE_generatedDedicated,WEEE_Cat6,displayOther,AlAndAlAlloys,As,e-m,0.013008552118287,%,1
OBS,2020,EU27+4,WEEE_generatedDedicated,WEEE_Cat6,displayOther,AlAndAlAlloys,Cu,e-m,0.126753153134203,%,3
OBS,2020,EU27+4,WEEE_generatedDedicated,WEEE_Cat6,displayOther,AlAndAlAlloys,Ga,e-m,0.173918587032544,%,2
OBS,2020,EU27+4,WEEE_generatedDedicated,WEEE_Cat6,displayOther,AlAndAlAlloys,Mn,e-m,0.535730372671064,%,2
OBS,2020,EU27+4,WEEE_generatedDedicated,WEEE_Cat6,displayOther,AlAndAlAlloys,Mo,e-m,0.0242628111085047,%,1
OBS,2020,EU27+4,WEEE_generatedDedicated,WEEE_Cat6,displayOther,AlAndAlAlloys,Sm,e-m,0.114979043341137,%,1
OBS,2020,EU27+4,WEEE_generatedDedicated,WEEE_Cat6,displayOther,AlAndAlAlloys,,m-c,0.0185577907808321,%,2
OBS,2020,EU27+4,WEEE_generatedDedicated,WEEE_Cat6,displayOther,CuAndCuAlloys,Ag,e-m,0.159102100239372,%,1
OBS,2020,EU27+4,WEEE_generatedDedicated,WEEE_Cat6,displayOther,CuAndCuAlloys,Dy,e-m,0.112624655077181,%,1
OBS,2020,EU27+4,WEEE_generatedDedicated,WEEE_Cat6,displayOther,CuAndCuAlloys,Zr,e-m,0.728273244683448,%,1
OBS,2020,EU27+4,WEEE_generatedDedicated,WEEE_Cat6,displayOther,CuAndCuAlloys,,m-c,0.0525921611884357,%,2
OBS,2020,EU27+4,WEEE_generatedDedicated,WEEE_Cat6,displayOther,ferrousMetals,Ag,e-m,0.0181462748104079,%,1
OBS,2020,EU27+4,WEEE_generatedDedicated,WEEE_Cat6,displayOther,ferrousMetals,Cu,e-m,0.0176606466682341,%,1
OBS,2020,EU27+4,WEEE_generatedDedicated,WEEE_Cat6,displayOther,ferrousMetals,Ga,e-m,0.206954357168295,%,1
OBS,2020,EU27+4,WEEE_generatedDedicated,WEEE_Cat6,displayOther,ferrousMetals,Mo,e-m,0.150744043693374,%,1
OBS,2020,EU27+4,WEEE_generatedDedicated,WEEE_Cat6,displayOther,ferrousMetals,O,e-m,0.483916731284797,%,1
OBS,2020,EU27+4,WEEE_generatedDedicated,WEEE_Cat6,displayOther,ferrousMetals,Sm,e-m,0.122577946374892,%,3
OBS,2020,EU27+4,WEEE_generatedDedicated,WEEE_Cat6,displayOther,ferrousMetals,,m-c,0.0352227391439817,%,2
OBS,2020,EU27+4,WEEE_generatedDedicated,WEEE_Cat6,displayOther,glass,Ag,e-m,0.104483142069232,%,1
OBS,2020,EU27+4,WEEE_generatedDedicated,WEEE_Cat6,displayOther,glass,Pd,e-m,0.196658522322616,%,1
OBS,2020,EU27+4,WEEE_generatedDedicated,WEEE_Cat6,displayOther,glass,Sc,e-m,0.52604167841895,%,1
OBS,2020,EU27+4,WEEE_generatedDedicated,WEEE_Cat6,displayOther,glass,Zr,e-m,0.172816657189202,%,3
OBS,2020,EU27+4,WEEE_generatedDedicated,WEEE_Cat6,displayOther,glass,,m-c,0.0522716541340471,%,2
OBS,2020,EU27+4,WEEE_generatedDedicated,WEEE_Cat6,displayOther,,,c-p,0.0099972659250156,%,2
OBS,2020,EU27+4,WEEE_generatedDedicated,WEEE_Cat6,displayOther,otherMetalsAndMetalAlloys,Ag,e-m,0.0671376062667766,%,3
OBS,2020,EU27+4,WEEE_generatedDedicated,WEEE_Cat6,displayOther,otherMetalsAndMetalAlloys,Al,e-m,0.139841868965647,%,3
OBS,2020,EU27+4,WEEE_generatedDedicated,WEEE_Cat6,displayOther,otherMetalsAndMetalAlloys,Dy,e-m,0.793020524767576,%,3
OBS,2020,EU27+4,WEEE_generatedDedicated,WEEE_Cat6,displayOther,otherMetalsAndMetalAlloys,,m-c,0.548119117290415,%,2
OBS,2020,EU27+4,WEEE_generatedDedicated,WEEE_Cat6,displayOther,plastics,Ag,e-m,1,%,2
OBS,2020,EU27+4,WEEE_generatedDedicated,WEEE_Cat6,displayOther,plastics,,m-c,0.068916900444156,%,1
OBS,2020,EU27+4,WEEE_generatedDedicated,WEEE_Cat6,displayOther,undefinedAndMixedMaterials,Ag,e-m,1,%,3
OBS,2020,EU27+4,WEEE_generatedDedicated,WEEE_Cat6,displayOther,undefinedAndMixedMaterials,,m-c,0.224319637018132,%,2
OBS,2020,EU27+4,WEEE_generatedDedicated,WEEE_Cat6,displayPlasma,,,c-p,0.0438669832765859,%,1
OBS,2020,EU27+4,WEEE_generatedDedicated,WEEE_Cat6,driveCDDExt,,,c-p,0.0246778254335082,%,1
OBS,2020,EU27+4,WEEE_generatedDedicated,WEEE_Cat6,driveCDDInt,AlAndAlAlloys,Ag,e-m,0.172791210809134,%,2
OBS,2020,EU27+4,WEEE_generatedDedicated,WEEE_Cat6,driveCDDInt,AlAndAlAlloys,As,e-m,0.410092367190012,%,3
OBS,2020,EU27+4,WEEE_generatedDedicated,WEEE_Cat6,driveCDDInt,AlAndAlAlloys,Cu,e-m,0.0220134785144536,%,1
OBS,2020,EU27+4,WEEE_generatedDedicated,WEEE_Cat6,driveCDDInt,AlAndAlAlloys,Ga,e-m,0.0489687315272947,%,2
OBS,2020,EU27+4,WEEE_generatedDedicated,WEEE_Cat6,driveCDDInt,AlAndAlAlloys,Mn,e-m,0.0066171334376266,%,3
OBS,2020,EU27+4,WEEE_generatedDedicated,WEEE_Cat6,driveCDDInt,AlAndAlAlloys,Mo,e-m,0.0670541147891335,%,3
OBS,2020,EU27+4,WEEE_generatedDedicated,WEEE_Cat6,driveCDDInt,AlAndAlAlloys,Sm,e-m,0.272462963732345,%,3
OBS,2020,EU27+4,WEEE_generatedDedicated,WEEE_Cat6,driveCDDInt,AlAndAlAlloys,,m-c,0.149071029032347,%,1
OBS,2020,EU27+4,WEEE_generatedDedicated,WEEE_Cat6,driveCDDInt,CuAndCuAlloys,Ag,e-m,0.525751542630629,%,1
OBS,2020,EU27+4,WEEE_generatedDedicated,WEEE_Cat6,driveCDDInt,CuAndCuAlloys,Dy,e-m,0.313436795593278,%,2
OBS,2020,EU27+4,WEEE_generatedDedicated,WEEE_Cat6,driveCDDInt,CuAndCuAlloys,Zr,e-m,0.160811661776093,%,1
OBS,2020,EU27+4,WEEE_generatedDedicated,WEEE_Cat6,driveCDDInt,CuAndCuAlloys,,m-c,0.204098148366754,%,3
OBS,2020,EU27+4,WEEE_generatedDedicated,WEEE_Cat6,driveCDDInt,ferrousMetals,Ag,e-m,0.0985285023250599,%,1
OBS,2020,EU27+4,WEEE_generatedDedicated,WEEE_Cat6,driveCDDInt,ferrousMetals,Cu,e-m,0.212766577455756,%,2
OBS,2020,EU27+4,WEEE_generatedDedicated,WEEE_Cat6,driveCDDInt,ferrousMetals,Ga,e-m,0.106555466562885,%,2
OBS,2020,EU27+4,WEEE_generatedDedicated,WEEE_Cat6,driveCDDInt,ferrousMetals,Mo,e-m,0.29198015975333,%,1
OBS,2020,EU27+4,WEEE_generatedDedicated,WEEE_Cat6,driveCDDInt,ferrousMetals,O,e-m,0.215178889097571,%,3
OBS,2020,EU27+4,WEEE_generatedDedicated,WEEE_Cat6,driveCDDInt,ferrousMetals,Sm,e-m,0.0749904048053982,%,2
OBS,2020,EU27+4,WEEE_generatedDedicated,WEEE_Cat6,driveCDDInt,ferrousMetals,,m-c,0.43478500381053,%,1
OBS,2020,EU27+4,WEEE_generatedDedicated,WEEE_Cat6,driveCDDInt,,,c-p,0.0199860960817948,%,2
OBS,2020,EU27+4,WEEE_generatedDedicated,WEEE_Cat6,driveCDDInt,otherMetalsAndMetalAlloys,Ag,e-m,0.711190593234055,%,2
OBS,2020,EU27+4,WEEE_generatedDedicated,WEEE_Cat6,driveCDDInt,otherMetalsAndMetalAlloys,Al,e-m,0.242995232112395,%,1
OBS,2020,EU27+4,WEEE_generatedDedicated,WEEE_Cat6,driveCDDInt,otherMetalsAndMetalAlloys,Dy,e-m,0.0458141746535498,%,3
OBS,2020,EU27+4,WEEE_generatedDedicated,WEEE_Cat6,driveCDDInt,otherMetalsAndMetalAlloys,,m-c,0.0365826967009849,%,1
OBS,2020,EU27+4,WEEE_generatedDedicated,WEEE_Cat6,driveCDDInt,plastics,Ag,e-m,1,%,2
OBS,2020,EU27+4,WEEE_generatedDedicated,WEEE_Cat6,driveCDDInt,plastics,,m-c,0.174956613299639,%,1
OBS,2020,EU27+4,WEEE_generatedDedicated,WEEE_Cat6,driveCDDInt,undefinedAndMixedMaterials,Ag,e-m,1,%,2
OBS,2020,EU27+4,WEEE_generatedDedicated,WEEE_Cat6,driveCDDInt,undefinedAndMixedMaterials,,m-c,0.0005065087897445,%,1
OBS,2020,EU27+4,WEEE_generatedDedicated,WEEE_Cat6,driveFDD,AlAndAlAlloys,Ag,e-m,0.074987825719684,%,2
OBS,2020,EU27+4,WEEE_generatedDedicated,WEEE_Cat6,driveFDD,AlAndAlAlloys,As,e-m,0.322999660127141,%,1
OBS,2020,EU27+4,WEEE_generatedDedicated,WEEE_Cat6,driveFDD,AlAndAlAlloys,Cu,e-m,0.148511517417861,%,2
OBS,2020,EU27+4,WEEE_generatedDedicated,WEEE_Cat6,driveFDD,AlAndAlAlloys,Ga,e-m,0.0406793901378251,%,2
OBS,2020,EU27+4,WEEE_generatedDedicated,WEEE_Cat6,driveFDD,AlAndAlAlloys,Mn,e-m,0.313821715290971,%,3
OBS,2020,EU27+4,WEEE_generatedDedicated,WEEE_Cat6,driveFDD,AlAndAlAlloys,Mo,e-m,0.0897609284003707,%,3
OBS,2020,EU27+4,WEEE_generatedDedicated,WEEE_Cat6,driveFDD,AlAndAlAlloys,Sm,e-m,0.009238962906147,%,1
OBS,2020,EU27+4,WEEE_generatedDedicated,WEEE_Cat6,driveFDD,AlAndAlAlloys,,m-c,0.881306282709597,%,2
OBS,2020,EU27+4,WEEE_generatedDedicated,WEEE_Cat6,driveFDD,ferrousMetals,Ag,e-m,0.0468857432068899,%,3
OBS,2020,EU27+4,WEEE_generatedDedicated,WEEE_Cat6,driveFDD,ferrousMetals,Cu,e-m,0.415055137484045,%,1
OBS,2020,EU27+4,WEEE_generatedDedicated,WEEE_Cat6,driveFDD,ferrousMetals,Ga,e-m,0.161488340996131,%,1
OBS,2020,EU27+4,WEEE_generatedDedicated,WEEE_Cat6,driveFDD,ferrousMetals,Mo,e-m,0.182928137941235,%,2
OBS,2020,EU27+4,WEEE_generatedDedicated,WEEE_Cat6,driveFDD,ferrousMetals,O,e-m,0.0965230282112309,%,2
OBS,2020,EU27+4,WEEE_generatedDedicated,WEEE_Cat6,driveFDD,ferrousMetals,Sm,e-m,0.0971196121604681,%,2
OBS,2020,EU27+4,WEEE_generatedDedicated,WEEE_Cat6,driveFDD,ferrousMetals,,m-c,0.118693717290402,%,2
OBS,2020,EU27+4,WEEE_generatedDedicated,WEEE_Cat6,driveFDD,,,c-p,0.0017724023733825,%,3
OBS,2020,EU27+4,WEEE_generatedDedicated,WEEE_Cat6,driveHDD,AlAndAlAlloys,Ag,e-m,0.0439033434379628,%,3
OBS,2020,EU27+4,WEEE_generatedDedicated,WEEE_Cat6,driveHDD,AlAndAlAlloys,As,e-m,0.197607292441858,%,3
OBS,2020,EU27+4,WEEE_generatedDedicated,WEEE_Cat6,driveHDD,AlAndAlAlloys,Cu,e-m,0.0854621664744925,%,1
OBS,2020,EU27+4,WEEE_generatedDedicated,WEEE_Cat6,driveHDD,AlAndAlAlloys,Ga,e-m,0.0940221419859293,%,1
OBS,2020,EU27+4,WEEE_generatedDedicated,WEEE_Cat6,driveHDD,AlAndAlAlloys,Mn,e-m,0.412469387536323,%,1
OBS,2020,EU27+4,WEEE_generatedDedicated,WEEE_Cat6,driveHDD,AlAndAlAlloys,Mo,e-m,0.115455922834308,%,2
OBS,2020,EU27+4,WEEE_generatedDedicated,WEEE_Cat6,driveHDD,AlAndAlAlloys,Sm,e-m,0.0510797452891264,%,3
OBS,2020,EU27+4,WEEE_generatedDedicated,WEEE_Cat6,driveHDD,AlAndAlAlloys,,m-c,0.10497337898308,%,3
OBS,2020,EU27+4,WEEE_generatedDedicated,WEEE_Cat6,driveHDD,CuAndCuAlloys,Ag,e-m,0.0593714608862219,%,2
OBS,2020,EU27+4,WEEE_generatedDedicated,WEEE_Cat6,driveHDD,CuAndCuAlloys,Dy,e-m,0.247931729119896,%,3
OBS,2020,EU27+4,WEEE_generatedDedicated,WEEE_Cat6,driveHDD,CuAndCuAlloys,Zr,e-m,0.692696809993882,%,2
OBS,2020,EU27+4,WEEE_generatedDedicated,WEEE_Cat6,driveHDD,CuAndCuAlloys,,m-c,0.0838947674004273,%,2
OBS,2020,EU27+4,WEEE_generatedDedicated,WEEE_Cat6,driveHDD,ferrousMetals,Ag,e-m,0.123165169455835,%,3
OBS,2020,EU27+4,WEEE_generatedDedicated,WEEE_Cat6,driveHDD,ferrousMetals,Cu,e-m,0.0812053843032571,%,2
OBS,2020,EU27+4,WEEE_generatedDedicated,WEEE_Cat6,driveHDD,ferrousMetals,Ga,e-m,0.317466665454658,%,2
OBS,2020,EU27+4,WEEE_generatedDedicated,WEEE_Cat6,driveHDD,ferrousMetals,Mo,e-m,0.237160700528137,%,2
OBS,2020,EU27+4,WEEE_generatedDedicated,WEEE_Cat6,driveHDD,ferrousMetals,O,e-m,0.220324330088745,%,2
OBS,2020,EU27+4,WEEE_generatedDedicated,WEEE_Cat6,driveHDD,ferrousMetals,Sm,e-m,0.0206777501693674,%,1
OBS,2020,EU27+4,WEEE_generatedDedicated,WEEE_Cat6,driveHDD,ferrousMetals,,m-c,0.145893634486122,%,3
OBS,2020,EU27+4,WEEE_generatedDedicated,WEEE_Cat6,driveHDD,,,c-p,0.0102880140065967,%,3
OBS,2020,EU27+4,WEEE_generatedDedicated,WEEE_Cat6,driveHDD,otherMetalsAndMetalAlloys,Ag,e-m,0.399581750981433,%,3
OBS,2020,EU27+4,WEEE_generatedDedicated,WEEE_Cat6,driveHDD,otherMetalsAndMetalAlloys,Al,e-m,0.153824145118236,%,1
OBS,2020,EU27+4,WEEE_generatedDedicated,WEEE_Cat6,driveHDD,otherMetalsAndMetalAlloys,Dy,e-m,0.446594103900331,%,3
OBS,2020,EU27+4,WEEE_generatedDedicated,WEEE_Cat6,driveHDD,otherMetalsAndMetalAlloys,,m-c,0.434622967507607,%,1
OBS,2020,EU27+4,WEEE_generatedDedicated,WEEE_Cat6,driveHDD,plastics,Ag,e-m,1,%,2
OBS,2020,EU27+4,WEEE_generatedDedicated,WEEE_Cat6,driveHDD,plastics,,m-c,0.160066970608484,%,1
OBS,2020,EU27+4,WEEE_generatedDedicated,WEEE_Cat6,driveHDD,undefinedAndMixedMaterials,Ag,e-m,1,%,2
OBS,2020,EU27+4,WEEE_generatedDedicated,WEEE_Cat6,driveHDD,undefinedAndMixedMaterials,,m-c,0.07054828101428,%,1
OBS,2020,EU27+4,WEEE_generatedDedicated,WEEE_Cat6,driveUnspecified,CuAndCuAlloys,Ag,e-m,0.469014609388657,%,2
OBS,2020,EU27+4,WEEE_generatedDedicated,WEEE_Cat6,driveUnspecified,CuAndCuAlloys,Dy,e-m,0.270545896985236,%,2
OBS,2020,EU27+4,WEEE_generatedDedicated,WEEE_Cat6,driveUnspecified,CuAndCuAlloys,Zr,e-m,0.260439493626107,%,3
OBS,2020,EU27+4,WEEE_generatedDedicated,WEEE_Cat6,driveUnspecified,CuAndCuAlloys,,m-c,0.0139212805051486,%,3
OBS,2020,EU27+4,WEEE_generatedDedicated,WEEE_Cat6,driveUnspecified,ferrousMetals,Ag,e-m,0.0962983404533826,%,2
OBS,2020,EU27+4,WEEE_generatedDedicated,WEEE_Cat6,driveUnspecified,ferrousMetals,Cu,e-m,0.286563057793387,%,1
OBS,2020,EU27+4,WEEE_generatedDedicated,WEEE_Cat6,driveUnspecified,ferrousMetals,Ga,e-m,0.245517635745439,%,1
OBS,2020,EU27+4,WEEE_generatedDedicated,WEEE_Cat6,driveUnspecified,ferrousMetals,Mo,e-m,0.116386297719461,%,3
OBS,2020,EU27+4,WEEE_generatedDedicated,WEEE_Cat6,driveUnspecified,ferrousMetals,O,e-m,0.0530200620415124,%,2
OBS,2020,EU27+4,WEEE_generatedDedicated,WEEE_Cat6,driveUnspecified,ferrousMetals,Sm,e-m,0.202214606246818,%,1
OBS,2020,EU27+4,WEEE_generatedDedicated,WEEE_Cat6,driveUnspecified,ferrousMetals,,m-c,0.0451318246471057,%,3
OBS,2020,EU27+4,WEEE_generatedDedicated,WEEE_Cat6,driveUnspecified,,,c-p,0.0101084108271907,%,3
OBS,2020,EU27+4,WEEE_generatedDedicated,WEEE_Cat6,driveUnspecified,plastics,Ag,e-m,1,%,1
OBS,2020,EU27+4,WEEE_generatedDedicated,WEEE_Cat6,driveUnspecified,plastics,,m-c,0.13114405003364,%,3
OBS,2020,EU27+4,WEEE_generatedDedicated,WEEE_Cat6,driveUnspecified,undefinedAndMixedMaterials,Ag,e-m,1,%,3
OBS,2020,EU27+4,WEEE_generatedDedicated,WEEE_Cat6,driveUnspecified,undefinedAndMixedMaterials,,m-c,0.809802844814106,%,3
OBS,2020,EU27+4,WEEE_generatedDedicated,WEEE_Cat6,electricEngine,AlAndAlAlloys,Ag,e-m,0.24828058717748,%,3
OBS,2020,EU27+4,WEEE_generatedDedicated,WEEE_Cat6,electricEngine,AlAndAlAlloys,As,e-m,0.0614383538307519,%,2
OBS,2020,EU27+4,WEEE_generatedDedicated,WEEE_Cat6,electricEngine,AlAndAlAlloys,Cu,e-m,0.0163957250106841,%,3
OBS,2020,EU27+4,WEEE_generatedDedicated,WEEE_Cat6,electricEngine,AlAndAlAlloys,Ga,e-m,0.178221259181724,%,3
OBS,2020,EU27+4,WEEE_generatedDedicated,WEEE_Cat6,electricEngine,AlAndAlAlloys,Mn,e-m,0.155408919555093,%,1
OBS,2020,EU27+4,WEEE_generatedDedicated,WEEE_Cat6,electricEngine,AlAndAlAlloys,Mo,e-m,0.0936431885926328,%,3
OBS,2020,EU27+4,WEEE_generatedDedicated,WEEE_Cat6,electricEngine,AlAndAlAlloys,Sm,e-m,0.246611966651634,%,2
OBS,2020,EU27+4,WEEE_generatedDedicated,WEEE_Cat6,electricEngine,AlAndAlAlloys,,m-c,0.0248412287154966,%,3
OBS,2020,EU27+4,WEEE_generatedDedicated,WEEE_Cat6,electricEngine,CuAndCuAlloys,Ag,e-m,0.113197550140033,%,2
OBS,2020,EU27+4,WEEE_generatedDedicated,WEEE_Cat6,electricEngine,CuAndCuAlloys,Dy,e-m,0.106314052215469,%,2
OBS,2020,EU27+4,WEEE_generatedDedicated,WEEE_Cat6,electricEngine,CuAndCuAlloys,Zr,e-m,0.780488397644498,%,3
OBS,2020,EU27+4,WEEE_generatedDedicated,WEEE_Cat6,electricEngine,CuAndCuAlloys,,m-c,0.182760543707482,%,1
OBS,2020,EU27+4,WEEE_generatedDedicated,WEEE_Cat6,electricEngine,carbon,Ag,e-m,0.0664027990175711,%,3
OBS,2020,EU27+4,WEEE_generatedDedicated,WEEE_Cat6,electricEngine,carbon,Pd,e-m,0.091710238707844,%,1
OBS,2020,EU27+4,WEEE_generatedDedicated,WEEE_Cat6,electricEngine,carbon,Sc,e-m,0.103400537194894,%,2
OBS,2020,EU27+4,WEEE_generatedDedicated,WEEE_Cat6,electricEngine,carbon,Zr,e-m,0.738486425079691,%,2
OBS,2020,EU27+4,WEEE_generatedDedicated,WEEE_Cat6,electricEngine,carbon,,m-c,0.295801539110947,%,2
OBS,2020,EU27+4,WEEE_generatedDedicated,WEEE_Cat6,electricEngine,ferrousMetals,Ag,e-m,0.0387380559643553,%,2
OBS,2020,EU27+4,WEEE_generatedDedicated,WEEE_Cat6,electricEngine,ferrousMetals,Ca,e-m,0.151857553938797,%,3
OBS,2020,EU27+4,WEEE_generatedDedicated,WEEE_Cat6,electricEngine,ferrousMetals,Cu,e-m,0.276469113631548,%,2
OBS,2020,EU27+4,WEEE_generatedDedicated,WEEE_Cat6,electricEngine,ferrousMetals,Ga,e-m,0.119659281472605,%,3
OBS,2020,EU27+4,WEEE_generatedDedicated,WEEE_Cat6,electricEngine,ferrousMetals,Mo,e-m,0.0504673883514732,%,3
OBS,2020,EU27+4,WEEE_generatedDedicated,WEEE_Cat6,electricEngine,ferrousMetals,O,e-m,0.173653457007788,%,3
OBS,2020,EU27+4,WEEE_generatedDedicated,WEEE_Cat6,electricEngine,ferrousMetals,Sm,e-m,0.189155149633433,%,2
OBS,2020,EU27+4,WEEE_generatedDedicated,WEEE_Cat6,electricEngine,ferrousMetals,,m-c,0.25188974840018,%,2
OBS,2020,EU27+4,WEEE_generatedDedicated,WEEE_Cat6,electricEngine,,,c-p,0.0066366010143033,%,3
OBS,2020,EU27+4,WEEE_generatedDedicated,WEEE_Cat6,electricEngine,otherOrganics,Ag,e-m,1,%,1
OBS,2020,EU27+4,WEEE_generatedDedicated,WEEE_Cat6,electricEngine,otherOrganics,,m-c,0.0657981869467294,%,3
OBS,2020,EU27+4,WEEE_generatedDedicated,WEEE_Cat6,electricEngine,plastics,Ag,e-m,1,%,3
OBS,2020,EU27+4,WEEE_generatedDedicated,WEEE_Cat6,electricEngine,plastics,,m-c,0.178908753119165,%,2
OBS,2020,EU27+4,WEEE_generatedDedicated,WEEE_Cat6,filterFoamBased,,,c-p,0.0029934616765128,%,2
OBS,2020,EU27+4,WEEE_generatedDedicated,WEEE_Cat6,filterFoamBased,plastics,Ag,e-m,1,%,2
OBS,2020,EU27+4,WEEE_generatedDedicated,WEEE_Cat6,filterFoamBased,plastics,,m-c,1,%,2
OBS,2020,EU27+4,WEEE_generatedDedicated,WEEE_Cat6,fuse,,,c-p,0.002198508454767,%,1
OBS,2020,EU27+4,WEEE_generatedDedicated,WEEE_Cat6,gear,,,c-p,0.008166361970937,%,3
OBS,2020,EU27+4,WEEE_generatedDedicated,WEEE_Cat6,gear,plastics,Ag,e-m,1,%,3
OBS,2020,EU27+4,WEEE_generatedDedicated,WEEE_Cat6,gear,plastics,,m-c,1,%,1
OBS,2020,EU27+4,WEEE_generatedDedicated,WEEE_Cat6,heatingCoolingEEEairCondenser,CuAndCuAlloys,Ag,e-m,0.639163188683161,%,2
OBS,2020,EU27+4,WEEE_generatedDedicated,WEEE_Cat6,heatingCoolingEEEairCondenser,CuAndCuAlloys,Dy,e-m,0.355076426403944,%,3
OBS,2020,EU27+4,WEEE_generatedDedicated,WEEE_Cat6,heatingCoolingEEEairCondenser,CuAndCuAlloys,Zr,e-m,0.0057603849128944,%,1
OBS,2020,EU27+4,WEEE_generatedDedicated,WEEE_Cat6,heatingCoolingEEEairCondenser,CuAndCuAlloys,,m-c,0.16352775891116,%,1
OBS,2020,EU27+4,WEEE_generatedDedicated,WEEE_Cat6,heatingCoolingEEEairCondenser,,,c-p,0.0113615165890851,%,3
OBS,2020,EU27+4,WEEE_generatedDedicated,WEEE_Cat6,heatingCoolingEEEairCondenser,otherOrUndefinedMaterials,Ag,e-m,1,%,2
OBS,2020,EU27+4,WEEE_generatedDedicated,WEEE_Cat6,heatingCoolingEEEairCondenser,otherOrUndefinedMaterials,,m-c,0.0084598599250831,%,3
OBS,2020,EU27+4,WEEE_generatedDedicated,WEEE_Cat6,heatingCoolingEEEairCondenser,plastics,Ag,e-m,1,%,1
OBS,2020,EU27+4,WEEE_generatedDedicated,WEEE_Cat6,heatingCoolingEEEairCondenser,plastics,,m-c,0.67057174694636,%,1
OBS,2020,EU27+4,WEEE_generatedDedicated,WEEE_Cat6,heatingCoolingEEEairCondenser,steelAndSteelAlloys,Ag,e-m,0.483648462946586,%,1
OBS,2020,EU27+4,WEEE_generatedDedicated,WEEE_Cat6,heatingCoolingEEEairCondenser,steelAndSteelAlloys,Cu,e-m,0.0613807023716262,%,3
OBS,2020,EU27+4,WEEE_generatedDedicated,WEEE_Cat6,heatingCoolingEEEairCondenser,steelAndSteelAlloys,Ga,e-m,0.209633360167665,%,3
OBS,2020,EU27+4,WEEE_generatedDedicated,WEEE_Cat6,heatingCoolingEEEairCondenser,steelAndSteelAlloys,Mo,e-m,0.0484197405407081,%,1
OBS,2020,EU27+4,WEEE_generatedDedicated,WEEE_Cat6,heatingCoolingEEEairCondenser,steelAndSteelAlloys,O,e-m,0.175840267093735,%,2
OBS,2020,EU27+4,WEEE_generatedDedicated,WEEE_Cat6,heatingCoolingEEEairCondenser,steelAndSteelAlloys,Sm,e-m,0.0210774668796787,%,2
OBS,2020,EU27+4,WEEE_generatedDedicated,WEEE_Cat6,heatingCoolingEEEairCondenser,steelAndSteelAlloys,,m-c,0.157440634217398,%,2
OBS,2020,EU27+4,WEEE_generatedDedicated,WEEE_Cat6,heatingCoolingEEEfan,AlAndAlAlloys,Ag,e-m,0.0696965907200046,%,1
OBS,2020,EU27+4,WEEE_generatedDedicated,WEEE_Cat6,heatingCoolingEEEfan,AlAndAlAlloys,As,e-m,0.0232556995882792,%,1
OBS,2020,EU27+4,WEEE_generatedDedicated,WEEE_Cat6,heatingCoolingEEEfan,AlAndAlAlloys,Cu,e-m,0.0833792780126086,%,2
OBS,2020,EU27+4,WEEE_generatedDedicated,WEEE_Cat6,heatingCoolingEEEfan,AlAndAlAlloys,Ga,e-m,0.0014703066077933,%,1
OBS,2020,EU27+4,WEEE_generatedDedicated,WEEE_Cat6,heatingCoolingEEEfan,AlAndAlAlloys,Mn,e-m,0.377306054807663,%,3
OBS,2020,EU27+4,WEEE_generatedDedicated,WEEE_Cat6,heatingCoolingEEEfan,AlAndAlAlloys,Mo,e-m,0.404862251989056,%,3
OBS,2020,EU27+4,WEEE_generatedDedicated,WEEE_Cat6,heatingCoolingEEEfan,AlAndAlAlloys,Sm,e-m,0.0400298182745955,%,3
OBS,2020,EU27+4,WEEE_generatedDedicated,WEEE_Cat6,heatingCoolingEEEfan,AlAndAlAlloys,,m-c,0.107071342284545,%,1
OBS,2020,EU27+4,WEEE_generatedDedicated,WEEE_Cat6,heatingCoolingEEEfan,CuAndCuAlloys,Ag,e-m,0.562568491638615,%,1
OBS,2020,EU27+4,WEEE_generatedDedicated,WEEE_Cat6,heatingCoolingEEEfan,CuAndCuAlloys,Dy,e-m,0.2149842545292,%,1
OBS,2020,EU27+4,WEEE_generatedDedicated,WEEE_Cat6,heatingCoolingEEEfan,CuAndCuAlloys,Zr,e-m,0.222447253832186,%,1
OBS,2020,EU27+4,WEEE_generatedDedicated,WEEE_Cat6,heatingCoolingEEEfan,CuAndCuAlloys,,m-c,0.0517132159396398,%,1
OBS,2020,EU27+4,WEEE_generatedDedicated,WEEE_Cat6,heatingCoolingEEEfan,ferrousMetals,Ag,e-m,0.0824856852164153,%,3
OBS,2020,EU27+4,WEEE_generatedDedicated,WEEE_Cat6,heatingCoolingEEEfan,ferrousMetals,Ca,e-m,0.293952621492328,%,2
OBS,2020,EU27+4,WEEE_generatedDedicated,WEEE_Cat6,heatingCoolingEEEfan,ferrousMetals,Cu,e-m,0.0544404754650244,%,3
OBS,2020,EU27+4,WEEE_generatedDedicated,WEEE_Cat6,heatingCoolingEEEfan,ferrousMetals,Ga,e-m,0.0189294625145132,%,2
OBS,2020,EU27+4,WEEE_generatedDedicated,WEEE_Cat6,heatingCoolingEEEfan,ferrousMetals,Mo,e-m,0.260174781417074,%,1
OBS,2020,EU27+4,WEEE_generatedDedicated,WEEE_Cat6,heatingCoolingEEEfan,ferrousMetals,O,e-m,0.14591035534511,%,3
OBS,2020,EU27+4,WEEE_generatedDedicated,WEEE_Cat6,heatingCoolingEEEfan,ferrousMetals,Sm,e-m,0.144106618549535,%,3
OBS,2020,EU27+4,WEEE_generatedDedicated,WEEE_Cat6,heatingCoolingEEEfan,ferrousMetals,,m-c,0.342756872339501,%,1
OBS,2020,EU27+4,WEEE_generatedDedicated,WEEE_Cat6,heatingCoolingEEEfan,,,c-p,0.0001157921791029,%,3
OBS,2020,EU27+4,WEEE_generatedDedicated,WEEE_Cat6,heatingCoolingEEEfan,otherMetalsAndMetalAlloys,,m-c,0.294012643026323,%,2
OBS,2020,EU27+4,WEEE_generatedDedicated,WEEE_Cat6,heatingCoolingEEEfan,plastics,Ag,e-m,1,%,2
OBS,2020,EU27+4,WEEE_generatedDedicated,WEEE_Cat6,heatingCoolingEEEfan,plastics,,m-c,0.0336723529901691,%,1
OBS,2020,EU27+4,WEEE_generatedDedicated,WEEE_Cat6,heatingCoolingEEEfan,steelAndSteelAlloys,Ag,e-m,0.555968749449092,%,3
OBS,2020,EU27+4,WEEE_generatedDedicated,WEEE_Cat6,heatingCoolingEEEfan,steelAndSteelAlloys,Cu,e-m,0.0463209037512299,%,3
OBS,2020,EU27+4,WEEE_generatedDedicated,WEEE_Cat6,heatingCoolingEEEfan,steelAndSteelAlloys,Ga,e-m,0.120419975606532,%,3
OBS,2020,EU27+4,WEEE_generatedDedicated,WEEE_Cat6,heatingCoolingEEEfan,steelAndSteelAlloys,Mo,e-m,0.0183150438614232,%,3
OBS,2020,EU27+4,WEEE_generatedDedicated,WEEE_Cat6,heatingCoolingEEEfan,steelAndSteelAlloys,O,e-m,0.0571139469980999,%,1
OBS,2020,EU27+4,WEEE_generatedDedicated,WEEE_Cat6,heatingCoolingEEEfan,steelAndSteelAlloys,Sm,e-m,0.201861380333623,%,2
OBS,2020,EU27+4,WEEE_generatedDedicated,WEEE_Cat6,heatingCoolingEEEfan,steelAndSteelAlloys,,m-c,0.0611491609732574,%,1
OBS,2020,EU27+4,WEEE_generatedDedicated,WEEE_Cat6,heatingCoolingEEEfan,undefinedAndMixedMaterials,Ag,e-m,1,%,2
OBS,2020,EU27+4,WEEE_generatedDedicated,WEEE_Cat6,heatingCoolingEEEfan,undefinedAndMixedMaterials,,m-c,0.109624412446565,%,1
OBS,2020,EU27+4,WEEE_generatedDedicated,WEEE_Cat6,heatingCoolingEEEheatSink,AlAndAlAlloys,Ag,e-m,0.0384757105452056,%,1
OBS,2020,EU27+4,WEEE_generatedDedicated,WEEE_Cat6,heatingCoolingEEEheatSink,AlAndAlAlloys,As,e-m,0.0082057372802067,%,3
OBS,2020,EU27+4,WEEE_generatedDedicated,WEEE_Cat6,heatingCoolingEEEheatSink,AlAndAlAlloys,Cu,e-m,0.0876667105596267,%,1
OBS,2020,EU27+4,WEEE_generatedDedicated,WEEE_Cat6,heatingCoolingEEEheatSink,AlAndAlAlloys,Ga,e-m,0.20424319367114,%,3
OBS,2020,EU27+4,WEEE_generatedDedicated,WEEE_Cat6,heatingCoolingEEEheatSink,AlAndAlAlloys,Mn,e-m,0.313907950715246,%,1
OBS,2020,EU27+4,WEEE_generatedDedicated,WEEE_Cat6,heatingCoolingEEEheatSink,AlAndAlAlloys,Mo,e-m,0.210108143722079,%,3
OBS,2020,EU27+4,WEEE_generatedDedicated,WEEE_Cat6,heatingCoolingEEEheatSink,AlAndAlAlloys,Sm,e-m,0.137392553506496,%,3
OBS,2020,EU27+4,WEEE_generatedDedicated,WEEE_Cat6,heatingCoolingEEEheatSink,AlAndAlAlloys,,m-c,0.272411997382563,%,2
OBS,2020,EU27+4,WEEE_generatedDedicated,WEEE_Cat6,heatingCoolingEEEheatSink,CuAndCuAlloys,Ag,e-m,0.658699517319223,%,2
OBS,2020,EU27+4,WEEE_generatedDedicated,WEEE_Cat6,heatingCoolingEEEheatSink,CuAndCuAlloys,Dy,e-m,0.300375785012154,%,3
OBS,2020,EU27+4,WEEE_generatedDedicated,WEEE_Cat6,heatingCoolingEEEheatSink,CuAndCuAlloys,Zr,e-m,0.0409246976686231,%,1
OBS,2020,EU27+4,WEEE_generatedDedicated,WEEE_Cat6,heatingCoolingEEEheatSink,CuAndCuAlloys,,m-c,0.239266227835958,%,2
OBS,2020,EU27+4,WEEE_generatedDedicated,WEEE_Cat6,heatingCoolingEEEheatSink,ferrousMetals,Ag,e-m,0.196827566490724,%,1
OBS,2020,EU27+4,WEEE_generatedDedicated,WEEE_Cat6,heatingCoolingEEEheatSink,ferrousMetals,Cu,e-m,0.345700850155924,%,3
OBS,2020,EU27+4,WEEE_generatedDedicated,WEEE_Cat6,heatingCoolingEEEheatSink,ferrousMetals,Ga,e-m,0.214722725355265,%,2
OBS,2020,EU27+4,WEEE_generatedDedicated,WEEE_Cat6,heatingCoolingEEEheatSink,ferrousMetals,Mo,e-m,0.150686942701827,%,2
OBS,2020,EU27+4,WEEE_generatedDedicated,WEEE_Cat6,heatingCoolingEEEheatSink,ferrousMetals,O,e-m,0.061014083428519,%,3
OBS,2020,EU27+4,WEEE_generatedDedicated,WEEE_Cat6,heatingCoolingEEEheatSink,ferrousMetals,Sm,e-m,0.0310478318677406,%,2
OBS,2020,EU27+4,WEEE_generatedDedicated,WEEE_Cat6,heatingCoolingEEEheatSink,ferrousMetals,,m-c,0.128174996601078,%,1
OBS,2020,EU27+4,WEEE_generatedDedicated,WEEE_Cat6,heatingCoolingEEEheatSink,,,c-p,0.0091099239291067,%,2
OBS,2020,EU27+4,WEEE_generatedDedicated,WEEE_Cat6,heatingCoolingEEEheatSink,otherMetalsAndMetalAlloys,Ag,e-m,0.153994877111623,%,3
OBS,2020,EU27+4,WEEE_generatedDedicated,WEEE_Cat6,heatingCoolingEEEheatSink,otherMetalsAndMetalAlloys,Al,e-m,0.468416880179369,%,2
OBS,2020,EU27+4,WEEE_generatedDedicated,WEEE_Cat6,heatingCoolingEEEheatSink,otherMetalsAndMetalAlloys,Dy,e-m,0.377588242709008,%,2
OBS,2020,EU27+4,WEEE_generatedDedicated,WEEE_Cat6,heatingCoolingEEEheatSink,otherMetalsAndMetalAlloys,,m-c,0.022755288147359,%,1
OBS,2020,EU27+4,WEEE_generatedDedicated,WEEE_Cat6,heatingCoolingEEEheatSink,plastics,Ag,e-m,1,%,3
OBS,2020,EU27+4,WEEE_generatedDedicated,WEEE_Cat6,heatingCoolingEEEheatSink,plastics,,m-c,0.138302037141364,%,1
OBS,2020,EU27+4,WEEE_generatedDedicated,WEEE_Cat6,heatingCoolingEEEheatSink,undefinedAndMixedMaterials,Ag,e-m,1,%,3
OBS,2020,EU27+4,WEEE_generatedDedicated,WEEE_Cat6,heatingCoolingEEEheatSink,undefinedAndMixedMaterials,,m-c,0.199089452891679,%,3
OBS,2020,EU27+4,WEEE_generatedDedicated,WEEE_Cat6,inductor,CuAndCuAlloys,Ag,e-m,0.107820622584221,%,3
OBS,2020,EU27+4,WEEE_generatedDedicated,WEEE_Cat6,inductor,CuAndCuAlloys,Dy,e-m,0.280670419149715,%,3
OBS,2020,EU27+4,WEEE_generatedDedicated,WEEE_Cat6,inductor,CuAndCuAlloys,Zr,e-m,0.611508958266064,%,3
OBS,2020,EU27+4,WEEE_generatedDedicated,WEEE_Cat6,inductor,CuAndCuAlloys,,m-c,0.199960742584516,%,1
OBS,2020,EU27+4,WEEE_generatedDedicated,WEEE_Cat6,inductor,ferrousMetals,Ag,e-m,0.0398723621729468,%,3
OBS,2020,EU27+4,WEEE_generatedDedicated,WEEE_Cat6,inductor,ferrousMetals,Cu,e-m,0.008516471133141,%,3
OBS,2020,EU27+4,WEEE_generatedDedicated,WEEE_Cat6,inductor,ferrousMetals,Ga,e-m,0.558252839461411,%,2
OBS,2020,EU27+4,WEEE_generatedDedicated,WEEE_Cat6,inductor,ferrousMetals,Mo,e-m,0.201206355181575,%,3
OBS,2020,EU27+4,WEEE_generatedDedicated,WEEE_Cat6,inductor,ferrousMetals,O,e-m,0.180532691342257,%,1
OBS,2020,EU27+4,WEEE_generatedDedicated,WEEE_Cat6,inductor,ferrousMetals,Sm,e-m,0.0116192807086698,%,2
OBS,2020,EU27+4,WEEE_generatedDedicated,WEEE_Cat6,inductor,ferrousMetals,,m-c,0.352458637755333,%,1
OBS,2020,EU27+4,WEEE_generatedDedicated,WEEE_Cat6,inductor,,,c-p,0.0008898185481578,%,2
OBS,2020,EU27+4,WEEE_generatedDedicated,WEEE_Cat6,inductor,plastics,Ag,e-m,1,%,2
OBS,2020,EU27+4,WEEE_generatedDedicated,WEEE_Cat6,inductor,plastics,,m-c,0.447580619660151,%,3
OBS,2020,EU27+4,WEEE_generatedDedicated,WEEE_Cat6,insulation,,,c-p,0.0032532301840974,%,1
OBS,2020,EU27+4,WEEE_generatedDedicated,WEEE_Cat6,keyboard,AlAndAlAlloys,Ag,e-m,0.068026047937032,%,1
OBS,2020,EU27+4,WEEE_generatedDedicated,WEEE_Cat6,keyboard,AlAndAlAlloys,As,e-m,0.0304990501542774,%,1
OBS,2020,EU27+4,WEEE_generatedDedicated,WEEE_Cat6,keyboard,AlAndAlAlloys,Cu,e-m,0.349988812826397,%,3
OBS,2020,EU27+4,WEEE_generatedDedicated,WEEE_Cat6,keyboard,AlAndAlAlloys,Ga,e-m,0.212720106032649,%,3
OBS,2020,EU27+4,WEEE_generatedDedicated,WEEE_Cat6,keyboard,AlAndAlAlloys,Mn,e-m,0.103511087755922,%,3
OBS,2020,EU27+4,WEEE_generatedDedicated,WEEE_Cat6,keyboard,AlAndAlAlloys,Mo,e-m,0.206622127916876,%,3
OBS,2020,EU27+4,WEEE_generatedDedicated,WEEE_Cat6,keyboard,AlAndAlAlloys,Sm,e-m,0.0286327673768463,%,2
OBS,2020,EU27+4,WEEE_generatedDedicated,WEEE_Cat6,keyboard,AlAndAlAlloys,,m-c,0.416036447164653,%,3
OBS,2020,EU27+4,WEEE_generatedDedicated,WEEE_Cat6,keyboard,CuAndCuAlloys,Ag,e-m,0.101608116506244,%,3
OBS,2020,EU27+4,WEEE_generatedDedicated,WEEE_Cat6,keyboard,CuAndCuAlloys,Dy,e-m,0.284391790651654,%,3
OBS,2020,EU27+4,WEEE_generatedDedicated,WEEE_Cat6,keyboard,CuAndCuAlloys,Zr,e-m,0.614000092842103,%,3
OBS,2020,EU27+4,WEEE_generatedDedicated,WEEE_Cat6,keyboard,CuAndCuAlloys,,m-c,0.170564150265484,%,1
OBS,2020,EU27+4,WEEE_generatedDedicated,WEEE_Cat6,keyboard,ferrousMetals,Ag,e-m,0.106528131888863,%,1
OBS,2020,EU27+4,WEEE_generatedDedicated,WEEE_Cat6,keyboard,ferrousMetals,Cu,e-m,0.136047490399512,%,2
OBS,2020,EU27+4,WEEE_generatedDedicated,WEEE_Cat6,keyboard,ferrousMetals,Ga,e-m,0.137252847351618,%,3
OBS,2020,EU27+4,WEEE_generatedDedicated,WEEE_Cat6,keyboard,ferrousMetals,Mo,e-m,0.042479265680835,%,2
OBS,2020,EU27+4,WEEE_generatedDedicated,WEEE_Cat6,keyboard,ferrousMetals,O,e-m,0.0986428396015357,%,1
OBS,2020,EU27+4,WEEE_generatedDedicated,WEEE_Cat6,keyboard,ferrousMetals,Sm,e-m,0.479049425077636,%,2
OBS,2020,EU27+4,WEEE_generatedDedicated,WEEE_Cat6,keyboard,ferrousMetals,,m-c,0.180586997643667,%,1
OBS,2020,EU27+4,WEEE_generatedDedicated,WEEE_Cat6,keyboard,,,c-p,0.0357853887109142,%,2
OBS,2020,EU27+4,WEEE_generatedDedicated,WEEE_Cat6,keyboard,otherMetalsAndMetalAlloys,Ag,e-m,0.191459992676855,%,3
OBS,2020,EU27+4,WEEE_generatedDedicated,WEEE_Cat6,keyboard,otherMetalsAndMetalAlloys,Al,e-m,0.134437646581808,%,1
OBS,2020,EU27+4,WEEE_generatedDedicated,WEEE_Cat6,keyboard,otherMetalsAndMetalAlloys,Dy,e-m,0.674102360741337,%,3
OBS,2020,EU27+4,WEEE_generatedDedicated,WEEE_Cat6,keyboard,otherMetalsAndMetalAlloys,,m-c,0.154076531233962,%,1
OBS,2020,EU27+4,WEEE_generatedDedicated,WEEE_Cat6,keyboard,plastics,Ag,e-m,1,%,1
OBS,2020,EU27+4,WEEE_generatedDedicated,WEEE_Cat6,keyboard,plastics,,m-c,0.0329020267333438,%,2
OBS,2020,EU27+4,WEEE_generatedDedicated,WEEE_Cat6,keyboard,undefinedAndMixedMaterials,Ag,e-m,1,%,2
OBS,2020,EU27+4,WEEE_generatedDedicated,WEEE_Cat6,keyboard,undefinedAndMixedMaterials,,m-c,0.0458338469588902,%,2
OBS,2020,EU27+4,WEEE_generatedDedicated,WEEE_Cat6,knob,AlAndAlAlloys,Ag,e-m,0.348746437528534,%,1
OBS,2020,EU27+4,WEEE_generatedDedicated,WEEE_Cat6,knob,AlAndAlAlloys,As,e-m,0.115739069936186,%,1
OBS,2020,EU27+4,WEEE_generatedDedicated,WEEE_Cat6,knob,AlAndAlAlloys,Cu,e-m,0.0065282370552815,%,1
OBS,2020,EU27+4,WEEE_generatedDedicated,WEEE_Cat6,knob,AlAndAlAlloys,Ga,e-m,0.121651850259172,%,3
OBS,2020,EU27+4,WEEE_generatedDedicated,WEEE_Cat6,knob,AlAndAlAlloys,Mn,e-m,0.170642377483555,%,3
OBS,2020,EU27+4,WEEE_generatedDedicated,WEEE_Cat6,knob,AlAndAlAlloys,Mo,e-m,0.0228093130129793,%,2
OBS,2020,EU27+4,WEEE_generatedDedicated,WEEE_Cat6,knob,AlAndAlAlloys,Sm,e-m,0.213882714724292,%,2
OBS,2020,EU27+4,WEEE_generatedDedicated,WEEE_Cat6,knob,AlAndAlAlloys,,m-c,0.220018192360478,%,1
OBS,2020,EU27+4,WEEE_generatedDedicated,WEEE_Cat6,knob,ferrousMetals,Ag,e-m,0.349177169351275,%,1
OBS,2020,EU27+4,WEEE_generatedDedicated,WEEE_Cat6,knob,ferrousMetals,Ca,e-m,0.197416677978841,%,1
OBS,2020,EU27+4,WEEE_generatedDedicated,WEEE_Cat6,knob,ferrousMetals,Ga,e-m,0.025509576377994,%,2
OBS,2020,EU27+4,WEEE_generatedDedicated,WEEE_Cat6,knob,ferrousMetals,Mo,e-m,0.328308570663616,%,2
OBS,2020,EU27+4,WEEE_generatedDedicated,WEEE_Cat6,knob,ferrousMetals,Sm,e-m,0.0995880056282728,%,2
OBS,2020,EU27+4,WEEE_generatedDedicated,WEEE_Cat6,knob,ferrousMetals,,m-c,0.19273971606872,%,2
OBS,2020,EU27+4,WEEE_generatedDedicated,WEEE_Cat6,knob,,,c-p,0.0071036585206733,%,1
OBS,2020,EU27+4,WEEE_generatedDedicated,WEEE_Cat6,knob,plastics,Ag,e-m,1,%,3
OBS,2020,EU27+4,WEEE_generatedDedicated,WEEE_Cat6,knob,plastics,,m-c,0.587242091570802,%,3
OBS,2020,EU27+4,WEEE_generatedDedicated,WEEE_Cat6,lenseAssembly,AlAndAlAlloys,Ag,e-m,0.0644511951517248,%,1
OBS,2020,EU27+4,WEEE_generatedDedicated,WEEE_Cat6,lenseAssembly,AlAndAlAlloys,As,e-m,0.0481878021490246,%,2
OBS,2020,EU27+4,WEEE_generatedDedicated,WEEE_Cat6,lenseAssembly,AlAndAlAlloys,Cu,e-m,0.101272498741449,%,1
OBS,2020,EU27+4,WEEE_generatedDedicated,WEEE_Cat6,lenseAssembly,AlAndAlAlloys,Ga,e-m,0.0913898934860705,%,1
OBS,2020,EU27+4,WEEE_generatedDedicated,WEEE_Cat6,lenseAssembly,AlAndAlAlloys,Mn,e-m,0.20986419851765,%,2
OBS,2020,EU27+4,WEEE_generatedDedicated,WEEE_Cat6,lenseAssembly,AlAndAlAlloys,Mo,e-m,0.186721968749831,%,2
OBS,2020,EU27+4,WEEE_generatedDedicated,WEEE_Cat6,lenseAssembly,AlAndAlAlloys,Sm,e-m,0.298112443204249,%,2
OBS,2020,EU27+4,WEEE_generatedDedicated,WEEE_Cat6,lenseAssembly,AlAndAlAlloys,,m-c,0.0931150337638832,%,1
OBS,2020,EU27+4,WEEE_generatedDedicated,WEEE_Cat6,lenseAssembly,CuAndCuAlloys,Ag,e-m,0.708562901815971,%,3
OBS,2020,EU27+4,WEEE_generatedDedicated,WEEE_Cat6,lenseAssembly,CuAndCuAlloys,Dy,e-m,0.0012381485980362,%,2
OBS,2020,EU27+4,WEEE_generatedDedicated,WEEE_Cat6,lenseAssembly,CuAndCuAlloys,Zr,e-m,0.290198949585993,%,2
OBS,2020,EU27+4,WEEE_generatedDedicated,WEEE_Cat6,lenseAssembly,CuAndCuAlloys,,m-c,0.0080192906994588,%,1
OBS,2020,EU27+4,WEEE_generatedDedicated,WEEE_Cat6,lenseAssembly,ferrousMetals,Ag,e-m,0.24055128135988,%,1
OBS,2020,EU27+4,WEEE_generatedDedicated,WEEE_Cat6,lenseAssembly,ferrousMetals,Cu,e-m,0.023251963741435,%,3
OBS,2020,EU27+4,WEEE_generatedDedicated,WEEE_Cat6,lenseAssembly,ferrousMetals,Ga,e-m,0.0815832796760885,%,3
OBS,2020,EU27+4,WEEE_generatedDedicated,WEEE_Cat6,lenseAssembly,ferrousMetals,Mo,e-m,0.306123418322089,%,2
OBS,2020,EU27+4,WEEE_generatedDedicated,WEEE_Cat6,lenseAssembly,ferrousMetals,O,e-m,0.300760568497986,%,2
OBS,2020,EU27+4,WEEE_generatedDedicated,WEEE_Cat6,lenseAssembly,ferrousMetals,Sm,e-m,0.0477294884025219,%,2
OBS,2020,EU27+4,WEEE_generatedDedicated,WEEE_Cat6,lenseAssembly,ferrousMetals,,m-c,0.23935608265383,%,2
OBS,2020,EU27+4,WEEE_generatedDedicated,WEEE_Cat6,lenseAssembly,glass,Ag,e-m,0.0998100904812577,%,3
OBS,2020,EU27+4,WEEE_generatedDedicated,WEEE_Cat6,lenseAssembly,glass,Pd,e-m,0.0082837436468294,%,1
OBS,2020,EU27+4,WEEE_generatedDedicated,WEEE_Cat6,lenseAssembly,glass,Sc,e-m,0.601201794460805,%,1
OBS,2020,EU27+4,WEEE_generatedDedicated,WEEE_Cat6,lenseAssembly,glass,Zr,e-m,0.290704371411108,%,3
OBS,2020,EU27+4,WEEE_generatedDedicated,WEEE_Cat6,lenseAssembly,glass,,m-c,0.403613648758122,%,2
OBS,2020,EU27+4,WEEE_generatedDedicated,WEEE_Cat6,lenseAssembly,,,c-p,0.0028622833123613,%,1
OBS,2020,EU27+4,WEEE_generatedDedicated,WEEE_Cat6,lenseAssembly,plastics,Ag,e-m,1,%,1
OBS,2020,EU27+4,WEEE_generatedDedicated,WEEE_Cat6,lenseAssembly,plastics,,m-c,0.242118327412941,%,2
OBS,2020,EU27+4,WEEE_generatedDedicated,WEEE_Cat6,lenseAssembly,undefinedAndMixedMaterials,Ag,e-m,1,%,1
OBS,2020,EU27+4,WEEE_generatedDedicated,WEEE_Cat6,lenseAssembly,undefinedAndMixedMaterials,,m-c,0.0137776167117649,%,3
OBS,2020,EU27+4,WEEE_generatedDedicated,WEEE_Cat6,lighting,,,c-p,0.0209767438234833,%,3
OBS,2020,EU27+4,WEEE_generatedDedicated,WEEE_Cat6,lightingFlash,AlAndAlAlloys,Ag,e-m,0.170844792564009,%,2
OBS,2020,EU27+4,WEEE_generatedDedicated,WEEE_Cat6,lightingFlash,AlAndAlAlloys,As,e-m,0.23850788986332,%,1
OBS,2020,EU27+4,WEEE_generatedDedicated,WEEE_Cat6,lightingFlash,AlAndAlAlloys,Cu,e-m,0.191466609843703,%,3
OBS,2020,EU27+4,WEEE_generatedDedicated,WEEE_Cat6,lightingFlash,AlAndAlAlloys,Ga,e-m,0.0741581597539955,%,3
OBS,2020,EU27+4,WEEE_generatedDedicated,WEEE_Cat6,lightingFlash,AlAndAlAlloys,Mn,e-m,0.0314034734276828,%,3
OBS,2020,EU27+4,WEEE_generatedDedicated,WEEE_Cat6,lightingFlash,AlAndAlAlloys,Mo,e-m,0.0860639029593599,%,1
OBS,2020,EU27+4,WEEE_generatedDedicated,WEEE_Cat6,lightingFlash,AlAndAlAlloys,Sm,e-m,0.207555171587929,%,1
OBS,2020,EU27+4,WEEE_generatedDedicated,WEEE_Cat6,lightingFlash,AlAndAlAlloys,,m-c,0.261737966055291,%,2
OBS,2020,EU27+4,WEEE_generatedDedicated,WEEE_Cat6,lightingFlash,CuAndCuAlloys,Ag,e-m,0.0542862572342652,%,3
OBS,2020,EU27+4,WEEE_generatedDedicated,WEEE_Cat6,lightingFlash,CuAndCuAlloys,Dy,e-m,0.47241861597257,%,3
OBS,2020,EU27+4,WEEE_generatedDedicated,WEEE_Cat6,lightingFlash,CuAndCuAlloys,Zr,e-m,0.473295126793165,%,1
OBS,2020,EU27+4,WEEE_generatedDedicated,WEEE_Cat6,lightingFlash,CuAndCuAlloys,,m-c,0.0960263928772822,%,2
OBS,2020,EU27+4,WEEE_generatedDedicated,WEEE_Cat6,lightingFlash,ferrousMetals,Ag,e-m,0.0337355696360454,%,2
OBS,2020,EU27+4,WEEE_generatedDedicated,WEEE_Cat6,lightingFlash,ferrousMetals,Cu,e-m,0.0235104240317894,%,3
OBS,2020,EU27+4,WEEE_generatedDedicated,WEEE_Cat6,lightingFlash,ferrousMetals,Ga,e-m,0.0060821620478929,%,2
OBS,2020,EU27+4,WEEE_generatedDedicated,WEEE_Cat6,lightingFlash,ferrousMetals,Mo,e-m,0.460297141463186,%,1
OBS,2020,EU27+4,WEEE_generatedDedicated,WEEE_Cat6,lightingFlash,ferrousMetals,O,e-m,0.166688064266812,%,1
OBS,2020,EU27+4,WEEE_generatedDedicated,WEEE_Cat6,lightingFlash,ferrousMetals,Sm,e-m,0.309686638554275,%,2
OBS,2020,EU27+4,WEEE_generatedDedicated,WEEE_Cat6,lightingFlash,ferrousMetals,,m-c,0.0605031890154609,%,2
OBS,2020,EU27+4,WEEE_generatedDedicated,WEEE_Cat6,lightingFlash,glass,Ag,e-m,0.115427228513341,%,2
OBS,2020,EU27+4,WEEE_generatedDedicated,WEEE_Cat6,lightingFlash,glass,Pd,e-m,0.0635947238555868,%,3
OBS,2020,EU27+4,WEEE_generatedDedicated,WEEE_Cat6,lightingFlash,glass,Sc,e-m,0.509734914489384,%,1
OBS,2020,EU27+4,WEEE_generatedDedicated,WEEE_Cat6,lightingFlash,glass,Zr,e-m,0.311243133141689,%,3
OBS,2020,EU27+4,WEEE_generatedDedicated,WEEE_Cat6,lightingFlash,glass,,m-c,0.367940409318742,%,3
OBS,2020,EU27+4,WEEE_generatedDedicated,WEEE_Cat6,lightingFlash,,,c-p,0.0125158173223272,%,2
OBS,2020,EU27+4,WEEE_generatedDedicated,WEEE_Cat6,lightingFlash,plastics,Ag,e-m,1,%,3
OBS,2020,EU27+4,WEEE_generatedDedicated,WEEE_Cat6,lightingFlash,plastics,,m-c,0.110332923061471,%,3
OBS,2020,EU27+4,WEEE_generatedDedicated,WEEE_Cat6,lightingFlash,undefinedAndMixedMaterials,Ag,e-m,1,%,1
OBS,2020,EU27+4,WEEE_generatedDedicated,WEEE_Cat6,lightingFlash,undefinedAndMixedMaterials,,m-c,0.103459119671753,%,1
OBS,2020,EU27+4,WEEE_generatedDedicated,WEEE_Cat6,magnetPermanent,,,c-p,0.0383159883418584,%,2
OBS,2020,EU27+4,WEEE_generatedDedicated,WEEE_Cat6,magnetPermanent,otherOrUndefinedMaterials,Ag,e-m,1,%,2
OBS,2020,EU27+4,WEEE_generatedDedicated,WEEE_Cat6,magnetPermanent,otherOrUndefinedMaterials,,m-c,1,%,2
OBS,2020,EU27+4,WEEE_generatedDedicated,WEEE_Cat6,magnetron,,,c-p,0.0019357791117735,%,2
OBS,2020,EU27+4,WEEE_generatedDedicated,WEEE_Cat6,mainboardInclCPUgpu,AlAndAlAlloys,Ag,e-m,0.17791803872493,%,3
OBS,2020,EU27+4,WEEE_generatedDedicated,WEEE_Cat6,mainboardInclCPUgpu,AlAndAlAlloys,As,e-m,0.0349900453064893,%,3
OBS,2020,EU27+4,WEEE_generatedDedicated,WEEE_Cat6,mainboardInclCPUgpu,AlAndAlAlloys,Cu,e-m,0.0051688414442444,%,1
OBS,2020,EU27+4,WEEE_generatedDedicated,WEEE_Cat6,mainboardInclCPUgpu,AlAndAlAlloys,Ga,e-m,0.355723438380953,%,2
OBS,2020,EU27+4,WEEE_generatedDedicated,WEEE_Cat6,mainboardInclCPUgpu,AlAndAlAlloys,Mn,e-m,0.151083258164447,%,2
OBS,2020,EU27+4,WEEE_generatedDedicated,WEEE_Cat6,mainboardInclCPUgpu,AlAndAlAlloys,Mo,e-m,0.022269971648637,%,2
OBS,2020,EU27+4,WEEE_generatedDedicated,WEEE_Cat6,mainboardInclCPUgpu,AlAndAlAlloys,Sm,e-m,0.252846406330299,%,3
OBS,2020,EU27+4,WEEE_generatedDedicated,WEEE_Cat6,mainboardInclCPUgpu,AlAndAlAlloys,,m-c,0.0195025390720092,%,3
OBS,2020,EU27+4,WEEE_generatedDedicated,WEEE_Cat6,mainboardInclCPUgpu,CuAndCuAlloys,Ag,e-m,0.466151026278153,%,3
OBS,2020,EU27+4,WEEE_generatedDedicated,WEEE_Cat6,mainboardInclCPUgpu,CuAndCuAlloys,Dy,e-m,0.33112848117125,%,3
OBS,2020,EU27+4,WEEE_generatedDedicated,WEEE_Cat6,mainboardInclCPUgpu,CuAndCuAlloys,Zr,e-m,0.202720492550596,%,2
OBS,2020,EU27+4,WEEE_generatedDedicated,WEEE_Cat6,mainboardInclCPUgpu,CuAndCuAlloys,,m-c,0.0517045616915744,%,2
OBS,2020,EU27+4,WEEE_generatedDedicated,WEEE_Cat6,mainboardInclCPUgpu,ferrousMetals,Ag,e-m,0.535879801960551,%,3
OBS,2020,EU27+4,WEEE_generatedDedicated,WEEE_Cat6,mainboardInclCPUgpu,ferrousMetals,Cu,e-m,0.0575939718756931,%,3
OBS,2020,EU27+4,WEEE_generatedDedicated,WEEE_Cat6,mainboardInclCPUgpu,ferrousMetals,Ga,e-m,0.116300543515143,%,2
OBS,2020,EU27+4,WEEE_generatedDedicated,WEEE_Cat6,mainboardInclCPUgpu,ferrousMetals,Mo,e-m,0.0655488844219402,%,1
OBS,2020,EU27+4,WEEE_generatedDedicated,WEEE_Cat6,mainboardInclCPUgpu,ferrousMetals,O,e-m,0.0318187249824358,%,3
OBS,2020,EU27+4,WEEE_generatedDedicated,WEEE_Cat6,mainboardInclCPUgpu,ferrousMetals,Sm,e-m,0.192858073244236,%,1
OBS,2020,EU27+4,WEEE_generatedDedicated,WEEE_Cat6,mainboardInclCPUgpu,ferrousMetals,,m-c,0.02544430540578,%,1
OBS,2020,EU27+4,WEEE_generatedDedicated,WEEE_Cat6,mainboardInclCPUgpu,,,c-p,0.0060431233506248,%,1
OBS,2020,EU27+4,WEEE_generatedDedicated,WEEE_Cat6,mainboardInclCPUgpu,otherMetalsAndMetalAlloys,Ag,e-m,0.496693600799973,%,2
OBS,2020,EU27+4,WEEE_generatedDedicated,WEEE_Cat6,mainboardInclCPUgpu,otherMetalsAndMetalAlloys,Al,e-m,0.479089205495185,%,1
OBS,2020,EU27+4,WEEE_generatedDedicated,WEEE_Cat6,mainboardInclCPUgpu,otherMetalsAndMetalAlloys,Dy,e-m,0.0242171937048417,%,2
OBS,2020,EU27+4,WEEE_generatedDedicated,WEEE_Cat6,mainboardInclCPUgpu,otherMetalsAndMetalAlloys,,m-c,0.140831628075903,%,1
OBS,2020,EU27+4,WEEE_generatedDedicated,WEEE_Cat6,mainboardInclCPUgpu,plastics,Ag,e-m,1,%,1
OBS,2020,EU27+4,WEEE_generatedDedicated,WEEE_Cat6,mainboardInclCPUgpu,plastics,,m-c,0.264178450580026,%,3
OBS,2020,EU27+4,WEEE_generatedDedicated,WEEE_Cat6,mainboardInclCPUgpu,undefinedAndMixedMaterials,Ag,e-m,1,%,2
OBS,2020,EU27+4,WEEE_generatedDedicated,WEEE_Cat6,mainboardInclCPUgpu,undefinedAndMixedMaterials,,m-c,0.498338515174708,%,1
OBS,2020,EU27+4,WEEE_generatedDedicated,WEEE_Cat6,,,,c-p,0.0335363477517622,%,2
OBS,2020,EU27+4,WEEE_generatedDedicated,WEEE_Cat6,non-electricCoil,AlAndAlAlloys,Ag,e-m,0.177831102703377,%,2
OBS,2020,EU27+4,WEEE_generatedDedicated,WEEE_Cat6,non-electricCoil,AlAndAlAlloys,As,e-m,0.119883198302669,%,2
OBS,2020,EU27+4,WEEE_generatedDedicated,WEEE_Cat6,non-electricCoil,AlAndAlAlloys,Cu,e-m,0.263816975862013,%,2
OBS,2020,EU27+4,WEEE_generatedDedicated,WEEE_Cat6,non-electricCoil,AlAndAlAlloys,Ga,e-m,0.329244296492097,%,3
OBS,2020,EU27+4,WEEE_generatedDedicated,WEEE_Cat6,non-electricCoil,AlAndAlAlloys,Mn,e-m,0.0366795926264937,%,2
OBS,2020,EU27+4,WEEE_generatedDedicated,WEEE_Cat6,non-electricCoil,AlAndAlAlloys,Mo,e-m,0.0537890342140969,%,2
OBS,2020,EU27+4,WEEE_generatedDedicated,WEEE_Cat6,non-electricCoil,AlAndAlAlloys,Sm,e-m,0.0187557997992538,%,3
OBS,2020,EU27+4,WEEE_generatedDedicated,WEEE_Cat6,non-electricCoil,AlAndAlAlloys,,m-c,0.706312469598739,%,1
OBS,2020,EU27+4,WEEE_generatedDedicated,WEEE_Cat6,non-electricCoil,ferrousMetals,Ag,e-m,0.310022919481066,%,1
OBS,2020,EU27+4,WEEE_generatedDedicated,WEEE_Cat6,non-electricCoil,ferrousMetals,Ca,e-m,0.143746777053713,%,2
OBS,2020,EU27+4,WEEE_generatedDedicated,WEEE_Cat6,non-electricCoil,ferrousMetals,Ga,e-m,0.113826253429066,%,1
OBS,2020,EU27+4,WEEE_generatedDedicated,WEEE_Cat6,non-electricCoil,ferrousMetals,Mo,e-m,0.174379269551717,%,3
OBS,2020,EU27+4,WEEE_generatedDedicated,WEEE_Cat6,non-electricCoil,ferrousMetals,Sm,e-m,0.258024780484438,%,1
OBS,2020,EU27+4,WEEE_generatedDedicated,WEEE_Cat6,non-electricCoil,ferrousMetals,,m-c,0.0118158989241754,%,3
OBS,2020,EU27+4,WEEE_generatedDedicated,WEEE_Cat6,non-electricCoil,,,c-p,0.003090145586208,%,1
OBS,2020,EU27+4,WEEE_generatedDedicated,WEEE_Cat6,non-electricCoil,plastics,Ag,e-m,1,%,2
OBS,2020,EU27+4,WEEE_generatedDedicated,WEEE_Cat6,non-electricCoil,plastics,,m-c,0.281871631477086,%,1
OBS,2020,EU27+4,WEEE_generatedDedicated,WEEE_Cat6,nonElectricCoil,,,c-p,0.0031749658286278,%,2
OBS,2020,EU27+4,WEEE_generatedDedicated,WEEE_Cat6,onOffSwitch,CuAndCuAlloys,Ag,e-m,0.830033463469849,%,1
OBS,2020,EU27+4,WEEE_generatedDedicated,WEEE_Cat6,onOffSwitch,CuAndCuAlloys,Dy,e-m,0.0231955734967974,%,3
OBS,2020,EU27+4,WEEE_generatedDedicated,WEEE_Cat6,onOffSwitch,CuAndCuAlloys,Zr,e-m,0.146770963033354,%,2
OBS,2020,EU27+4,WEEE_generatedDedicated,WEEE_Cat6,onOffSwitch,CuAndCuAlloys,,m-c,0.606085745207605,%,2
OBS,2020,EU27+4,WEEE_generatedDedicated,WEEE_Cat6,onOffSwitch,,,c-p,0.0268661061377093,%,1
OBS,2020,EU27+4,WEEE_generatedDedicated,WEEE_Cat6,onOffSwitch,plastics,Ag,e-m,1,%,1
OBS,2020,EU27+4,WEEE_generatedDedicated,WEEE_Cat6,onOffSwitch,plastics,,m-c,0.393914254792394,%,2
OBS,2020,EU27+4,WEEE_generatedDedicated,WEEE_Cat6,otherElectricCompUnspecified,AlAndAlAlloys,Ag,e-m,0.166603367857065,%,2
OBS,2020,EU27+4,WEEE_generatedDedicated,WEEE_Cat6,otherElectricCompUnspecified,AlAndAlAlloys,As,e-m,0.121859047843753,%,2
OBS,2020,EU27+4,WEEE_generatedDedicated,WEEE_Cat6,otherElectricCompUnspecified,AlAndAlAlloys,Cu,e-m,0.403123538629975,%,2
OBS,2020,EU27+4,WEEE_generatedDedicated,WEEE_Cat6,otherElectricCompUnspecified,AlAndAlAlloys,Ga,e-m,0.0358734967841912,%,3
OBS,2020,EU27+4,WEEE_generatedDedicated,WEEE_Cat6,otherElectricCompUnspecified,AlAndAlAlloys,Mn,e-m,0.195272448599528,%,2
OBS,2020,EU27+4,WEEE_generatedDedicated,WEEE_Cat6,otherElectricCompUnspecified,AlAndAlAlloys,Mo,e-m,0.0022249897983687,%,2
OBS,2020,EU27+4,WEEE_generatedDedicated,WEEE_Cat6,otherElectricCompUnspecified,AlAndAlAlloys,Sm,e-m,0.0750431104871185,%,1
OBS,2020,EU27+4,WEEE_generatedDedicated,WEEE_Cat6,otherElectricCompUnspecified,AlAndAlAlloys,,m-c,0.0053126077318595,%,1
OBS,2020,EU27+4,WEEE_generatedDedicated,WEEE_Cat6,otherElectricCompUnspecified,CuAndCuAlloys,Ag,e-m,0.257743076611534,%,1
OBS,2020,EU27+4,WEEE_generatedDedicated,WEEE_Cat6,otherElectricCompUnspecified,CuAndCuAlloys,Dy,e-m,0.72424416924901,%,1
OBS,2020,EU27+4,WEEE_generatedDedicated,WEEE_Cat6,otherElectricCompUnspecified,CuAndCuAlloys,Zr,e-m,0.0180127541394569,%,3
OBS,2020,EU27+4,WEEE_generatedDedicated,WEEE_Cat6,otherElectricCompUnspecified,CuAndCuAlloys,,m-c,0.121558716328769,%,3
OBS,2020,EU27+4,WEEE_generatedDedicated,WEEE_Cat6,otherElectricCompUnspecified,ferrousMetals,Ag,e-m,0.223826225196928,%,3
OBS,2020,EU27+4,WEEE_generatedDedicated,WEEE_Cat6,otherElectricCompUnspecified,ferrousMetals,Cu,e-m,0.231384478453103,%,2
OBS,2020,EU27+4,WEEE_generatedDedicated,WEEE_Cat6,otherElectricCompUnspecified,ferrousMetals,Ga,e-m,0.124049390010916,%,1
OBS,2020,EU27+4,WEEE_generatedDedicated,WEEE_Cat6,otherElectricCompUnspecified,ferrousMetals,Mo,e-m,0.0896619038412751,%,3
OBS,2020,EU27+4,WEEE_generatedDedicated,WEEE_Cat6,otherElectricCompUnspecified,ferrousMetals,O,e-m,0.273586584440005,%,1
OBS,2020,EU27+4,WEEE_generatedDedicated,WEEE_Cat6,otherElectricCompUnspecified,ferrousMetals,Sm,e-m,0.0574914180577729,%,2
OBS,2020,EU27+4,WEEE_generatedDedicated,WEEE_Cat6,otherElectricCompUnspecified,ferrousMetals,,m-c,0.0323524914066268,%,2
OBS,2020,EU27+4,WEEE_generatedDedicated,WEEE_Cat6,otherElectricCompUnspecified,glass,Ag,e-m,0.0448583360144027,%,2
OBS,2020,EU27+4,WEEE_generatedDedicated,WEEE_Cat6,otherElectricCompUnspecified,glass,Pd,e-m,0.487048660232297,%,1
OBS,2020,EU27+4,WEEE_generatedDedicated,WEEE_Cat6,otherElectricCompUnspecified,glass,Sc,e-m,0.182720192051604,%,3
OBS,2020,EU27+4,WEEE_generatedDedicated,WEEE_Cat6,otherElectricCompUnspecified,glass,Zr,e-m,0.285372811701696,%,1
OBS,2020,EU27+4,WEEE_generatedDedicated,WEEE_Cat6,otherElectricCompUnspecified,glass,,m-c,0.0838210958453152,%,2
OBS,2020,EU27+4,WEEE_generatedDedicated,WEEE_Cat6,otherElectricCompUnspecified,,,c-p,0.00216045937568,%,1
OBS,2020,EU27+4,WEEE_generatedDedicated,WEEE_Cat6,otherElectricCompUnspecified,otherMetalsAndMetalAlloys,Ag,e-m,0.167096494919718,%,1
OBS,2020,EU27+4,WEEE_generatedDedicated,WEEE_Cat6,otherElectricCompUnspecified,otherMetalsAndMetalAlloys,Al,e-m,0.362375207521432,%,2
OBS,2020,EU27+4,WEEE_generatedDedicated,WEEE_Cat6,otherElectricCompUnspecified,otherMetalsAndMetalAlloys,Dy,e-m,0.47052829755885,%,1
OBS,2020,EU27+4,WEEE_generatedDedicated,WEEE_Cat6,otherElectricCompUnspecified,otherMetalsAndMetalAlloys,,m-c,0.442780063441625,%,2
OBS,2020,EU27+4,WEEE_generatedDedicated,WEEE_Cat6,otherElectricCompUnspecified,otherOrUndefinedMaterials,Ag,e-m,1,%,2
OBS,2020,EU27+4,WEEE_generatedDedicated,WEEE_Cat6,otherElectricCompUnspecified,otherOrUndefinedMaterials,,m-c,0.152400365742397,%,2
OBS,2020,EU27+4,WEEE_generatedDedicated,WEEE_Cat6,otherElectricCompUnspecified,plastics,Ag,e-m,1,%,1
OBS,2020,EU27+4,WEEE_generatedDedicated,WEEE_Cat6,otherElectricCompUnspecified,plastics,,m-c,0.0478811567499707,%,2
OBS,2020,EU27+4,WEEE_generatedDedicated,WEEE_Cat6,otherElectricCompUnspecified,undefinedAndMixedMaterials,Ag,e-m,1,%,2
OBS,2020,EU27+4,WEEE_generatedDedicated,WEEE_Cat6,otherElectricCompUnspecified,undefinedAndMixedMaterials,,m-c,0.113893502753438,%,2
OBS,2020,EU27+4,WEEE_generatedDedicated,WEEE_Cat6,otherNonElectricCompUnspecified,AlAndAlAlloys,Ag,e-m,0.0375308146582364,%,2
OBS,2020,EU27+4,WEEE_generatedDedicated,WEEE_Cat6,otherNonElectricCompUnspecified,AlAndAlAlloys,As,e-m,0.232403951209733,%,1
OBS,2020,EU27+4,WEEE_generatedDedicated,WEEE_Cat6,otherNonElectricCompUnspecified,AlAndAlAlloys,Cu,e-m,0.0123856457688054,%,2
OBS,2020,EU27+4,WEEE_generatedDedicated,WEEE_Cat6,otherNonElectricCompUnspecified,AlAndAlAlloys,Ga,e-m,0.0108714678360643,%,1
OBS,2020,EU27+4,WEEE_generatedDedicated,WEEE_Cat6,otherNonElectricCompUnspecified,AlAndAlAlloys,Mn,e-m,0.095403830377618,%,3
OBS,2020,EU27+4,WEEE_generatedDedicated,WEEE_Cat6,otherNonElectricCompUnspecified,AlAndAlAlloys,Mo,e-m,0.357017695718127,%,1
OBS,2020,EU27+4,WEEE_generatedDedicated,WEEE_Cat6,otherNonElectricCompUnspecified,AlAndAlAlloys,Sm,e-m,0.254386594431416,%,3
OBS,2020,EU27+4,WEEE_generatedDedicated,WEEE_Cat6,otherNonElectricCompUnspecified,AlAndAlAlloys,,m-c,0.0867004979302484,%,3
OBS,2020,EU27+4,WEEE_generatedDedicated,WEEE_Cat6,otherNonElectricCompUnspecified,CuAndCuAlloys,Ag,e-m,0.120627373955948,%,1
OBS,2020,EU27+4,WEEE_generatedDedicated,WEEE_Cat6,otherNonElectricCompUnspecified,CuAndCuAlloys,As,e-m,0.108294516897589,%,2
OBS,2020,EU27+4,WEEE_generatedDedicated,WEEE_Cat6,otherNonElectricCompUnspecified,CuAndCuAlloys,Cu,e-m,0.0612844090107978,%,3
OBS,2020,EU27+4,WEEE_generatedDedicated,WEEE_Cat6,otherNonElectricCompUnspecified,CuAndCuAlloys,Dy,e-m,0.042209540174092,%,1
OBS,2020,EU27+4,WEEE_generatedDedicated,WEEE_Cat6,otherNonElectricCompUnspecified,CuAndCuAlloys,Ga,e-m,0.171755263957651,%,2
OBS,2020,EU27+4,WEEE_generatedDedicated,WEEE_Cat6,otherNonElectricCompUnspecified,CuAndCuAlloys,Mn,e-m,0.321503540725618,%,2
OBS,2020,EU27+4,WEEE_generatedDedicated,WEEE_Cat6,otherNonElectricCompUnspecified,CuAndCuAlloys,Mo,e-m,0.101710441787391,%,3
OBS,2020,EU27+4,WEEE_generatedDedicated,WEEE_Cat6,otherNonElectricCompUnspecified,CuAndCuAlloys,Sm,e-m,0.0005141971128672,%,2
OBS,2020,EU27+4,WEEE_generatedDedicated,WEEE_Cat6,otherNonElectricCompUnspecified,CuAndCuAlloys,Zr,e-m,0.0721007163780467,%,2
OBS,2020,EU27+4,WEEE_generatedDedicated,WEEE_Cat6,otherNonElectricCompUnspecified,CuAndCuAlloys,,m-c,0.07382918144166,%,3
OBS,2020,EU27+4,WEEE_generatedDedicated,WEEE_Cat6,otherNonElectricCompUnspecified,ferrousMetals,Ag,e-m,0.0843315564418804,%,2
OBS,2020,EU27+4,WEEE_generatedDedicated,WEEE_Cat6,otherNonElectricCompUnspecified,ferrousMetals,Ca,e-m,0.452924670118315,%,3
OBS,2020,EU27+4,WEEE_generatedDedicated,WEEE_Cat6,otherNonElectricCompUnspecified,ferrousMetals,Cu,e-m,0.126550890186261,%,3
OBS,2020,EU27+4,WEEE_generatedDedicated,WEEE_Cat6,otherNonElectricCompUnspecified,ferrousMetals,Ga,e-m,0.0959061299852953,%,2
OBS,2020,EU27+4,WEEE_generatedDedicated,WEEE_Cat6,otherNonElectricCompUnspecified,ferrousMetals,Mo,e-m,0.149955479811662,%,3
OBS,2020,EU27+4,WEEE_generatedDedicated,WEEE_Cat6,otherNonElectricCompUnspecified,ferrousMetals,O,e-m,0.0351905104267368,%,2
OBS,2020,EU27+4,WEEE_generatedDedicated,WEEE_Cat6,otherNonElectricCompUnspecified,ferrousMetals,Sm,e-m,0.0551407630298493,%,2
OBS,2020,EU27+4,WEEE_generatedDedicated,WEEE_Cat6,otherNonElectricCompUnspecified,ferrousMetals,,m-c,0.399797830538141,%,1
OBS,2020,EU27+4,WEEE_generatedDedicated,WEEE_Cat6,otherNonElectricCompUnspecified,,,c-p,0.0053833650687728,%,2
OBS,2020,EU27+4,WEEE_generatedDedicated,WEEE_Cat6,otherNonElectricCompUnspecified,plastics,Ag,e-m,1,%,1
OBS,2020,EU27+4,WEEE_generatedDedicated,WEEE_Cat6,otherNonElectricCompUnspecified,plastics,,m-c,0.0286794407252692,%,2
OBS,2020,EU27+4,WEEE_generatedDedicated,WEEE_Cat6,otherNonElectricCompUnspecified,steelAndSteelAlloys,Ag,e-m,0.0105965511688872,%,2
OBS,2020,EU27+4,WEEE_generatedDedicated,WEEE_Cat6,otherNonElectricCompUnspecified,steelAndSteelAlloys,Cu,e-m,0.0999581193308349,%,3
OBS,2020,EU27+4,WEEE_generatedDedicated,WEEE_Cat6,otherNonElectricCompUnspecified,steelAndSteelAlloys,Ga,e-m,0.218078422653554,%,1
OBS,2020,EU27+4,WEEE_generatedDedicated,WEEE_Cat6,otherNonElectricCompUnspecified,steelAndSteelAlloys,Mo,e-m,0.288743009238911,%,3
OBS,2020,EU27+4,WEEE_generatedDedicated,WEEE_Cat6,otherNonElectricCompUnspecified,steelAndSteelAlloys,O,e-m,0.161656313508525,%,1
OBS,2020,EU27+4,WEEE_generatedDedicated,WEEE_Cat6,otherNonElectricCompUnspecified,steelAndSteelAlloys,Sm,e-m,0.220967584099288,%,1
OBS,2020,EU27+4,WEEE_generatedDedicated,WEEE_Cat6,otherNonElectricCompUnspecified,steelAndSteelAlloys,,m-c,0.0944212960943909,%,1
OBS,2020,EU27+4,WEEE_generatedDedicated,WEEE_Cat6,otherNonElectricCompUnspecified,undefinedAndMixedMaterials,Ag,e-m,1,%,3
OBS,2020,EU27+4,WEEE_generatedDedicated,WEEE_Cat6,otherNonElectricCompUnspecified,undefinedAndMixedMaterials,,m-c,0.316571753270291,%,1
OBS,2020,EU27+4,WEEE_generatedDedicated,WEEE_Cat6,passiveJunctionBox,CuAndCuAlloys,Ag,e-m,0.328815832999569,%,2
OBS,2020,EU27+4,WEEE_generatedDedicated,WEEE_Cat6,passiveJunctionBox,CuAndCuAlloys,Dy,e-m,0.598592773359472,%,3
OBS,2020,EU27+4,WEEE_generatedDedicated,WEEE_Cat6,passiveJunctionBox,CuAndCuAlloys,Sr,e-m,0.0353050504543588,%,3
OBS,2020,EU27+4,WEEE_generatedDedicated,WEEE_Cat6,passiveJunctionBox,CuAndCuAlloys,Zr,e-m,0.0372863431865998,%,2
OBS,2020,EU27+4,WEEE_generatedDedicated,WEEE_Cat6,passiveJunctionBox,CuAndCuAlloys,,m-c,0.13492896672971,%,2
OBS,2020,EU27+4,WEEE_generatedDedicated,WEEE_Cat6,passiveJunctionBox,,,c-p,0.0167661741610395,%,2
OBS,2020,EU27+4,WEEE_generatedDedicated,WEEE_Cat6,passiveJunctionBox,otherOrUndefinedMaterials,Ag,e-m,1,%,1
OBS,2020,EU27+4,WEEE_generatedDedicated,WEEE_Cat6,passiveJunctionBox,otherOrUndefinedMaterials,,m-c,0.0977446074904564,%,1
OBS,2020,EU27+4,WEEE_generatedDedicated,WEEE_Cat6,passiveJunctionBox,plastics,Ag,e-m,1,%,1
OBS,2020,EU27+4,WEEE_generatedDedicated,WEEE_Cat6,passiveJunctionBox,plastics,,m-c,0.767326425779833,%,1
OBS,2020,EU27+4,WEEE_generatedDedicated,WEEE_Cat6,pcbWEEECat,,,c-p,0.0239126877382323,%,3
OBS,2020,EU27+4,WEEE_generatedDedicated,WEEE_Cat6,pcbWEEECat,plastics,Ag,e-m,1,%,3
OBS,2020,EU27+4,WEEE_generatedDedicated,WEEE_Cat6,pcbWEEECat,plastics,,m-c,1,%,3
OBS,2020,EU27+4,WEEE_generatedDedicated,WEEE_Cat6,plug,,,c-p,0.0245062664440657,%,2
OBS,2020,EU27+4,WEEE_generatedDedicated,WEEE_Cat6,powerSupply,AlAndAlAlloys,Ag,e-m,0.0748364111540326,%,1
OBS,2020,EU27+4,WEEE_generatedDedicated,WEEE_Cat6,powerSupply,AlAndAlAlloys,As,e-m,0.0399979348194959,%,1
OBS,2020,EU27+4,WEEE_generatedDedicated,WEEE_Cat6,powerSupply,AlAndAlAlloys,Cu,e-m,0.040709850613764,%,3
OBS,2020,EU27+4,WEEE_generatedDedicated,WEEE_Cat6,powerSupply,AlAndAlAlloys,Ga,e-m,0.356416778649476,%,1
OBS,2020,EU27+4,WEEE_generatedDedicated,WEEE_Cat6,powerSupply,AlAndAlAlloys,Mn,e-m,0.460470172868987,%,2
OBS,2020,EU27+4,WEEE_generatedDedicated,WEEE_Cat6,powerSupply,AlAndAlAlloys,Mo,e-m,0.0125916942485187,%,1
OBS,2020,EU27+4,WEEE_generatedDedicated,WEEE_Cat6,powerSupply,AlAndAlAlloys,Sm,e-m,0.0149771576457257,%,1
OBS,2020,EU27+4,WEEE_generatedDedicated,WEEE_Cat6,powerSupply,AlAndAlAlloys,,m-c,0.13778016935032,%,2
OBS,2020,EU27+4,WEEE_generatedDedicated,WEEE_Cat6,powerSupply,CuAndCuAlloys,Ag,e-m,0.278674004743046,%,2
OBS,2020,EU27+4,WEEE_generatedDedicated,WEEE_Cat6,powerSupply,CuAndCuAlloys,Dy,e-m,0.520473349447019,%,1
OBS,2020,EU27+4,WEEE_generatedDedicated,WEEE_Cat6,powerSupply,CuAndCuAlloys,Zr,e-m,0.200852645809935,%,2
OBS,2020,EU27+4,WEEE_generatedDedicated,WEEE_Cat6,powerSupply,CuAndCuAlloys,,m-c,0.111262610744042,%,2
OBS,2020,EU27+4,WEEE_generatedDedicated,WEEE_Cat6,powerSupply,ferrousMetals,Ag,e-m,0.294865022101363,%,2
OBS,2020,EU27+4,WEEE_generatedDedicated,WEEE_Cat6,powerSupply,ferrousMetals,Cu,e-m,0.0910205158059509,%,2
OBS,2020,EU27+4,WEEE_generatedDedicated,WEEE_Cat6,powerSupply,ferrousMetals,Ga,e-m,0.0488180251073097,%,1
OBS,2020,EU27+4,WEEE_generatedDedicated,WEEE_Cat6,powerSupply,ferrousMetals,Mo,e-m,0.10655864637357,%,3
OBS,2020,EU27+4,WEEE_generatedDedicated,WEEE_Cat6,powerSupply,ferrousMetals,O,e-m,0.236160279463825,%,2
OBS,2020,EU27+4,WEEE_generatedDedicated,WEEE_Cat6,powerSupply,ferrousMetals,Sm,e-m,0.222577511147982,%,2
OBS,2020,EU27+4,WEEE_generatedDedicated,WEEE_Cat6,powerSupply,ferrousMetals,,m-c,0.3261121549505,%,2
OBS,2020,EU27+4,WEEE_generatedDedicated,WEEE_Cat6,powerSupply,,,c-p,0.0001873666434907,%,3
OBS,2020,EU27+4,WEEE_generatedDedicated,WEEE_Cat6,powerSupply,otherMetalsAndMetalAlloys,Ag,e-m,0.0697797987609697,%,2
OBS,2020,EU27+4,WEEE_generatedDedicated,WEEE_Cat6,powerSupply,otherMetalsAndMetalAlloys,Al,e-m,0.20915896468621,%,2
OBS,2020,EU27+4,WEEE_generatedDedicated,WEEE_Cat6,powerSupply,otherMetalsAndMetalAlloys,Dy,e-m,0.721061236552821,%,2
OBS,2020,EU27+4,WEEE_generatedDedicated,WEEE_Cat6,powerSupply,otherMetalsAndMetalAlloys,,m-c,0.106240390384856,%,3
OBS,2020,EU27+4,WEEE_generatedDedicated,WEEE_Cat6,powerSupply,plastics,Ag,e-m,1,%,1
OBS,2020,EU27+4,WEEE_generatedDedicated,WEEE_Cat6,powerSupply,plastics,,m-c,0.133440949877579,%,3
OBS,2020,EU27+4,WEEE_generatedDedicated,WEEE_Cat6,powerSupply,undefinedAndMixedMaterials,Ag,e-m,1,%,2
OBS,2020,EU27+4,WEEE_generatedDedicated,WEEE_Cat6,powerSupply,undefinedAndMixedMaterials,,m-c,0.185163724692703,%,1
OBS,2020,EU27+4,WEEE_generatedDedicated,WEEE_Cat6,printedCircuitBoard,,,c-p,0.0263927590805657,%,1
OBS,2020,EU27+4,WEEE_generatedDedicated,WEEE_Cat6,pump,ironWroughtAndCast,Ag,e-m,0.288841216959944,%,2
OBS,2020,EU27+4,WEEE_generatedDedicated,WEEE_Cat6,pump,ironWroughtAndCast,Ca,e-m,0.140801323812141,%,1
OBS,2020,EU27+4,WEEE_generatedDedicated,WEEE_Cat6,pump,ironWroughtAndCast,Ga,e-m,0.39184524721357,%,3
OBS,2020,EU27+4,WEEE_generatedDedicated,WEEE_Cat6,pump,ironWroughtAndCast,Mo,e-m,0.123520628578574,%,2
OBS,2020,EU27+4,WEEE_generatedDedicated,WEEE_Cat6,pump,ironWroughtAndCast,Sm,e-m,0.0549915834357713,%,1
OBS,2020,EU27+4,WEEE_generatedDedicated,WEEE_Cat6,pump,ironWroughtAndCast,,m-c,0.0072501326668978,%,1
OBS,2020,EU27+4,WEEE_generatedDedicated,WEEE_Cat6,pump,,,c-p,0.0036114787466921,%,3
OBS,2020,EU27+4,WEEE_generatedDedicated,WEEE_Cat6,pump,steelAndSteelAlloys,Ag,e-m,0.0799683453172101,%,3
OBS,2020,EU27+4,WEEE_generatedDedicated,WEEE_Cat6,pump,steelAndSteelAlloys,Cu,e-m,0.0753840200280273,%,2
OBS,2020,EU27+4,WEEE_generatedDedicated,WEEE_Cat6,pump,steelAndSteelAlloys,Ga,e-m,0.0018331870411896,%,3
OBS,2020,EU27+4,WEEE_generatedDedicated,WEEE_Cat6,pump,steelAndSteelAlloys,Mo,e-m,0.621820018063557,%,1
OBS,2020,EU27+4,WEEE_generatedDedicated,WEEE_Cat6,pump,steelAndSteelAlloys,O,e-m,0.200989542380311,%,1
OBS,2020,EU27+4,WEEE_generatedDedicated,WEEE_Cat6,pump,steelAndSteelAlloys,Sm,e-m,0.0200048871697046,%,3
OBS,2020,EU27+4,WEEE_generatedDedicated,WEEE_Cat6,pump,steelAndSteelAlloys,,m-c,0.992749867333102,%,1
OBS,2020,EU27+4,WEEE_generatedDedicated,WEEE_Cat6,refrigerant,,,c-p,0.0185484378898735,%,2
OBS,2020,EU27+4,WEEE_generatedDedicated,WEEE_Cat6,refrigerant,otherOrUndefinedMaterials,Ag,e-m,1,%,2
OBS,2020,EU27+4,WEEE_generatedDedicated,WEEE_Cat6,refrigerant,otherOrUndefinedMaterials,,m-c,1,%,2
OBS,2020,EU27+4,WEEE_generatedDedicated,WEEE_Cat6,remoteControl,AlAndAlAlloys,Ag,e-m,0.0547725106218573,%,2
OBS,2020,EU27+4,WEEE_generatedDedicated,WEEE_Cat6,remoteControl,AlAndAlAlloys,As,e-m,0.0619300504093654,%,2
OBS,2020,EU27+4,WEEE_generatedDedicated,WEEE_Cat6,remoteControl,AlAndAlAlloys,Cu,e-m,0.0723254125822645,%,3
OBS,2020,EU27+4,WEEE_generatedDedicated,WEEE_Cat6,remoteControl,AlAndAlAlloys,Ga,e-m,0.21937657274799,%,3
OBS,2020,EU27+4,WEEE_generatedDedicated,WEEE_Cat6,remoteControl,AlAndAlAlloys,Mn,e-m,0.0263603810047551,%,1
OBS,2020,EU27+4,WEEE_generatedDedicated,WEEE_Cat6,remoteControl,AlAndAlAlloys,Mo,e-m,0.434116853675495,%,3
OBS,2020,EU27+4,WEEE_generatedDedicated,WEEE_Cat6,remoteControl,AlAndAlAlloys,Sm,e-m,0.131118218958273,%,2
OBS,2020,EU27+4,WEEE_generatedDedicated,WEEE_Cat6,remoteControl,AlAndAlAlloys,,m-c,0.0587428160441897,%,3
OBS,2020,EU27+4,WEEE_generatedDedicated,WEEE_Cat6,remoteControl,CuAndCuAlloys,Ag,e-m,0.1547617233667,%,1
OBS,2020,EU27+4,WEEE_generatedDedicated,WEEE_Cat6,remoteControl,CuAndCuAlloys,Dy,e-m,0.74407028211887,%,2
OBS,2020,EU27+4,WEEE_generatedDedicated,WEEE_Cat6,remoteControl,CuAndCuAlloys,Zr,e-m,0.10116799451443,%,1
OBS,2020,EU27+4,WEEE_generatedDedicated,WEEE_Cat6,remoteControl,CuAndCuAlloys,,m-c,0.226002840108893,%,1
OBS,2020,EU27+4,WEEE_generatedDedicated,WEEE_Cat6,remoteControl,ferrousMetals,Ag,e-m,0.0655846353720458,%,1
OBS,2020,EU27+4,WEEE_generatedDedicated,WEEE_Cat6,remoteControl,ferrousMetals,Cu,e-m,0.216534991231512,%,2
OBS,2020,EU27+4,WEEE_generatedDedicated,WEEE_Cat6,remoteControl,ferrousMetals,Ga,e-m,0.231015103633344,%,2
OBS,2020,EU27+4,WEEE_generatedDedicated,WEEE_Cat6,remoteControl,ferrousMetals,Mo,e-m,0.344629230121696,%,1
OBS,2020,EU27+4,WEEE_generatedDedicated,WEEE_Cat6,remoteControl,ferrousMetals,O,e-m,0.122944293337384,%,2
OBS,2020,EU27+4,WEEE_generatedDedicated,WEEE_Cat6,remoteControl,ferrousMetals,Sm,e-m,0.0192917463040179,%,1
OBS,2020,EU27+4,WEEE_generatedDedicated,WEEE_Cat6,remoteControl,ferrousMetals,,m-c,0.0628110736352233,%,1
OBS,2020,EU27+4,WEEE_generatedDedicated,WEEE_Cat6,remoteControl,,,c-p,0.0057055541753262,%,1
OBS,2020,EU27+4,WEEE_generatedDedicated,WEEE_Cat6,remoteControl,otherOrUndefinedMaterials,Ag,e-m,1,%,1
OBS,2020,EU27+4,WEEE_generatedDedicated,WEEE_Cat6,remoteControl,otherOrUndefinedMaterials,,m-c,0.0456413086486034,%,1
OBS,2020,EU27+4,WEEE_generatedDedicated,WEEE_Cat6,remoteControl,plastics,Ag,e-m,1,%,3
OBS,2020,EU27+4,WEEE_generatedDedicated,WEEE_Cat6,remoteControl,plastics,,m-c,0.139522472177486,%,1
OBS,2020,EU27+4,WEEE_generatedDedicated,WEEE_Cat6,remoteControl,undefinedAndMixedMaterials,Ag,e-m,1,%,2
OBS,2020,EU27+4,WEEE_generatedDedicated,WEEE_Cat6,remoteControl,undefinedAndMixedMaterials,,m-c,0.467279489385605,%,2
OBS,2020,EU27+4,WEEE_generatedDedicated,WEEE_Cat6,resistor,,,c-p,0.0097503315388376,%,2
OBS,2020,EU27+4,WEEE_generatedDedicated,WEEE_Cat6,rotor,ferrousMetals,Ag,e-m,0.521631347905473,%,3
OBS,2020,EU27+4,WEEE_generatedDedicated,WEEE_Cat6,rotor,ferrousMetals,Cu,e-m,0.0646835377927258,%,1
OBS,2020,EU27+4,WEEE_generatedDedicated,WEEE_Cat6,rotor,ferrousMetals,Ga,e-m,0.277392064827006,%,3
OBS,2020,EU27+4,WEEE_generatedDedicated,WEEE_Cat6,rotor,ferrousMetals,Mo,e-m,0.118482894883134,%,1
OBS,2020,EU27+4,WEEE_generatedDedicated,WEEE_Cat6,rotor,ferrousMetals,O,e-m,0.0074999394573205,%,2
OBS,2020,EU27+4,WEEE_generatedDedicated,WEEE_Cat6,rotor,ferrousMetals,Sm,e-m,0.01031021513434,%,3
OBS,2020,EU27+4,WEEE_generatedDedicated,WEEE_Cat6,rotor,ferrousMetals,,m-c,0.539902371769292,%,1
OBS,2020,EU27+4,WEEE_generatedDedicated,WEEE_Cat6,rotor,,,c-p,0.0190885403635911,%,1
OBS,2020,EU27+4,WEEE_generatedDedicated,WEEE_Cat6,rotor,plastics,Ag,e-m,1,%,1
OBS,2020,EU27+4,WEEE_generatedDedicated,WEEE_Cat6,rotor,plastics,,m-c,0.460097628230708,%,2
OBS,2020,EU27+4,WEEE_generatedDedicated,WEEE_Cat6,screw,CuAndCuAlloys,Ag,e-m,0.202017369557632,%,2
OBS,2020,EU27+4,WEEE_generatedDedicated,WEEE_Cat6,screw,CuAndCuAlloys,Dy,e-m,0.124576472042719,%,3
OBS,2020,EU27+4,WEEE_generatedDedicated,WEEE_Cat6,screw,CuAndCuAlloys,Zr,e-m,0.673406158399648,%,2
OBS,2020,EU27+4,WEEE_generatedDedicated,WEEE_Cat6,screw,CuAndCuAlloys,,m-c,0.690249209306387,%,3
OBS,2020,EU27+4,WEEE_generatedDedicated,WEEE_Cat6,screw,ferrousMetals,Ag,e-m,0.316223214472233,%,1
OBS,2020,EU27+4,WEEE_generatedDedicated,WEEE_Cat6,screw,ferrousMetals,Ca,e-m,0.0440545324160586,%,1
OBS,2020,EU27+4,WEEE_generatedDedicated,WEEE_Cat6,screw,ferrousMetals,Ga,e-m,0.0928824948657457,%,3
OBS,2020,EU27+4,WEEE_generatedDedicated,WEEE_Cat6,screw,ferrousMetals,Mo,e-m,0.197679096110805,%,2
OBS,2020,EU27+4,WEEE_generatedDedicated,WEEE_Cat6,screw,ferrousMetals,Sm,e-m,0.349160662135157,%,3
OBS,2020,EU27+4,WEEE_generatedDedicated,WEEE_Cat6,screw,ferrousMetals,,m-c,0.309750790693613,%,3
OBS,2020,EU27+4,WEEE_generatedDedicated,WEEE_Cat6,screw,,,c-p,0.0211969273282195,%,3
OBS,2020,EU27+4,WEEE_generatedDedicated,WEEE_Cat6,sensorUnspecified,ferrousMetals,,m-c,0.717649502673014,%,1
OBS,2020,EU27+4,WEEE_generatedDedicated,WEEE_Cat6,sensorUnspecified,,,c-p,0.0202030983589702,%,1
OBS,2020,EU27+4,WEEE_generatedDedicated,WEEE_Cat6,sensorUnspecified,plastics,,m-c,0.282350497326986,%,3
OBS,2020,EU27+4,WEEE_generatedDedicated,WEEE_Cat6,shadowComponentWEEE,CuAndCuAlloys,Ag,e-m,0.28157411396472,%,2
OBS,2020,EU27+4,WEEE_generatedDedicated,WEEE_Cat6,shadowComponentWEEE,CuAndCuAlloys,As,e-m,0.0950921568065995,%,3
OBS,2020,EU27+4,WEEE_generatedDedicated,WEEE_Cat6,shadowComponentWEEE,CuAndCuAlloys,Cu,e-m,0.0017939003499468,%,3
OBS,2020,EU27+4,WEEE_generatedDedicated,WEEE_Cat6,shadowComponentWEEE,CuAndCuAlloys,Dy,e-m,0.155606551883299,%,1
OBS,2020,EU27+4,WEEE_generatedDedicated,WEEE_Cat6,shadowComponentWEEE,CuAndCuAlloys,Ga,e-m,0.106284622853958,%,3
OBS,2020,EU27+4,WEEE_generatedDedicated,WEEE_Cat6,shadowComponentWEEE,CuAndCuAlloys,Mn,e-m,0.0084269629779052,%,2
OBS,2020,EU27+4,WEEE_generatedDedicated,WEEE_Cat6,shadowComponentWEEE,CuAndCuAlloys,Mo,e-m,0.0233957214380434,%,1
OBS,2020,EU27+4,WEEE_generatedDedicated,WEEE_Cat6,shadowComponentWEEE,CuAndCuAlloys,Sm,e-m,0.0717988954380398,%,2
OBS,2020,EU27+4,WEEE_generatedDedicated,WEEE_Cat6,shadowComponentWEEE,CuAndCuAlloys,Sr,e-m,0.0292942118021996,%,1
OBS,2020,EU27+4,WEEE_generatedDedicated,WEEE_Cat6,shadowComponentWEEE,CuAndCuAlloys,Zr,e-m,0.226732862485288,%,2
OBS,2020,EU27+4,WEEE_generatedDedicated,WEEE_Cat6,shadowComponentWEEE,CuAndCuAlloys,,m-c,0.10372289211776,%,3
OBS,2020,EU27+4,WEEE_generatedDedicated,WEEE_Cat6,shadowComponentWEEE,bitumen,Ag,e-m,1,%,3
OBS,2020,EU27+4,WEEE_generatedDedicated,WEEE_Cat6,shadowComponentWEEE,bitumen,,m-c,0.0448067271995344,%,2
OBS,2020,EU27+4,WEEE_generatedDedicated,WEEE_Cat6,shadowComponentWEEE,ceramicComposites,Ag,e-m,1,%,1
OBS,2020,EU27+4,WEEE_generatedDedicated,WEEE_Cat6,shadowComponentWEEE,ceramicComposites,,m-c,0.0188034452798276,%,2
OBS,2020,EU27+4,WEEE_generatedDedicated,WEEE_Cat6,shadowComponentWEEE,concrete,Ag,e-m,1,%,1
OBS,2020,EU27+4,WEEE_generatedDedicated,WEEE_Cat6,shadowComponentWEEE,concrete,,m-c,0.0689413476080794,%,2
OBS,2020,EU27+4,WEEE_generatedDedicated,WEEE_Cat6,shadowComponentWEEE,glass,Ag,e-m,0.498675507130923,%,3
OBS,2020,EU27+4,WEEE_generatedDedicated,WEEE_Cat6,shadowComponentWEEE,glass,Pd,e-m,0.150173856661205,%,1
OBS,2020,EU27+4,WEEE_generatedDedicated,WEEE_Cat6,shadowComponentWEEE,glass,Sc,e-m,0.226815967601098,%,1
OBS,2020,EU27+4,WEEE_generatedDedicated,WEEE_Cat6,shadowComponentWEEE,glass,Zr,e-m,0.124334668606774,%,1
OBS,2020,EU27+4,WEEE_generatedDedicated,WEEE_Cat6,shadowComponentWEEE,glass,,m-c,0.0117150742601236,%,2
OBS,2020,EU27+4,WEEE_generatedDedicated,WEEE_Cat6,shadowComponentWEEE,ironWroughtAndCast,Ag,e-m,0.23380475154641,%,3
OBS,2020,EU27+4,WEEE_generatedDedicated,WEEE_Cat6,shadowComponentWEEE,ironWroughtAndCast,Ca,e-m,0.109221585970107,%,3
OBS,2020,EU27+4,WEEE_generatedDedicated,WEEE_Cat6,shadowComponentWEEE,ironWroughtAndCast,Ga,e-m,0.0373099501274003,%,3
OBS,2020,EU27+4,WEEE_generatedDedicated,WEEE_Cat6,shadowComponentWEEE,ironWroughtAndCast,Mo,e-m,0.0132844958032923,%,3
OBS,2020,EU27+4,WEEE_generatedDedicated,WEEE_Cat6,shadowComponentWEEE,ironWroughtAndCast,Sm,e-m,0.60637921655279,%,3
OBS,2020,EU27+4,WEEE_generatedDedicated,WEEE_Cat6,shadowComponentWEEE,ironWroughtAndCast,,m-c,0.0359749392954339,%,3
OBS,2020,EU27+4,WEEE_generatedDedicated,WEEE_Cat6,shadowComponentWEEE,,,c-p,0.0019041009485672,%,3
OBS,2020,EU27+4,WEEE_generatedDedicated,WEEE_Cat6,shadowComponentWEEE,oil4,Ag,e-m,1,%,1
OBS,2020,EU27+4,WEEE_generatedDedicated,WEEE_Cat6,shadowComponentWEEE,oil4,,m-c,0.0804227266547719,%,2
OBS,2020,EU27+4,WEEE_generatedDedicated,WEEE_Cat6,shadowComponentWEEE,otherMetalsAndMetalAlloys,Ag,e-m,0.0178061545691641,%,2
OBS,2020,EU27+4,WEEE_generatedDedicated,WEEE_Cat6,shadowComponentWEEE,otherMetalsAndMetalAlloys,Al,e-m,0.08597143494926,%,1
OBS,2020,EU27+4,WEEE_generatedDedicated,WEEE_Cat6,shadowComponentWEEE,otherMetalsAndMetalAlloys,As,e-m,0.0878707721414048,%,2
OBS,2020,EU27+4,WEEE_generatedDedicated,WEEE_Cat6,shadowComponentWEEE,otherMetalsAndMetalAlloys,Bi,e-m,0.0641974792341742,%,1
OBS,2020,EU27+4,WEEE_generatedDedicated,WEEE_Cat6,shadowComponentWEEE,otherMetalsAndMetalAlloys,Ca,e-m,0.0597538826511805,%,2
OBS,2020,EU27+4,WEEE_generatedDedicated,WEEE_Cat6,shadowComponentWEEE,otherMetalsAndMetalAlloys,Cl,e-m,0.169642592423829,%,1
OBS,2020,EU27+4,WEEE_generatedDedicated,WEEE_Cat6,shadowComponentWEEE,otherMetalsAndMetalAlloys,Dy,e-m,0.0289084821414339,%,2
OBS,2020,EU27+4,WEEE_generatedDedicated,WEEE_Cat6,shadowComponentWEEE,otherMetalsAndMetalAlloys,Ga,e-m,0.0497014396449803,%,2
OBS,2020,EU27+4,WEEE_generatedDedicated,WEEE_Cat6,shadowComponentWEEE,otherMetalsAndMetalAlloys,Mn,e-m,0.14645754318284,%,3
OBS,2020,EU27+4,WEEE_generatedDedicated,WEEE_Cat6,shadowComponentWEEE,otherMetalsAndMetalAlloys,Mo,e-m,0.0413595427597983,%,3
OBS,2020,EU27+4,WEEE_generatedDedicated,WEEE_Cat6,shadowComponentWEEE,otherMetalsAndMetalAlloys,O,e-m,0.0211041108568802,%,1
OBS,2020,EU27+4,WEEE_generatedDedicated,WEEE_Cat6,shadowComponentWEEE,otherMetalsAndMetalAlloys,Sm,e-m,0.0588073321684175,%,2
OBS,2020,EU27+4,WEEE_generatedDedicated,WEEE_Cat6,shadowComponentWEEE,otherMetalsAndMetalAlloys,Zr,e-m,0.168419233276638,%,3
OBS,2020,EU27+4,WEEE_generatedDedicated,WEEE_Cat6,shadowComponentWEEE,otherMetalsAndMetalAlloys,,m-c,0.0282521024450031,%,3
OBS,2020,EU27+4,WEEE_generatedDedicated,WEEE_Cat6,shadowComponentWEEE,otherOrUndefinedMaterials,Ag,e-m,1,%,1
OBS,2020,EU27+4,WEEE_generatedDedicated,WEEE_Cat6,shadowComponentWEEE,otherOrUndefinedMaterials,,m-c,0.0122521120684552,%,1
OBS,2020,EU27+4,WEEE_generatedDedicated,WEEE_Cat6,shadowComponentWEEE,otherOrganics,Ag,e-m,1,%,1
OBS,2020,EU27+4,WEEE_generatedDedicated,WEEE_Cat6,shadowComponentWEEE,otherOrganics,,m-c,0.192874080509794,%,2
OBS,2020,EU27+4,WEEE_generatedDedicated,WEEE_Cat6,shadowComponentWEEE,plasticComposites,Ag,e-m,1,%,1
OBS,2020,EU27+4,WEEE_generatedDedicated,WEEE_Cat6,shadowComponentWEEE,plasticComposites,,m-c,0.0768486936417775,%,2
OBS,2020,EU27+4,WEEE_generatedDedicated,WEEE_Cat6,shadowComponentWEEE,plastics,Ag,e-m,1,%,2
OBS,2020,EU27+4,WEEE_generatedDedicated,WEEE_Cat6,shadowComponentWEEE,plastics,,m-c,0.0250625278450542,%,3
OBS,2020,EU27+4,WEEE_generatedDedicated,WEEE_Cat6,shadowComponentWEEE,reinforcedPlastics,Ag,e-m,1,%,2
OBS,2020,EU27+4,WEEE_generatedDedicated,WEEE_Cat6,shadowComponentWEEE,reinforcedPlastics,,m-c,0.155645976680452,%,2
OBS,2020,EU27+4,WEEE_generatedDedicated,WEEE_Cat6,shadowComponentWEEE,sand,Ag,e-m,0.102144109187849,%,2
OBS,2020,EU27+4,WEEE_generatedDedicated,WEEE_Cat6,shadowComponentWEEE,sand,Pd,e-m,0.530886840807612,%,3
OBS,2020,EU27+4,WEEE_generatedDedicated,WEEE_Cat6,shadowComponentWEEE,sand,Sc,e-m,0.0311142792901326,%,2
OBS,2020,EU27+4,WEEE_generatedDedicated,WEEE_Cat6,shadowComponentWEEE,sand,Zr,e-m,0.335854770714407,%,2
OBS,2020,EU27+4,WEEE_generatedDedicated,WEEE_Cat6,shadowComponentWEEE,sand,,m-c,0.0901858665501789,%,2
OBS,2020,EU27+4,WEEE_generatedDedicated,WEEE_Cat6,shadowComponentWEEE,steelAndSteelAlloys,Ag,e-m,0.123766186712649,%,1
OBS,2020,EU27+4,WEEE_generatedDedicated,WEEE_Cat6,shadowComponentWEEE,steelAndSteelAlloys,Cu,e-m,0.0353843679733799,%,2
OBS,2020,EU27+4,WEEE_generatedDedicated,WEEE_Cat6,shadowComponentWEEE,steelAndSteelAlloys,Ga,e-m,0.0220563500630996,%,3
OBS,2020,EU27+4,WEEE_generatedDedicated,WEEE_Cat6,shadowComponentWEEE,steelAndSteelAlloys,Mo,e-m,0.347598998187901,%,3
OBS,2020,EU27+4,WEEE_generatedDedicated,WEEE_Cat6,shadowComponentWEEE,steelAndSteelAlloys,O,e-m,0.462101184561011,%,1
OBS,2020,EU27+4,WEEE_generatedDedicated,WEEE_Cat6,shadowComponentWEEE,steelAndSteelAlloys,Sm,e-m,0.0090929125019598,%,1
OBS,2020,EU27+4,WEEE_generatedDedicated,WEEE_Cat6,shadowComponentWEEE,steelAndSteelAlloys,,m-c,0.0544914878437546,%,1
OBS,2020,EU27+4,WEEE_generatedDedicated,WEEE_Cat6,solenoidValve,,,c-p,0.0044791566971755,%,2
OBS,2020,EU27+4,WEEE_generatedDedicated,WEEE_Cat6,speakerEEE2,AlAndAlAlloys,Ag,e-m,0.0178465686099186,%,2
OBS,2020,EU27+4,WEEE_generatedDedicated,WEEE_Cat6,speakerEEE2,AlAndAlAlloys,As,e-m,0.0057797033103527,%,1
OBS,2020,EU27+4,WEEE_generatedDedicated,WEEE_Cat6,speakerEEE2,AlAndAlAlloys,Cu,e-m,0.125828914945468,%,3
OBS,2020,EU27+4,WEEE_generatedDedicated,WEEE_Cat6,speakerEEE2,AlAndAlAlloys,Ga,e-m,0.116076234736678,%,2
OBS,2020,EU27+4,WEEE_generatedDedicated,WEEE_Cat6,speakerEEE2,AlAndAlAlloys,Mn,e-m,0.304387596463834,%,2
OBS,2020,EU27+4,WEEE_generatedDedicated,WEEE_Cat6,speakerEEE2,AlAndAlAlloys,Mo,e-m,0.0338744199647719,%,2
OBS,2020,EU27+4,WEEE_generatedDedicated,WEEE_Cat6,speakerEEE2,AlAndAlAlloys,Sm,e-m,0.396206561968976,%,2
OBS,2020,EU27+4,WEEE_generatedDedicated,WEEE_Cat6,speakerEEE2,AlAndAlAlloys,,m-c,0.270790352087805,%,1
OBS,2020,EU27+4,WEEE_generatedDedicated,WEEE_Cat6,speakerEEE2,CuAndCuAlloys,Ag,e-m,0.219158082626222,%,3
OBS,2020,EU27+4,WEEE_generatedDedicated,WEEE_Cat6,speakerEEE2,CuAndCuAlloys,Dy,e-m,0.100630898807455,%,3
OBS,2020,EU27+4,WEEE_generatedDedicated,WEEE_Cat6,speakerEEE2,CuAndCuAlloys,Zr,e-m,0.680211018566323,%,2
OBS,2020,EU27+4,WEEE_generatedDedicated,WEEE_Cat6,speakerEEE2,CuAndCuAlloys,,m-c,0.126317008518272,%,2
OBS,2020,EU27+4,WEEE_generatedDedicated,WEEE_Cat6,speakerEEE2,ferrousMetals,Ag,e-m,0.132189222596916,%,1
OBS,2020,EU27+4,WEEE_generatedDedicated,WEEE_Cat6,speakerEEE2,ferrousMetals,Cu,e-m,0.0631267714705682,%,3
OBS,2020,EU27+4,WEEE_generatedDedicated,WEEE_Cat6,speakerEEE2,ferrousMetals,Ga,e-m,0.182142834069996,%,3
OBS,2020,EU27+4,WEEE_generatedDedicated,WEEE_Cat6,speakerEEE2,ferrousMetals,Mo,e-m,0.137455472319619,%,3
OBS,2020,EU27+4,WEEE_generatedDedicated,WEEE_Cat6,speakerEEE2,ferrousMetals,O,e-m,0.288670843696436,%,2
OBS,2020,EU27+4,WEEE_generatedDedicated,WEEE_Cat6,speakerEEE2,ferrousMetals,Sm,e-m,0.196414855846465,%,3
OBS,2020,EU27+4,WEEE_generatedDedicated,WEEE_Cat6,speakerEEE2,ferrousMetals,,m-c,0.0656696989766741,%,2
OBS,2020,EU27+4,WEEE_generatedDedicated,WEEE_Cat6,speakerEEE2,,,c-p,0.0015362067015278,%,3
OBS,2020,EU27+4,WEEE_generatedDedicated,WEEE_Cat6,speakerEEE2,otherMetalsAndMetalAlloys,Ag,e-m,0.21304332151025,%,3
OBS,2020,EU27+4,WEEE_generatedDedicated,WEEE_Cat6,speakerEEE2,otherMetalsAndMetalAlloys,Al,e-m,0.470549354395138,%,1
OBS,2020,EU27+4,WEEE_generatedDedicated,WEEE_Cat6,speakerEEE2,otherMetalsAndMetalAlloys,Dy,e-m,0.316407324094612,%,1
OBS,2020,EU27+4,WEEE_generatedDedicated,WEEE_Cat6,speakerEEE2,otherMetalsAndMetalAlloys,,m-c,0.0671825461080527,%,2
OBS,2020,EU27+4,WEEE_generatedDedicated,WEEE_Cat6,speakerEEE2,plastics,Ag,e-m,1,%,2
OBS,2020,EU27+4,WEEE_generatedDedicated,WEEE_Cat6,speakerEEE2,plastics,,m-c,0.133358199231789,%,2
OBS,2020,EU27+4,WEEE_generatedDedicated,WEEE_Cat6,speakerEEE2,undefinedAndMixedMaterials,Ag,e-m,1,%,2
OBS,2020,EU27+4,WEEE_generatedDedicated,WEEE_Cat6,speakerEEE2,undefinedAndMixedMaterials,,m-c,0.336682195077407,%,1
OBS,2020,EU27+4,WEEE_generatedDedicated,WEEE_Cat6,switch,,,c-p,0.0088734969654588,%,2
OBS,2020,EU27+4,WEEE_generatedDedicated,WEEE_Cat6,tonerCartridge,,,c-p,0.0130206005917214,%,3
OBS,2020,EU27+4,WEEE_generatedDedicated,WEEE_Cat6,transformator,CuAndCuAlloys,Ag,e-m,0.361780090013044,%,3
OBS,2020,EU27+4,WEEE_generatedDedicated,WEEE_Cat6,transformator,CuAndCuAlloys,Dy,e-m,0.401355524073511,%,3
OBS,2020,EU27+4,WEEE_generatedDedicated,WEEE_Cat6,transformator,CuAndCuAlloys,Zr,e-m,0.236864385913445,%,3
OBS,2020,EU27+4,WEEE_generatedDedicated,WEEE_Cat6,transformator,CuAndCuAlloys,,m-c,0.625445470391767,%,1
OBS,2020,EU27+4,WEEE_generatedDedicated,WEEE_Cat6,transformator,ferrousMetals,Ag,e-m,0.0103151867821599,%,3
OBS,2020,EU27+4,WEEE_generatedDedicated,WEEE_Cat6,transformator,ferrousMetals,Cu,e-m,0.0102680755484331,%,3
OBS,2020,EU27+4,WEEE_generatedDedicated,WEEE_Cat6,transformator,ferrousMetals,Ga,e-m,0.198545560491889,%,3
OBS,2020,EU27+4,WEEE_generatedDedicated,WEEE_Cat6,transformator,ferrousMetals,Mo,e-m,0.158500640551024,%,3
OBS,2020,EU27+4,WEEE_generatedDedicated,WEEE_Cat6,transformator,ferrousMetals,O,e-m,0.146749757968905,%,3
OBS,2020,EU27+4,WEEE_generatedDedicated,WEEE_Cat6,transformator,ferrousMetals,Sm,e-m,0.475620778657589,%,2
OBS,2020,EU27+4,WEEE_generatedDedicated,WEEE_Cat6,transformator,ferrousMetals,,m-c,0.374554529608233,%,2
OBS,2020,EU27+4,WEEE_generatedDedicated,WEEE_Cat6,transformator,,,c-p,0.0059473218045642,%,3
OBS,2020,EU27+4,WEEE_generatedDedicated,WEEE_Cat6,transmission,AlAndAlAlloys,,m-c,0.816234114492241,%,1
OBS,2020,EU27+4,WEEE_generatedDedicated,WEEE_Cat6,transmission,ferrousMetals,Ag,e-m,0.0473521524935458,%,1
OBS,2020,EU27+4,WEEE_generatedDedicated,WEEE_Cat6,transmission,ferrousMetals,Cu,e-m,0.182533237736738,%,3
OBS,2020,EU27+4,WEEE_generatedDedicated,WEEE_Cat6,transmission,ferrousMetals,Ga,e-m,0.362795582126513,%,1
OBS,2020,EU27+4,WEEE_generatedDedicated,WEEE_Cat6,transmission,ferrousMetals,Mo,e-m,0.164643063869843,%,3
OBS,2020,EU27+4,WEEE_generatedDedicated,WEEE_Cat6,transmission,ferrousMetals,O,e-m,0.087989417970132,%,2
OBS,2020,EU27+4,WEEE_generatedDedicated,WEEE_Cat6,transmission,ferrousMetals,Sm,e-m,0.154686545803228,%,3
OBS,2020,EU27+4,WEEE_generatedDedicated,WEEE_Cat6,transmission,ferrousMetals,,m-c,0.0888219828461958,%,1
OBS,2020,EU27+4,WEEE_generatedDedicated,WEEE_Cat6,transmission,,,c-p,0.0188826673142887,%,3
OBS,2020,EU27+4,WEEE_generatedDedicated,WEEE_Cat6,transmission,plastics,Ag,e-m,1,%,3
OBS,2020,EU27+4,WEEE_generatedDedicated,WEEE_Cat6,transmission,plastics,,m-c,0.0949439026615631,%,3
OBS,2020,EU27+4,WEEE_generatedDedicated,WEEE_Cat6,transmitter,CuAndCuAlloys,Ag,e-m,0.521556471974164,%,2
OBS,2020,EU27+4,WEEE_generatedDedicated,WEEE_Cat6,transmitter,CuAndCuAlloys,Dy,e-m,0.119678747126356,%,2
OBS,2020,EU27+4,WEEE_generatedDedicated,WEEE_Cat6,transmitter,CuAndCuAlloys,Zr,e-m,0.35876478089948,%,2
OBS,2020,EU27+4,WEEE_generatedDedicated,WEEE_Cat6,transmitter,CuAndCuAlloys,,m-c,0.0829590518051049,%,2
OBS,2020,EU27+4,WEEE_generatedDedicated,WEEE_Cat6,transmitter,ferrousMetals,Ag,e-m,0.150829618595378,%,2
OBS,2020,EU27+4,WEEE_generatedDedicated,WEEE_Cat6,transmitter,ferrousMetals,Ca,e-m,0.397691125021821,%,2
OBS,2020,EU27+4,WEEE_generatedDedicated,WEEE_Cat6,transmitter,ferrousMetals,Ga,e-m,0.208530189479559,%,2
OBS,2020,EU27+4,WEEE_generatedDedicated,WEEE_Cat6,transmitter,ferrousMetals,Mo,e-m,0.131723373785164,%,3
OBS,2020,EU27+4,WEEE_generatedDedicated,WEEE_Cat6,transmitter,ferrousMetals,Sm,e-m,0.111225693118078,%,3
OBS,2020,EU27+4,WEEE_generatedDedicated,WEEE_Cat6,transmitter,ferrousMetals,,m-c,0.695443412850065,%,1
OBS,2020,EU27+4,WEEE_generatedDedicated,WEEE_Cat6,transmitter,,,c-p,0.0010681514704687,%,1
OBS,2020,EU27+4,WEEE_generatedDedicated,WEEE_Cat6,transmitter,plastics,Ag,e-m,1,%,2
OBS,2020,EU27+4,WEEE_generatedDedicated,WEEE_Cat6,transmitter,plastics,,m-c,0.22159753534483,%,2
OBS,2020,EU27+4,WEEE_generatedDedicated,WEEE_Cat6,wheel,ferrousMetals,Ag,e-m,0.0217166790418322,%,3
OBS,2020,EU27+4,WEEE_generatedDedicated,WEEE_Cat6,wheel,ferrousMetals,Cu,e-m,0.0040381472063941,%,1
OBS,2020,EU27+4,WEEE_generatedDedicated,WEEE_Cat6,wheel,ferrousMetals,Ga,e-m,0.063110635945499,%,2
OBS,2020,EU27+4,WEEE_generatedDedicated,WEEE_Cat6,wheel,ferrousMetals,Mo,e-m,0.612137630746642,%,1
OBS,2020,EU27+4,WEEE_generatedDedicated,WEEE_Cat6,wheel,ferrousMetals,O,e-m,0.263972792874847,%,2
OBS,2020,EU27+4,WEEE_generatedDedicated,WEEE_Cat6,wheel,ferrousMetals,Sm,e-m,0.0350241141847849,%,3
OBS,2020,EU27+4,WEEE_generatedDedicated,WEEE_Cat6,wheel,ferrousMetals,,m-c,0.261486758435989,%,3
OBS,2020,EU27+4,WEEE_generatedDedicated,WEEE_Cat6,wheel,,,c-p,0.0082085242965525,%,2
OBS,2020,EU27+4,WEEE_generatedDedicated,WEEE_Cat6,wheel,plastics,Ag,e-m,1,%,3
OBS,2020,EU27+4,WEEE_generatedDedicated,WEEE_Cat6,wheel,plastics,,m-c,0.0658336059886376,%,2
OBS,2020,EU27+4,WEEE_generatedDedicated,WEEE_Cat6,wheel,polymerPA6GF30,Ag,e-m,1,%,2
OBS,2020,EU27+4,WEEE_generatedDedicated,WEEE_Cat6,wheel,polymerPA6GF30,,m-c,0.0610641750517337,%,1
OBS,2020,EU27+4,WEEE_generatedDedicated,WEEE_Cat6,wheel,polymerPPTF20,Ag,e-m,1,%,3
OBS,2020,EU27+4,WEEE_generatedDedicated,WEEE_Cat6,wheel,polymerPPTF20,,m-c,0.316950309705244,%,1
OBS,2020,EU27+4,WEEE_generatedDedicated,WEEE_Cat6,wheel,polymerPPTF30,Ag,e-m,1,%,3
OBS,2020,EU27+4,WEEE_generatedDedicated,WEEE_Cat6,wheel,polymerPPTF30,,m-c,0.294665150818396,%,1
OBS,2020,EU27+4,WEEE_generatedDedicated,WEEE_Cat1,cableWithConnector,,,c-p,0.0059520051956755,%,2
OBS,2021,EU27+5,WEEE_generatedDedicated,WEEE_Cat2,cableWithConnector,,,c-p,0.0041565960341474,%,2
OBS,2022,EU27+6,WEEE_generatedDedicated,WEEE_Cat3,cableWithConnector,,,c-p,0.0142775293111097,%,2
OBS,2023,EU27+7,WEEE_generatedDedicated,WEEE_Cat4a,cableWithConnector,,,c-p,0.0061367480606006,%,1
OBS,2024,EU27+8,WEEE_generatedDedicated,WEEE_Cat4b,cableWithConnector,,,c-p,0.0105270602836595,%,3
OBS,2025,EU27+9,WEEE_generatedDedicated,WEEE_Cat5,cableWithConnector,,,c-p,0.0006389855074535,%,3
OBS,2026,EU27+10,WEEE_generatedDedicated,WEEE_Cat6,cableWithConnector,,,c-p,0.0171172991702583,%,1
