Scenario,Year,Location,Stock/Flow ID,Layer 1,Layer 2,Layer 3,Layer 4,parameterCode,Value,UoM,DQS
OBS,2020,EU27+4,WEEE_generatedDedicated,WEEE_Cat1,ComponentShadowWEEE,AlAndAlAlloys,Ag,e-m,0.000522,%,2
OBS,2020,EU27+4,WEEE_generatedDedicated,WEEE_Cat1,ComponentShadowWEEE,AlAndAlAlloys,As,e-m,0.97,%,2
OBS,2020,EU27+4,WEEE_generatedDedicated,WEEE_Cat1,ComponentShadowWEEE,AlAndAlAlloys,Cu,e-m,0.002,%,2
OBS,2020,EU27+4,WEEE_generatedDedicated,WEEE_Cat1,ComponentShadowWEEE,AlAndAlAlloys,Ga,e-m,0.001,%,2
OBS,2020,EU27+4,WEEE_generatedDedicated,WEEE_Cat1,ComponentShadowWEEE,AlAndAlAlloys,Mn,e-m,0.0248,%,2
OBS,2020,EU27+4,WEEE_generatedDedicated,WEEE_Cat1,ComponentShadowWEEE,AlAndAlAlloys,Mo,e-m,0.002,%,2
OBS,2020,EU27+4,WEEE_generatedDedicated,WEEE_Cat1,ComponentShadowWEEE,AlAndAlAlloys,Sm,e-m,0.0003,%,2
OBS,2020,EU27+4,WEEE_generatedDedicated,WEEE_Cat1,ComponentShadowWEEE,AlAndAlAlloys,n/a,m-c,0.000501,%,2
OBS,2020,EU27+4,WEEE_generatedDedicated,WEEE_Cat1,ComponentShadowWEEE,CuAndCuAlloys,Ag,e-m,0.000843,%,2
OBS,2020,EU27+4,WEEE_generatedDedicated,WEEE_Cat1,ComponentShadowWEEE,CuAndCuAlloys,Dy,e-m,0.75,%,2
OBS,2020,EU27+4,WEEE_generatedDedicated,WEEE_Cat1,ComponentShadowWEEE,CuAndCuAlloys,Zr,e-m,0.25,%,2
OBS,2020,EU27+4,WEEE_generatedDedicated,WEEE_Cat1,ComponentShadowWEEE,CuAndCuAlloys,n/a,m-c,0.000444,%,2
OBS,2020,EU27+4,WEEE_generatedDedicated,WEEE_Cat1,ComponentShadowWEEE,MaterialShadowWEEE,n/a,m-c,0.5,%,2
OBS,2020,EU27+4,WEEE_generatedDedicated,WEEE_Cat1,ComponentShadowWEEE,aggregateBinderMixedMaterials,Ag,e-m,0.00743,%,1
OBS,2020,EU27+4,WEEE_generatedDedicated,WEEE_Cat1,ComponentShadowWEEE,aggregateBinderMixedMaterials,n/a,m-c,0.00549,%,1
OBS,2020,EU27+4,WEEE_generatedDedicated,WEEE_Cat1,ComponentShadowWEEE,ferrousMetals,Ag,e-m,0.0087,%,1
OBS,2020,EU27+4,WEEE_generatedDedicated,WEEE_Cat1,ComponentShadowWEEE,ferrousMetals,Ca,e-m,0.0000373,%,1
OBS,2020,EU27+4,WEEE_generatedDedicated,WEEE_Cat1,ComponentShadowWEEE,ferrousMetals,Cu,e-m,0.0171,%,1
OBS,2020,EU27+4,WEEE_generatedDedicated,WEEE_Cat1,ComponentShadowWEEE,ferrousMetals,Ga,e-m,0.725,%,1
OBS,2020,EU27+4,WEEE_generatedDedicated,WEEE_Cat1,ComponentShadowWEEE,ferrousMetals,Mo,e-m,0.0075,%,1
OBS,2020,EU27+4,WEEE_generatedDedicated,WEEE_Cat1,ComponentShadowWEEE,ferrousMetals,O,e-m,0.00762,%,1
OBS,2020,EU27+4,WEEE_generatedDedicated,WEEE_Cat1,ComponentShadowWEEE,ferrousMetals,Sm,e-m,0.005,%,1
OBS,2020,EU27+4,WEEE_generatedDedicated,WEEE_Cat1,ComponentShadowWEEE,ferrousMetals,n/a,m-c,0.00171,%,1
OBS,2020,EU27+4,WEEE_generatedDedicated,WEEE_Cat1,ComponentShadowWEEE,glass,Ag,e-m,0.00692,%,2
OBS,2020,EU27+4,WEEE_generatedDedicated,WEEE_Cat1,ComponentShadowWEEE,glass,Pd,e-m,0.265,%,2
OBS,2020,EU27+4,WEEE_generatedDedicated,WEEE_Cat1,ComponentShadowWEEE,glass,Sc,e-m,0.00196,%,2
OBS,2020,EU27+4,WEEE_generatedDedicated,WEEE_Cat1,ComponentShadowWEEE,glass,Zr,e-m,0.000708,%,2
OBS,2020,EU27+4,WEEE_generatedDedicated,WEEE_Cat1,ComponentShadowWEEE,glass,n/a,m-c,0.00702,%,2
OBS,2020,EU27+4,WEEE_generatedDedicated,WEEE_Cat1,ComponentShadowWEEE,glassAndCeramics,Ag,e-m,0.00761,%,1
OBS,2020,EU27+4,WEEE_generatedDedicated,WEEE_Cat1,ComponentShadowWEEE,glassAndCeramics,Pd,e-m,0.265,%,1
OBS,2020,EU27+4,WEEE_generatedDedicated,WEEE_Cat1,ComponentShadowWEEE,glassAndCeramics,Sc,e-m,0.00196,%,1
OBS,2020,EU27+4,WEEE_generatedDedicated,WEEE_Cat1,ComponentShadowWEEE,glassAndCeramics,Zr,e-m,0.000708,%,1
OBS,2020,EU27+4,WEEE_generatedDedicated,WEEE_Cat1,ComponentShadowWEEE,glassAndCeramics,n/a,m-c,0.000941,%,1
OBS,2020,EU27+4,WEEE_generatedDedicated,WEEE_Cat1,ComponentShadowWEEE,n/a,Ag,e-m,0.6,%,2
OBS,2020,EU27+4,WEEE_generatedDedicated,WEEE_Cat1,ComponentShadowWEEE,n/a,n/a,c-p,0.148,%,1
OBS,2020,EU27+4,WEEE_generatedDedicated,WEEE_Cat1,ComponentShadowWEEE,n/a,n/a,m-c,0.25,%,2
OBS,2020,EU27+4,WEEE_generatedDedicated,WEEE_Cat1,ComponentShadowWEEE,non-ferrousMetals,Ag,e-m,0.00141,%,1
OBS,2020,EU27+4,WEEE_generatedDedicated,WEEE_Cat1,ComponentShadowWEEE,non-ferrousMetals,Al,e-m,0.00724,%,1
OBS,2020,EU27+4,WEEE_generatedDedicated,WEEE_Cat1,ComponentShadowWEEE,non-ferrousMetals,As,e-m,0.0285,%,1
OBS,2020,EU27+4,WEEE_generatedDedicated,WEEE_Cat1,ComponentShadowWEEE,non-ferrousMetals,Ca,e-m,0.0000227,%,1
OBS,2020,EU27+4,WEEE_generatedDedicated,WEEE_Cat1,ComponentShadowWEEE,non-ferrousMetals,Cl,e-m,0.0000455,%,1
OBS,2020,EU27+4,WEEE_generatedDedicated,WEEE_Cat1,ComponentShadowWEEE,non-ferrousMetals,Cu,e-m,0.0000588,%,1
OBS,2020,EU27+4,WEEE_generatedDedicated,WEEE_Cat1,ComponentShadowWEEE,non-ferrousMetals,Dy,e-m,0.0005,%,1
OBS,2020,EU27+4,WEEE_generatedDedicated,WEEE_Cat1,ComponentShadowWEEE,non-ferrousMetals,Ga,e-m,0.0000294,%,1
OBS,2020,EU27+4,WEEE_generatedDedicated,WEEE_Cat1,ComponentShadowWEEE,non-ferrousMetals,Mn,e-m,0.000729,%,1
OBS,2020,EU27+4,WEEE_generatedDedicated,WEEE_Cat1,ComponentShadowWEEE,non-ferrousMetals,Mo,e-m,0.0000588,%,1
OBS,2020,EU27+4,WEEE_generatedDedicated,WEEE_Cat1,ComponentShadowWEEE,non-ferrousMetals,O,e-m,0.0225,%,1
OBS,2020,EU27+4,WEEE_generatedDedicated,WEEE_Cat1,ComponentShadowWEEE,non-ferrousMetals,Pd,e-m,0.00893,%,1
OBS,2020,EU27+4,WEEE_generatedDedicated,WEEE_Cat1,ComponentShadowWEEE,non-ferrousMetals,Sm,e-m,0.00000882,%,1
OBS,2020,EU27+4,WEEE_generatedDedicated,WEEE_Cat1,ComponentShadowWEEE,non-ferrousMetals,Sr,e-m,0.00171,%,1
OBS,2020,EU27+4,WEEE_generatedDedicated,WEEE_Cat1,ComponentShadowWEEE,non-ferrousMetals,Zr,e-m,0.00299,%,1
OBS,2020,EU27+4,WEEE_generatedDedicated,WEEE_Cat1,ComponentShadowWEEE,non-ferrousMetals,n/a,m-c,0.00203,%,1
OBS,2020,EU27+4,WEEE_generatedDedicated,WEEE_Cat1,ComponentShadowWEEE,otherMetalsAndMetalAlloys,Ag,e-m,0.000479,%,2
OBS,2020,EU27+4,WEEE_generatedDedicated,WEEE_Cat1,ComponentShadowWEEE,otherMetalsAndMetalAlloys,Al,e-m,0.9,%,2
OBS,2020,EU27+4,WEEE_generatedDedicated,WEEE_Cat1,ComponentShadowWEEE,otherMetalsAndMetalAlloys,Dy,e-m,0.1,%,2
OBS,2020,EU27+4,WEEE_generatedDedicated,WEEE_Cat1,ComponentShadowWEEE,otherMetalsAndMetalAlloys,n/a,m-c,0.000459,%,2
OBS,2020,EU27+4,WEEE_generatedDedicated,WEEE_Cat1,ComponentShadowWEEE,otherMinerals,Ag,e-m,0.00387,%,1
OBS,2020,EU27+4,WEEE_generatedDedicated,WEEE_Cat1,ComponentShadowWEEE,otherMinerals,Pd,e-m,0.265,%,1
OBS,2020,EU27+4,WEEE_generatedDedicated,WEEE_Cat1,ComponentShadowWEEE,otherMinerals,Sc,e-m,0.00196,%,1
OBS,2020,EU27+4,WEEE_generatedDedicated,WEEE_Cat1,ComponentShadowWEEE,otherMinerals,Zr,e-m,0.000708,%,1
OBS,2020,EU27+4,WEEE_generatedDedicated,WEEE_Cat1,ComponentShadowWEEE,otherMinerals,n/a,m-c,0.00367,%,1
OBS,2020,EU27+4,WEEE_generatedDedicated,WEEE_Cat1,ComponentShadowWEEE,otherOrUndefinedMaterials,Ag,e-m,0.0012,%,1
OBS,2020,EU27+4,WEEE_generatedDedicated,WEEE_Cat1,ComponentShadowWEEE,otherOrUndefinedMaterials,n/a,m-c,0.00101,%,1
OBS,2020,EU27+4,WEEE_generatedDedicated,WEEE_Cat1,ComponentShadowWEEE,otherOrganics,Ag,e-m,0.00116,%,1
OBS,2020,EU27+4,WEEE_generatedDedicated,WEEE_Cat1,ComponentShadowWEEE,otherOrganics,n/a,m-c,0.000464,%,1
OBS,2020,EU27+4,WEEE_generatedDedicated,WEEE_Cat1,ComponentShadowWEEE,plastics,Ag,e-m,0.00343,%,1
OBS,2020,EU27+4,WEEE_generatedDedicated,WEEE_Cat1,ComponentShadowWEEE,plastics,n/a,m-c,0.00343,%,1
OBS,2020,EU27+4,WEEE_generatedDedicated,WEEE_Cat1,ComponentShadowWEEE,undefinedAndMixedMaterials,Ag,e-m,0.00037,%,1
OBS,2020,EU27+4,WEEE_generatedDedicated,WEEE_Cat1,ComponentShadowWEEE,undefinedAndMixedMaterials,n/a,m-c,0.00037,%,1
OBS,2020,EU27+4,WEEE_generatedDedicated,WEEE_Cat1,ComponentShadowWEEE,wood,Ag,e-m,0.00648,%,1
OBS,2020,EU27+4,WEEE_generatedDedicated,WEEE_Cat1,ComponentShadowWEEE,wood,n/a,m-c,0.00603,%,1
OBS,2020,EU27+4,WEEE_generatedDedicated,WEEE_Cat1,ConductivitySensor,CuAndCuAlloys,n/a,m-c,0.087,%,1
OBS,2020,EU27+4,WEEE_generatedDedicated,WEEE_Cat1,ConductivitySensor,ferrousMetals,n/a,m-c,0.913,%,1
OBS,2020,EU27+4,WEEE_generatedDedicated,WEEE_Cat1,ConductivitySensor,n/a,n/a,c-p,0.000785,%,1
OBS,2020,EU27+4,WEEE_generatedDedicated,WEEE_Cat1,LED,n/a,n/a,c-p,0.0000513,%,1
OBS,2020,EU27+4,WEEE_generatedDedicated,WEEE_Cat1,LidarSensor (&lt;15cm),AlAndAlAlloys,Ag,e-m,0.00541,%,1
OBS,2020,EU27+4,WEEE_generatedDedicated,WEEE_Cat1,LidarSensor (&lt;15cm),AlAndAlAlloys,As,e-m,0.97,%,1
OBS,2020,EU27+4,WEEE_generatedDedicated,WEEE_Cat1,LidarSensor (&lt;15cm),AlAndAlAlloys,Cu,e-m,0.002,%,1
OBS,2020,EU27+4,WEEE_generatedDedicated,WEEE_Cat1,LidarSensor (&lt;15cm),AlAndAlAlloys,Ga,e-m,0.001,%,1
OBS,2020,EU27+4,WEEE_generatedDedicated,WEEE_Cat1,LidarSensor (&lt;15cm),AlAndAlAlloys,Mn,e-m,0.0248,%,1
OBS,2020,EU27+4,WEEE_generatedDedicated,WEEE_Cat1,LidarSensor (&lt;15cm),AlAndAlAlloys,Mo,e-m,0.002,%,1
OBS,2020,EU27+4,WEEE_generatedDedicated,WEEE_Cat1,LidarSensor (&lt;15cm),AlAndAlAlloys,Sm,e-m,0.0003,%,1
OBS,2020,EU27+4,WEEE_generatedDedicated,WEEE_Cat1,LidarSensor (&lt;15cm),AlAndAlAlloys,n/a,m-c,0.00576,%,1
OBS,2020,EU27+4,WEEE_generatedDedicated,WEEE_Cat1,LidarSensor (&lt;15cm),CuAndCuAlloys,Ag,e-m,0.0459,%,1
OBS,2020,EU27+4,WEEE_generatedDedicated,WEEE_Cat1,LidarSensor (&lt;15cm),CuAndCuAlloys,Dy,e-m,0.75,%,1
OBS,2020,EU27+4,WEEE_generatedDedicated,WEEE_Cat1,LidarSensor (&lt;15cm),CuAndCuAlloys,Zr,e-m,0.25,%,1
OBS,2020,EU27+4,WEEE_generatedDedicated,WEEE_Cat1,LidarSensor (&lt;15cm),CuAndCuAlloys,n/a,m-c,0.0489,%,1
OBS,2020,EU27+4,WEEE_generatedDedicated,WEEE_Cat1,LidarSensor (&lt;15cm),ferrousMetals,Ag,e-m,0.296,%,1
OBS,2020,EU27+4,WEEE_generatedDedicated,WEEE_Cat1,LidarSensor (&lt;15cm),ferrousMetals,Ca,e-m,0.0159,%,1
OBS,2020,EU27+4,WEEE_generatedDedicated,WEEE_Cat1,LidarSensor (&lt;15cm),ferrousMetals,Cu,e-m,0.0933,%,1
OBS,2020,EU27+4,WEEE_generatedDedicated,WEEE_Cat1,LidarSensor (&lt;15cm),ferrousMetals,Ga,e-m,0.827,%,1
OBS,2020,EU27+4,WEEE_generatedDedicated,WEEE_Cat1,LidarSensor (&lt;15cm),ferrousMetals,Mo,e-m,0.0088,%,1
OBS,2020,EU27+4,WEEE_generatedDedicated,WEEE_Cat1,LidarSensor (&lt;15cm),ferrousMetals,O,e-m,0.0415,%,1
OBS,2020,EU27+4,WEEE_generatedDedicated,WEEE_Cat1,LidarSensor (&lt;15cm),ferrousMetals,Sm,e-m,0.0132,%,1
OBS,2020,EU27+4,WEEE_generatedDedicated,WEEE_Cat1,LidarSensor (&lt;15cm),ferrousMetals,n/a,m-c,0.315,%,1
OBS,2020,EU27+4,WEEE_generatedDedicated,WEEE_Cat1,LidarSensor (&lt;15cm),glass,Ag,e-m,0.0108,%,1
OBS,2020,EU27+4,WEEE_generatedDedicated,WEEE_Cat1,LidarSensor (&lt;15cm),glass,Pd,e-m,0.265,%,1
OBS,2020,EU27+4,WEEE_generatedDedicated,WEEE_Cat1,LidarSensor (&lt;15cm),glass,Sc,e-m,0.00196,%,1
OBS,2020,EU27+4,WEEE_generatedDedicated,WEEE_Cat1,LidarSensor (&lt;15cm),glass,Zr,e-m,0.000708,%,1
OBS,2020,EU27+4,WEEE_generatedDedicated,WEEE_Cat1,LidarSensor (&lt;15cm),glass,n/a,m-c,0.0115,%,1
OBS,2020,EU27+4,WEEE_generatedDedicated,WEEE_Cat1,LidarSensor (&lt;15cm),n/a,n/a,c-p,0.265,%,1
OBS,2020,EU27+4,WEEE_generatedDedicated,WEEE_Cat1,LidarSensor (&lt;15cm),plastics,Ag,e-m,0.493,%,1
OBS,2020,EU27+4,WEEE_generatedDedicated,WEEE_Cat1,LidarSensor (&lt;15cm),plastics,n/a,m-c,0.525,%,1
OBS,2020,EU27+4,WEEE_generatedDedicated,WEEE_Cat1,MagnetSensor,CuAndCuAlloys,Ag,e-m,0.109,%,1
OBS,2020,EU27+4,WEEE_generatedDedicated,WEEE_Cat1,MagnetSensor,CuAndCuAlloys,Dy,e-m,0.75,%,1
OBS,2020,EU27+4,WEEE_generatedDedicated,WEEE_Cat1,MagnetSensor,CuAndCuAlloys,Zr,e-m,0.25,%,1
OBS,2020,EU27+4,WEEE_generatedDedicated,WEEE_Cat1,MagnetSensor,CuAndCuAlloys,n/a,m-c,0.0595,%,1
OBS,2020,EU27+4,WEEE_generatedDedicated,WEEE_Cat1,MagnetSensor,ferrousMetals,Ag,e-m,0.688,%,1
OBS,2020,EU27+4,WEEE_generatedDedicated,WEEE_Cat1,MagnetSensor,ferrousMetals,Ca,e-m,0.033,%,1
OBS,2020,EU27+4,WEEE_generatedDedicated,WEEE_Cat1,MagnetSensor,ferrousMetals,Ga,e-m,0.938,%,1
OBS,2020,EU27+4,WEEE_generatedDedicated,WEEE_Cat1,MagnetSensor,ferrousMetals,Mo,e-m,0.0075,%,1
OBS,2020,EU27+4,WEEE_generatedDedicated,WEEE_Cat1,MagnetSensor,ferrousMetals,Sm,e-m,0.022,%,1
OBS,2020,EU27+4,WEEE_generatedDedicated,WEEE_Cat1,MagnetSensor,ferrousMetals,n/a,m-c,0.376,%,1
OBS,2020,EU27+4,WEEE_generatedDedicated,WEEE_Cat1,MagnetSensor,n/a,n/a,c-p,0.000551,%,1
OBS,2020,EU27+4,WEEE_generatedDedicated,WEEE_Cat1,MagnetSensor,plastics,Ag,e-m,0.125,%,1
OBS,2020,EU27+4,WEEE_generatedDedicated,WEEE_Cat1,MagnetSensor,plastics,n/a,m-c,0.0683,%,1
OBS,2020,EU27+4,WEEE_generatedDedicated,WEEE_Cat1,PCBWEEECat,n/a,n/a,c-p,0.0008,%,1
OBS,2020,EU27+4,WEEE_generatedDedicated,WEEE_Cat1,PCBWEEECat,otherOrUndefinedMaterials,Ag,e-m,1,%,1
OBS,2020,EU27+4,WEEE_generatedDedicated,WEEE_Cat1,PCBWEEECat,otherOrUndefinedMaterials,n/a,m-c,1,%,1
OBS,2020,EU27+4,WEEE_generatedDedicated,WEEE_Cat1,PCBunspecified,ferrousMetals,Ag,e-m,1,%,2
OBS,2020,EU27+4,WEEE_generatedDedicated,WEEE_Cat1,PCBunspecified,ferrousMetals,Cu,e-m,0.18,%,2
OBS,2020,EU27+4,WEEE_generatedDedicated,WEEE_Cat1,PCBunspecified,ferrousMetals,Ga,e-m,0.725,%,2
OBS,2020,EU27+4,WEEE_generatedDedicated,WEEE_Cat1,PCBunspecified,ferrousMetals,Mo,e-m,0.01,%,2
OBS,2020,EU27+4,WEEE_generatedDedicated,WEEE_Cat1,PCBunspecified,ferrousMetals,O,e-m,0.08,%,2
OBS,2020,EU27+4,WEEE_generatedDedicated,WEEE_Cat1,PCBunspecified,ferrousMetals,Sm,e-m,0.005,%,2
OBS,2020,EU27+4,WEEE_generatedDedicated,WEEE_Cat1,PCBunspecified,ferrousMetals,n/a,m-c,1,%,2
OBS,2020,EU27+4,WEEE_generatedDedicated,WEEE_Cat1,PCBunspecified,n/a,n/a,c-p,0.00499,%,2
OBS,2020,EU27+4,WEEE_generatedDedicated,WEEE_Cat1,PVBacksheet,n/a,n/a,c-p,0.0065,%,1
OBS,2020,EU27+4,WEEE_generatedDedicated,WEEE_Cat1,PVBacksheet,plasticComposites,Ag,e-m,1,%,1
OBS,2020,EU27+4,WEEE_generatedDedicated,WEEE_Cat1,PVBacksheet,plasticComposites,n/a,m-c,0.5,%,1
OBS,2020,EU27+4,WEEE_generatedDedicated,WEEE_Cat1,PVBacksheet,plastics,Ag,e-m,1,%,1
OBS,2020,EU27+4,WEEE_generatedDedicated,WEEE_Cat1,PVBacksheet,plastics,n/a,m-c,0.5,%,1
OBS,2020,EU27+4,WEEE_generatedDedicated,WEEE_Cat1,PVEncapsulationEVA,n/a,n/a,c-p,0.0711,%,1
OBS,2020,EU27+4,WEEE_generatedDedicated,WEEE_Cat1,PVEncapsulationEVA,plastics,Ag,e-m,1,%,1
OBS,2020,EU27+4,WEEE_generatedDedicated,WEEE_Cat1,PVEncapsulationEVA,plastics,n/a,m-c,1,%,1
OBS,2020,EU27+4,WEEE_generatedDedicated,WEEE_Cat1,PVFrameAl,CuAndCuAlloys,Ag,e-m,1,%,1
OBS,2020,EU27+4,WEEE_generatedDedicated,WEEE_Cat1,PVFrameAl,CuAndCuAlloys,As,e-m,0.97,%,1
OBS,2020,EU27+4,WEEE_generatedDedicated,WEEE_Cat1,PVFrameAl,CuAndCuAlloys,Cu,e-m,0.002,%,1
OBS,2020,EU27+4,WEEE_generatedDedicated,WEEE_Cat1,PVFrameAl,CuAndCuAlloys,Ga,e-m,0.001,%,1
OBS,2020,EU27+4,WEEE_generatedDedicated,WEEE_Cat1,PVFrameAl,CuAndCuAlloys,Mn,e-m,0.0248,%,1
OBS,2020,EU27+4,WEEE_generatedDedicated,WEEE_Cat1,PVFrameAl,CuAndCuAlloys,Mo,e-m,0.002,%,1
OBS,2020,EU27+4,WEEE_generatedDedicated,WEEE_Cat1,PVFrameAl,CuAndCuAlloys,Sm,e-m,0.0003,%,1
OBS,2020,EU27+4,WEEE_generatedDedicated,WEEE_Cat1,PVFrameAl,CuAndCuAlloys,n/a,m-c,1,%,1
OBS,2020,EU27+4,WEEE_generatedDedicated,WEEE_Cat1,PVFrameAl,n/a,n/a,c-p,0.122,%,1
OBS,2020,EU27+4,WEEE_generatedDedicated,WEEE_Cat1,PVSolarGlass,glass,Ag,e-m,1,%,1
OBS,2020,EU27+4,WEEE_generatedDedicated,WEEE_Cat1,PVSolarGlass,glass,Pd,e-m,0.265,%,1
OBS,2020,EU27+4,WEEE_generatedDedicated,WEEE_Cat1,PVSolarGlass,glass,Sc,e-m,0.00196,%,1
OBS,2020,EU27+4,WEEE_generatedDedicated,WEEE_Cat1,PVSolarGlass,glass,Zr,e-m,0.000708,%,1
OBS,2020,EU27+4,WEEE_generatedDedicated,WEEE_Cat1,PVSolarGlass,glass,n/a,m-c,1,%,1
OBS,2020,EU27+4,WEEE_generatedDedicated,WEEE_Cat1,PVSolarGlass,n/a,n/a,c-p,0.698,%,1
OBS,2020,EU27+4,WEEE_generatedDedicated,WEEE_Cat1,PVcellSi,n/a,n/a,c-p,0.0332,%,1
OBS,2020,EU27+4,WEEE_generatedDedicated,WEEE_Cat1,PVcellSi,otherOrUndefinedMaterials,Ag,e-m,1,%,1
OBS,2020,EU27+4,WEEE_generatedDedicated,WEEE_Cat1,PVcellSi,otherOrUndefinedMaterials,n/a,m-c,1,%,1
OBS,2020,EU27+4,WEEE_generatedDedicated,WEEE_Cat1,WEEEEvaporator,CuAndCuAlloys,Ag,e-m,0.844,%,1
OBS,2020,EU27+4,WEEE_generatedDedicated,WEEE_Cat1,WEEEEvaporator,CuAndCuAlloys,Dy,e-m,0.75,%,1
OBS,2020,EU27+4,WEEE_generatedDedicated,WEEE_Cat1,WEEEEvaporator,CuAndCuAlloys,Zr,e-m,0.25,%,1
OBS,2020,EU27+4,WEEE_generatedDedicated,WEEE_Cat1,WEEEEvaporator,CuAndCuAlloys,n/a,m-c,0.844,%,1
OBS,2020,EU27+4,WEEE_generatedDedicated,WEEE_Cat1,WEEEEvaporator,n/a,n/a,c-p,0.324,%,1
OBS,2020,EU27+4,WEEE_generatedDedicated,WEEE_Cat1,WEEEEvaporator,steelAndSteelAlloys,Ag,e-m,0.156,%,1
OBS,2020,EU27+4,WEEE_generatedDedicated,WEEE_Cat1,WEEEEvaporator,steelAndSteelAlloys,Cu,e-m,0.18,%,1
OBS,2020,EU27+4,WEEE_generatedDedicated,WEEE_Cat1,WEEEEvaporator,steelAndSteelAlloys,Ga,e-m,0.725,%,1
OBS,2020,EU27+4,WEEE_generatedDedicated,WEEE_Cat1,WEEEEvaporator,steelAndSteelAlloys,Mo,e-m,0.01,%,1
OBS,2020,EU27+4,WEEE_generatedDedicated,WEEE_Cat1,WEEEEvaporator,steelAndSteelAlloys,O,e-m,0.08,%,1
OBS,2020,EU27+4,WEEE_generatedDedicated,WEEE_Cat1,WEEEEvaporator,steelAndSteelAlloys,Sm,e-m,0.005,%,1
OBS,2020,EU27+4,WEEE_generatedDedicated,WEEE_Cat1,WEEEEvaporator,steelAndSteelAlloys,n/a,m-c,0.156,%,1
OBS,2020,EU27+4,WEEE_generatedDedicated,WEEE_Cat1,brush,AlAndAlAlloys,Ag,e-m,0.0179,%,1
OBS,2020,EU27+4,WEEE_generatedDedicated,WEEE_Cat1,brush,AlAndAlAlloys,As,e-m,0.97,%,1
OBS,2020,EU27+4,WEEE_generatedDedicated,WEEE_Cat1,brush,AlAndAlAlloys,Cu,e-m,0.002,%,1
OBS,2020,EU27+4,WEEE_generatedDedicated,WEEE_Cat1,brush,AlAndAlAlloys,Ga,e-m,0.001,%,1
OBS,2020,EU27+4,WEEE_generatedDedicated,WEEE_Cat1,brush,AlAndAlAlloys,Mn,e-m,0.0248,%,1
OBS,2020,EU27+4,WEEE_generatedDedicated,WEEE_Cat1,brush,AlAndAlAlloys,Mo,e-m,0.002,%,1
OBS,2020,EU27+4,WEEE_generatedDedicated,WEEE_Cat1,brush,AlAndAlAlloys,Sm,e-m,0.0003,%,1
OBS,2020,EU27+4,WEEE_generatedDedicated,WEEE_Cat1,brush,AlAndAlAlloys,n/a,m-c,0.0179,%,1
OBS,2020,EU27+4,WEEE_generatedDedicated,WEEE_Cat1,brush,ferrousMetals,Ag,e-m,0.286,%,1
OBS,2020,EU27+4,WEEE_generatedDedicated,WEEE_Cat1,brush,ferrousMetals,Ca,e-m,0.033,%,1
OBS,2020,EU27+4,WEEE_generatedDedicated,WEEE_Cat1,brush,ferrousMetals,Ga,e-m,0.938,%,1
OBS,2020,EU27+4,WEEE_generatedDedicated,WEEE_Cat1,brush,ferrousMetals,Mo,e-m,0.0075,%,1
OBS,2020,EU27+4,WEEE_generatedDedicated,WEEE_Cat1,brush,ferrousMetals,Sm,e-m,0.022,%,1
OBS,2020,EU27+4,WEEE_generatedDedicated,WEEE_Cat1,brush,ferrousMetals,n/a,m-c,0.286,%,1
OBS,2020,EU27+4,WEEE_generatedDedicated,WEEE_Cat1,brush,n/a,n/a,c-p,0.00464,%,1
OBS,2020,EU27+4,WEEE_generatedDedicated,WEEE_Cat1,brush,plastics,Ag,e-m,0.696,%,1
OBS,2020,EU27+4,WEEE_generatedDedicated,WEEE_Cat1,brush,plastics,n/a,m-c,0.696,%,1
OBS,2020,EU27+4,WEEE_generatedDedicated,WEEE_Cat1,cableUnspecified,AlAndAlAlloys,Ag,e-m,0.103,%,2
OBS,2020,EU27+4,WEEE_generatedDedicated,WEEE_Cat1,cableUnspecified,AlAndAlAlloys,As,e-m,0.97,%,2
OBS,2020,EU27+4,WEEE_generatedDedicated,WEEE_Cat1,cableUnspecified,AlAndAlAlloys,Cu,e-m,0.002,%,2
OBS,2020,EU27+4,WEEE_generatedDedicated,WEEE_Cat1,cableUnspecified,AlAndAlAlloys,Ga,e-m,0.001,%,2
OBS,2020,EU27+4,WEEE_generatedDedicated,WEEE_Cat1,cableUnspecified,AlAndAlAlloys,Mn,e-m,0.0248,%,2
OBS,2020,EU27+4,WEEE_generatedDedicated,WEEE_Cat1,cableUnspecified,AlAndAlAlloys,Mo,e-m,0.002,%,2
OBS,2020,EU27+4,WEEE_generatedDedicated,WEEE_Cat1,cableUnspecified,AlAndAlAlloys,Sm,e-m,0.0003,%,2
OBS,2020,EU27+4,WEEE_generatedDedicated,WEEE_Cat1,cableUnspecified,AlAndAlAlloys,n/a,m-c,0.103,%,2
OBS,2020,EU27+4,WEEE_generatedDedicated,WEEE_Cat1,cableUnspecified,CuAndCuAlloys,Ag,e-m,0.166,%,2
OBS,2020,EU27+4,WEEE_generatedDedicated,WEEE_Cat1,cableUnspecified,CuAndCuAlloys,Dy,e-m,0.75,%,2
OBS,2020,EU27+4,WEEE_generatedDedicated,WEEE_Cat1,cableUnspecified,CuAndCuAlloys,Zr,e-m,0.25,%,2
OBS,2020,EU27+4,WEEE_generatedDedicated,WEEE_Cat1,cableUnspecified,CuAndCuAlloys,n/a,m-c,0.166,%,2
OBS,2020,EU27+4,WEEE_generatedDedicated,WEEE_Cat1,cableUnspecified,ferrousMetals,Ag,e-m,0.296,%,2
OBS,2020,EU27+4,WEEE_generatedDedicated,WEEE_Cat1,cableUnspecified,ferrousMetals,Cu,e-m,0.18,%,2
OBS,2020,EU27+4,WEEE_generatedDedicated,WEEE_Cat1,cableUnspecified,ferrousMetals,Ga,e-m,0.725,%,2
OBS,2020,EU27+4,WEEE_generatedDedicated,WEEE_Cat1,cableUnspecified,ferrousMetals,Mo,e-m,0.01,%,2
OBS,2020,EU27+4,WEEE_generatedDedicated,WEEE_Cat1,cableUnspecified,ferrousMetals,O,e-m,0.08,%,2
OBS,2020,EU27+4,WEEE_generatedDedicated,WEEE_Cat1,cableUnspecified,ferrousMetals,Sm,e-m,0.005,%,2
OBS,2020,EU27+4,WEEE_generatedDedicated,WEEE_Cat1,cableUnspecified,ferrousMetals,n/a,m-c,0.296,%,2
OBS,2020,EU27+4,WEEE_generatedDedicated,WEEE_Cat1,cableUnspecified,n/a,n/a,c-p,0.00307,%,1
OBS,2020,EU27+4,WEEE_generatedDedicated,WEEE_Cat1,cableUnspecified,plastics,Ag,e-m,0.435,%,2
OBS,2020,EU27+4,WEEE_generatedDedicated,WEEE_Cat1,cableUnspecified,plastics,n/a,m-c,0.435,%,2
OBS,2020,EU27+4,WEEE_generatedDedicated,WEEE_Cat1,cableWOPlug,n/a,n/a,c-p,0.000926,%,1
OBS,2020,EU27+4,WEEE_generatedDedicated,WEEE_Cat1,cableWPlug,AlAndAlAlloys,n/a,m-c,0.137,%,2
OBS,2020,EU27+4,WEEE_generatedDedicated,WEEE_Cat1,cableWPlug,ferrousMetals,n/a,m-c,0.305,%,2
OBS,2020,EU27+4,WEEE_generatedDedicated,WEEE_Cat1,cableWPlug,n/a,n/a,c-p,0.000532,%,1
OBS,2020,EU27+4,WEEE_generatedDedicated,WEEE_Cat1,cableWPlug,plastics,Ag,e-m,0.654,%,2
OBS,2020,EU27+4,WEEE_generatedDedicated,WEEE_Cat1,cableWPlug,plastics,n/a,m-c,0.558,%,2
OBS,2020,EU27+4,WEEE_generatedDedicated,WEEE_Cat1,cableWithConnector,CuAndCuAlloys,Ag,e-m,0.346,%,2
OBS,2020,EU27+4,WEEE_generatedDedicated,WEEE_Cat1,cableWithConnector,CuAndCuAlloys,Dy,e-m,0.75,%,2
OBS,2020,EU27+4,WEEE_generatedDedicated,WEEE_Cat1,cableWithConnector,CuAndCuAlloys,Zr,e-m,0.25,%,2
OBS,2020,EU27+4,WEEE_generatedDedicated,WEEE_Cat1,cableWithConnector,CuAndCuAlloys,n/a,m-c,1,%,2
OBS,2020,EU27+4,WEEE_generatedDedicated,WEEE_Cat1,cables,n/a,n/a,c-p,0.0152,%,1
OBS,2020,EU27+4,WEEE_generatedDedicated,WEEE_Cat1,cables,otherOrUndefinedMaterials,Ag,e-m,1,%,1
OBS,2020,EU27+4,WEEE_generatedDedicated,WEEE_Cat1,cables,otherOrUndefinedMaterials,n/a,m-c,1,%,1
OBS,2020,EU27+4,WEEE_generatedDedicated,WEEE_Cat1,cablewire,AlAndAlAlloys,Ag,e-m,0.0385,%,1
OBS,2020,EU27+4,WEEE_generatedDedicated,WEEE_Cat1,cablewire,AlAndAlAlloys,As,e-m,0.97,%,1
OBS,2020,EU27+4,WEEE_generatedDedicated,WEEE_Cat1,cablewire,AlAndAlAlloys,Cu,e-m,0.002,%,1
OBS,2020,EU27+4,WEEE_generatedDedicated,WEEE_Cat1,cablewire,AlAndAlAlloys,Ga,e-m,0.001,%,1
OBS,2020,EU27+4,WEEE_generatedDedicated,WEEE_Cat1,cablewire,AlAndAlAlloys,Mn,e-m,0.0248,%,1
OBS,2020,EU27+4,WEEE_generatedDedicated,WEEE_Cat1,cablewire,AlAndAlAlloys,Mo,e-m,0.002,%,1
OBS,2020,EU27+4,WEEE_generatedDedicated,WEEE_Cat1,cablewire,AlAndAlAlloys,Sm,e-m,0.0003,%,1
OBS,2020,EU27+4,WEEE_generatedDedicated,WEEE_Cat1,cablewire,AlAndAlAlloys,n/a,m-c,0.0277,%,1
OBS,2020,EU27+4,WEEE_generatedDedicated,WEEE_Cat1,cablewire,CuAndCuAlloys,Ag,e-m,0.195,%,1
OBS,2020,EU27+4,WEEE_generatedDedicated,WEEE_Cat1,cablewire,CuAndCuAlloys,Dy,e-m,0.75,%,1
OBS,2020,EU27+4,WEEE_generatedDedicated,WEEE_Cat1,cablewire,CuAndCuAlloys,Zr,e-m,0.25,%,1
OBS,2020,EU27+4,WEEE_generatedDedicated,WEEE_Cat1,cablewire,CuAndCuAlloys,n/a,m-c,0.141,%,1
OBS,2020,EU27+4,WEEE_generatedDedicated,WEEE_Cat1,cablewire,ferrousMetals,Ag,e-m,0.488,%,1
OBS,2020,EU27+4,WEEE_generatedDedicated,WEEE_Cat1,cablewire,ferrousMetals,Ca,e-m,0.033,%,1
OBS,2020,EU27+4,WEEE_generatedDedicated,WEEE_Cat1,cablewire,ferrousMetals,Ga,e-m,0.938,%,1
OBS,2020,EU27+4,WEEE_generatedDedicated,WEEE_Cat1,cablewire,ferrousMetals,Mo,e-m,0.0075,%,1
OBS,2020,EU27+4,WEEE_generatedDedicated,WEEE_Cat1,cablewire,ferrousMetals,Sm,e-m,0.022,%,1
OBS,2020,EU27+4,WEEE_generatedDedicated,WEEE_Cat1,cablewire,ferrousMetals,n/a,m-c,0.352,%,1
OBS,2020,EU27+4,WEEE_generatedDedicated,WEEE_Cat1,cablewire,n/a,n/a,c-p,0.0000652,%,1
OBS,2020,EU27+4,WEEE_generatedDedicated,WEEE_Cat1,cablewire,plastics,Ag,e-m,0.667,%,1
OBS,2020,EU27+4,WEEE_generatedDedicated,WEEE_Cat1,cablewire,plastics,n/a,m-c,0.48,%,1
OBS,2020,EU27+4,WEEE_generatedDedicated,WEEE_Cat1,capElectrolytic,CuAndCuAlloys,Ag,e-m,0.666,%,2
OBS,2020,EU27+4,WEEE_generatedDedicated,WEEE_Cat1,capElectrolytic,CuAndCuAlloys,Dy,e-m,0.75,%,2
OBS,2020,EU27+4,WEEE_generatedDedicated,WEEE_Cat1,capElectrolytic,CuAndCuAlloys,Zr,e-m,0.25,%,2
OBS,2020,EU27+4,WEEE_generatedDedicated,WEEE_Cat1,capElectrolytic,CuAndCuAlloys,n/a,m-c,0.666,%,2
OBS,2020,EU27+4,WEEE_generatedDedicated,WEEE_Cat1,capElectrolytic,n/a,n/a,c-p,0.00598,%,2
OBS,2020,EU27+4,WEEE_generatedDedicated,WEEE_Cat1,capElectrolytic,undefinedAndMixedMaterials,Ag,e-m,0.334,%,2
OBS,2020,EU27+4,WEEE_generatedDedicated,WEEE_Cat1,capElectrolytic,undefinedAndMixedMaterials,n/a,m-c,0.334,%,2
OBS,2020,EU27+4,WEEE_generatedDedicated,WEEE_Cat1,casingPlasticBased,AlAndAlAlloys,Ag,e-m,0.00456,%,1
OBS,2020,EU27+4,WEEE_generatedDedicated,WEEE_Cat1,casingPlasticBased,AlAndAlAlloys,As,e-m,0.97,%,1
OBS,2020,EU27+4,WEEE_generatedDedicated,WEEE_Cat1,casingPlasticBased,AlAndAlAlloys,Cu,e-m,0.002,%,1
OBS,2020,EU27+4,WEEE_generatedDedicated,WEEE_Cat1,casingPlasticBased,AlAndAlAlloys,Ga,e-m,0.001,%,1
OBS,2020,EU27+4,WEEE_generatedDedicated,WEEE_Cat1,casingPlasticBased,AlAndAlAlloys,Mn,e-m,0.0248,%,1
OBS,2020,EU27+4,WEEE_generatedDedicated,WEEE_Cat1,casingPlasticBased,AlAndAlAlloys,Mo,e-m,0.002,%,1
OBS,2020,EU27+4,WEEE_generatedDedicated,WEEE_Cat1,casingPlasticBased,AlAndAlAlloys,Sm,e-m,0.0003,%,1
OBS,2020,EU27+4,WEEE_generatedDedicated,WEEE_Cat1,casingPlasticBased,AlAndAlAlloys,n/a,m-c,0.00351,%,1
OBS,2020,EU27+4,WEEE_generatedDedicated,WEEE_Cat1,casingPlasticBased,CuAndCuAlloys,Ag,e-m,0.0154,%,1
OBS,2020,EU27+4,WEEE_generatedDedicated,WEEE_Cat1,casingPlasticBased,CuAndCuAlloys,Dy,e-m,0.75,%,1
OBS,2020,EU27+4,WEEE_generatedDedicated,WEEE_Cat1,casingPlasticBased,CuAndCuAlloys,Zr,e-m,0.25,%,1
OBS,2020,EU27+4,WEEE_generatedDedicated,WEEE_Cat1,casingPlasticBased,CuAndCuAlloys,n/a,m-c,0.0154,%,1
OBS,2020,EU27+4,WEEE_generatedDedicated,WEEE_Cat1,casingPlasticBased,ferrousMetals,Ag,e-m,0.045,%,1
OBS,2020,EU27+4,WEEE_generatedDedicated,WEEE_Cat1,casingPlasticBased,ferrousMetals,Ca,e-m,0.0303,%,1
OBS,2020,EU27+4,WEEE_generatedDedicated,WEEE_Cat1,casingPlasticBased,ferrousMetals,Cu,e-m,0.015,%,1
OBS,2020,EU27+4,WEEE_generatedDedicated,WEEE_Cat1,casingPlasticBased,ferrousMetals,Ga,e-m,0.92,%,1
OBS,2020,EU27+4,WEEE_generatedDedicated,WEEE_Cat1,casingPlasticBased,ferrousMetals,Mo,e-m,0.0075,%,1
OBS,2020,EU27+4,WEEE_generatedDedicated,WEEE_Cat1,casingPlasticBased,ferrousMetals,O,e-m,0.00667,%,1
OBS,2020,EU27+4,WEEE_generatedDedicated,WEEE_Cat1,casingPlasticBased,ferrousMetals,Sm,e-m,0.0206,%,1
OBS,2020,EU27+4,WEEE_generatedDedicated,WEEE_Cat1,casingPlasticBased,ferrousMetals,n/a,m-c,0.0239,%,1
OBS,2020,EU27+4,WEEE_generatedDedicated,WEEE_Cat1,casingPlasticBased,n/a,n/a,c-p,0.00512,%,1
OBS,2020,EU27+4,WEEE_generatedDedicated,WEEE_Cat1,casingPlasticBased,otherOrganics,Ag,e-m,0.0741,%,1
OBS,2020,EU27+4,WEEE_generatedDedicated,WEEE_Cat1,casingPlasticBased,otherOrganics,n/a,m-c,0.0393,%,1
OBS,2020,EU27+4,WEEE_generatedDedicated,WEEE_Cat1,casingPlasticBased,plastics,Ag,e-m,0.231,%,1
OBS,2020,EU27+4,WEEE_generatedDedicated,WEEE_Cat1,casingPlasticBased,plastics,n/a,m-c,0.521,%,1
OBS,2020,EU27+4,WEEE_generatedDedicated,WEEE_Cat1,casingPlasticBased,polymerPA6GF30,Ag,e-m,0.0414,%,1
OBS,2020,EU27+4,WEEE_generatedDedicated,WEEE_Cat1,casingPlasticBased,polymerPA6GF30,n/a,m-c,0.022,%,1
OBS,2020,EU27+4,WEEE_generatedDedicated,WEEE_Cat1,casingPlasticBased,polymerPPGF30,Ag,e-m,0.0134,%,1
OBS,2020,EU27+4,WEEE_generatedDedicated,WEEE_Cat1,casingPlasticBased,polymerPPGF30,n/a,m-c,0.00713,%,1
OBS,2020,EU27+4,WEEE_generatedDedicated,WEEE_Cat1,casingPlasticBased,polymerPPTF30,Ag,e-m,0.722,%,1
OBS,2020,EU27+4,WEEE_generatedDedicated,WEEE_Cat1,casingPlasticBased,polymerPPTF30,n/a,m-c,0.383,%,1
OBS,2020,EU27+4,WEEE_generatedDedicated,WEEE_Cat1,casingPlasticBased,undefinedAndMixedMaterials,n/a,m-c,0.265,%,1
OBS,2020,EU27+4,WEEE_generatedDedicated,WEEE_Cat1,casingSteelBased,ferrousMetals,Ag,e-m,0.0409,%,2
OBS,2020,EU27+4,WEEE_generatedDedicated,WEEE_Cat1,casingSteelBased,ferrousMetals,Cu,e-m,0.18,%,2
OBS,2020,EU27+4,WEEE_generatedDedicated,WEEE_Cat1,casingSteelBased,ferrousMetals,Ga,e-m,0.725,%,2
OBS,2020,EU27+4,WEEE_generatedDedicated,WEEE_Cat1,casingSteelBased,ferrousMetals,Mo,e-m,0.01,%,2
OBS,2020,EU27+4,WEEE_generatedDedicated,WEEE_Cat1,casingSteelBased,ferrousMetals,O,e-m,0.08,%,2
OBS,2020,EU27+4,WEEE_generatedDedicated,WEEE_Cat1,casingSteelBased,ferrousMetals,Sm,e-m,0.005,%,2
OBS,2020,EU27+4,WEEE_generatedDedicated,WEEE_Cat1,casingSteelBased,ferrousMetals,n/a,m-c,1,%,2
OBS,2020,EU27+4,WEEE_generatedDedicated,WEEE_Cat1,casingSteelBased,n/a,n/a,c-p,0.0172,%,2
OBS,2020,EU27+4,WEEE_generatedDedicated,WEEE_Cat1,casingUnspecified,AlAndAlAlloys,Ag,e-m,0.00935,%,2
OBS,2020,EU27+4,WEEE_generatedDedicated,WEEE_Cat1,casingUnspecified,AlAndAlAlloys,As,e-m,0.97,%,2
OBS,2020,EU27+4,WEEE_generatedDedicated,WEEE_Cat1,casingUnspecified,AlAndAlAlloys,Cu,e-m,0.002,%,2
OBS,2020,EU27+4,WEEE_generatedDedicated,WEEE_Cat1,casingUnspecified,AlAndAlAlloys,Ga,e-m,0.001,%,2
OBS,2020,EU27+4,WEEE_generatedDedicated,WEEE_Cat1,casingUnspecified,AlAndAlAlloys,Mn,e-m,0.0248,%,2
OBS,2020,EU27+4,WEEE_generatedDedicated,WEEE_Cat1,casingUnspecified,AlAndAlAlloys,Mo,e-m,0.002,%,2
OBS,2020,EU27+4,WEEE_generatedDedicated,WEEE_Cat1,casingUnspecified,AlAndAlAlloys,Sm,e-m,0.0003,%,2
OBS,2020,EU27+4,WEEE_generatedDedicated,WEEE_Cat1,casingUnspecified,AlAndAlAlloys,n/a,m-c,0.000774,%,2
OBS,2020,EU27+4,WEEE_generatedDedicated,WEEE_Cat1,casingUnspecified,CuAndCuAlloys,Ag,e-m,0.000715,%,2
OBS,2020,EU27+4,WEEE_generatedDedicated,WEEE_Cat1,casingUnspecified,CuAndCuAlloys,Dy,e-m,0.75,%,2
OBS,2020,EU27+4,WEEE_generatedDedicated,WEEE_Cat1,casingUnspecified,CuAndCuAlloys,Zr,e-m,0.25,%,2
OBS,2020,EU27+4,WEEE_generatedDedicated,WEEE_Cat1,casingUnspecified,CuAndCuAlloys,n/a,m-c,0.000715,%,2
OBS,2020,EU27+4,WEEE_generatedDedicated,WEEE_Cat1,casingUnspecified,ferrousMetals,Ag,e-m,0.00784,%,2
OBS,2020,EU27+4,WEEE_generatedDedicated,WEEE_Cat1,casingUnspecified,ferrousMetals,Cu,e-m,0.18,%,2
OBS,2020,EU27+4,WEEE_generatedDedicated,WEEE_Cat1,casingUnspecified,ferrousMetals,Ga,e-m,0.725,%,2
OBS,2020,EU27+4,WEEE_generatedDedicated,WEEE_Cat1,casingUnspecified,ferrousMetals,Mo,e-m,0.01,%,2
OBS,2020,EU27+4,WEEE_generatedDedicated,WEEE_Cat1,casingUnspecified,ferrousMetals,O,e-m,0.08,%,2
OBS,2020,EU27+4,WEEE_generatedDedicated,WEEE_Cat1,casingUnspecified,ferrousMetals,Sm,e-m,0.005,%,2
OBS,2020,EU27+4,WEEE_generatedDedicated,WEEE_Cat1,casingUnspecified,ferrousMetals,n/a,m-c,0.00653,%,2
OBS,2020,EU27+4,WEEE_generatedDedicated,WEEE_Cat1,casingUnspecified,glass,Ag,e-m,0.143,%,2
OBS,2020,EU27+4,WEEE_generatedDedicated,WEEE_Cat1,casingUnspecified,glass,Pd,e-m,0.265,%,2
OBS,2020,EU27+4,WEEE_generatedDedicated,WEEE_Cat1,casingUnspecified,glass,Sc,e-m,0.00196,%,2
OBS,2020,EU27+4,WEEE_generatedDedicated,WEEE_Cat1,casingUnspecified,glass,Zr,e-m,0.000708,%,2
OBS,2020,EU27+4,WEEE_generatedDedicated,WEEE_Cat1,casingUnspecified,glass,n/a,m-c,0.126,%,2
OBS,2020,EU27+4,WEEE_generatedDedicated,WEEE_Cat1,casingUnspecified,n/a,n/a,c-p,0.0325,%,2
OBS,2020,EU27+4,WEEE_generatedDedicated,WEEE_Cat1,casingUnspecified,otherMetalsAndMetalAlloys,Ag,e-m,0.00152,%,2
OBS,2020,EU27+4,WEEE_generatedDedicated,WEEE_Cat1,casingUnspecified,otherMetalsAndMetalAlloys,Al,e-m,0.9,%,2
OBS,2020,EU27+4,WEEE_generatedDedicated,WEEE_Cat1,casingUnspecified,otherMetalsAndMetalAlloys,Dy,e-m,0.1,%,2
OBS,2020,EU27+4,WEEE_generatedDedicated,WEEE_Cat1,casingUnspecified,otherMetalsAndMetalAlloys,n/a,m-c,0.00115,%,2
OBS,2020,EU27+4,WEEE_generatedDedicated,WEEE_Cat1,casingUnspecified,plastics,Ag,e-m,0.000408,%,2
OBS,2020,EU27+4,WEEE_generatedDedicated,WEEE_Cat1,casingUnspecified,plastics,n/a,m-c,0.00217,%,2
OBS,2020,EU27+4,WEEE_generatedDedicated,WEEE_Cat1,casingUnspecified,undefinedAndMixedMaterials,Ag,e-m,0.000378,%,2
OBS,2020,EU27+4,WEEE_generatedDedicated,WEEE_Cat1,casingUnspecified,undefinedAndMixedMaterials,n/a,m-c,0.000378,%,2
OBS,2020,EU27+4,WEEE_generatedDedicated,WEEE_Cat1,coldCathodeLamp,n/a,n/a,c-p,0.0108,%,1
OBS,2020,EU27+4,WEEE_generatedDedicated,WEEE_Cat1,compContainHazardSubst,n/a,n/a,c-p,0.000661,%,1
OBS,2020,EU27+4,WEEE_generatedDedicated,WEEE_Cat1,compressor,CuAndCuAlloys,Ag,e-m,0.596,%,1
OBS,2020,EU27+4,WEEE_generatedDedicated,WEEE_Cat1,compressor,CuAndCuAlloys,As,e-m,0.404,%,1
OBS,2020,EU27+4,WEEE_generatedDedicated,WEEE_Cat1,compressor,CuAndCuAlloys,Cu,e-m,0.000833,%,1
OBS,2020,EU27+4,WEEE_generatedDedicated,WEEE_Cat1,compressor,CuAndCuAlloys,Dy,e-m,0.438,%,1
OBS,2020,EU27+4,WEEE_generatedDedicated,WEEE_Cat1,compressor,CuAndCuAlloys,Ga,e-m,0.000417,%,1
OBS,2020,EU27+4,WEEE_generatedDedicated,WEEE_Cat1,compressor,CuAndCuAlloys,Mn,e-m,0.0103,%,1
OBS,2020,EU27+4,WEEE_generatedDedicated,WEEE_Cat1,compressor,CuAndCuAlloys,Mo,e-m,0.000833,%,1
OBS,2020,EU27+4,WEEE_generatedDedicated,WEEE_Cat1,compressor,CuAndCuAlloys,Sm,e-m,0.000125,%,1
OBS,2020,EU27+4,WEEE_generatedDedicated,WEEE_Cat1,compressor,CuAndCuAlloys,Zr,e-m,0.146,%,1
OBS,2020,EU27+4,WEEE_generatedDedicated,WEEE_Cat1,compressor,CuAndCuAlloys,n/a,m-c,0.573,%,1
OBS,2020,EU27+4,WEEE_generatedDedicated,WEEE_Cat1,compressor,glass,Ag,e-m,0.0367,%,1
OBS,2020,EU27+4,WEEE_generatedDedicated,WEEE_Cat1,compressor,glass,Pd,e-m,0.265,%,1
OBS,2020,EU27+4,WEEE_generatedDedicated,WEEE_Cat1,compressor,glass,Sc,e-m,0.00196,%,1
OBS,2020,EU27+4,WEEE_generatedDedicated,WEEE_Cat1,compressor,glass,Zr,e-m,0.000708,%,1
OBS,2020,EU27+4,WEEE_generatedDedicated,WEEE_Cat1,compressor,glass,n/a,m-c,0.0353,%,1
OBS,2020,EU27+4,WEEE_generatedDedicated,WEEE_Cat1,compressor,n/a,n/a,c-p,0.0000345,%,1
OBS,2020,EU27+4,WEEE_generatedDedicated,WEEE_Cat1,compressor,otherFerrousAlloys,Ag,e-m,0.0156,%,1
OBS,2020,EU27+4,WEEE_generatedDedicated,WEEE_Cat1,compressor,otherFerrousAlloys,Ca,e-m,0.033,%,1
OBS,2020,EU27+4,WEEE_generatedDedicated,WEEE_Cat1,compressor,otherFerrousAlloys,Ga,e-m,0.938,%,1
OBS,2020,EU27+4,WEEE_generatedDedicated,WEEE_Cat1,compressor,otherFerrousAlloys,Mo,e-m,0.0075,%,1
OBS,2020,EU27+4,WEEE_generatedDedicated,WEEE_Cat1,compressor,otherFerrousAlloys,Sm,e-m,0.022,%,1
OBS,2020,EU27+4,WEEE_generatedDedicated,WEEE_Cat1,compressor,otherFerrousAlloys,n/a,m-c,0.015,%,1
OBS,2020,EU27+4,WEEE_generatedDedicated,WEEE_Cat1,compressor,otherOrUndefinedMaterials,Ag,e-m,0.133,%,1
OBS,2020,EU27+4,WEEE_generatedDedicated,WEEE_Cat1,compressor,otherOrUndefinedMaterials,n/a,m-c,0.128,%,1
OBS,2020,EU27+4,WEEE_generatedDedicated,WEEE_Cat1,compressor,plastics,Ag,e-m,0.0266,%,1
OBS,2020,EU27+4,WEEE_generatedDedicated,WEEE_Cat1,compressor,plastics,n/a,m-c,0.0256,%,1
OBS,2020,EU27+4,WEEE_generatedDedicated,WEEE_Cat1,compressor,steelAndSteelAlloys,Ag,e-m,0.232,%,1
OBS,2020,EU27+4,WEEE_generatedDedicated,WEEE_Cat1,compressor,steelAndSteelAlloys,Cu,e-m,0.18,%,1
OBS,2020,EU27+4,WEEE_generatedDedicated,WEEE_Cat1,compressor,steelAndSteelAlloys,Ga,e-m,0.725,%,1
OBS,2020,EU27+4,WEEE_generatedDedicated,WEEE_Cat1,compressor,steelAndSteelAlloys,Mo,e-m,0.01,%,1
OBS,2020,EU27+4,WEEE_generatedDedicated,WEEE_Cat1,compressor,steelAndSteelAlloys,O,e-m,0.08,%,1
OBS,2020,EU27+4,WEEE_generatedDedicated,WEEE_Cat1,compressor,steelAndSteelAlloys,Sm,e-m,0.005,%,1
OBS,2020,EU27+4,WEEE_generatedDedicated,WEEE_Cat1,compressor,steelAndSteelAlloys,n/a,m-c,0.223,%,1
OBS,2020,EU27+4,WEEE_generatedDedicated,WEEE_Cat1,condensator,n/a,n/a,c-p,0.00683,%,1
OBS,2020,EU27+4,WEEE_generatedDedicated,WEEE_Cat1,contactor,n/a,n/a,c-p,0.0000702,%,1
OBS,2020,EU27+4,WEEE_generatedDedicated,WEEE_Cat1,displayCRT,AlAndAlAlloys,Ag,e-m,0.00569,%,2
OBS,2020,EU27+4,WEEE_generatedDedicated,WEEE_Cat1,displayCRT,AlAndAlAlloys,As,e-m,0.97,%,2
OBS,2020,EU27+4,WEEE_generatedDedicated,WEEE_Cat1,displayCRT,AlAndAlAlloys,Cu,e-m,0.002,%,2
OBS,2020,EU27+4,WEEE_generatedDedicated,WEEE_Cat1,displayCRT,AlAndAlAlloys,Ga,e-m,0.001,%,2
OBS,2020,EU27+4,WEEE_generatedDedicated,WEEE_Cat1,displayCRT,AlAndAlAlloys,Mn,e-m,0.0248,%,2
OBS,2020,EU27+4,WEEE_generatedDedicated,WEEE_Cat1,displayCRT,AlAndAlAlloys,Mo,e-m,0.002,%,2
OBS,2020,EU27+4,WEEE_generatedDedicated,WEEE_Cat1,displayCRT,AlAndAlAlloys,Sm,e-m,0.0003,%,2
OBS,2020,EU27+4,WEEE_generatedDedicated,WEEE_Cat1,displayCRT,AlAndAlAlloys,n/a,m-c,0.00782,%,2
OBS,2020,EU27+4,WEEE_generatedDedicated,WEEE_Cat1,displayCRT,glass,Ag,e-m,0.722,%,2
OBS,2020,EU27+4,WEEE_generatedDedicated,WEEE_Cat1,displayCRT,glass,Pd,e-m,0.265,%,2
OBS,2020,EU27+4,WEEE_generatedDedicated,WEEE_Cat1,displayCRT,glass,Sc,e-m,0.00196,%,2
OBS,2020,EU27+4,WEEE_generatedDedicated,WEEE_Cat1,displayCRT,glass,Zr,e-m,0.000708,%,2
OBS,2020,EU27+4,WEEE_generatedDedicated,WEEE_Cat1,displayCRT,glass,n/a,m-c,0.992,%,2
OBS,2020,EU27+4,WEEE_generatedDedicated,WEEE_Cat1,displayCRT,n/a,n/a,c-p,0.303,%,2
OBS,2020,EU27+4,WEEE_generatedDedicated,WEEE_Cat1,displayLCD,AlAndAlAlloys,Ag,e-m,0.301,%,2
OBS,2020,EU27+4,WEEE_generatedDedicated,WEEE_Cat1,displayLCD,AlAndAlAlloys,As,e-m,0.97,%,2
OBS,2020,EU27+4,WEEE_generatedDedicated,WEEE_Cat1,displayLCD,AlAndAlAlloys,Cu,e-m,0.002,%,2
OBS,2020,EU27+4,WEEE_generatedDedicated,WEEE_Cat1,displayLCD,AlAndAlAlloys,Ga,e-m,0.001,%,2
OBS,2020,EU27+4,WEEE_generatedDedicated,WEEE_Cat1,displayLCD,AlAndAlAlloys,Mn,e-m,0.0248,%,2
OBS,2020,EU27+4,WEEE_generatedDedicated,WEEE_Cat1,displayLCD,AlAndAlAlloys,Mo,e-m,0.002,%,2
OBS,2020,EU27+4,WEEE_generatedDedicated,WEEE_Cat1,displayLCD,AlAndAlAlloys,Sm,e-m,0.0003,%,2
OBS,2020,EU27+4,WEEE_generatedDedicated,WEEE_Cat1,displayLCD,AlAndAlAlloys,n/a,m-c,0.257,%,2
OBS,2020,EU27+4,WEEE_generatedDedicated,WEEE_Cat1,displayLCD,CuAndCuAlloys,Ag,e-m,0.00985,%,2
OBS,2020,EU27+4,WEEE_generatedDedicated,WEEE_Cat1,displayLCD,CuAndCuAlloys,Dy,e-m,0.75,%,2
OBS,2020,EU27+4,WEEE_generatedDedicated,WEEE_Cat1,displayLCD,CuAndCuAlloys,Zr,e-m,0.25,%,2
OBS,2020,EU27+4,WEEE_generatedDedicated,WEEE_Cat1,displayLCD,CuAndCuAlloys,n/a,m-c,0.00839,%,2
OBS,2020,EU27+4,WEEE_generatedDedicated,WEEE_Cat1,displayLCD,ferrousMetals,Ag,e-m,0.132,%,2
OBS,2020,EU27+4,WEEE_generatedDedicated,WEEE_Cat1,displayLCD,ferrousMetals,Cu,e-m,0.18,%,2
OBS,2020,EU27+4,WEEE_generatedDedicated,WEEE_Cat1,displayLCD,ferrousMetals,Ga,e-m,0.725,%,2
OBS,2020,EU27+4,WEEE_generatedDedicated,WEEE_Cat1,displayLCD,ferrousMetals,Mo,e-m,0.01,%,2
OBS,2020,EU27+4,WEEE_generatedDedicated,WEEE_Cat1,displayLCD,ferrousMetals,O,e-m,0.08,%,2
OBS,2020,EU27+4,WEEE_generatedDedicated,WEEE_Cat1,displayLCD,ferrousMetals,Sm,e-m,0.005,%,2
OBS,2020,EU27+4,WEEE_generatedDedicated,WEEE_Cat1,displayLCD,ferrousMetals,n/a,m-c,0.11,%,2
OBS,2020,EU27+4,WEEE_generatedDedicated,WEEE_Cat1,displayLCD,glass,Ag,e-m,0.392,%,2
OBS,2020,EU27+4,WEEE_generatedDedicated,WEEE_Cat1,displayLCD,glass,Pd,e-m,0.265,%,2
OBS,2020,EU27+4,WEEE_generatedDedicated,WEEE_Cat1,displayLCD,glass,Sc,e-m,0.00196,%,2
OBS,2020,EU27+4,WEEE_generatedDedicated,WEEE_Cat1,displayLCD,glass,Zr,e-m,0.000708,%,2
OBS,2020,EU27+4,WEEE_generatedDedicated,WEEE_Cat1,displayLCD,glass,n/a,m-c,0.329,%,2
OBS,2020,EU27+4,WEEE_generatedDedicated,WEEE_Cat1,displayLCD,n/a,n/a,c-p,0.000449,%,1
OBS,2020,EU27+4,WEEE_generatedDedicated,WEEE_Cat1,displayLCD,plastics,Ag,e-m,0.176,%,2
OBS,2020,EU27+4,WEEE_generatedDedicated,WEEE_Cat1,displayLCD,plastics,n/a,m-c,0.176,%,2
OBS,2020,EU27+4,WEEE_generatedDedicated,WEEE_Cat1,displayLCD,undefinedAndMixedMaterials,Ag,e-m,0.0714,%,2
OBS,2020,EU27+4,WEEE_generatedDedicated,WEEE_Cat1,displayLCD,undefinedAndMixedMaterials,n/a,m-c,0.06,%,2
OBS,2020,EU27+4,WEEE_generatedDedicated,WEEE_Cat1,displayLCDunder100cm2,n/a,n/a,c-p,0.000553,%,1
OBS,2020,EU27+4,WEEE_generatedDedicated,WEEE_Cat1,displayOther,AlAndAlAlloys,Ag,e-m,0.00706,%,2
OBS,2020,EU27+4,WEEE_generatedDedicated,WEEE_Cat1,displayOther,AlAndAlAlloys,As,e-m,0.97,%,2
OBS,2020,EU27+4,WEEE_generatedDedicated,WEEE_Cat1,displayOther,AlAndAlAlloys,Cu,e-m,0.002,%,2
OBS,2020,EU27+4,WEEE_generatedDedicated,WEEE_Cat1,displayOther,AlAndAlAlloys,Ga,e-m,0.001,%,2
OBS,2020,EU27+4,WEEE_generatedDedicated,WEEE_Cat1,displayOther,AlAndAlAlloys,Mn,e-m,0.0248,%,2
OBS,2020,EU27+4,WEEE_generatedDedicated,WEEE_Cat1,displayOther,AlAndAlAlloys,Mo,e-m,0.002,%,2
OBS,2020,EU27+4,WEEE_generatedDedicated,WEEE_Cat1,displayOther,AlAndAlAlloys,Sm,e-m,0.0003,%,2
OBS,2020,EU27+4,WEEE_generatedDedicated,WEEE_Cat1,displayOther,AlAndAlAlloys,n/a,m-c,0.00703,%,2
OBS,2020,EU27+4,WEEE_generatedDedicated,WEEE_Cat1,displayOther,CuAndCuAlloys,Ag,e-m,0.000388,%,2
OBS,2020,EU27+4,WEEE_generatedDedicated,WEEE_Cat1,displayOther,CuAndCuAlloys,Dy,e-m,0.75,%,2
OBS,2020,EU27+4,WEEE_generatedDedicated,WEEE_Cat1,displayOther,CuAndCuAlloys,Zr,e-m,0.25,%,2
OBS,2020,EU27+4,WEEE_generatedDedicated,WEEE_Cat1,displayOther,CuAndCuAlloys,n/a,m-c,0.000388,%,2
OBS,2020,EU27+4,WEEE_generatedDedicated,WEEE_Cat1,displayOther,ferrousMetals,Ag,e-m,0.0127,%,2
OBS,2020,EU27+4,WEEE_generatedDedicated,WEEE_Cat1,displayOther,ferrousMetals,Cu,e-m,0.18,%,2
OBS,2020,EU27+4,WEEE_generatedDedicated,WEEE_Cat1,displayOther,ferrousMetals,Ga,e-m,0.725,%,2
OBS,2020,EU27+4,WEEE_generatedDedicated,WEEE_Cat1,displayOther,ferrousMetals,Mo,e-m,0.01,%,2
OBS,2020,EU27+4,WEEE_generatedDedicated,WEEE_Cat1,displayOther,ferrousMetals,O,e-m,0.08,%,2
OBS,2020,EU27+4,WEEE_generatedDedicated,WEEE_Cat1,displayOther,ferrousMetals,Sm,e-m,0.005,%,2
OBS,2020,EU27+4,WEEE_generatedDedicated,WEEE_Cat1,displayOther,ferrousMetals,n/a,m-c,0.00941,%,2
OBS,2020,EU27+4,WEEE_generatedDedicated,WEEE_Cat1,displayOther,glass,Ag,e-m,0.276,%,2
OBS,2020,EU27+4,WEEE_generatedDedicated,WEEE_Cat1,displayOther,glass,Pd,e-m,0.265,%,2
OBS,2020,EU27+4,WEEE_generatedDedicated,WEEE_Cat1,displayOther,glass,Sc,e-m,0.00196,%,2
OBS,2020,EU27+4,WEEE_generatedDedicated,WEEE_Cat1,displayOther,glass,Zr,e-m,0.000708,%,2
OBS,2020,EU27+4,WEEE_generatedDedicated,WEEE_Cat1,displayOther,glass,n/a,m-c,0.0538,%,2
OBS,2020,EU27+4,WEEE_generatedDedicated,WEEE_Cat1,displayOther,n/a,n/a,c-p,0.00367,%,2
OBS,2020,EU27+4,WEEE_generatedDedicated,WEEE_Cat1,displayOther,otherMetalsAndMetalAlloys,Ag,e-m,0.00231,%,2
OBS,2020,EU27+4,WEEE_generatedDedicated,WEEE_Cat1,displayOther,otherMetalsAndMetalAlloys,Al,e-m,0.9,%,2
OBS,2020,EU27+4,WEEE_generatedDedicated,WEEE_Cat1,displayOther,otherMetalsAndMetalAlloys,Dy,e-m,0.1,%,2
OBS,2020,EU27+4,WEEE_generatedDedicated,WEEE_Cat1,displayOther,otherMetalsAndMetalAlloys,n/a,m-c,0.00237,%,2
OBS,2020,EU27+4,WEEE_generatedDedicated,WEEE_Cat1,displayOther,plastics,Ag,e-m,0.0125,%,2
OBS,2020,EU27+4,WEEE_generatedDedicated,WEEE_Cat1,displayOther,plastics,n/a,m-c,0.0125,%,2
OBS,2020,EU27+4,WEEE_generatedDedicated,WEEE_Cat1,displayOther,undefinedAndMixedMaterials,Ag,e-m,0.0000891,%,2
OBS,2020,EU27+4,WEEE_generatedDedicated,WEEE_Cat1,displayOther,undefinedAndMixedMaterials,n/a,m-c,0.0000891,%,2
OBS,2020,EU27+4,WEEE_generatedDedicated,WEEE_Cat1,displayPlasma,n/a,n/a,c-p,0.152,%,1
OBS,2020,EU27+4,WEEE_generatedDedicated,WEEE_Cat1,driveCDDExt,n/a,n/a,c-p,0.00561,%,1
OBS,2020,EU27+4,WEEE_generatedDedicated,WEEE_Cat1,driveCDDInt,AlAndAlAlloys,Ag,e-m,0.0324,%,2
OBS,2020,EU27+4,WEEE_generatedDedicated,WEEE_Cat1,driveCDDInt,AlAndAlAlloys,As,e-m,0.97,%,2
OBS,2020,EU27+4,WEEE_generatedDedicated,WEEE_Cat1,driveCDDInt,AlAndAlAlloys,Cu,e-m,0.002,%,2
OBS,2020,EU27+4,WEEE_generatedDedicated,WEEE_Cat1,driveCDDInt,AlAndAlAlloys,Ga,e-m,0.001,%,2
OBS,2020,EU27+4,WEEE_generatedDedicated,WEEE_Cat1,driveCDDInt,AlAndAlAlloys,Mn,e-m,0.0248,%,2
OBS,2020,EU27+4,WEEE_generatedDedicated,WEEE_Cat1,driveCDDInt,AlAndAlAlloys,Mo,e-m,0.002,%,2
OBS,2020,EU27+4,WEEE_generatedDedicated,WEEE_Cat1,driveCDDInt,AlAndAlAlloys,Sm,e-m,0.0003,%,2
OBS,2020,EU27+4,WEEE_generatedDedicated,WEEE_Cat1,driveCDDInt,AlAndAlAlloys,n/a,m-c,0.0248,%,2
OBS,2020,EU27+4,WEEE_generatedDedicated,WEEE_Cat1,driveCDDInt,CuAndCuAlloys,Ag,e-m,0.00564,%,2
OBS,2020,EU27+4,WEEE_generatedDedicated,WEEE_Cat1,driveCDDInt,CuAndCuAlloys,Dy,e-m,0.75,%,2
OBS,2020,EU27+4,WEEE_generatedDedicated,WEEE_Cat1,driveCDDInt,CuAndCuAlloys,Zr,e-m,0.25,%,2
OBS,2020,EU27+4,WEEE_generatedDedicated,WEEE_Cat1,driveCDDInt,CuAndCuAlloys,n/a,m-c,0.00637,%,2
OBS,2020,EU27+4,WEEE_generatedDedicated,WEEE_Cat1,driveCDDInt,ferrousMetals,Ag,e-m,0.103,%,2
OBS,2020,EU27+4,WEEE_generatedDedicated,WEEE_Cat1,driveCDDInt,ferrousMetals,Cu,e-m,0.18,%,2
OBS,2020,EU27+4,WEEE_generatedDedicated,WEEE_Cat1,driveCDDInt,ferrousMetals,Ga,e-m,0.725,%,2
OBS,2020,EU27+4,WEEE_generatedDedicated,WEEE_Cat1,driveCDDInt,ferrousMetals,Mo,e-m,0.01,%,2
OBS,2020,EU27+4,WEEE_generatedDedicated,WEEE_Cat1,driveCDDInt,ferrousMetals,O,e-m,0.08,%,2
OBS,2020,EU27+4,WEEE_generatedDedicated,WEEE_Cat1,driveCDDInt,ferrousMetals,Sm,e-m,0.005,%,2
OBS,2020,EU27+4,WEEE_generatedDedicated,WEEE_Cat1,driveCDDInt,ferrousMetals,n/a,m-c,0.127,%,2
OBS,2020,EU27+4,WEEE_generatedDedicated,WEEE_Cat1,driveCDDInt,n/a,n/a,c-p,0.01,%,2
OBS,2020,EU27+4,WEEE_generatedDedicated,WEEE_Cat1,driveCDDInt,otherMetalsAndMetalAlloys,Ag,e-m,0.0161,%,2
OBS,2020,EU27+4,WEEE_generatedDedicated,WEEE_Cat1,driveCDDInt,otherMetalsAndMetalAlloys,Al,e-m,0.9,%,2
OBS,2020,EU27+4,WEEE_generatedDedicated,WEEE_Cat1,driveCDDInt,otherMetalsAndMetalAlloys,Dy,e-m,0.1,%,2
OBS,2020,EU27+4,WEEE_generatedDedicated,WEEE_Cat1,driveCDDInt,otherMetalsAndMetalAlloys,n/a,m-c,0.00441,%,2
OBS,2020,EU27+4,WEEE_generatedDedicated,WEEE_Cat1,driveCDDInt,plastics,Ag,e-m,0.0254,%,2
OBS,2020,EU27+4,WEEE_generatedDedicated,WEEE_Cat1,driveCDDInt,plastics,n/a,m-c,0.0254,%,2
OBS,2020,EU27+4,WEEE_generatedDedicated,WEEE_Cat1,driveCDDInt,undefinedAndMixedMaterials,Ag,e-m,0.000808,%,2
OBS,2020,EU27+4,WEEE_generatedDedicated,WEEE_Cat1,driveCDDInt,undefinedAndMixedMaterials,n/a,m-c,0.000808,%,2
OBS,2020,EU27+4,WEEE_generatedDedicated,WEEE_Cat1,driveFDD,AlAndAlAlloys,Ag,e-m,0.387,%,2
OBS,2020,EU27+4,WEEE_generatedDedicated,WEEE_Cat1,driveFDD,AlAndAlAlloys,As,e-m,0.97,%,2
OBS,2020,EU27+4,WEEE_generatedDedicated,WEEE_Cat1,driveFDD,AlAndAlAlloys,Cu,e-m,0.002,%,2
OBS,2020,EU27+4,WEEE_generatedDedicated,WEEE_Cat1,driveFDD,AlAndAlAlloys,Ga,e-m,0.001,%,2
OBS,2020,EU27+4,WEEE_generatedDedicated,WEEE_Cat1,driveFDD,AlAndAlAlloys,Mn,e-m,0.0248,%,2
OBS,2020,EU27+4,WEEE_generatedDedicated,WEEE_Cat1,driveFDD,AlAndAlAlloys,Mo,e-m,0.002,%,2
OBS,2020,EU27+4,WEEE_generatedDedicated,WEEE_Cat1,driveFDD,AlAndAlAlloys,Sm,e-m,0.0003,%,2
OBS,2020,EU27+4,WEEE_generatedDedicated,WEEE_Cat1,driveFDD,AlAndAlAlloys,n/a,m-c,0.634,%,2
OBS,2020,EU27+4,WEEE_generatedDedicated,WEEE_Cat1,driveFDD,ferrousMetals,Ag,e-m,0.223,%,2
OBS,2020,EU27+4,WEEE_generatedDedicated,WEEE_Cat1,driveFDD,ferrousMetals,Cu,e-m,0.18,%,2
OBS,2020,EU27+4,WEEE_generatedDedicated,WEEE_Cat1,driveFDD,ferrousMetals,Ga,e-m,0.725,%,2
OBS,2020,EU27+4,WEEE_generatedDedicated,WEEE_Cat1,driveFDD,ferrousMetals,Mo,e-m,0.01,%,2
OBS,2020,EU27+4,WEEE_generatedDedicated,WEEE_Cat1,driveFDD,ferrousMetals,O,e-m,0.08,%,2
OBS,2020,EU27+4,WEEE_generatedDedicated,WEEE_Cat1,driveFDD,ferrousMetals,Sm,e-m,0.005,%,2
OBS,2020,EU27+4,WEEE_generatedDedicated,WEEE_Cat1,driveFDD,ferrousMetals,n/a,m-c,0.366,%,2
OBS,2020,EU27+4,WEEE_generatedDedicated,WEEE_Cat1,driveFDD,n/a,n/a,c-p,0.021,%,1
OBS,2020,EU27+4,WEEE_generatedDedicated,WEEE_Cat1,driveHDD,AlAndAlAlloys,Ag,e-m,0.0345,%,2
OBS,2020,EU27+4,WEEE_generatedDedicated,WEEE_Cat1,driveHDD,AlAndAlAlloys,As,e-m,0.97,%,2
OBS,2020,EU27+4,WEEE_generatedDedicated,WEEE_Cat1,driveHDD,AlAndAlAlloys,Cu,e-m,0.002,%,2
OBS,2020,EU27+4,WEEE_generatedDedicated,WEEE_Cat1,driveHDD,AlAndAlAlloys,Ga,e-m,0.001,%,2
OBS,2020,EU27+4,WEEE_generatedDedicated,WEEE_Cat1,driveHDD,AlAndAlAlloys,Mn,e-m,0.0248,%,2
OBS,2020,EU27+4,WEEE_generatedDedicated,WEEE_Cat1,driveHDD,AlAndAlAlloys,Mo,e-m,0.002,%,2
OBS,2020,EU27+4,WEEE_generatedDedicated,WEEE_Cat1,driveHDD,AlAndAlAlloys,Sm,e-m,0.0003,%,2
OBS,2020,EU27+4,WEEE_generatedDedicated,WEEE_Cat1,driveHDD,AlAndAlAlloys,n/a,m-c,0.0297,%,2
OBS,2020,EU27+4,WEEE_generatedDedicated,WEEE_Cat1,driveHDD,CuAndCuAlloys,Ag,e-m,0.00548,%,2
OBS,2020,EU27+4,WEEE_generatedDedicated,WEEE_Cat1,driveHDD,CuAndCuAlloys,Dy,e-m,0.75,%,2
OBS,2020,EU27+4,WEEE_generatedDedicated,WEEE_Cat1,driveHDD,CuAndCuAlloys,Zr,e-m,0.25,%,2
OBS,2020,EU27+4,WEEE_generatedDedicated,WEEE_Cat1,driveHDD,CuAndCuAlloys,n/a,m-c,0.00471,%,2
OBS,2020,EU27+4,WEEE_generatedDedicated,WEEE_Cat1,driveHDD,ferrousMetals,Ag,e-m,0.129,%,2
OBS,2020,EU27+4,WEEE_generatedDedicated,WEEE_Cat1,driveHDD,ferrousMetals,Cu,e-m,0.18,%,2
OBS,2020,EU27+4,WEEE_generatedDedicated,WEEE_Cat1,driveHDD,ferrousMetals,Ga,e-m,0.725,%,2
OBS,2020,EU27+4,WEEE_generatedDedicated,WEEE_Cat1,driveHDD,ferrousMetals,Mo,e-m,0.01,%,2
OBS,2020,EU27+4,WEEE_generatedDedicated,WEEE_Cat1,driveHDD,ferrousMetals,O,e-m,0.08,%,2
OBS,2020,EU27+4,WEEE_generatedDedicated,WEEE_Cat1,driveHDD,ferrousMetals,Sm,e-m,0.005,%,2
OBS,2020,EU27+4,WEEE_generatedDedicated,WEEE_Cat1,driveHDD,ferrousMetals,n/a,m-c,0.129,%,2
OBS,2020,EU27+4,WEEE_generatedDedicated,WEEE_Cat1,driveHDD,n/a,n/a,c-p,0.00492,%,1
OBS,2020,EU27+4,WEEE_generatedDedicated,WEEE_Cat1,driveHDD,otherMetalsAndMetalAlloys,Ag,e-m,0.242,%,2
OBS,2020,EU27+4,WEEE_generatedDedicated,WEEE_Cat1,driveHDD,otherMetalsAndMetalAlloys,Al,e-m,0.9,%,2
OBS,2020,EU27+4,WEEE_generatedDedicated,WEEE_Cat1,driveHDD,otherMetalsAndMetalAlloys,Dy,e-m,0.1,%,2
OBS,2020,EU27+4,WEEE_generatedDedicated,WEEE_Cat1,driveHDD,otherMetalsAndMetalAlloys,n/a,m-c,0.242,%,2
OBS,2020,EU27+4,WEEE_generatedDedicated,WEEE_Cat1,driveHDD,plastics,Ag,e-m,0.00853,%,2
OBS,2020,EU27+4,WEEE_generatedDedicated,WEEE_Cat1,driveHDD,plastics,n/a,m-c,0.00853,%,2
OBS,2020,EU27+4,WEEE_generatedDedicated,WEEE_Cat1,driveHDD,undefinedAndMixedMaterials,Ag,e-m,0.0459,%,2
OBS,2020,EU27+4,WEEE_generatedDedicated,WEEE_Cat1,driveHDD,undefinedAndMixedMaterials,n/a,m-c,0.00271,%,2
OBS,2020,EU27+4,WEEE_generatedDedicated,WEEE_Cat1,driveUnspecified,CuAndCuAlloys,Ag,e-m,0.0226,%,2
OBS,2020,EU27+4,WEEE_generatedDedicated,WEEE_Cat1,driveUnspecified,CuAndCuAlloys,Dy,e-m,0.75,%,2
OBS,2020,EU27+4,WEEE_generatedDedicated,WEEE_Cat1,driveUnspecified,CuAndCuAlloys,Zr,e-m,0.25,%,2
OBS,2020,EU27+4,WEEE_generatedDedicated,WEEE_Cat1,driveUnspecified,CuAndCuAlloys,n/a,m-c,0.0226,%,2
OBS,2020,EU27+4,WEEE_generatedDedicated,WEEE_Cat1,driveUnspecified,ferrousMetals,Ag,e-m,0.316,%,2
OBS,2020,EU27+4,WEEE_generatedDedicated,WEEE_Cat1,driveUnspecified,ferrousMetals,Cu,e-m,0.18,%,2
OBS,2020,EU27+4,WEEE_generatedDedicated,WEEE_Cat1,driveUnspecified,ferrousMetals,Ga,e-m,0.725,%,2
OBS,2020,EU27+4,WEEE_generatedDedicated,WEEE_Cat1,driveUnspecified,ferrousMetals,Mo,e-m,0.01,%,2
OBS,2020,EU27+4,WEEE_generatedDedicated,WEEE_Cat1,driveUnspecified,ferrousMetals,O,e-m,0.08,%,2
OBS,2020,EU27+4,WEEE_generatedDedicated,WEEE_Cat1,driveUnspecified,ferrousMetals,Sm,e-m,0.005,%,2
OBS,2020,EU27+4,WEEE_generatedDedicated,WEEE_Cat1,driveUnspecified,ferrousMetals,n/a,m-c,0.316,%,2
OBS,2020,EU27+4,WEEE_generatedDedicated,WEEE_Cat1,driveUnspecified,n/a,n/a,c-p,0.0822,%,2
OBS,2020,EU27+4,WEEE_generatedDedicated,WEEE_Cat1,driveUnspecified,plastics,Ag,e-m,0.188,%,2
OBS,2020,EU27+4,WEEE_generatedDedicated,WEEE_Cat1,driveUnspecified,plastics,n/a,m-c,0.188,%,2
OBS,2020,EU27+4,WEEE_generatedDedicated,WEEE_Cat1,driveUnspecified,undefinedAndMixedMaterials,Ag,e-m,0.0136,%,2
OBS,2020,EU27+4,WEEE_generatedDedicated,WEEE_Cat1,driveUnspecified,undefinedAndMixedMaterials,n/a,m-c,0.0136,%,2
OBS,2020,EU27+4,WEEE_generatedDedicated,WEEE_Cat1,electricEngine,AlAndAlAlloys,Ag,e-m,0.0268,%,1
OBS,2020,EU27+4,WEEE_generatedDedicated,WEEE_Cat1,electricEngine,AlAndAlAlloys,As,e-m,0.97,%,1
OBS,2020,EU27+4,WEEE_generatedDedicated,WEEE_Cat1,electricEngine,AlAndAlAlloys,Cu,e-m,0.002,%,1
OBS,2020,EU27+4,WEEE_generatedDedicated,WEEE_Cat1,electricEngine,AlAndAlAlloys,Ga,e-m,0.001,%,1
OBS,2020,EU27+4,WEEE_generatedDedicated,WEEE_Cat1,electricEngine,AlAndAlAlloys,Mn,e-m,0.0248,%,1
OBS,2020,EU27+4,WEEE_generatedDedicated,WEEE_Cat1,electricEngine,AlAndAlAlloys,Mo,e-m,0.002,%,1
OBS,2020,EU27+4,WEEE_generatedDedicated,WEEE_Cat1,electricEngine,AlAndAlAlloys,Sm,e-m,0.0003,%,1
OBS,2020,EU27+4,WEEE_generatedDedicated,WEEE_Cat1,electricEngine,AlAndAlAlloys,n/a,m-c,0.0219,%,1
OBS,2020,EU27+4,WEEE_generatedDedicated,WEEE_Cat1,electricEngine,CuAndCuAlloys,Ag,e-m,0.186,%,1
OBS,2020,EU27+4,WEEE_generatedDedicated,WEEE_Cat1,electricEngine,CuAndCuAlloys,Dy,e-m,0.75,%,1
OBS,2020,EU27+4,WEEE_generatedDedicated,WEEE_Cat1,electricEngine,CuAndCuAlloys,Zr,e-m,0.25,%,1
OBS,2020,EU27+4,WEEE_generatedDedicated,WEEE_Cat1,electricEngine,CuAndCuAlloys,n/a,m-c,0.127,%,1
OBS,2020,EU27+4,WEEE_generatedDedicated,WEEE_Cat1,electricEngine,carbon,Ag,e-m,0.194,%,1
OBS,2020,EU27+4,WEEE_generatedDedicated,WEEE_Cat1,electricEngine,carbon,Pd,e-m,0.265,%,1
OBS,2020,EU27+4,WEEE_generatedDedicated,WEEE_Cat1,electricEngine,carbon,Sc,e-m,0.00196,%,1
OBS,2020,EU27+4,WEEE_generatedDedicated,WEEE_Cat1,electricEngine,carbon,Zr,e-m,0.000708,%,1
OBS,2020,EU27+4,WEEE_generatedDedicated,WEEE_Cat1,electricEngine,carbon,n/a,m-c,0.159,%,1
OBS,2020,EU27+4,WEEE_generatedDedicated,WEEE_Cat1,electricEngine,ferrousMetals,Ag,e-m,0.734,%,1
OBS,2020,EU27+4,WEEE_generatedDedicated,WEEE_Cat1,electricEngine,ferrousMetals,Ca,e-m,0.0198,%,1
OBS,2020,EU27+4,WEEE_generatedDedicated,WEEE_Cat1,electricEngine,ferrousMetals,Cu,e-m,0.072,%,1
OBS,2020,EU27+4,WEEE_generatedDedicated,WEEE_Cat1,electricEngine,ferrousMetals,Ga,e-m,0.853,%,1
OBS,2020,EU27+4,WEEE_generatedDedicated,WEEE_Cat1,electricEngine,ferrousMetals,Mo,e-m,0.0085,%,1
OBS,2020,EU27+4,WEEE_generatedDedicated,WEEE_Cat1,electricEngine,ferrousMetals,O,e-m,0.032,%,1
OBS,2020,EU27+4,WEEE_generatedDedicated,WEEE_Cat1,electricEngine,ferrousMetals,Sm,e-m,0.0152,%,1
OBS,2020,EU27+4,WEEE_generatedDedicated,WEEE_Cat1,electricEngine,ferrousMetals,n/a,m-c,0.601,%,1
OBS,2020,EU27+4,WEEE_generatedDedicated,WEEE_Cat1,electricEngine,n/a,n/a,c-p,0.00863,%,1
OBS,2020,EU27+4,WEEE_generatedDedicated,WEEE_Cat1,electricEngine,otherOrganics,Ag,e-m,0.00321,%,1
OBS,2020,EU27+4,WEEE_generatedDedicated,WEEE_Cat1,electricEngine,otherOrganics,n/a,m-c,0.00263,%,1
OBS,2020,EU27+4,WEEE_generatedDedicated,WEEE_Cat1,electricEngine,plastics,Ag,e-m,0.077,%,1
OBS,2020,EU27+4,WEEE_generatedDedicated,WEEE_Cat1,electricEngine,plastics,n/a,m-c,0.0584,%,1
OBS,2020,EU27+4,WEEE_generatedDedicated,WEEE_Cat1,filterFoamBased,n/a,n/a,c-p,0.00157,%,1
OBS,2020,EU27+4,WEEE_generatedDedicated,WEEE_Cat1,filterFoamBased,plastics,Ag,e-m,1,%,1
OBS,2020,EU27+4,WEEE_generatedDedicated,WEEE_Cat1,filterFoamBased,plastics,n/a,m-c,1,%,1
OBS,2020,EU27+4,WEEE_generatedDedicated,WEEE_Cat1,fuse,n/a,n/a,c-p,0.0000501,%,1
OBS,2020,EU27+4,WEEE_generatedDedicated,WEEE_Cat1,gear,n/a,n/a,c-p,0.000996,%,1
OBS,2020,EU27+4,WEEE_generatedDedicated,WEEE_Cat1,gear,plastics,Ag,e-m,1,%,1
OBS,2020,EU27+4,WEEE_generatedDedicated,WEEE_Cat1,gear,plastics,n/a,m-c,1,%,1
OBS,2020,EU27+4,WEEE_generatedDedicated,WEEE_Cat1,heatingCoolingEEEairCondenser,CuAndCuAlloys,Ag,e-m,0.749,%,1
OBS,2020,EU27+4,WEEE_generatedDedicated,WEEE_Cat1,heatingCoolingEEEairCondenser,CuAndCuAlloys,Dy,e-m,0.75,%,1
OBS,2020,EU27+4,WEEE_generatedDedicated,WEEE_Cat1,heatingCoolingEEEairCondenser,CuAndCuAlloys,Zr,e-m,0.25,%,1
OBS,2020,EU27+4,WEEE_generatedDedicated,WEEE_Cat1,heatingCoolingEEEairCondenser,CuAndCuAlloys,n/a,m-c,0.743,%,1
OBS,2020,EU27+4,WEEE_generatedDedicated,WEEE_Cat1,heatingCoolingEEEairCondenser,n/a,n/a,c-p,0.000985,%,1
OBS,2020,EU27+4,WEEE_generatedDedicated,WEEE_Cat1,heatingCoolingEEEairCondenser,otherOrUndefinedMaterials,Ag,e-m,0.00803,%,1
OBS,2020,EU27+4,WEEE_generatedDedicated,WEEE_Cat1,heatingCoolingEEEairCondenser,otherOrUndefinedMaterials,n/a,m-c,0.00797,%,1
OBS,2020,EU27+4,WEEE_generatedDedicated,WEEE_Cat1,heatingCoolingEEEairCondenser,plastics,Ag,e-m,0.00803,%,1
OBS,2020,EU27+4,WEEE_generatedDedicated,WEEE_Cat1,heatingCoolingEEEairCondenser,plastics,n/a,m-c,0.00797,%,1
OBS,2020,EU27+4,WEEE_generatedDedicated,WEEE_Cat1,heatingCoolingEEEairCondenser,steelAndSteelAlloys,Ag,e-m,0.243,%,1
OBS,2020,EU27+4,WEEE_generatedDedicated,WEEE_Cat1,heatingCoolingEEEairCondenser,steelAndSteelAlloys,Cu,e-m,0.18,%,1
OBS,2020,EU27+4,WEEE_generatedDedicated,WEEE_Cat1,heatingCoolingEEEairCondenser,steelAndSteelAlloys,Ga,e-m,0.725,%,1
OBS,2020,EU27+4,WEEE_generatedDedicated,WEEE_Cat1,heatingCoolingEEEairCondenser,steelAndSteelAlloys,Mo,e-m,0.01,%,1
OBS,2020,EU27+4,WEEE_generatedDedicated,WEEE_Cat1,heatingCoolingEEEairCondenser,steelAndSteelAlloys,O,e-m,0.08,%,1
OBS,2020,EU27+4,WEEE_generatedDedicated,WEEE_Cat1,heatingCoolingEEEairCondenser,steelAndSteelAlloys,Sm,e-m,0.005,%,1
OBS,2020,EU27+4,WEEE_generatedDedicated,WEEE_Cat1,heatingCoolingEEEairCondenser,steelAndSteelAlloys,n/a,m-c,0.241,%,1
OBS,2020,EU27+4,WEEE_generatedDedicated,WEEE_Cat1,heatingCoolingEEEfan,AlAndAlAlloys,Ag,e-m,0.011,%,1
OBS,2020,EU27+4,WEEE_generatedDedicated,WEEE_Cat1,heatingCoolingEEEfan,AlAndAlAlloys,As,e-m,0.97,%,1
OBS,2020,EU27+4,WEEE_generatedDedicated,WEEE_Cat1,heatingCoolingEEEfan,AlAndAlAlloys,Cu,e-m,0.002,%,1
OBS,2020,EU27+4,WEEE_generatedDedicated,WEEE_Cat1,heatingCoolingEEEfan,AlAndAlAlloys,Ga,e-m,0.001,%,1
OBS,2020,EU27+4,WEEE_generatedDedicated,WEEE_Cat1,heatingCoolingEEEfan,AlAndAlAlloys,Mn,e-m,0.0248,%,1
OBS,2020,EU27+4,WEEE_generatedDedicated,WEEE_Cat1,heatingCoolingEEEfan,AlAndAlAlloys,Mo,e-m,0.002,%,1
OBS,2020,EU27+4,WEEE_generatedDedicated,WEEE_Cat1,heatingCoolingEEEfan,AlAndAlAlloys,Sm,e-m,0.0003,%,1
OBS,2020,EU27+4,WEEE_generatedDedicated,WEEE_Cat1,heatingCoolingEEEfan,AlAndAlAlloys,n/a,m-c,0.011,%,1
OBS,2020,EU27+4,WEEE_generatedDedicated,WEEE_Cat1,heatingCoolingEEEfan,CuAndCuAlloys,Ag,e-m,0.00766,%,1
OBS,2020,EU27+4,WEEE_generatedDedicated,WEEE_Cat1,heatingCoolingEEEfan,CuAndCuAlloys,Dy,e-m,0.75,%,1
OBS,2020,EU27+4,WEEE_generatedDedicated,WEEE_Cat1,heatingCoolingEEEfan,CuAndCuAlloys,Zr,e-m,0.25,%,1
OBS,2020,EU27+4,WEEE_generatedDedicated,WEEE_Cat1,heatingCoolingEEEfan,CuAndCuAlloys,n/a,m-c,0.00766,%,1
OBS,2020,EU27+4,WEEE_generatedDedicated,WEEE_Cat1,heatingCoolingEEEfan,ferrousMetals,Ag,e-m,0.039,%,1
OBS,2020,EU27+4,WEEE_generatedDedicated,WEEE_Cat1,heatingCoolingEEEfan,ferrousMetals,Ca,e-m,0.033,%,1
OBS,2020,EU27+4,WEEE_generatedDedicated,WEEE_Cat1,heatingCoolingEEEfan,ferrousMetals,Cu,e-m,0.18,%,2
OBS,2020,EU27+4,WEEE_generatedDedicated,WEEE_Cat1,heatingCoolingEEEfan,ferrousMetals,Ga,e-m,0.725,%,1
OBS,2020,EU27+4,WEEE_generatedDedicated,WEEE_Cat1,heatingCoolingEEEfan,ferrousMetals,Mo,e-m,0.0075,%,1
OBS,2020,EU27+4,WEEE_generatedDedicated,WEEE_Cat1,heatingCoolingEEEfan,ferrousMetals,O,e-m,0.08,%,2
OBS,2020,EU27+4,WEEE_generatedDedicated,WEEE_Cat1,heatingCoolingEEEfan,ferrousMetals,Sm,e-m,0.005,%,1
OBS,2020,EU27+4,WEEE_generatedDedicated,WEEE_Cat1,heatingCoolingEEEfan,ferrousMetals,n/a,m-c,0.039,%,1
OBS,2020,EU27+4,WEEE_generatedDedicated,WEEE_Cat1,heatingCoolingEEEfan,n/a,n/a,c-p,0.00144,%,1
OBS,2020,EU27+4,WEEE_generatedDedicated,WEEE_Cat1,heatingCoolingEEEfan,otherMetalsAndMetalAlloys,n/a,m-c,0.000408,%,2
OBS,2020,EU27+4,WEEE_generatedDedicated,WEEE_Cat1,heatingCoolingEEEfan,plastics,Ag,e-m,0.0544,%,1
OBS,2020,EU27+4,WEEE_generatedDedicated,WEEE_Cat1,heatingCoolingEEEfan,plastics,n/a,m-c,0.0544,%,1
OBS,2020,EU27+4,WEEE_generatedDedicated,WEEE_Cat1,heatingCoolingEEEfan,steelAndSteelAlloys,Ag,e-m,0.648,%,1
OBS,2020,EU27+4,WEEE_generatedDedicated,WEEE_Cat1,heatingCoolingEEEfan,steelAndSteelAlloys,Cu,e-m,0.18,%,1
OBS,2020,EU27+4,WEEE_generatedDedicated,WEEE_Cat1,heatingCoolingEEEfan,steelAndSteelAlloys,Ga,e-m,0.725,%,1
OBS,2020,EU27+4,WEEE_generatedDedicated,WEEE_Cat1,heatingCoolingEEEfan,steelAndSteelAlloys,Mo,e-m,0.01,%,1
OBS,2020,EU27+4,WEEE_generatedDedicated,WEEE_Cat1,heatingCoolingEEEfan,steelAndSteelAlloys,O,e-m,0.08,%,1
OBS,2020,EU27+4,WEEE_generatedDedicated,WEEE_Cat1,heatingCoolingEEEfan,steelAndSteelAlloys,Sm,e-m,0.005,%,1
OBS,2020,EU27+4,WEEE_generatedDedicated,WEEE_Cat1,heatingCoolingEEEfan,steelAndSteelAlloys,n/a,m-c,0.648,%,1
OBS,2020,EU27+4,WEEE_generatedDedicated,WEEE_Cat1,heatingCoolingEEEfan,undefinedAndMixedMaterials,Ag,e-m,0.00671,%,2
OBS,2020,EU27+4,WEEE_generatedDedicated,WEEE_Cat1,heatingCoolingEEEfan,undefinedAndMixedMaterials,n/a,m-c,0.00245,%,2
OBS,2020,EU27+4,WEEE_generatedDedicated,WEEE_Cat1,heatingCoolingEEEheatSink,AlAndAlAlloys,Ag,e-m,0.27,%,2
OBS,2020,EU27+4,WEEE_generatedDedicated,WEEE_Cat1,heatingCoolingEEEheatSink,AlAndAlAlloys,As,e-m,0.97,%,2
OBS,2020,EU27+4,WEEE_generatedDedicated,WEEE_Cat1,heatingCoolingEEEheatSink,AlAndAlAlloys,Cu,e-m,0.002,%,2
OBS,2020,EU27+4,WEEE_generatedDedicated,WEEE_Cat1,heatingCoolingEEEheatSink,AlAndAlAlloys,Ga,e-m,0.001,%,2
OBS,2020,EU27+4,WEEE_generatedDedicated,WEEE_Cat1,heatingCoolingEEEheatSink,AlAndAlAlloys,Mn,e-m,0.0248,%,2
OBS,2020,EU27+4,WEEE_generatedDedicated,WEEE_Cat1,heatingCoolingEEEheatSink,AlAndAlAlloys,Mo,e-m,0.002,%,2
OBS,2020,EU27+4,WEEE_generatedDedicated,WEEE_Cat1,heatingCoolingEEEheatSink,AlAndAlAlloys,Sm,e-m,0.0003,%,2
OBS,2020,EU27+4,WEEE_generatedDedicated,WEEE_Cat1,heatingCoolingEEEheatSink,AlAndAlAlloys,n/a,m-c,0.27,%,2
OBS,2020,EU27+4,WEEE_generatedDedicated,WEEE_Cat1,heatingCoolingEEEheatSink,CuAndCuAlloys,Ag,e-m,0.0988,%,2
OBS,2020,EU27+4,WEEE_generatedDedicated,WEEE_Cat1,heatingCoolingEEEheatSink,CuAndCuAlloys,Dy,e-m,0.75,%,2
OBS,2020,EU27+4,WEEE_generatedDedicated,WEEE_Cat1,heatingCoolingEEEheatSink,CuAndCuAlloys,Zr,e-m,0.25,%,2
OBS,2020,EU27+4,WEEE_generatedDedicated,WEEE_Cat1,heatingCoolingEEEheatSink,CuAndCuAlloys,n/a,m-c,0.0988,%,2
OBS,2020,EU27+4,WEEE_generatedDedicated,WEEE_Cat1,heatingCoolingEEEheatSink,ferrousMetals,Ag,e-m,0.0403,%,2
OBS,2020,EU27+4,WEEE_generatedDedicated,WEEE_Cat1,heatingCoolingEEEheatSink,ferrousMetals,Cu,e-m,0.18,%,2
OBS,2020,EU27+4,WEEE_generatedDedicated,WEEE_Cat1,heatingCoolingEEEheatSink,ferrousMetals,Ga,e-m,0.725,%,2
OBS,2020,EU27+4,WEEE_generatedDedicated,WEEE_Cat1,heatingCoolingEEEheatSink,ferrousMetals,Mo,e-m,0.01,%,2
OBS,2020,EU27+4,WEEE_generatedDedicated,WEEE_Cat1,heatingCoolingEEEheatSink,ferrousMetals,O,e-m,0.08,%,2
OBS,2020,EU27+4,WEEE_generatedDedicated,WEEE_Cat1,heatingCoolingEEEheatSink,ferrousMetals,Sm,e-m,0.005,%,2
OBS,2020,EU27+4,WEEE_generatedDedicated,WEEE_Cat1,heatingCoolingEEEheatSink,ferrousMetals,n/a,m-c,0.0403,%,2
OBS,2020,EU27+4,WEEE_generatedDedicated,WEEE_Cat1,heatingCoolingEEEheatSink,n/a,n/a,c-p,0.00147,%,1
OBS,2020,EU27+4,WEEE_generatedDedicated,WEEE_Cat1,heatingCoolingEEEheatSink,otherMetalsAndMetalAlloys,Ag,e-m,0.27,%,2
OBS,2020,EU27+4,WEEE_generatedDedicated,WEEE_Cat1,heatingCoolingEEEheatSink,otherMetalsAndMetalAlloys,Al,e-m,0.9,%,2
OBS,2020,EU27+4,WEEE_generatedDedicated,WEEE_Cat1,heatingCoolingEEEheatSink,otherMetalsAndMetalAlloys,Dy,e-m,0.1,%,2
OBS,2020,EU27+4,WEEE_generatedDedicated,WEEE_Cat1,heatingCoolingEEEheatSink,otherMetalsAndMetalAlloys,n/a,m-c,0.27,%,2
OBS,2020,EU27+4,WEEE_generatedDedicated,WEEE_Cat1,heatingCoolingEEEheatSink,plastics,Ag,e-m,0.00748,%,2
OBS,2020,EU27+4,WEEE_generatedDedicated,WEEE_Cat1,heatingCoolingEEEheatSink,plastics,n/a,m-c,0.0068,%,2
OBS,2020,EU27+4,WEEE_generatedDedicated,WEEE_Cat1,heatingCoolingEEEheatSink,undefinedAndMixedMaterials,Ag,e-m,0.0174,%,2
OBS,2020,EU27+4,WEEE_generatedDedicated,WEEE_Cat1,heatingCoolingEEEheatSink,undefinedAndMixedMaterials,n/a,m-c,0.0158,%,2
OBS,2020,EU27+4,WEEE_generatedDedicated,WEEE_Cat1,inductor,CuAndCuAlloys,Ag,e-m,0.0622,%,2
OBS,2020,EU27+4,WEEE_generatedDedicated,WEEE_Cat1,inductor,CuAndCuAlloys,Dy,e-m,0.75,%,2
OBS,2020,EU27+4,WEEE_generatedDedicated,WEEE_Cat1,inductor,CuAndCuAlloys,Zr,e-m,0.25,%,2
OBS,2020,EU27+4,WEEE_generatedDedicated,WEEE_Cat1,inductor,CuAndCuAlloys,n/a,m-c,0.4,%,2
OBS,2020,EU27+4,WEEE_generatedDedicated,WEEE_Cat1,inductor,ferrousMetals,Ag,e-m,0.0622,%,2
OBS,2020,EU27+4,WEEE_generatedDedicated,WEEE_Cat1,inductor,ferrousMetals,Cu,e-m,0.18,%,2
OBS,2020,EU27+4,WEEE_generatedDedicated,WEEE_Cat1,inductor,ferrousMetals,Ga,e-m,0.725,%,2
OBS,2020,EU27+4,WEEE_generatedDedicated,WEEE_Cat1,inductor,ferrousMetals,Mo,e-m,0.01,%,2
OBS,2020,EU27+4,WEEE_generatedDedicated,WEEE_Cat1,inductor,ferrousMetals,O,e-m,0.08,%,2
OBS,2020,EU27+4,WEEE_generatedDedicated,WEEE_Cat1,inductor,ferrousMetals,Sm,e-m,0.005,%,2
OBS,2020,EU27+4,WEEE_generatedDedicated,WEEE_Cat1,inductor,ferrousMetals,n/a,m-c,0.4,%,2
OBS,2020,EU27+4,WEEE_generatedDedicated,WEEE_Cat1,inductor,n/a,n/a,c-p,0.00367,%,1
OBS,2020,EU27+4,WEEE_generatedDedicated,WEEE_Cat1,inductor,plastics,Ag,e-m,0.0312,%,2
OBS,2020,EU27+4,WEEE_generatedDedicated,WEEE_Cat1,inductor,plastics,n/a,m-c,0.2,%,2
OBS,2020,EU27+4,WEEE_generatedDedicated,WEEE_Cat1,insulation,n/a,n/a,c-p,0.000905,%,1
OBS,2020,EU27+4,WEEE_generatedDedicated,WEEE_Cat1,keyboard,AlAndAlAlloys,Ag,e-m,0.425,%,2
OBS,2020,EU27+4,WEEE_generatedDedicated,WEEE_Cat1,keyboard,AlAndAlAlloys,As,e-m,0.97,%,2
OBS,2020,EU27+4,WEEE_generatedDedicated,WEEE_Cat1,keyboard,AlAndAlAlloys,Cu,e-m,0.002,%,2
OBS,2020,EU27+4,WEEE_generatedDedicated,WEEE_Cat1,keyboard,AlAndAlAlloys,Ga,e-m,0.001,%,2
OBS,2020,EU27+4,WEEE_generatedDedicated,WEEE_Cat1,keyboard,AlAndAlAlloys,Mn,e-m,0.0248,%,2
OBS,2020,EU27+4,WEEE_generatedDedicated,WEEE_Cat1,keyboard,AlAndAlAlloys,Mo,e-m,0.002,%,2
OBS,2020,EU27+4,WEEE_generatedDedicated,WEEE_Cat1,keyboard,AlAndAlAlloys,Sm,e-m,0.0003,%,2
OBS,2020,EU27+4,WEEE_generatedDedicated,WEEE_Cat1,keyboard,AlAndAlAlloys,n/a,m-c,0.298,%,2
OBS,2020,EU27+4,WEEE_generatedDedicated,WEEE_Cat1,keyboard,CuAndCuAlloys,Ag,e-m,0.00512,%,2
OBS,2020,EU27+4,WEEE_generatedDedicated,WEEE_Cat1,keyboard,CuAndCuAlloys,Dy,e-m,0.75,%,2
OBS,2020,EU27+4,WEEE_generatedDedicated,WEEE_Cat1,keyboard,CuAndCuAlloys,Zr,e-m,0.25,%,2
OBS,2020,EU27+4,WEEE_generatedDedicated,WEEE_Cat1,keyboard,CuAndCuAlloys,n/a,m-c,0.00485,%,2
OBS,2020,EU27+4,WEEE_generatedDedicated,WEEE_Cat1,keyboard,ferrousMetals,Ag,e-m,0.0108,%,2
OBS,2020,EU27+4,WEEE_generatedDedicated,WEEE_Cat1,keyboard,ferrousMetals,Cu,e-m,0.18,%,2
OBS,2020,EU27+4,WEEE_generatedDedicated,WEEE_Cat1,keyboard,ferrousMetals,Ga,e-m,0.725,%,2
OBS,2020,EU27+4,WEEE_generatedDedicated,WEEE_Cat1,keyboard,ferrousMetals,Mo,e-m,0.01,%,2
OBS,2020,EU27+4,WEEE_generatedDedicated,WEEE_Cat1,keyboard,ferrousMetals,O,e-m,0.08,%,2
OBS,2020,EU27+4,WEEE_generatedDedicated,WEEE_Cat1,keyboard,ferrousMetals,Sm,e-m,0.005,%,2
OBS,2020,EU27+4,WEEE_generatedDedicated,WEEE_Cat1,keyboard,ferrousMetals,n/a,m-c,0.0107,%,2
OBS,2020,EU27+4,WEEE_generatedDedicated,WEEE_Cat1,keyboard,n/a,n/a,c-p,0.0013,%,1
OBS,2020,EU27+4,WEEE_generatedDedicated,WEEE_Cat1,keyboard,otherMetalsAndMetalAlloys,Ag,e-m,0.0599,%,2
OBS,2020,EU27+4,WEEE_generatedDedicated,WEEE_Cat1,keyboard,otherMetalsAndMetalAlloys,Al,e-m,0.9,%,2
OBS,2020,EU27+4,WEEE_generatedDedicated,WEEE_Cat1,keyboard,otherMetalsAndMetalAlloys,Dy,e-m,0.1,%,2
OBS,2020,EU27+4,WEEE_generatedDedicated,WEEE_Cat1,keyboard,otherMetalsAndMetalAlloys,n/a,m-c,0.0576,%,2
OBS,2020,EU27+4,WEEE_generatedDedicated,WEEE_Cat1,keyboard,plastics,Ag,e-m,0.338,%,2
OBS,2020,EU27+4,WEEE_generatedDedicated,WEEE_Cat1,keyboard,plastics,n/a,m-c,0.237,%,2
OBS,2020,EU27+4,WEEE_generatedDedicated,WEEE_Cat1,keyboard,undefinedAndMixedMaterials,Ag,e-m,0.0189,%,2
OBS,2020,EU27+4,WEEE_generatedDedicated,WEEE_Cat1,keyboard,undefinedAndMixedMaterials,n/a,m-c,0.0182,%,2
OBS,2020,EU27+4,WEEE_generatedDedicated,WEEE_Cat1,knob,AlAndAlAlloys,Ag,e-m,0.0208,%,1
OBS,2020,EU27+4,WEEE_generatedDedicated,WEEE_Cat1,knob,AlAndAlAlloys,As,e-m,0.97,%,1
OBS,2020,EU27+4,WEEE_generatedDedicated,WEEE_Cat1,knob,AlAndAlAlloys,Cu,e-m,0.002,%,1
OBS,2020,EU27+4,WEEE_generatedDedicated,WEEE_Cat1,knob,AlAndAlAlloys,Ga,e-m,0.001,%,1
OBS,2020,EU27+4,WEEE_generatedDedicated,WEEE_Cat1,knob,AlAndAlAlloys,Mn,e-m,0.0248,%,1
OBS,2020,EU27+4,WEEE_generatedDedicated,WEEE_Cat1,knob,AlAndAlAlloys,Mo,e-m,0.002,%,1
OBS,2020,EU27+4,WEEE_generatedDedicated,WEEE_Cat1,knob,AlAndAlAlloys,Sm,e-m,0.0003,%,1
OBS,2020,EU27+4,WEEE_generatedDedicated,WEEE_Cat1,knob,AlAndAlAlloys,n/a,m-c,0.0208,%,1
OBS,2020,EU27+4,WEEE_generatedDedicated,WEEE_Cat1,knob,ferrousMetals,Ag,e-m,0.104,%,1
OBS,2020,EU27+4,WEEE_generatedDedicated,WEEE_Cat1,knob,ferrousMetals,Ca,e-m,0.033,%,1
OBS,2020,EU27+4,WEEE_generatedDedicated,WEEE_Cat1,knob,ferrousMetals,Ga,e-m,0.938,%,1
OBS,2020,EU27+4,WEEE_generatedDedicated,WEEE_Cat1,knob,ferrousMetals,Mo,e-m,0.0075,%,1
OBS,2020,EU27+4,WEEE_generatedDedicated,WEEE_Cat1,knob,ferrousMetals,Sm,e-m,0.022,%,1
OBS,2020,EU27+4,WEEE_generatedDedicated,WEEE_Cat1,knob,ferrousMetals,n/a,m-c,0.104,%,1
OBS,2020,EU27+4,WEEE_generatedDedicated,WEEE_Cat1,knob,n/a,n/a,c-p,0.00378,%,1
OBS,2020,EU27+4,WEEE_generatedDedicated,WEEE_Cat1,knob,plastics,Ag,e-m,0.875,%,1
OBS,2020,EU27+4,WEEE_generatedDedicated,WEEE_Cat1,knob,plastics,n/a,m-c,0.875,%,1
OBS,2020,EU27+4,WEEE_generatedDedicated,WEEE_Cat1,lenseAssembly,AlAndAlAlloys,Ag,e-m,0.0932,%,2
OBS,2020,EU27+4,WEEE_generatedDedicated,WEEE_Cat1,lenseAssembly,AlAndAlAlloys,As,e-m,0.97,%,2
OBS,2020,EU27+4,WEEE_generatedDedicated,WEEE_Cat1,lenseAssembly,AlAndAlAlloys,Cu,e-m,0.002,%,2
OBS,2020,EU27+4,WEEE_generatedDedicated,WEEE_Cat1,lenseAssembly,AlAndAlAlloys,Ga,e-m,0.001,%,2
OBS,2020,EU27+4,WEEE_generatedDedicated,WEEE_Cat1,lenseAssembly,AlAndAlAlloys,Mn,e-m,0.0248,%,2
OBS,2020,EU27+4,WEEE_generatedDedicated,WEEE_Cat1,lenseAssembly,AlAndAlAlloys,Mo,e-m,0.002,%,2
OBS,2020,EU27+4,WEEE_generatedDedicated,WEEE_Cat1,lenseAssembly,AlAndAlAlloys,Sm,e-m,0.0003,%,2
OBS,2020,EU27+4,WEEE_generatedDedicated,WEEE_Cat1,lenseAssembly,AlAndAlAlloys,n/a,m-c,0.0861,%,2
OBS,2020,EU27+4,WEEE_generatedDedicated,WEEE_Cat1,lenseAssembly,CuAndCuAlloys,Ag,e-m,0.00734,%,2
OBS,2020,EU27+4,WEEE_generatedDedicated,WEEE_Cat1,lenseAssembly,CuAndCuAlloys,Dy,e-m,0.75,%,2
OBS,2020,EU27+4,WEEE_generatedDedicated,WEEE_Cat1,lenseAssembly,CuAndCuAlloys,Zr,e-m,0.25,%,2
OBS,2020,EU27+4,WEEE_generatedDedicated,WEEE_Cat1,lenseAssembly,CuAndCuAlloys,n/a,m-c,0.0069,%,2
OBS,2020,EU27+4,WEEE_generatedDedicated,WEEE_Cat1,lenseAssembly,ferrousMetals,Ag,e-m,0.191,%,2
OBS,2020,EU27+4,WEEE_generatedDedicated,WEEE_Cat1,lenseAssembly,ferrousMetals,Cu,e-m,0.18,%,2
OBS,2020,EU27+4,WEEE_generatedDedicated,WEEE_Cat1,lenseAssembly,ferrousMetals,Ga,e-m,0.725,%,2
OBS,2020,EU27+4,WEEE_generatedDedicated,WEEE_Cat1,lenseAssembly,ferrousMetals,Mo,e-m,0.01,%,2
OBS,2020,EU27+4,WEEE_generatedDedicated,WEEE_Cat1,lenseAssembly,ferrousMetals,O,e-m,0.08,%,2
OBS,2020,EU27+4,WEEE_generatedDedicated,WEEE_Cat1,lenseAssembly,ferrousMetals,Sm,e-m,0.005,%,2
OBS,2020,EU27+4,WEEE_generatedDedicated,WEEE_Cat1,lenseAssembly,ferrousMetals,n/a,m-c,0.191,%,2
OBS,2020,EU27+4,WEEE_generatedDedicated,WEEE_Cat1,lenseAssembly,glass,Ag,e-m,0.016,%,2
OBS,2020,EU27+4,WEEE_generatedDedicated,WEEE_Cat1,lenseAssembly,glass,Pd,e-m,0.265,%,2
OBS,2020,EU27+4,WEEE_generatedDedicated,WEEE_Cat1,lenseAssembly,glass,Sc,e-m,0.00196,%,2
OBS,2020,EU27+4,WEEE_generatedDedicated,WEEE_Cat1,lenseAssembly,glass,Zr,e-m,0.000708,%,2
OBS,2020,EU27+4,WEEE_generatedDedicated,WEEE_Cat1,lenseAssembly,glass,n/a,m-c,0.016,%,2
OBS,2020,EU27+4,WEEE_generatedDedicated,WEEE_Cat1,lenseAssembly,n/a,n/a,c-p,0.0478,%,2
OBS,2020,EU27+4,WEEE_generatedDedicated,WEEE_Cat1,lenseAssembly,plastics,Ag,e-m,0.289,%,2
OBS,2020,EU27+4,WEEE_generatedDedicated,WEEE_Cat1,lenseAssembly,plastics,n/a,m-c,0.272,%,2
OBS,2020,EU27+4,WEEE_generatedDedicated,WEEE_Cat1,lenseAssembly,undefinedAndMixedMaterials,Ag,e-m,0.0419,%,2
OBS,2020,EU27+4,WEEE_generatedDedicated,WEEE_Cat1,lenseAssembly,undefinedAndMixedMaterials,n/a,m-c,0.0419,%,2
OBS,2020,EU27+4,WEEE_generatedDedicated,WEEE_Cat1,lighting,n/a,n/a,c-p,0.00000463,%,1
OBS,2020,EU27+4,WEEE_generatedDedicated,WEEE_Cat1,lightingFlash,AlAndAlAlloys,Ag,e-m,0.0804,%,2
OBS,2020,EU27+4,WEEE_generatedDedicated,WEEE_Cat1,lightingFlash,AlAndAlAlloys,As,e-m,0.97,%,2
OBS,2020,EU27+4,WEEE_generatedDedicated,WEEE_Cat1,lightingFlash,AlAndAlAlloys,Cu,e-m,0.002,%,2
OBS,2020,EU27+4,WEEE_generatedDedicated,WEEE_Cat1,lightingFlash,AlAndAlAlloys,Ga,e-m,0.001,%,2
OBS,2020,EU27+4,WEEE_generatedDedicated,WEEE_Cat1,lightingFlash,AlAndAlAlloys,Mn,e-m,0.0248,%,2
OBS,2020,EU27+4,WEEE_generatedDedicated,WEEE_Cat1,lightingFlash,AlAndAlAlloys,Mo,e-m,0.002,%,2
OBS,2020,EU27+4,WEEE_generatedDedicated,WEEE_Cat1,lightingFlash,AlAndAlAlloys,Sm,e-m,0.0003,%,2
OBS,2020,EU27+4,WEEE_generatedDedicated,WEEE_Cat1,lightingFlash,AlAndAlAlloys,n/a,m-c,0.141,%,2
OBS,2020,EU27+4,WEEE_generatedDedicated,WEEE_Cat1,lightingFlash,CuAndCuAlloys,Ag,e-m,0.0295,%,2
OBS,2020,EU27+4,WEEE_generatedDedicated,WEEE_Cat1,lightingFlash,CuAndCuAlloys,Dy,e-m,0.75,%,2
OBS,2020,EU27+4,WEEE_generatedDedicated,WEEE_Cat1,lightingFlash,CuAndCuAlloys,Zr,e-m,0.25,%,2
OBS,2020,EU27+4,WEEE_generatedDedicated,WEEE_Cat1,lightingFlash,CuAndCuAlloys,n/a,m-c,0.0498,%,2
OBS,2020,EU27+4,WEEE_generatedDedicated,WEEE_Cat1,lightingFlash,ferrousMetals,Ag,e-m,0.125,%,2
OBS,2020,EU27+4,WEEE_generatedDedicated,WEEE_Cat1,lightingFlash,ferrousMetals,Cu,e-m,0.18,%,2
OBS,2020,EU27+4,WEEE_generatedDedicated,WEEE_Cat1,lightingFlash,ferrousMetals,Ga,e-m,0.725,%,2
OBS,2020,EU27+4,WEEE_generatedDedicated,WEEE_Cat1,lightingFlash,ferrousMetals,Mo,e-m,0.01,%,2
OBS,2020,EU27+4,WEEE_generatedDedicated,WEEE_Cat1,lightingFlash,ferrousMetals,O,e-m,0.08,%,2
OBS,2020,EU27+4,WEEE_generatedDedicated,WEEE_Cat1,lightingFlash,ferrousMetals,Sm,e-m,0.005,%,2
OBS,2020,EU27+4,WEEE_generatedDedicated,WEEE_Cat1,lightingFlash,ferrousMetals,n/a,m-c,0.22,%,2
OBS,2020,EU27+4,WEEE_generatedDedicated,WEEE_Cat1,lightingFlash,glass,Ag,e-m,0.0136,%,2
OBS,2020,EU27+4,WEEE_generatedDedicated,WEEE_Cat1,lightingFlash,glass,Pd,e-m,0.265,%,2
OBS,2020,EU27+4,WEEE_generatedDedicated,WEEE_Cat1,lightingFlash,glass,Sc,e-m,0.00196,%,2
OBS,2020,EU27+4,WEEE_generatedDedicated,WEEE_Cat1,lightingFlash,glass,Zr,e-m,0.000708,%,2
OBS,2020,EU27+4,WEEE_generatedDedicated,WEEE_Cat1,lightingFlash,glass,n/a,m-c,0.0125,%,2
OBS,2020,EU27+4,WEEE_generatedDedicated,WEEE_Cat1,lightingFlash,n/a,n/a,c-p,0.0592,%,2
OBS,2020,EU27+4,WEEE_generatedDedicated,WEEE_Cat1,lightingFlash,plastics,Ag,e-m,0.125,%,2
OBS,2020,EU27+4,WEEE_generatedDedicated,WEEE_Cat1,lightingFlash,plastics,n/a,m-c,0.22,%,2
OBS,2020,EU27+4,WEEE_generatedDedicated,WEEE_Cat1,lightingFlash,undefinedAndMixedMaterials,Ag,e-m,0.132,%,2
OBS,2020,EU27+4,WEEE_generatedDedicated,WEEE_Cat1,lightingFlash,undefinedAndMixedMaterials,n/a,m-c,0.132,%,2
OBS,2020,EU27+4,WEEE_generatedDedicated,WEEE_Cat1,magnetPermanent,n/a,n/a,c-p,0.0000743,%,1
OBS,2020,EU27+4,WEEE_generatedDedicated,WEEE_Cat1,magnetPermanent,otherOrUndefinedMaterials,Ag,e-m,1,%,1
OBS,2020,EU27+4,WEEE_generatedDedicated,WEEE_Cat1,magnetPermanent,otherOrUndefinedMaterials,n/a,m-c,1,%,1
OBS,2020,EU27+4,WEEE_generatedDedicated,WEEE_Cat1,magnetron,n/a,n/a,c-p,0.0149,%,1
OBS,2020,EU27+4,WEEE_generatedDedicated,WEEE_Cat1,mainboardInclCPUgpu,AlAndAlAlloys,Ag,e-m,0.0403,%,2
OBS,2020,EU27+4,WEEE_generatedDedicated,WEEE_Cat1,mainboardInclCPUgpu,AlAndAlAlloys,As,e-m,0.97,%,2
OBS,2020,EU27+4,WEEE_generatedDedicated,WEEE_Cat1,mainboardInclCPUgpu,AlAndAlAlloys,Cu,e-m,0.002,%,2
OBS,2020,EU27+4,WEEE_generatedDedicated,WEEE_Cat1,mainboardInclCPUgpu,AlAndAlAlloys,Ga,e-m,0.001,%,2
OBS,2020,EU27+4,WEEE_generatedDedicated,WEEE_Cat1,mainboardInclCPUgpu,AlAndAlAlloys,Mn,e-m,0.0248,%,2
OBS,2020,EU27+4,WEEE_generatedDedicated,WEEE_Cat1,mainboardInclCPUgpu,AlAndAlAlloys,Mo,e-m,0.002,%,2
OBS,2020,EU27+4,WEEE_generatedDedicated,WEEE_Cat1,mainboardInclCPUgpu,AlAndAlAlloys,Sm,e-m,0.0003,%,2
OBS,2020,EU27+4,WEEE_generatedDedicated,WEEE_Cat1,mainboardInclCPUgpu,AlAndAlAlloys,n/a,m-c,0.0403,%,2
OBS,2020,EU27+4,WEEE_generatedDedicated,WEEE_Cat1,mainboardInclCPUgpu,CuAndCuAlloys,Ag,e-m,0.0133,%,2
OBS,2020,EU27+4,WEEE_generatedDedicated,WEEE_Cat1,mainboardInclCPUgpu,CuAndCuAlloys,Dy,e-m,0.75,%,2
OBS,2020,EU27+4,WEEE_generatedDedicated,WEEE_Cat1,mainboardInclCPUgpu,CuAndCuAlloys,Zr,e-m,0.25,%,2
OBS,2020,EU27+4,WEEE_generatedDedicated,WEEE_Cat1,mainboardInclCPUgpu,CuAndCuAlloys,n/a,m-c,0.005,%,2
OBS,2020,EU27+4,WEEE_generatedDedicated,WEEE_Cat1,mainboardInclCPUgpu,ferrousMetals,Ag,e-m,0.0246,%,2
OBS,2020,EU27+4,WEEE_generatedDedicated,WEEE_Cat1,mainboardInclCPUgpu,ferrousMetals,Cu,e-m,0.18,%,2
OBS,2020,EU27+4,WEEE_generatedDedicated,WEEE_Cat1,mainboardInclCPUgpu,ferrousMetals,Ga,e-m,0.725,%,2
OBS,2020,EU27+4,WEEE_generatedDedicated,WEEE_Cat1,mainboardInclCPUgpu,ferrousMetals,Mo,e-m,0.01,%,2
OBS,2020,EU27+4,WEEE_generatedDedicated,WEEE_Cat1,mainboardInclCPUgpu,ferrousMetals,O,e-m,0.08,%,2
OBS,2020,EU27+4,WEEE_generatedDedicated,WEEE_Cat1,mainboardInclCPUgpu,ferrousMetals,Sm,e-m,0.005,%,2
OBS,2020,EU27+4,WEEE_generatedDedicated,WEEE_Cat1,mainboardInclCPUgpu,ferrousMetals,n/a,m-c,0.0439,%,2
OBS,2020,EU27+4,WEEE_generatedDedicated,WEEE_Cat1,mainboardInclCPUgpu,n/a,n/a,c-p,0.00051,%,2
OBS,2020,EU27+4,WEEE_generatedDedicated,WEEE_Cat1,mainboardInclCPUgpu,otherMetalsAndMetalAlloys,Ag,e-m,0.187,%,2
OBS,2020,EU27+4,WEEE_generatedDedicated,WEEE_Cat1,mainboardInclCPUgpu,otherMetalsAndMetalAlloys,Al,e-m,0.9,%,2
OBS,2020,EU27+4,WEEE_generatedDedicated,WEEE_Cat1,mainboardInclCPUgpu,otherMetalsAndMetalAlloys,Dy,e-m,0.1,%,2
OBS,2020,EU27+4,WEEE_generatedDedicated,WEEE_Cat1,mainboardInclCPUgpu,otherMetalsAndMetalAlloys,n/a,m-c,0.00732,%,2
OBS,2020,EU27+4,WEEE_generatedDedicated,WEEE_Cat1,mainboardInclCPUgpu,plastics,Ag,e-m,0.00146,%,2
OBS,2020,EU27+4,WEEE_generatedDedicated,WEEE_Cat1,mainboardInclCPUgpu,plastics,n/a,m-c,0.00146,%,2
OBS,2020,EU27+4,WEEE_generatedDedicated,WEEE_Cat1,mainboardInclCPUgpu,undefinedAndMixedMaterials,Ag,e-m,0.0286,%,2
OBS,2020,EU27+4,WEEE_generatedDedicated,WEEE_Cat1,mainboardInclCPUgpu,undefinedAndMixedMaterials,n/a,m-c,0.0333,%,2
OBS,2020,EU27+4,WEEE_generatedDedicated,WEEE_Cat1,n/a,n/a,n/a,c-p,0.385,%,2
OBS,2020,EU27+4,WEEE_generatedDedicated,WEEE_Cat1,non-electricCoil,AlAndAlAlloys,Ag,e-m,0.0189,%,1
OBS,2020,EU27+4,WEEE_generatedDedicated,WEEE_Cat1,non-electricCoil,AlAndAlAlloys,As,e-m,0.97,%,1
OBS,2020,EU27+4,WEEE_generatedDedicated,WEEE_Cat1,non-electricCoil,AlAndAlAlloys,Cu,e-m,0.002,%,1
OBS,2020,EU27+4,WEEE_generatedDedicated,WEEE_Cat1,non-electricCoil,AlAndAlAlloys,Ga,e-m,0.001,%,1
OBS,2020,EU27+4,WEEE_generatedDedicated,WEEE_Cat1,non-electricCoil,AlAndAlAlloys,Mn,e-m,0.0248,%,1
OBS,2020,EU27+4,WEEE_generatedDedicated,WEEE_Cat1,non-electricCoil,AlAndAlAlloys,Mo,e-m,0.002,%,1
OBS,2020,EU27+4,WEEE_generatedDedicated,WEEE_Cat1,non-electricCoil,AlAndAlAlloys,Sm,e-m,0.0003,%,1
OBS,2020,EU27+4,WEEE_generatedDedicated,WEEE_Cat1,non-electricCoil,AlAndAlAlloys,n/a,m-c,0.0189,%,1
OBS,2020,EU27+4,WEEE_generatedDedicated,WEEE_Cat1,non-electricCoil,ferrousMetals,Ag,e-m,0.264,%,1
OBS,2020,EU27+4,WEEE_generatedDedicated,WEEE_Cat1,non-electricCoil,ferrousMetals,Ca,e-m,0.033,%,1
OBS,2020,EU27+4,WEEE_generatedDedicated,WEEE_Cat1,non-electricCoil,ferrousMetals,Ga,e-m,0.938,%,1
OBS,2020,EU27+4,WEEE_generatedDedicated,WEEE_Cat1,non-electricCoil,ferrousMetals,Mo,e-m,0.0075,%,1
OBS,2020,EU27+4,WEEE_generatedDedicated,WEEE_Cat1,non-electricCoil,ferrousMetals,Sm,e-m,0.022,%,1
OBS,2020,EU27+4,WEEE_generatedDedicated,WEEE_Cat1,non-electricCoil,ferrousMetals,n/a,m-c,0.264,%,1
OBS,2020,EU27+4,WEEE_generatedDedicated,WEEE_Cat1,non-electricCoil,n/a,n/a,c-p,0.00209,%,1
OBS,2020,EU27+4,WEEE_generatedDedicated,WEEE_Cat1,non-electricCoil,plastics,Ag,e-m,0.717,%,1
OBS,2020,EU27+4,WEEE_generatedDedicated,WEEE_Cat1,non-electricCoil,plastics,n/a,m-c,0.717,%,1
OBS,2020,EU27+4,WEEE_generatedDedicated,WEEE_Cat1,nonElectricCoil,n/a,n/a,c-p,0.000261,%,1
OBS,2020,EU27+4,WEEE_generatedDedicated,WEEE_Cat1,onOffSwitch,CuAndCuAlloys,Ag,e-m,0.16,%,2
OBS,2020,EU27+4,WEEE_generatedDedicated,WEEE_Cat1,onOffSwitch,CuAndCuAlloys,Dy,e-m,0.75,%,2
OBS,2020,EU27+4,WEEE_generatedDedicated,WEEE_Cat1,onOffSwitch,CuAndCuAlloys,Zr,e-m,0.25,%,2
OBS,2020,EU27+4,WEEE_generatedDedicated,WEEE_Cat1,onOffSwitch,CuAndCuAlloys,n/a,m-c,0.16,%,2
OBS,2020,EU27+4,WEEE_generatedDedicated,WEEE_Cat1,onOffSwitch,n/a,n/a,c-p,0.000584,%,2
OBS,2020,EU27+4,WEEE_generatedDedicated,WEEE_Cat1,onOffSwitch,plastics,Ag,e-m,0.84,%,2
OBS,2020,EU27+4,WEEE_generatedDedicated,WEEE_Cat1,onOffSwitch,plastics,n/a,m-c,0.84,%,2
OBS,2020,EU27+4,WEEE_generatedDedicated,WEEE_Cat1,otherElectricCompUnspecified,AlAndAlAlloys,Ag,e-m,0.000538,%,2
OBS,2020,EU27+4,WEEE_generatedDedicated,WEEE_Cat1,otherElectricCompUnspecified,AlAndAlAlloys,As,e-m,0.97,%,2
OBS,2020,EU27+4,WEEE_generatedDedicated,WEEE_Cat1,otherElectricCompUnspecified,AlAndAlAlloys,Cu,e-m,0.002,%,2
OBS,2020,EU27+4,WEEE_generatedDedicated,WEEE_Cat1,otherElectricCompUnspecified,AlAndAlAlloys,Ga,e-m,0.001,%,2
OBS,2020,EU27+4,WEEE_generatedDedicated,WEEE_Cat1,otherElectricCompUnspecified,AlAndAlAlloys,Mn,e-m,0.0248,%,2
OBS,2020,EU27+4,WEEE_generatedDedicated,WEEE_Cat1,otherElectricCompUnspecified,AlAndAlAlloys,Mo,e-m,0.002,%,2
OBS,2020,EU27+4,WEEE_generatedDedicated,WEEE_Cat1,otherElectricCompUnspecified,AlAndAlAlloys,Sm,e-m,0.0003,%,2
OBS,2020,EU27+4,WEEE_generatedDedicated,WEEE_Cat1,otherElectricCompUnspecified,AlAndAlAlloys,n/a,m-c,0.000538,%,2
OBS,2020,EU27+4,WEEE_generatedDedicated,WEEE_Cat1,otherElectricCompUnspecified,CuAndCuAlloys,Ag,e-m,0.0113,%,2
OBS,2020,EU27+4,WEEE_generatedDedicated,WEEE_Cat1,otherElectricCompUnspecified,CuAndCuAlloys,Dy,e-m,0.75,%,2
OBS,2020,EU27+4,WEEE_generatedDedicated,WEEE_Cat1,otherElectricCompUnspecified,CuAndCuAlloys,Zr,e-m,0.25,%,2
OBS,2020,EU27+4,WEEE_generatedDedicated,WEEE_Cat1,otherElectricCompUnspecified,CuAndCuAlloys,n/a,m-c,0.0113,%,2
OBS,2020,EU27+4,WEEE_generatedDedicated,WEEE_Cat1,otherElectricCompUnspecified,ferrousMetals,Ag,e-m,0.0453,%,2
OBS,2020,EU27+4,WEEE_generatedDedicated,WEEE_Cat1,otherElectricCompUnspecified,ferrousMetals,Cu,e-m,0.18,%,2
OBS,2020,EU27+4,WEEE_generatedDedicated,WEEE_Cat1,otherElectricCompUnspecified,ferrousMetals,Ga,e-m,0.725,%,2
OBS,2020,EU27+4,WEEE_generatedDedicated,WEEE_Cat1,otherElectricCompUnspecified,ferrousMetals,Mo,e-m,0.01,%,2
OBS,2020,EU27+4,WEEE_generatedDedicated,WEEE_Cat1,otherElectricCompUnspecified,ferrousMetals,O,e-m,0.08,%,2
OBS,2020,EU27+4,WEEE_generatedDedicated,WEEE_Cat1,otherElectricCompUnspecified,ferrousMetals,Sm,e-m,0.005,%,2
OBS,2020,EU27+4,WEEE_generatedDedicated,WEEE_Cat1,otherElectricCompUnspecified,ferrousMetals,n/a,m-c,0.0772,%,2
OBS,2020,EU27+4,WEEE_generatedDedicated,WEEE_Cat1,otherElectricCompUnspecified,glass,Ag,e-m,0.082,%,2
OBS,2020,EU27+4,WEEE_generatedDedicated,WEEE_Cat1,otherElectricCompUnspecified,glass,Pd,e-m,0.265,%,2
OBS,2020,EU27+4,WEEE_generatedDedicated,WEEE_Cat1,otherElectricCompUnspecified,glass,Sc,e-m,0.00196,%,2
OBS,2020,EU27+4,WEEE_generatedDedicated,WEEE_Cat1,otherElectricCompUnspecified,glass,Zr,e-m,0.000708,%,2
OBS,2020,EU27+4,WEEE_generatedDedicated,WEEE_Cat1,otherElectricCompUnspecified,glass,n/a,m-c,0.082,%,2
OBS,2020,EU27+4,WEEE_generatedDedicated,WEEE_Cat1,otherElectricCompUnspecified,n/a,n/a,c-p,0.00859,%,1
OBS,2020,EU27+4,WEEE_generatedDedicated,WEEE_Cat1,otherElectricCompUnspecified,otherMetalsAndMetalAlloys,Ag,e-m,0.000882,%,2
OBS,2020,EU27+4,WEEE_generatedDedicated,WEEE_Cat1,otherElectricCompUnspecified,otherMetalsAndMetalAlloys,Al,e-m,0.9,%,2
OBS,2020,EU27+4,WEEE_generatedDedicated,WEEE_Cat1,otherElectricCompUnspecified,otherMetalsAndMetalAlloys,Dy,e-m,0.1,%,2
OBS,2020,EU27+4,WEEE_generatedDedicated,WEEE_Cat1,otherElectricCompUnspecified,otherMetalsAndMetalAlloys,n/a,m-c,0.00095,%,2
OBS,2020,EU27+4,WEEE_generatedDedicated,WEEE_Cat1,otherElectricCompUnspecified,otherOrUndefinedMaterials,Ag,e-m,1,%,1
OBS,2020,EU27+4,WEEE_generatedDedicated,WEEE_Cat1,otherElectricCompUnspecified,otherOrUndefinedMaterials,n/a,m-c,1,%,1
OBS,2020,EU27+4,WEEE_generatedDedicated,WEEE_Cat1,otherElectricCompUnspecified,plastics,Ag,e-m,0.111,%,2
OBS,2020,EU27+4,WEEE_generatedDedicated,WEEE_Cat1,otherElectricCompUnspecified,plastics,n/a,m-c,0.243,%,2
OBS,2020,EU27+4,WEEE_generatedDedicated,WEEE_Cat1,otherElectricCompUnspecified,undefinedAndMixedMaterials,Ag,e-m,0.0002,%,2
OBS,2020,EU27+4,WEEE_generatedDedicated,WEEE_Cat1,otherElectricCompUnspecified,undefinedAndMixedMaterials,n/a,m-c,0.0002,%,2
OBS,2020,EU27+4,WEEE_generatedDedicated,WEEE_Cat1,otherNonElectricCompUnspecified,AlAndAlAlloys,Ag,e-m,0.0205,%,1
OBS,2020,EU27+4,WEEE_generatedDedicated,WEEE_Cat1,otherNonElectricCompUnspecified,AlAndAlAlloys,As,e-m,0.97,%,1
OBS,2020,EU27+4,WEEE_generatedDedicated,WEEE_Cat1,otherNonElectricCompUnspecified,AlAndAlAlloys,Cu,e-m,0.002,%,1
OBS,2020,EU27+4,WEEE_generatedDedicated,WEEE_Cat1,otherNonElectricCompUnspecified,AlAndAlAlloys,Ga,e-m,0.001,%,1
OBS,2020,EU27+4,WEEE_generatedDedicated,WEEE_Cat1,otherNonElectricCompUnspecified,AlAndAlAlloys,Mn,e-m,0.0248,%,1
OBS,2020,EU27+4,WEEE_generatedDedicated,WEEE_Cat1,otherNonElectricCompUnspecified,AlAndAlAlloys,Mo,e-m,0.002,%,1
OBS,2020,EU27+4,WEEE_generatedDedicated,WEEE_Cat1,otherNonElectricCompUnspecified,AlAndAlAlloys,Sm,e-m,0.0003,%,1
OBS,2020,EU27+4,WEEE_generatedDedicated,WEEE_Cat1,otherNonElectricCompUnspecified,AlAndAlAlloys,n/a,m-c,0.0112,%,1
OBS,2020,EU27+4,WEEE_generatedDedicated,WEEE_Cat1,otherNonElectricCompUnspecified,CuAndCuAlloys,Ag,e-m,0.00302,%,1
OBS,2020,EU27+4,WEEE_generatedDedicated,WEEE_Cat1,otherNonElectricCompUnspecified,CuAndCuAlloys,As,e-m,0.97,%,1
OBS,2020,EU27+4,WEEE_generatedDedicated,WEEE_Cat1,otherNonElectricCompUnspecified,CuAndCuAlloys,Cu,e-m,0.002,%,1
OBS,2020,EU27+4,WEEE_generatedDedicated,WEEE_Cat1,otherNonElectricCompUnspecified,CuAndCuAlloys,Dy,e-m,0.75,%,1
OBS,2020,EU27+4,WEEE_generatedDedicated,WEEE_Cat1,otherNonElectricCompUnspecified,CuAndCuAlloys,Ga,e-m,0.001,%,1
OBS,2020,EU27+4,WEEE_generatedDedicated,WEEE_Cat1,otherNonElectricCompUnspecified,CuAndCuAlloys,Mn,e-m,0.0248,%,1
OBS,2020,EU27+4,WEEE_generatedDedicated,WEEE_Cat1,otherNonElectricCompUnspecified,CuAndCuAlloys,Mo,e-m,0.002,%,1
OBS,2020,EU27+4,WEEE_generatedDedicated,WEEE_Cat1,otherNonElectricCompUnspecified,CuAndCuAlloys,Sm,e-m,0.0003,%,1
OBS,2020,EU27+4,WEEE_generatedDedicated,WEEE_Cat1,otherNonElectricCompUnspecified,CuAndCuAlloys,Zr,e-m,0.25,%,1
OBS,2020,EU27+4,WEEE_generatedDedicated,WEEE_Cat1,otherNonElectricCompUnspecified,CuAndCuAlloys,n/a,m-c,0.00302,%,1
OBS,2020,EU27+4,WEEE_generatedDedicated,WEEE_Cat1,otherNonElectricCompUnspecified,ferrousMetals,Ag,e-m,0.0343,%,1
OBS,2020,EU27+4,WEEE_generatedDedicated,WEEE_Cat1,otherNonElectricCompUnspecified,ferrousMetals,Ca,e-m,0.033,%,1
OBS,2020,EU27+4,WEEE_generatedDedicated,WEEE_Cat1,otherNonElectricCompUnspecified,ferrousMetals,Cu,e-m,0.18,%,2
OBS,2020,EU27+4,WEEE_generatedDedicated,WEEE_Cat1,otherNonElectricCompUnspecified,ferrousMetals,Ga,e-m,0.725,%,1
OBS,2020,EU27+4,WEEE_generatedDedicated,WEEE_Cat1,otherNonElectricCompUnspecified,ferrousMetals,Mo,e-m,0.0075,%,1
OBS,2020,EU27+4,WEEE_generatedDedicated,WEEE_Cat1,otherNonElectricCompUnspecified,ferrousMetals,O,e-m,0.08,%,2
OBS,2020,EU27+4,WEEE_generatedDedicated,WEEE_Cat1,otherNonElectricCompUnspecified,ferrousMetals,Sm,e-m,0.005,%,1
OBS,2020,EU27+4,WEEE_generatedDedicated,WEEE_Cat1,otherNonElectricCompUnspecified,ferrousMetals,n/a,m-c,0.0343,%,1
OBS,2020,EU27+4,WEEE_generatedDedicated,WEEE_Cat1,otherNonElectricCompUnspecified,n/a,n/a,c-p,0.000287,%,1
OBS,2020,EU27+4,WEEE_generatedDedicated,WEEE_Cat1,otherNonElectricCompUnspecified,plastics,Ag,e-m,0.0777,%,1
OBS,2020,EU27+4,WEEE_generatedDedicated,WEEE_Cat1,otherNonElectricCompUnspecified,plastics,n/a,m-c,0.0777,%,1
OBS,2020,EU27+4,WEEE_generatedDedicated,WEEE_Cat1,otherNonElectricCompUnspecified,steelAndSteelAlloys,Ag,e-m,0.95,%,1
OBS,2020,EU27+4,WEEE_generatedDedicated,WEEE_Cat1,otherNonElectricCompUnspecified,steelAndSteelAlloys,Cu,e-m,0.18,%,1
OBS,2020,EU27+4,WEEE_generatedDedicated,WEEE_Cat1,otherNonElectricCompUnspecified,steelAndSteelAlloys,Ga,e-m,0.725,%,1
OBS,2020,EU27+4,WEEE_generatedDedicated,WEEE_Cat1,otherNonElectricCompUnspecified,steelAndSteelAlloys,Mo,e-m,0.01,%,1
OBS,2020,EU27+4,WEEE_generatedDedicated,WEEE_Cat1,otherNonElectricCompUnspecified,steelAndSteelAlloys,O,e-m,0.08,%,1
OBS,2020,EU27+4,WEEE_generatedDedicated,WEEE_Cat1,otherNonElectricCompUnspecified,steelAndSteelAlloys,Sm,e-m,0.005,%,1
OBS,2020,EU27+4,WEEE_generatedDedicated,WEEE_Cat1,otherNonElectricCompUnspecified,steelAndSteelAlloys,n/a,m-c,0.906,%,1
OBS,2020,EU27+4,WEEE_generatedDedicated,WEEE_Cat1,otherNonElectricCompUnspecified,undefinedAndMixedMaterials,Ag,e-m,0.00041,%,2
OBS,2020,EU27+4,WEEE_generatedDedicated,WEEE_Cat1,otherNonElectricCompUnspecified,undefinedAndMixedMaterials,n/a,m-c,0.000411,%,2
OBS,2020,EU27+4,WEEE_generatedDedicated,WEEE_Cat1,passiveJunctionBox,CuAndCuAlloys,Ag,e-m,0.477,%,1
OBS,2020,EU27+4,WEEE_generatedDedicated,WEEE_Cat1,passiveJunctionBox,CuAndCuAlloys,Dy,e-m,0.75,%,1
OBS,2020,EU27+4,WEEE_generatedDedicated,WEEE_Cat1,passiveJunctionBox,CuAndCuAlloys,Sr,e-m,0.016,%,1
OBS,2020,EU27+4,WEEE_generatedDedicated,WEEE_Cat1,passiveJunctionBox,CuAndCuAlloys,Zr,e-m,0.208,%,1
OBS,2020,EU27+4,WEEE_generatedDedicated,WEEE_Cat1,passiveJunctionBox,CuAndCuAlloys,n/a,m-c,0.477,%,1
OBS,2020,EU27+4,WEEE_generatedDedicated,WEEE_Cat1,passiveJunctionBox,n/a,n/a,c-p,0.0226,%,1
OBS,2020,EU27+4,WEEE_generatedDedicated,WEEE_Cat1,passiveJunctionBox,otherOrUndefinedMaterials,Ag,e-m,0.0073,%,1
OBS,2020,EU27+4,WEEE_generatedDedicated,WEEE_Cat1,passiveJunctionBox,otherOrUndefinedMaterials,n/a,m-c,0.00725,%,1
OBS,2020,EU27+4,WEEE_generatedDedicated,WEEE_Cat1,passiveJunctionBox,plastics,Ag,e-m,0.466,%,1
OBS,2020,EU27+4,WEEE_generatedDedicated,WEEE_Cat1,passiveJunctionBox,plastics,n/a,m-c,0.463,%,1
OBS,2020,EU27+4,WEEE_generatedDedicated,WEEE_Cat1,pcbWEEECat,n/a,n/a,c-p,0.0000873,%,1
OBS,2020,EU27+4,WEEE_generatedDedicated,WEEE_Cat1,pcbWEEECat,plastics,Ag,e-m,0.0278,%,1
OBS,2020,EU27+4,WEEE_generatedDedicated,WEEE_Cat1,pcbWEEECat,plastics,n/a,m-c,1,%,1
OBS,2020,EU27+4,WEEE_generatedDedicated,WEEE_Cat1,plug,n/a,n/a,c-p,0.00064,%,1
OBS,2020,EU27+4,WEEE_generatedDedicated,WEEE_Cat1,powerSupply,AlAndAlAlloys,Ag,e-m,0.0289,%,2
OBS,2020,EU27+4,WEEE_generatedDedicated,WEEE_Cat1,powerSupply,AlAndAlAlloys,As,e-m,0.97,%,2
OBS,2020,EU27+4,WEEE_generatedDedicated,WEEE_Cat1,powerSupply,AlAndAlAlloys,Cu,e-m,0.002,%,2
OBS,2020,EU27+4,WEEE_generatedDedicated,WEEE_Cat1,powerSupply,AlAndAlAlloys,Ga,e-m,0.001,%,2
OBS,2020,EU27+4,WEEE_generatedDedicated,WEEE_Cat1,powerSupply,AlAndAlAlloys,Mn,e-m,0.0248,%,2
OBS,2020,EU27+4,WEEE_generatedDedicated,WEEE_Cat1,powerSupply,AlAndAlAlloys,Mo,e-m,0.002,%,2
OBS,2020,EU27+4,WEEE_generatedDedicated,WEEE_Cat1,powerSupply,AlAndAlAlloys,Sm,e-m,0.0003,%,2
OBS,2020,EU27+4,WEEE_generatedDedicated,WEEE_Cat1,powerSupply,AlAndAlAlloys,n/a,m-c,0.0289,%,2
OBS,2020,EU27+4,WEEE_generatedDedicated,WEEE_Cat1,powerSupply,CuAndCuAlloys,Ag,e-m,0.0147,%,2
OBS,2020,EU27+4,WEEE_generatedDedicated,WEEE_Cat1,powerSupply,CuAndCuAlloys,Dy,e-m,0.75,%,2
OBS,2020,EU27+4,WEEE_generatedDedicated,WEEE_Cat1,powerSupply,CuAndCuAlloys,Zr,e-m,0.25,%,2
OBS,2020,EU27+4,WEEE_generatedDedicated,WEEE_Cat1,powerSupply,CuAndCuAlloys,n/a,m-c,0.0147,%,2
OBS,2020,EU27+4,WEEE_generatedDedicated,WEEE_Cat1,powerSupply,ferrousMetals,Ag,e-m,0.0293,%,2
OBS,2020,EU27+4,WEEE_generatedDedicated,WEEE_Cat1,powerSupply,ferrousMetals,Cu,e-m,0.18,%,2
OBS,2020,EU27+4,WEEE_generatedDedicated,WEEE_Cat1,powerSupply,ferrousMetals,Ga,e-m,0.725,%,2
OBS,2020,EU27+4,WEEE_generatedDedicated,WEEE_Cat1,powerSupply,ferrousMetals,Mo,e-m,0.01,%,2
OBS,2020,EU27+4,WEEE_generatedDedicated,WEEE_Cat1,powerSupply,ferrousMetals,O,e-m,0.08,%,2
OBS,2020,EU27+4,WEEE_generatedDedicated,WEEE_Cat1,powerSupply,ferrousMetals,Sm,e-m,0.005,%,2
OBS,2020,EU27+4,WEEE_generatedDedicated,WEEE_Cat1,powerSupply,ferrousMetals,n/a,m-c,0.0157,%,2
OBS,2020,EU27+4,WEEE_generatedDedicated,WEEE_Cat1,powerSupply,n/a,n/a,c-p,0.00195,%,1
OBS,2020,EU27+4,WEEE_generatedDedicated,WEEE_Cat1,powerSupply,otherMetalsAndMetalAlloys,Ag,e-m,0.994,%,2
OBS,2020,EU27+4,WEEE_generatedDedicated,WEEE_Cat1,powerSupply,otherMetalsAndMetalAlloys,Al,e-m,0.9,%,2
OBS,2020,EU27+4,WEEE_generatedDedicated,WEEE_Cat1,powerSupply,otherMetalsAndMetalAlloys,Dy,e-m,0.1,%,2
OBS,2020,EU27+4,WEEE_generatedDedicated,WEEE_Cat1,powerSupply,otherMetalsAndMetalAlloys,n/a,m-c,0.994,%,2
OBS,2020,EU27+4,WEEE_generatedDedicated,WEEE_Cat1,powerSupply,plastics,Ag,e-m,0.0158,%,2
OBS,2020,EU27+4,WEEE_generatedDedicated,WEEE_Cat1,powerSupply,plastics,n/a,m-c,0.0158,%,2
OBS,2020,EU27+4,WEEE_generatedDedicated,WEEE_Cat1,powerSupply,undefinedAndMixedMaterials,Ag,e-m,0.00504,%,2
OBS,2020,EU27+4,WEEE_generatedDedicated,WEEE_Cat1,powerSupply,undefinedAndMixedMaterials,n/a,m-c,0.00504,%,2
OBS,2020,EU27+4,WEEE_generatedDedicated,WEEE_Cat1,printedCircuitBoard,n/a,n/a,c-p,0.0000429,%,1
OBS,2020,EU27+4,WEEE_generatedDedicated,WEEE_Cat1,pump,ironWroughtAndCast,Ag,e-m,0.419,%,1
OBS,2020,EU27+4,WEEE_generatedDedicated,WEEE_Cat1,pump,ironWroughtAndCast,Ca,e-m,0.033,%,1
OBS,2020,EU27+4,WEEE_generatedDedicated,WEEE_Cat1,pump,ironWroughtAndCast,Ga,e-m,0.938,%,1
OBS,2020,EU27+4,WEEE_generatedDedicated,WEEE_Cat1,pump,ironWroughtAndCast,Mo,e-m,0.0075,%,1
OBS,2020,EU27+4,WEEE_generatedDedicated,WEEE_Cat1,pump,ironWroughtAndCast,Sm,e-m,0.022,%,1
OBS,2020,EU27+4,WEEE_generatedDedicated,WEEE_Cat1,pump,ironWroughtAndCast,n/a,m-c,0.419,%,1
OBS,2020,EU27+4,WEEE_generatedDedicated,WEEE_Cat1,pump,n/a,n/a,c-p,0.0013,%,1
OBS,2020,EU27+4,WEEE_generatedDedicated,WEEE_Cat1,pump,steelAndSteelAlloys,Ag,e-m,0.581,%,1
OBS,2020,EU27+4,WEEE_generatedDedicated,WEEE_Cat1,pump,steelAndSteelAlloys,Cu,e-m,0.18,%,1
OBS,2020,EU27+4,WEEE_generatedDedicated,WEEE_Cat1,pump,steelAndSteelAlloys,Ga,e-m,0.725,%,1
OBS,2020,EU27+4,WEEE_generatedDedicated,WEEE_Cat1,pump,steelAndSteelAlloys,Mo,e-m,0.01,%,1
OBS,2020,EU27+4,WEEE_generatedDedicated,WEEE_Cat1,pump,steelAndSteelAlloys,O,e-m,0.08,%,1
OBS,2020,EU27+4,WEEE_generatedDedicated,WEEE_Cat1,pump,steelAndSteelAlloys,Sm,e-m,0.005,%,1
OBS,2020,EU27+4,WEEE_generatedDedicated,WEEE_Cat1,pump,steelAndSteelAlloys,n/a,m-c,0.581,%,1
OBS,2020,EU27+4,WEEE_generatedDedicated,WEEE_Cat1,refrigerant,n/a,n/a,c-p,0.0089,%,1
OBS,2020,EU27+4,WEEE_generatedDedicated,WEEE_Cat1,refrigerant,otherOrUndefinedMaterials,Ag,e-m,1,%,1
OBS,2020,EU27+4,WEEE_generatedDedicated,WEEE_Cat1,refrigerant,otherOrUndefinedMaterials,n/a,m-c,1,%,1
OBS,2020,EU27+4,WEEE_generatedDedicated,WEEE_Cat1,remoteControl,AlAndAlAlloys,Ag,e-m,0.00684,%,2
OBS,2020,EU27+4,WEEE_generatedDedicated,WEEE_Cat1,remoteControl,AlAndAlAlloys,As,e-m,0.97,%,2
OBS,2020,EU27+4,WEEE_generatedDedicated,WEEE_Cat1,remoteControl,AlAndAlAlloys,Cu,e-m,0.002,%,2
OBS,2020,EU27+4,WEEE_generatedDedicated,WEEE_Cat1,remoteControl,AlAndAlAlloys,Ga,e-m,0.001,%,2
OBS,2020,EU27+4,WEEE_generatedDedicated,WEEE_Cat1,remoteControl,AlAndAlAlloys,Mn,e-m,0.0248,%,2
OBS,2020,EU27+4,WEEE_generatedDedicated,WEEE_Cat1,remoteControl,AlAndAlAlloys,Mo,e-m,0.002,%,2
OBS,2020,EU27+4,WEEE_generatedDedicated,WEEE_Cat1,remoteControl,AlAndAlAlloys,Sm,e-m,0.0003,%,2
OBS,2020,EU27+4,WEEE_generatedDedicated,WEEE_Cat1,remoteControl,AlAndAlAlloys,n/a,m-c,0.0068,%,2
OBS,2020,EU27+4,WEEE_generatedDedicated,WEEE_Cat1,remoteControl,CuAndCuAlloys,Ag,e-m,0.00964,%,2
OBS,2020,EU27+4,WEEE_generatedDedicated,WEEE_Cat1,remoteControl,CuAndCuAlloys,Dy,e-m,0.75,%,2
OBS,2020,EU27+4,WEEE_generatedDedicated,WEEE_Cat1,remoteControl,CuAndCuAlloys,Zr,e-m,0.25,%,2
OBS,2020,EU27+4,WEEE_generatedDedicated,WEEE_Cat1,remoteControl,CuAndCuAlloys,n/a,m-c,0.00956,%,2
OBS,2020,EU27+4,WEEE_generatedDedicated,WEEE_Cat1,remoteControl,ferrousMetals,Ag,e-m,0.0506,%,2
OBS,2020,EU27+4,WEEE_generatedDedicated,WEEE_Cat1,remoteControl,ferrousMetals,Cu,e-m,0.18,%,2
OBS,2020,EU27+4,WEEE_generatedDedicated,WEEE_Cat1,remoteControl,ferrousMetals,Ga,e-m,0.725,%,2
OBS,2020,EU27+4,WEEE_generatedDedicated,WEEE_Cat1,remoteControl,ferrousMetals,Mo,e-m,0.01,%,2
OBS,2020,EU27+4,WEEE_generatedDedicated,WEEE_Cat1,remoteControl,ferrousMetals,O,e-m,0.08,%,2
OBS,2020,EU27+4,WEEE_generatedDedicated,WEEE_Cat1,remoteControl,ferrousMetals,Sm,e-m,0.005,%,2
OBS,2020,EU27+4,WEEE_generatedDedicated,WEEE_Cat1,remoteControl,ferrousMetals,n/a,m-c,0.0503,%,2
OBS,2020,EU27+4,WEEE_generatedDedicated,WEEE_Cat1,remoteControl,n/a,n/a,c-p,0.0016,%,1
OBS,2020,EU27+4,WEEE_generatedDedicated,WEEE_Cat1,remoteControl,otherOrUndefinedMaterials,Ag,e-m,1,%,1
OBS,2020,EU27+4,WEEE_generatedDedicated,WEEE_Cat1,remoteControl,otherOrUndefinedMaterials,n/a,m-c,1,%,1
OBS,2020,EU27+4,WEEE_generatedDedicated,WEEE_Cat1,remoteControl,plastics,Ag,e-m,0.583,%,2
OBS,2020,EU27+4,WEEE_generatedDedicated,WEEE_Cat1,remoteControl,plastics,n/a,m-c,0.583,%,2
OBS,2020,EU27+4,WEEE_generatedDedicated,WEEE_Cat1,remoteControl,undefinedAndMixedMaterials,Ag,e-m,0.000907,%,2
OBS,2020,EU27+4,WEEE_generatedDedicated,WEEE_Cat1,remoteControl,undefinedAndMixedMaterials,n/a,m-c,0.000899,%,2
OBS,2020,EU27+4,WEEE_generatedDedicated,WEEE_Cat1,resistor,n/a,n/a,c-p,0.000847,%,1
OBS,2020,EU27+4,WEEE_generatedDedicated,WEEE_Cat1,rotor,ferrousMetals,Ag,e-m,0.0325,%,1
OBS,2020,EU27+4,WEEE_generatedDedicated,WEEE_Cat1,rotor,ferrousMetals,Cu,e-m,0.18,%,1
OBS,2020,EU27+4,WEEE_generatedDedicated,WEEE_Cat1,rotor,ferrousMetals,Ga,e-m,0.725,%,1
OBS,2020,EU27+4,WEEE_generatedDedicated,WEEE_Cat1,rotor,ferrousMetals,Mo,e-m,0.01,%,1
OBS,2020,EU27+4,WEEE_generatedDedicated,WEEE_Cat1,rotor,ferrousMetals,O,e-m,0.08,%,1
OBS,2020,EU27+4,WEEE_generatedDedicated,WEEE_Cat1,rotor,ferrousMetals,Sm,e-m,0.005,%,1
OBS,2020,EU27+4,WEEE_generatedDedicated,WEEE_Cat1,rotor,ferrousMetals,n/a,m-c,0.032,%,1
OBS,2020,EU27+4,WEEE_generatedDedicated,WEEE_Cat1,rotor,n/a,n/a,c-p,0.00184,%,1
OBS,2020,EU27+4,WEEE_generatedDedicated,WEEE_Cat1,rotor,plastics,Ag,e-m,0.984,%,1
OBS,2020,EU27+4,WEEE_generatedDedicated,WEEE_Cat1,rotor,plastics,n/a,m-c,0.804,%,1
OBS,2020,EU27+4,WEEE_generatedDedicated,WEEE_Cat1,screw,CuAndCuAlloys,Ag,e-m,1,%,1
OBS,2020,EU27+4,WEEE_generatedDedicated,WEEE_Cat1,screw,CuAndCuAlloys,Dy,e-m,0.75,%,1
OBS,2020,EU27+4,WEEE_generatedDedicated,WEEE_Cat1,screw,CuAndCuAlloys,Zr,e-m,0.25,%,1
OBS,2020,EU27+4,WEEE_generatedDedicated,WEEE_Cat1,screw,CuAndCuAlloys,n/a,m-c,0.5,%,1
OBS,2020,EU27+4,WEEE_generatedDedicated,WEEE_Cat1,screw,ferrousMetals,Ag,e-m,1,%,1
OBS,2020,EU27+4,WEEE_generatedDedicated,WEEE_Cat1,screw,ferrousMetals,Ca,e-m,0.033,%,1
OBS,2020,EU27+4,WEEE_generatedDedicated,WEEE_Cat1,screw,ferrousMetals,Ga,e-m,0.938,%,1
OBS,2020,EU27+4,WEEE_generatedDedicated,WEEE_Cat1,screw,ferrousMetals,Mo,e-m,0.0075,%,1
OBS,2020,EU27+4,WEEE_generatedDedicated,WEEE_Cat1,screw,ferrousMetals,Sm,e-m,0.022,%,1
OBS,2020,EU27+4,WEEE_generatedDedicated,WEEE_Cat1,screw,ferrousMetals,n/a,m-c,0.5,%,1
OBS,2020,EU27+4,WEEE_generatedDedicated,WEEE_Cat1,screw,n/a,n/a,c-p,0.00049,%,1
OBS,2020,EU27+4,WEEE_generatedDedicated,WEEE_Cat1,sensorUnspecified,ferrousMetals,n/a,m-c,0.109,%,2
OBS,2020,EU27+4,WEEE_generatedDedicated,WEEE_Cat1,sensorUnspecified,n/a,n/a,c-p,0.000116,%,1
OBS,2020,EU27+4,WEEE_generatedDedicated,WEEE_Cat1,sensorUnspecified,plastics,n/a,m-c,0.891,%,2
OBS,2020,EU27+4,WEEE_generatedDedicated,WEEE_Cat1,shadowComponentWEEE,CuAndCuAlloys,Ag,e-m,0.0011,%,1
OBS,2020,EU27+4,WEEE_generatedDedicated,WEEE_Cat1,shadowComponentWEEE,CuAndCuAlloys,As,e-m,0.233,%,1
OBS,2020,EU27+4,WEEE_generatedDedicated,WEEE_Cat1,shadowComponentWEEE,CuAndCuAlloys,Cu,e-m,0.000481,%,1
OBS,2020,EU27+4,WEEE_generatedDedicated,WEEE_Cat1,shadowComponentWEEE,CuAndCuAlloys,Dy,e-m,0.375,%,1
OBS,2020,EU27+4,WEEE_generatedDedicated,WEEE_Cat1,shadowComponentWEEE,CuAndCuAlloys,Ga,e-m,0.000241,%,1
OBS,2020,EU27+4,WEEE_generatedDedicated,WEEE_Cat1,shadowComponentWEEE,CuAndCuAlloys,Mn,e-m,0.00597,%,1
OBS,2020,EU27+4,WEEE_generatedDedicated,WEEE_Cat1,shadowComponentWEEE,CuAndCuAlloys,Mo,e-m,0.000481,%,1
OBS,2020,EU27+4,WEEE_generatedDedicated,WEEE_Cat1,shadowComponentWEEE,CuAndCuAlloys,Sm,e-m,0.0000722,%,1
OBS,2020,EU27+4,WEEE_generatedDedicated,WEEE_Cat1,shadowComponentWEEE,CuAndCuAlloys,Sr,e-m,0.12,%,1
OBS,2020,EU27+4,WEEE_generatedDedicated,WEEE_Cat1,shadowComponentWEEE,CuAndCuAlloys,Zr,e-m,0.125,%,1
OBS,2020,EU27+4,WEEE_generatedDedicated,WEEE_Cat1,shadowComponentWEEE,CuAndCuAlloys,n/a,m-c,0.000675,%,1
OBS,2020,EU27+4,WEEE_generatedDedicated,WEEE_Cat1,shadowComponentWEEE,bitumen,Ag,e-m,0.0218,%,1
OBS,2020,EU27+4,WEEE_generatedDedicated,WEEE_Cat1,shadowComponentWEEE,bitumen,n/a,m-c,0.0141,%,1
OBS,2020,EU27+4,WEEE_generatedDedicated,WEEE_Cat1,shadowComponentWEEE,ceramicComposites,Ag,e-m,0.00843,%,1
OBS,2020,EU27+4,WEEE_generatedDedicated,WEEE_Cat1,shadowComponentWEEE,ceramicComposites,n/a,m-c,0.00769,%,1
OBS,2020,EU27+4,WEEE_generatedDedicated,WEEE_Cat1,shadowComponentWEEE,concrete,Ag,e-m,0.474,%,1
OBS,2020,EU27+4,WEEE_generatedDedicated,WEEE_Cat1,shadowComponentWEEE,concrete,n/a,m-c,0.308,%,1
OBS,2020,EU27+4,WEEE_generatedDedicated,WEEE_Cat1,shadowComponentWEEE,glass,Ag,e-m,0.0011,%,1
OBS,2020,EU27+4,WEEE_generatedDedicated,WEEE_Cat1,shadowComponentWEEE,glass,Pd,e-m,0.265,%,1
OBS,2020,EU27+4,WEEE_generatedDedicated,WEEE_Cat1,shadowComponentWEEE,glass,Sc,e-m,0.00196,%,1
OBS,2020,EU27+4,WEEE_generatedDedicated,WEEE_Cat1,shadowComponentWEEE,glass,Zr,e-m,0.000708,%,1
OBS,2020,EU27+4,WEEE_generatedDedicated,WEEE_Cat1,shadowComponentWEEE,glass,n/a,m-c,0.000675,%,1
OBS,2020,EU27+4,WEEE_generatedDedicated,WEEE_Cat1,shadowComponentWEEE,ironWroughtAndCast,Ag,e-m,0.027,%,1
OBS,2020,EU27+4,WEEE_generatedDedicated,WEEE_Cat1,shadowComponentWEEE,ironWroughtAndCast,Ca,e-m,0.033,%,1
OBS,2020,EU27+4,WEEE_generatedDedicated,WEEE_Cat1,shadowComponentWEEE,ironWroughtAndCast,Ga,e-m,0.938,%,1
OBS,2020,EU27+4,WEEE_generatedDedicated,WEEE_Cat1,shadowComponentWEEE,ironWroughtAndCast,Mo,e-m,0.0075,%,1
OBS,2020,EU27+4,WEEE_generatedDedicated,WEEE_Cat1,shadowComponentWEEE,ironWroughtAndCast,Sm,e-m,0.022,%,1
OBS,2020,EU27+4,WEEE_generatedDedicated,WEEE_Cat1,shadowComponentWEEE,ironWroughtAndCast,n/a,m-c,0.027,%,1
OBS,2020,EU27+4,WEEE_generatedDedicated,WEEE_Cat1,shadowComponentWEEE,n/a,n/a,c-p,0.001,%,1
OBS,2020,EU27+4,WEEE_generatedDedicated,WEEE_Cat1,shadowComponentWEEE,oil4,Ag,e-m,0.00329,%,1
OBS,2020,EU27+4,WEEE_generatedDedicated,WEEE_Cat1,shadowComponentWEEE,oil4,n/a,m-c,0.00293,%,1
OBS,2020,EU27+4,WEEE_generatedDedicated,WEEE_Cat1,shadowComponentWEEE,otherMetalsAndMetalAlloys,Ag,e-m,0.0011,%,1
OBS,2020,EU27+4,WEEE_generatedDedicated,WEEE_Cat1,shadowComponentWEEE,otherMetalsAndMetalAlloys,Al,e-m,0.517,%,1
OBS,2020,EU27+4,WEEE_generatedDedicated,WEEE_Cat1,shadowComponentWEEE,otherMetalsAndMetalAlloys,As,e-m,0.00413,%,1
OBS,2020,EU27+4,WEEE_generatedDedicated,WEEE_Cat1,shadowComponentWEEE,otherMetalsAndMetalAlloys,Bi,e-m,0.000000741,%,1
OBS,2020,EU27+4,WEEE_generatedDedicated,WEEE_Cat1,shadowComponentWEEE,otherMetalsAndMetalAlloys,Ca,e-m,0.000111,%,1
OBS,2020,EU27+4,WEEE_generatedDedicated,WEEE_Cat1,shadowComponentWEEE,otherMetalsAndMetalAlloys,Cl,e-m,0.000222,%,1
OBS,2020,EU27+4,WEEE_generatedDedicated,WEEE_Cat1,shadowComponentWEEE,otherMetalsAndMetalAlloys,Dy,e-m,0.0576,%,1
OBS,2020,EU27+4,WEEE_generatedDedicated,WEEE_Cat1,shadowComponentWEEE,otherMetalsAndMetalAlloys,Ga,e-m,0.000007,%,1
OBS,2020,EU27+4,WEEE_generatedDedicated,WEEE_Cat1,shadowComponentWEEE,otherMetalsAndMetalAlloys,Mn,e-m,0.0336,%,1
OBS,2020,EU27+4,WEEE_generatedDedicated,WEEE_Cat1,shadowComponentWEEE,otherMetalsAndMetalAlloys,Mo,e-m,0.00011,%,1
OBS,2020,EU27+4,WEEE_generatedDedicated,WEEE_Cat1,shadowComponentWEEE,otherMetalsAndMetalAlloys,O,e-m,0.11,%,1
OBS,2020,EU27+4,WEEE_generatedDedicated,WEEE_Cat1,shadowComponentWEEE,otherMetalsAndMetalAlloys,Sm,e-m,0.0000175,%,1
OBS,2020,EU27+4,WEEE_generatedDedicated,WEEE_Cat1,shadowComponentWEEE,otherMetalsAndMetalAlloys,Zr,e-m,0.000315,%,1
OBS,2020,EU27+4,WEEE_generatedDedicated,WEEE_Cat1,shadowComponentWEEE,otherMetalsAndMetalAlloys,n/a,m-c,0.000675,%,1
OBS,2020,EU27+4,WEEE_generatedDedicated,WEEE_Cat1,shadowComponentWEEE,otherOrUndefinedMaterials,Ag,e-m,0.000548,%,1
OBS,2020,EU27+4,WEEE_generatedDedicated,WEEE_Cat1,shadowComponentWEEE,otherOrUndefinedMaterials,n/a,m-c,0.000488,%,1
OBS,2020,EU27+4,WEEE_generatedDedicated,WEEE_Cat1,shadowComponentWEEE,otherOrganics,Ag,e-m,0.011,%,1
OBS,2020,EU27+4,WEEE_generatedDedicated,WEEE_Cat1,shadowComponentWEEE,otherOrganics,n/a,m-c,0.00905,%,1
OBS,2020,EU27+4,WEEE_generatedDedicated,WEEE_Cat1,shadowComponentWEEE,plasticComposites,Ag,e-m,0.0034,%,1
OBS,2020,EU27+4,WEEE_generatedDedicated,WEEE_Cat1,shadowComponentWEEE,plasticComposites,n/a,m-c,0.00311,%,1
OBS,2020,EU27+4,WEEE_generatedDedicated,WEEE_Cat1,shadowComponentWEEE,plastics,Ag,e-m,0.0179,%,1
OBS,2020,EU27+4,WEEE_generatedDedicated,WEEE_Cat1,shadowComponentWEEE,plastics,n/a,m-c,0.011,%,1
OBS,2020,EU27+4,WEEE_generatedDedicated,WEEE_Cat1,shadowComponentWEEE,reinforcedPlastics,Ag,e-m,0.00849,%,1
OBS,2020,EU27+4,WEEE_generatedDedicated,WEEE_Cat1,shadowComponentWEEE,reinforcedPlastics,n/a,m-c,0.00551,%,1
OBS,2020,EU27+4,WEEE_generatedDedicated,WEEE_Cat1,shadowComponentWEEE,sand,Ag,e-m,0.0103,%,1
OBS,2020,EU27+4,WEEE_generatedDedicated,WEEE_Cat1,shadowComponentWEEE,sand,Pd,e-m,0.265,%,1
OBS,2020,EU27+4,WEEE_generatedDedicated,WEEE_Cat1,shadowComponentWEEE,sand,Sc,e-m,0.00196,%,1
OBS,2020,EU27+4,WEEE_generatedDedicated,WEEE_Cat1,shadowComponentWEEE,sand,Zr,e-m,0.000708,%,1
OBS,2020,EU27+4,WEEE_generatedDedicated,WEEE_Cat1,shadowComponentWEEE,sand,n/a,m-c,0.00665,%,1
OBS,2020,EU27+4,WEEE_generatedDedicated,WEEE_Cat1,shadowComponentWEEE,steelAndSteelAlloys,Ag,e-m,0.0952,%,1
OBS,2020,EU27+4,WEEE_generatedDedicated,WEEE_Cat1,shadowComponentWEEE,steelAndSteelAlloys,Cu,e-m,0.09,%,1
OBS,2020,EU27+4,WEEE_generatedDedicated,WEEE_Cat1,shadowComponentWEEE,steelAndSteelAlloys,Ga,e-m,0.725,%,1
OBS,2020,EU27+4,WEEE_generatedDedicated,WEEE_Cat1,shadowComponentWEEE,steelAndSteelAlloys,Mo,e-m,0.01,%,1
OBS,2020,EU27+4,WEEE_generatedDedicated,WEEE_Cat1,shadowComponentWEEE,steelAndSteelAlloys,O,e-m,0.04,%,1
OBS,2020,EU27+4,WEEE_generatedDedicated,WEEE_Cat1,shadowComponentWEEE,steelAndSteelAlloys,Sm,e-m,0.003,%,1
OBS,2020,EU27+4,WEEE_generatedDedicated,WEEE_Cat1,shadowComponentWEEE,steelAndSteelAlloys,n/a,m-c,0.0735,%,1
OBS,2020,EU27+4,WEEE_generatedDedicated,WEEE_Cat1,solenoidValve,n/a,n/a,c-p,0.0016,%,1
OBS,2020,EU27+4,WEEE_generatedDedicated,WEEE_Cat1,speakerEEE2,AlAndAlAlloys,Ag,e-m,0.0405,%,2
OBS,2020,EU27+4,WEEE_generatedDedicated,WEEE_Cat1,speakerEEE2,AlAndAlAlloys,As,e-m,0.97,%,2
OBS,2020,EU27+4,WEEE_generatedDedicated,WEEE_Cat1,speakerEEE2,AlAndAlAlloys,Cu,e-m,0.002,%,2
OBS,2020,EU27+4,WEEE_generatedDedicated,WEEE_Cat1,speakerEEE2,AlAndAlAlloys,Ga,e-m,0.001,%,2
OBS,2020,EU27+4,WEEE_generatedDedicated,WEEE_Cat1,speakerEEE2,AlAndAlAlloys,Mn,e-m,0.0248,%,2
OBS,2020,EU27+4,WEEE_generatedDedicated,WEEE_Cat1,speakerEEE2,AlAndAlAlloys,Mo,e-m,0.002,%,2
OBS,2020,EU27+4,WEEE_generatedDedicated,WEEE_Cat1,speakerEEE2,AlAndAlAlloys,Sm,e-m,0.0003,%,2
OBS,2020,EU27+4,WEEE_generatedDedicated,WEEE_Cat1,speakerEEE2,AlAndAlAlloys,n/a,m-c,0.0437,%,2
OBS,2020,EU27+4,WEEE_generatedDedicated,WEEE_Cat1,speakerEEE2,CuAndCuAlloys,Ag,e-m,0.00833,%,2
OBS,2020,EU27+4,WEEE_generatedDedicated,WEEE_Cat1,speakerEEE2,CuAndCuAlloys,Dy,e-m,0.75,%,2
OBS,2020,EU27+4,WEEE_generatedDedicated,WEEE_Cat1,speakerEEE2,CuAndCuAlloys,Zr,e-m,0.25,%,2
OBS,2020,EU27+4,WEEE_generatedDedicated,WEEE_Cat1,speakerEEE2,CuAndCuAlloys,n/a,m-c,0.00898,%,2
OBS,2020,EU27+4,WEEE_generatedDedicated,WEEE_Cat1,speakerEEE2,ferrousMetals,Ag,e-m,0.0347,%,2
OBS,2020,EU27+4,WEEE_generatedDedicated,WEEE_Cat1,speakerEEE2,ferrousMetals,Cu,e-m,0.18,%,2
OBS,2020,EU27+4,WEEE_generatedDedicated,WEEE_Cat1,speakerEEE2,ferrousMetals,Ga,e-m,0.725,%,2
OBS,2020,EU27+4,WEEE_generatedDedicated,WEEE_Cat1,speakerEEE2,ferrousMetals,Mo,e-m,0.01,%,2
OBS,2020,EU27+4,WEEE_generatedDedicated,WEEE_Cat1,speakerEEE2,ferrousMetals,O,e-m,0.08,%,2
OBS,2020,EU27+4,WEEE_generatedDedicated,WEEE_Cat1,speakerEEE2,ferrousMetals,Sm,e-m,0.005,%,2
OBS,2020,EU27+4,WEEE_generatedDedicated,WEEE_Cat1,speakerEEE2,ferrousMetals,n/a,m-c,0.0341,%,2
OBS,2020,EU27+4,WEEE_generatedDedicated,WEEE_Cat1,speakerEEE2,n/a,n/a,c-p,0.000478,%,1
OBS,2020,EU27+4,WEEE_generatedDedicated,WEEE_Cat1,speakerEEE2,otherMetalsAndMetalAlloys,Ag,e-m,0.0875,%,2
OBS,2020,EU27+4,WEEE_generatedDedicated,WEEE_Cat1,speakerEEE2,otherMetalsAndMetalAlloys,Al,e-m,0.9,%,2
OBS,2020,EU27+4,WEEE_generatedDedicated,WEEE_Cat1,speakerEEE2,otherMetalsAndMetalAlloys,Dy,e-m,0.1,%,2
OBS,2020,EU27+4,WEEE_generatedDedicated,WEEE_Cat1,speakerEEE2,otherMetalsAndMetalAlloys,n/a,m-c,0.0583,%,2
OBS,2020,EU27+4,WEEE_generatedDedicated,WEEE_Cat1,speakerEEE2,plastics,Ag,e-m,0.179,%,2
OBS,2020,EU27+4,WEEE_generatedDedicated,WEEE_Cat1,speakerEEE2,plastics,n/a,m-c,0.179,%,2
OBS,2020,EU27+4,WEEE_generatedDedicated,WEEE_Cat1,speakerEEE2,undefinedAndMixedMaterials,Ag,e-m,0.0127,%,2
OBS,2020,EU27+4,WEEE_generatedDedicated,WEEE_Cat1,speakerEEE2,undefinedAndMixedMaterials,n/a,m-c,0.0127,%,2
OBS,2020,EU27+4,WEEE_generatedDedicated,WEEE_Cat1,switch,n/a,n/a,c-p,0.0000955,%,1
OBS,2020,EU27+4,WEEE_generatedDedicated,WEEE_Cat1,tonerCartridge,n/a,n/a,c-p,0.0266,%,1
OBS,2020,EU27+4,WEEE_generatedDedicated,WEEE_Cat1,transformator,CuAndCuAlloys,Ag,e-m,0.422,%,2
OBS,2020,EU27+4,WEEE_generatedDedicated,WEEE_Cat1,transformator,CuAndCuAlloys,Dy,e-m,0.75,%,2
OBS,2020,EU27+4,WEEE_generatedDedicated,WEEE_Cat1,transformator,CuAndCuAlloys,Zr,e-m,0.25,%,2
OBS,2020,EU27+4,WEEE_generatedDedicated,WEEE_Cat1,transformator,CuAndCuAlloys,n/a,m-c,0.5,%,2
OBS,2020,EU27+4,WEEE_generatedDedicated,WEEE_Cat1,transformator,ferrousMetals,Ag,e-m,0.422,%,2
OBS,2020,EU27+4,WEEE_generatedDedicated,WEEE_Cat1,transformator,ferrousMetals,Cu,e-m,0.18,%,2
OBS,2020,EU27+4,WEEE_generatedDedicated,WEEE_Cat1,transformator,ferrousMetals,Ga,e-m,0.725,%,2
OBS,2020,EU27+4,WEEE_generatedDedicated,WEEE_Cat1,transformator,ferrousMetals,Mo,e-m,0.01,%,2
OBS,2020,EU27+4,WEEE_generatedDedicated,WEEE_Cat1,transformator,ferrousMetals,O,e-m,0.08,%,2
OBS,2020,EU27+4,WEEE_generatedDedicated,WEEE_Cat1,transformator,ferrousMetals,Sm,e-m,0.005,%,2
OBS,2020,EU27+4,WEEE_generatedDedicated,WEEE_Cat1,transformator,ferrousMetals,n/a,m-c,0.5,%,2
OBS,2020,EU27+4,WEEE_generatedDedicated,WEEE_Cat1,transformator,n/a,n/a,c-p,0.00201,%,1
OBS,2020,EU27+4,WEEE_generatedDedicated,WEEE_Cat1,transmission,AlAndAlAlloys,n/a,m-c,0.5,%,1
OBS,2020,EU27+4,WEEE_generatedDedicated,WEEE_Cat1,transmission,ferrousMetals,Ag,e-m,0.714,%,1
OBS,2020,EU27+4,WEEE_generatedDedicated,WEEE_Cat1,transmission,ferrousMetals,Cu,e-m,0.18,%,1
OBS,2020,EU27+4,WEEE_generatedDedicated,WEEE_Cat1,transmission,ferrousMetals,Ga,e-m,0.725,%,1
OBS,2020,EU27+4,WEEE_generatedDedicated,WEEE_Cat1,transmission,ferrousMetals,Mo,e-m,0.01,%,1
OBS,2020,EU27+4,WEEE_generatedDedicated,WEEE_Cat1,transmission,ferrousMetals,O,e-m,0.08,%,1
OBS,2020,EU27+4,WEEE_generatedDedicated,WEEE_Cat1,transmission,ferrousMetals,Sm,e-m,0.005,%,1
OBS,2020,EU27+4,WEEE_generatedDedicated,WEEE_Cat1,transmission,ferrousMetals,n/a,m-c,0.444,%,1
OBS,2020,EU27+4,WEEE_generatedDedicated,WEEE_Cat1,transmission,n/a,n/a,c-p,0.00692,%,1
OBS,2020,EU27+4,WEEE_generatedDedicated,WEEE_Cat1,transmission,plastics,Ag,e-m,0.286,%,1
OBS,2020,EU27+4,WEEE_generatedDedicated,WEEE_Cat1,transmission,plastics,n/a,m-c,0.0563,%,1
OBS,2020,EU27+4,WEEE_generatedDedicated,WEEE_Cat1,transmitter,CuAndCuAlloys,Ag,e-m,0.0625,%,1
OBS,2020,EU27+4,WEEE_generatedDedicated,WEEE_Cat1,transmitter,CuAndCuAlloys,Dy,e-m,0.75,%,1
OBS,2020,EU27+4,WEEE_generatedDedicated,WEEE_Cat1,transmitter,CuAndCuAlloys,Zr,e-m,0.25,%,1
OBS,2020,EU27+4,WEEE_generatedDedicated,WEEE_Cat1,transmitter,CuAndCuAlloys,n/a,m-c,0.0625,%,1
OBS,2020,EU27+4,WEEE_generatedDedicated,WEEE_Cat1,transmitter,ferrousMetals,Ag,e-m,0.25,%,1
OBS,2020,EU27+4,WEEE_generatedDedicated,WEEE_Cat1,transmitter,ferrousMetals,Ca,e-m,0.033,%,1
OBS,2020,EU27+4,WEEE_generatedDedicated,WEEE_Cat1,transmitter,ferrousMetals,Ga,e-m,0.938,%,1
OBS,2020,EU27+4,WEEE_generatedDedicated,WEEE_Cat1,transmitter,ferrousMetals,Mo,e-m,0.0075,%,1
OBS,2020,EU27+4,WEEE_generatedDedicated,WEEE_Cat1,transmitter,ferrousMetals,Sm,e-m,0.022,%,1
OBS,2020,EU27+4,WEEE_generatedDedicated,WEEE_Cat1,transmitter,ferrousMetals,n/a,m-c,0.25,%,1
OBS,2020,EU27+4,WEEE_generatedDedicated,WEEE_Cat1,transmitter,n/a,n/a,c-p,0.000277,%,1
OBS,2020,EU27+4,WEEE_generatedDedicated,WEEE_Cat1,transmitter,plastics,Ag,e-m,0.313,%,1
OBS,2020,EU27+4,WEEE_generatedDedicated,WEEE_Cat1,transmitter,plastics,n/a,m-c,0.313,%,1
OBS,2020,EU27+4,WEEE_generatedDedicated,WEEE_Cat1,wheel,ferrousMetals,Ag,e-m,0.287,%,1
OBS,2020,EU27+4,WEEE_generatedDedicated,WEEE_Cat1,wheel,ferrousMetals,Cu,e-m,0.18,%,1
OBS,2020,EU27+4,WEEE_generatedDedicated,WEEE_Cat1,wheel,ferrousMetals,Ga,e-m,0.725,%,1
OBS,2020,EU27+4,WEEE_generatedDedicated,WEEE_Cat1,wheel,ferrousMetals,Mo,e-m,0.01,%,1
OBS,2020,EU27+4,WEEE_generatedDedicated,WEEE_Cat1,wheel,ferrousMetals,O,e-m,0.08,%,1
OBS,2020,EU27+4,WEEE_generatedDedicated,WEEE_Cat1,wheel,ferrousMetals,Sm,e-m,0.005,%,1
OBS,2020,EU27+4,WEEE_generatedDedicated,WEEE_Cat1,wheel,ferrousMetals,n/a,m-c,0.126,%,1
OBS,2020,EU27+4,WEEE_generatedDedicated,WEEE_Cat1,wheel,n/a,n/a,c-p,0.00919,%,1
OBS,2020,EU27+4,WEEE_generatedDedicated,WEEE_Cat1,wheel,plastics,Ag,e-m,0.278,%,1
OBS,2020,EU27+4,WEEE_generatedDedicated,WEEE_Cat1,wheel,plastics,n/a,m-c,0.151,%,1
OBS,2020,EU27+4,WEEE_generatedDedicated,WEEE_Cat1,wheel,polymerPA6GF30,Ag,e-m,0.546,%,1
OBS,2020,EU27+4,WEEE_generatedDedicated,WEEE_Cat1,wheel,polymerPA6GF30,n/a,m-c,0.298,%,1
OBS,2020,EU27+4,WEEE_generatedDedicated,WEEE_Cat1,wheel,polymerPPTF20,Ag,e-m,0.546,%,1
OBS,2020,EU27+4,WEEE_generatedDedicated,WEEE_Cat1,wheel,polymerPPTF20,n/a,m-c,0.298,%,1
OBS,2020,EU27+4,WEEE_generatedDedicated,WEEE_Cat1,wheel,polymerPPTF30,Ag,e-m,0.177,%,1
OBS,2020,EU27+4,WEEE_generatedDedicated,WEEE_Cat1,wheel,polymerPPTF30,n/a,m-c,0.0963,%,1
OBS,2020,EU27+4,WEEE_generatedDedicated,WEEE_Cat2,ComponentShadowWEEE,AlAndAlAlloys,Ag,e-m,0.000522,%,2
OBS,2020,EU27+4,WEEE_generatedDedicated,WEEE_Cat2,ComponentShadowWEEE,AlAndAlAlloys,As,e-m,0.97,%,2
OBS,2020,EU27+4,WEEE_generatedDedicated,WEEE_Cat2,ComponentShadowWEEE,AlAndAlAlloys,Cu,e-m,0.002,%,2
OBS,2020,EU27+4,WEEE_generatedDedicated,WEEE_Cat2,ComponentShadowWEEE,AlAndAlAlloys,Ga,e-m,0.001,%,2
OBS,2020,EU27+4,WEEE_generatedDedicated,WEEE_Cat2,ComponentShadowWEEE,AlAndAlAlloys,Mn,e-m,0.0248,%,2
OBS,2020,EU27+4,WEEE_generatedDedicated,WEEE_Cat2,ComponentShadowWEEE,AlAndAlAlloys,Mo,e-m,0.002,%,2
OBS,2020,EU27+4,WEEE_generatedDedicated,WEEE_Cat2,ComponentShadowWEEE,AlAndAlAlloys,Sm,e-m,0.0003,%,2
OBS,2020,EU27+4,WEEE_generatedDedicated,WEEE_Cat2,ComponentShadowWEEE,AlAndAlAlloys,n/a,m-c,0.000501,%,2
OBS,2020,EU27+4,WEEE_generatedDedicated,WEEE_Cat2,ComponentShadowWEEE,CuAndCuAlloys,Ag,e-m,0.000843,%,2
OBS,2020,EU27+4,WEEE_generatedDedicated,WEEE_Cat2,ComponentShadowWEEE,CuAndCuAlloys,Dy,e-m,0.75,%,2
OBS,2020,EU27+4,WEEE_generatedDedicated,WEEE_Cat2,ComponentShadowWEEE,CuAndCuAlloys,Zr,e-m,0.25,%,2
OBS,2020,EU27+4,WEEE_generatedDedicated,WEEE_Cat2,ComponentShadowWEEE,CuAndCuAlloys,n/a,m-c,0.000444,%,2
OBS,2020,EU27+4,WEEE_generatedDedicated,WEEE_Cat2,ComponentShadowWEEE,MaterialShadowWEEE,n/a,m-c,0.5,%,2
OBS,2020,EU27+4,WEEE_generatedDedicated,WEEE_Cat2,ComponentShadowWEEE,aggregateBinderMixedMaterials,Ag,e-m,0.00743,%,1
OBS,2020,EU27+4,WEEE_generatedDedicated,WEEE_Cat2,ComponentShadowWEEE,aggregateBinderMixedMaterials,n/a,m-c,0.00549,%,1
OBS,2020,EU27+4,WEEE_generatedDedicated,WEEE_Cat2,ComponentShadowWEEE,ferrousMetals,Ag,e-m,0.0087,%,1
OBS,2020,EU27+4,WEEE_generatedDedicated,WEEE_Cat2,ComponentShadowWEEE,ferrousMetals,Ca,e-m,0.0000373,%,1
OBS,2020,EU27+4,WEEE_generatedDedicated,WEEE_Cat2,ComponentShadowWEEE,ferrousMetals,Cu,e-m,0.0171,%,1
OBS,2020,EU27+4,WEEE_generatedDedicated,WEEE_Cat2,ComponentShadowWEEE,ferrousMetals,Ga,e-m,0.725,%,1
OBS,2020,EU27+4,WEEE_generatedDedicated,WEEE_Cat2,ComponentShadowWEEE,ferrousMetals,Mo,e-m,0.0075,%,1
OBS,2020,EU27+4,WEEE_generatedDedicated,WEEE_Cat2,ComponentShadowWEEE,ferrousMetals,O,e-m,0.00762,%,1
OBS,2020,EU27+4,WEEE_generatedDedicated,WEEE_Cat2,ComponentShadowWEEE,ferrousMetals,Sm,e-m,0.005,%,1
OBS,2020,EU27+4,WEEE_generatedDedicated,WEEE_Cat2,ComponentShadowWEEE,ferrousMetals,n/a,m-c,0.00171,%,1
OBS,2020,EU27+4,WEEE_generatedDedicated,WEEE_Cat2,ComponentShadowWEEE,glass,Ag,e-m,0.00692,%,2
OBS,2020,EU27+4,WEEE_generatedDedicated,WEEE_Cat2,ComponentShadowWEEE,glass,Pd,e-m,0.265,%,2
OBS,2020,EU27+4,WEEE_generatedDedicated,WEEE_Cat2,ComponentShadowWEEE,glass,Sc,e-m,0.00196,%,2
OBS,2020,EU27+4,WEEE_generatedDedicated,WEEE_Cat2,ComponentShadowWEEE,glass,Zr,e-m,0.000708,%,2
OBS,2020,EU27+4,WEEE_generatedDedicated,WEEE_Cat2,ComponentShadowWEEE,glass,n/a,m-c,0.00702,%,2
OBS,2020,EU27+4,WEEE_generatedDedicated,WEEE_Cat2,ComponentShadowWEEE,glassAndCeramics,Ag,e-m,0.00761,%,1
OBS,2020,EU27+4,WEEE_generatedDedicated,WEEE_Cat2,ComponentShadowWEEE,glassAndCeramics,Pd,e-m,0.265,%,1
OBS,2020,EU27+4,WEEE_generatedDedicated,WEEE_Cat2,ComponentShadowWEEE,glassAndCeramics,Sc,e-m,0.00196,%,1
OBS,2020,EU27+4,WEEE_generatedDedicated,WEEE_Cat2,ComponentShadowWEEE,glassAndCeramics,Zr,e-m,0.000708,%,1
OBS,2020,EU27+4,WEEE_generatedDedicated,WEEE_Cat2,ComponentShadowWEEE,glassAndCeramics,n/a,m-c,0.000941,%,1
OBS,2020,EU27+4,WEEE_generatedDedicated,WEEE_Cat2,ComponentShadowWEEE,n/a,Ag,e-m,0.6,%,2
OBS,2020,EU27+4,WEEE_generatedDedicated,WEEE_Cat2,ComponentShadowWEEE,n/a,n/a,c-p,0.148,%,1
OBS,2020,EU27+4,WEEE_generatedDedicated,WEEE_Cat2,ComponentShadowWEEE,n/a,n/a,m-c,0.25,%,2
OBS,2020,EU27+4,WEEE_generatedDedicated,WEEE_Cat2,ComponentShadowWEEE,non-ferrousMetals,Ag,e-m,0.00141,%,1
OBS,2020,EU27+4,WEEE_generatedDedicated,WEEE_Cat2,ComponentShadowWEEE,non-ferrousMetals,Al,e-m,0.00724,%,1
OBS,2020,EU27+4,WEEE_generatedDedicated,WEEE_Cat2,ComponentShadowWEEE,non-ferrousMetals,As,e-m,0.0285,%,1
OBS,2020,EU27+4,WEEE_generatedDedicated,WEEE_Cat2,ComponentShadowWEEE,non-ferrousMetals,Ca,e-m,0.0000227,%,1
OBS,2020,EU27+4,WEEE_generatedDedicated,WEEE_Cat2,ComponentShadowWEEE,non-ferrousMetals,Cl,e-m,0.0000455,%,1
OBS,2020,EU27+4,WEEE_generatedDedicated,WEEE_Cat2,ComponentShadowWEEE,non-ferrousMetals,Cu,e-m,0.0000588,%,1
OBS,2020,EU27+4,WEEE_generatedDedicated,WEEE_Cat2,ComponentShadowWEEE,non-ferrousMetals,Dy,e-m,0.0005,%,1
OBS,2020,EU27+4,WEEE_generatedDedicated,WEEE_Cat2,ComponentShadowWEEE,non-ferrousMetals,Ga,e-m,0.0000294,%,1
OBS,2020,EU27+4,WEEE_generatedDedicated,WEEE_Cat2,ComponentShadowWEEE,non-ferrousMetals,Mn,e-m,0.000729,%,1
OBS,2020,EU27+4,WEEE_generatedDedicated,WEEE_Cat2,ComponentShadowWEEE,non-ferrousMetals,Mo,e-m,0.0000588,%,1
OBS,2020,EU27+4,WEEE_generatedDedicated,WEEE_Cat2,ComponentShadowWEEE,non-ferrousMetals,O,e-m,0.0225,%,1
OBS,2020,EU27+4,WEEE_generatedDedicated,WEEE_Cat2,ComponentShadowWEEE,non-ferrousMetals,Pd,e-m,0.00893,%,1
OBS,2020,EU27+4,WEEE_generatedDedicated,WEEE_Cat2,ComponentShadowWEEE,non-ferrousMetals,Sm,e-m,0.00000882,%,1
OBS,2020,EU27+4,WEEE_generatedDedicated,WEEE_Cat2,ComponentShadowWEEE,non-ferrousMetals,Sr,e-m,0.00171,%,1
OBS,2020,EU27+4,WEEE_generatedDedicated,WEEE_Cat2,ComponentShadowWEEE,non-ferrousMetals,Zr,e-m,0.00299,%,1
OBS,2020,EU27+4,WEEE_generatedDedicated,WEEE_Cat2,ComponentShadowWEEE,non-ferrousMetals,n/a,m-c,0.00203,%,1
OBS,2020,EU27+4,WEEE_generatedDedicated,WEEE_Cat2,ComponentShadowWEEE,otherMetalsAndMetalAlloys,Ag,e-m,0.000479,%,2
OBS,2020,EU27+4,WEEE_generatedDedicated,WEEE_Cat2,ComponentShadowWEEE,otherMetalsAndMetalAlloys,Al,e-m,0.9,%,2
OBS,2020,EU27+4,WEEE_generatedDedicated,WEEE_Cat2,ComponentShadowWEEE,otherMetalsAndMetalAlloys,Dy,e-m,0.1,%,2
OBS,2020,EU27+4,WEEE_generatedDedicated,WEEE_Cat2,ComponentShadowWEEE,otherMetalsAndMetalAlloys,n/a,m-c,0.000459,%,2
OBS,2020,EU27+4,WEEE_generatedDedicated,WEEE_Cat2,ComponentShadowWEEE,otherMinerals,Ag,e-m,0.00387,%,1
OBS,2020,EU27+4,WEEE_generatedDedicated,WEEE_Cat2,ComponentShadowWEEE,otherMinerals,Pd,e-m,0.265,%,1
OBS,2020,EU27+4,WEEE_generatedDedicated,WEEE_Cat2,ComponentShadowWEEE,otherMinerals,Sc,e-m,0.00196,%,1
OBS,2020,EU27+4,WEEE_generatedDedicated,WEEE_Cat2,ComponentShadowWEEE,otherMinerals,Zr,e-m,0.000708,%,1
OBS,2020,EU27+4,WEEE_generatedDedicated,WEEE_Cat2,ComponentShadowWEEE,otherMinerals,n/a,m-c,0.00367,%,1
OBS,2020,EU27+4,WEEE_generatedDedicated,WEEE_Cat2,ComponentShadowWEEE,otherOrUndefinedMaterials,Ag,e-m,0.0012,%,1
OBS,2020,EU27+4,WEEE_generatedDedicated,WEEE_Cat2,ComponentShadowWEEE,otherOrUndefinedMaterials,n/a,m-c,0.00101,%,1
OBS,2020,EU27+4,WEEE_generatedDedicated,WEEE_Cat2,ComponentShadowWEEE,otherOrganics,Ag,e-m,0.00116,%,1
OBS,2020,EU27+4,WEEE_generatedDedicated,WEEE_Cat2,ComponentShadowWEEE,otherOrganics,n/a,m-c,0.000464,%,1
OBS,2020,EU27+4,WEEE_generatedDedicated,WEEE_Cat2,ComponentShadowWEEE,plastics,Ag,e-m,0.00343,%,1
OBS,2020,EU27+4,WEEE_generatedDedicated,WEEE_Cat2,ComponentShadowWEEE,plastics,n/a,m-c,0.00343,%,1
OBS,2020,EU27+4,WEEE_generatedDedicated,WEEE_Cat2,ComponentShadowWEEE,undefinedAndMixedMaterials,Ag,e-m,0.00037,%,1
OBS,2020,EU27+4,WEEE_generatedDedicated,WEEE_Cat2,ComponentShadowWEEE,undefinedAndMixedMaterials,n/a,m-c,0.00037,%,1
OBS,2020,EU27+4,WEEE_generatedDedicated,WEEE_Cat2,ComponentShadowWEEE,wood,Ag,e-m,0.00648,%,1
OBS,2020,EU27+4,WEEE_generatedDedicated,WEEE_Cat2,ComponentShadowWEEE,wood,n/a,m-c,0.00603,%,1
OBS,2020,EU27+4,WEEE_generatedDedicated,WEEE_Cat2,ConductivitySensor,CuAndCuAlloys,n/a,m-c,0.087,%,1
OBS,2020,EU27+4,WEEE_generatedDedicated,WEEE_Cat2,ConductivitySensor,ferrousMetals,n/a,m-c,0.913,%,1
OBS,2020,EU27+4,WEEE_generatedDedicated,WEEE_Cat2,ConductivitySensor,n/a,n/a,c-p,0.000785,%,1
OBS,2020,EU27+4,WEEE_generatedDedicated,WEEE_Cat2,LED,n/a,n/a,c-p,0.0000513,%,1
OBS,2020,EU27+4,WEEE_generatedDedicated,WEEE_Cat2,LidarSensor (&lt;15cm),AlAndAlAlloys,Ag,e-m,0.00541,%,1
OBS,2020,EU27+4,WEEE_generatedDedicated,WEEE_Cat2,LidarSensor (&lt;15cm),AlAndAlAlloys,As,e-m,0.97,%,1
OBS,2020,EU27+4,WEEE_generatedDedicated,WEEE_Cat2,LidarSensor (&lt;15cm),AlAndAlAlloys,Cu,e-m,0.002,%,1
OBS,2020,EU27+4,WEEE_generatedDedicated,WEEE_Cat2,LidarSensor (&lt;15cm),AlAndAlAlloys,Ga,e-m,0.001,%,1
OBS,2020,EU27+4,WEEE_generatedDedicated,WEEE_Cat2,LidarSensor (&lt;15cm),AlAndAlAlloys,Mn,e-m,0.0248,%,1
OBS,2020,EU27+4,WEEE_generatedDedicated,WEEE_Cat2,LidarSensor (&lt;15cm),AlAndAlAlloys,Mo,e-m,0.002,%,1
OBS,2020,EU27+4,WEEE_generatedDedicated,WEEE_Cat2,LidarSensor (&lt;15cm),AlAndAlAlloys,Sm,e-m,0.0003,%,1
OBS,2020,EU27+4,WEEE_generatedDedicated,WEEE_Cat2,LidarSensor (&lt;15cm),AlAndAlAlloys,n/a,m-c,0.00576,%,1
OBS,2020,EU27+4,WEEE_generatedDedicated,WEEE_Cat2,LidarSensor (&lt;15cm),CuAndCuAlloys,Ag,e-m,0.0459,%,1
OBS,2020,EU27+4,WEEE_generatedDedicated,WEEE_Cat2,LidarSensor (&lt;15cm),CuAndCuAlloys,Dy,e-m,0.75,%,1
OBS,2020,EU27+4,WEEE_generatedDedicated,WEEE_Cat2,LidarSensor (&lt;15cm),CuAndCuAlloys,Zr,e-m,0.25,%,1
OBS,2020,EU27+4,WEEE_generatedDedicated,WEEE_Cat2,LidarSensor (&lt;15cm),CuAndCuAlloys,n/a,m-c,0.0489,%,1
OBS,2020,EU27+4,WEEE_generatedDedicated,WEEE_Cat2,LidarSensor (&lt;15cm),ferrousMetals,Ag,e-m,0.296,%,1
OBS,2020,EU27+4,WEEE_generatedDedicated,WEEE_Cat2,LidarSensor (&lt;15cm),ferrousMetals,Ca,e-m,0.0159,%,1
OBS,2020,EU27+4,WEEE_generatedDedicated,WEEE_Cat2,LidarSensor (&lt;15cm),ferrousMetals,Cu,e-m,0.0933,%,1
OBS,2020,EU27+4,WEEE_generatedDedicated,WEEE_Cat2,LidarSensor (&lt;15cm),ferrousMetals,Ga,e-m,0.827,%,1
OBS,2020,EU27+4,WEEE_generatedDedicated,WEEE_Cat2,LidarSensor (&lt;15cm),ferrousMetals,Mo,e-m,0.0088,%,1
OBS,2020,EU27+4,WEEE_generatedDedicated,WEEE_Cat2,LidarSensor (&lt;15cm),ferrousMetals,O,e-m,0.0415,%,1
OBS,2020,EU27+4,WEEE_generatedDedicated,WEEE_Cat2,LidarSensor (&lt;15cm),ferrousMetals,Sm,e-m,0.0132,%,1
OBS,2020,EU27+4,WEEE_generatedDedicated,WEEE_Cat2,LidarSensor (&lt;15cm),ferrousMetals,n/a,m-c,0.315,%,1
OBS,2020,EU27+4,WEEE_generatedDedicated,WEEE_Cat2,LidarSensor (&lt;15cm),glass,Ag,e-m,0.0108,%,1
OBS,2020,EU27+4,WEEE_generatedDedicated,WEEE_Cat2,LidarSensor (&lt;15cm),glass,Pd,e-m,0.265,%,1
OBS,2020,EU27+4,WEEE_generatedDedicated,WEEE_Cat2,LidarSensor (&lt;15cm),glass,Sc,e-m,0.00196,%,1
OBS,2020,EU27+4,WEEE_generatedDedicated,WEEE_Cat2,LidarSensor (&lt;15cm),glass,Zr,e-m,0.000708,%,1
OBS,2020,EU27+4,WEEE_generatedDedicated,WEEE_Cat2,LidarSensor (&lt;15cm),glass,n/a,m-c,0.0115,%,1
OBS,2020,EU27+4,WEEE_generatedDedicated,WEEE_Cat2,LidarSensor (&lt;15cm),n/a,n/a,c-p,0.265,%,1
OBS,2020,EU27+4,WEEE_generatedDedicated,WEEE_Cat2,LidarSensor (&lt;15cm),plastics,Ag,e-m,0.493,%,1
OBS,2020,EU27+4,WEEE_generatedDedicated,WEEE_Cat2,LidarSensor (&lt;15cm),plastics,n/a,m-c,0.525,%,1
OBS,2020,EU27+4,WEEE_generatedDedicated,WEEE_Cat2,MagnetSensor,CuAndCuAlloys,Ag,e-m,0.109,%,1
OBS,2020,EU27+4,WEEE_generatedDedicated,WEEE_Cat2,MagnetSensor,CuAndCuAlloys,Dy,e-m,0.75,%,1
OBS,2020,EU27+4,WEEE_generatedDedicated,WEEE_Cat2,MagnetSensor,CuAndCuAlloys,Zr,e-m,0.25,%,1
OBS,2020,EU27+4,WEEE_generatedDedicated,WEEE_Cat2,MagnetSensor,CuAndCuAlloys,n/a,m-c,0.0595,%,1
OBS,2020,EU27+4,WEEE_generatedDedicated,WEEE_Cat2,MagnetSensor,ferrousMetals,Ag,e-m,0.688,%,1
OBS,2020,EU27+4,WEEE_generatedDedicated,WEEE_Cat2,MagnetSensor,ferrousMetals,Ca,e-m,0.033,%,1
OBS,2020,EU27+4,WEEE_generatedDedicated,WEEE_Cat2,MagnetSensor,ferrousMetals,Ga,e-m,0.938,%,1
OBS,2020,EU27+4,WEEE_generatedDedicated,WEEE_Cat2,MagnetSensor,ferrousMetals,Mo,e-m,0.0075,%,1
OBS,2020,EU27+4,WEEE_generatedDedicated,WEEE_Cat2,MagnetSensor,ferrousMetals,Sm,e-m,0.022,%,1
OBS,2020,EU27+4,WEEE_generatedDedicated,WEEE_Cat2,MagnetSensor,ferrousMetals,n/a,m-c,0.376,%,1
OBS,2020,EU27+4,WEEE_generatedDedicated,WEEE_Cat2,MagnetSensor,n/a,n/a,c-p,0.000551,%,1
OBS,2020,EU27+4,WEEE_generatedDedicated,WEEE_Cat2,MagnetSensor,plastics,Ag,e-m,0.125,%,1
OBS,2020,EU27+4,WEEE_generatedDedicated,WEEE_Cat2,MagnetSensor,plastics,n/a,m-c,0.0683,%,1
OBS,2020,EU27+4,WEEE_generatedDedicated,WEEE_Cat2,PCBWEEECat,n/a,n/a,c-p,0.0008,%,1
OBS,2020,EU27+4,WEEE_generatedDedicated,WEEE_Cat2,PCBWEEECat,otherOrUndefinedMaterials,Ag,e-m,1,%,1
OBS,2020,EU27+4,WEEE_generatedDedicated,WEEE_Cat2,PCBWEEECat,otherOrUndefinedMaterials,n/a,m-c,1,%,1
OBS,2020,EU27+4,WEEE_generatedDedicated,WEEE_Cat2,PCBunspecified,ferrousMetals,Ag,e-m,1,%,2
OBS,2020,EU27+4,WEEE_generatedDedicated,WEEE_Cat2,PCBunspecified,ferrousMetals,Cu,e-m,0.18,%,2
OBS,2020,EU27+4,WEEE_generatedDedicated,WEEE_Cat2,PCBunspecified,ferrousMetals,Ga,e-m,0.725,%,2
OBS,2020,EU27+4,WEEE_generatedDedicated,WEEE_Cat2,PCBunspecified,ferrousMetals,Mo,e-m,0.01,%,2
OBS,2020,EU27+4,WEEE_generatedDedicated,WEEE_Cat2,PCBunspecified,ferrousMetals,O,e-m,0.08,%,2
OBS,2020,EU27+4,WEEE_generatedDedicated,WEEE_Cat2,PCBunspecified,ferrousMetals,Sm,e-m,0.005,%,2
OBS,2020,EU27+4,WEEE_generatedDedicated,WEEE_Cat2,PCBunspecified,ferrousMetals,n/a,m-c,1,%,2
OBS,2020,EU27+4,WEEE_generatedDedicated,WEEE_Cat2,PCBunspecified,n/a,n/a,c-p,0.00499,%,2
OBS,2020,EU27+4,WEEE_generatedDedicated,WEEE_Cat2,PVBacksheet,n/a,n/a,c-p,0.0065,%,1
OBS,2020,EU27+4,WEEE_generatedDedicated,WEEE_Cat2,PVBacksheet,plasticComposites,Ag,e-m,1,%,1
OBS,2020,EU27+4,WEEE_generatedDedicated,WEEE_Cat2,PVBacksheet,plasticComposites,n/a,m-c,0.5,%,1
OBS,2020,EU27+4,WEEE_generatedDedicated,WEEE_Cat2,PVBacksheet,plastics,Ag,e-m,1,%,1
OBS,2020,EU27+4,WEEE_generatedDedicated,WEEE_Cat2,PVBacksheet,plastics,n/a,m-c,0.5,%,1
OBS,2020,EU27+4,WEEE_generatedDedicated,WEEE_Cat2,PVEncapsulationEVA,n/a,n/a,c-p,0.0711,%,1
OBS,2020,EU27+4,WEEE_generatedDedicated,WEEE_Cat2,PVEncapsulationEVA,plastics,Ag,e-m,1,%,1
OBS,2020,EU27+4,WEEE_generatedDedicated,WEEE_Cat2,PVEncapsulationEVA,plastics,n/a,m-c,1,%,1
OBS,2020,EU27+4,WEEE_generatedDedicated,WEEE_Cat2,PVFrameAl,CuAndCuAlloys,Ag,e-m,1,%,1
OBS,2020,EU27+4,WEEE_generatedDedicated,WEEE_Cat2,PVFrameAl,CuAndCuAlloys,As,e-m,0.97,%,1
OBS,2020,EU27+4,WEEE_generatedDedicated,WEEE_Cat2,PVFrameAl,CuAndCuAlloys,Cu,e-m,0.002,%,1
OBS,2020,EU27+4,WEEE_generatedDedicated,WEEE_Cat2,PVFrameAl,CuAndCuAlloys,Ga,e-m,0.001,%,1
OBS,2020,EU27+4,WEEE_generatedDedicated,WEEE_Cat2,PVFrameAl,CuAndCuAlloys,Mn,e-m,0.0248,%,1
OBS,2020,EU27+4,WEEE_generatedDedicated,WEEE_Cat2,PVFrameAl,CuAndCuAlloys,Mo,e-m,0.002,%,1
OBS,2020,EU27+4,WEEE_generatedDedicated,WEEE_Cat2,PVFrameAl,CuAndCuAlloys,Sm,e-m,0.0003,%,1
OBS,2020,EU27+4,WEEE_generatedDedicated,WEEE_Cat2,PVFrameAl,CuAndCuAlloys,n/a,m-c,1,%,1
OBS,2020,EU27+4,WEEE_generatedDedicated,WEEE_Cat2,PVFrameAl,n/a,n/a,c-p,0.122,%,1
OBS,2020,EU27+4,WEEE_generatedDedicated,WEEE_Cat2,PVSolarGlass,glass,Ag,e-m,1,%,1
OBS,2020,EU27+4,WEEE_generatedDedicated,WEEE_Cat2,PVSolarGlass,glass,Pd,e-m,0.265,%,1
OBS,2020,EU27+4,WEEE_generatedDedicated,WEEE_Cat2,PVSolarGlass,glass,Sc,e-m,0.00196,%,1
OBS,2020,EU27+4,WEEE_generatedDedicated,WEEE_Cat2,PVSolarGlass,glass,Zr,e-m,0.000708,%,1
OBS,2020,EU27+4,WEEE_generatedDedicated,WEEE_Cat2,PVSolarGlass,glass,n/a,m-c,1,%,1
OBS,2020,EU27+4,WEEE_generatedDedicated,WEEE_Cat2,PVSolarGlass,n/a,n/a,c-p,0.698,%,1
OBS,2020,EU27+4,WEEE_generatedDedicated,WEEE_Cat2,PVcellSi,n/a,n/a,c-p,0.0332,%,1
OBS,2020,EU27+4,WEEE_generatedDedicated,WEEE_Cat2,PVcellSi,otherOrUndefinedMaterials,Ag,e-m,1,%,1
OBS,2020,EU27+4,WEEE_generatedDedicated,WEEE_Cat2,PVcellSi,otherOrUndefinedMaterials,n/a,m-c,1,%,1
OBS,2020,EU27+4,WEEE_generatedDedicated,WEEE_Cat2,WEEEEvaporator,CuAndCuAlloys,Ag,e-m,0.844,%,1
OBS,2020,EU27+4,WEEE_generatedDedicated,WEEE_Cat2,WEEEEvaporator,CuAndCuAlloys,Dy,e-m,0.75,%,1
OBS,2020,EU27+4,WEEE_generatedDedicated,WEEE_Cat2,WEEEEvaporator,CuAndCuAlloys,Zr,e-m,0.25,%,1
OBS,2020,EU27+4,WEEE_generatedDedicated,WEEE_Cat2,WEEEEvaporator,CuAndCuAlloys,n/a,m-c,0.844,%,1
OBS,2020,EU27+4,WEEE_generatedDedicated,WEEE_Cat2,WEEEEvaporator,n/a,n/a,c-p,0.324,%,1
OBS,2020,EU27+4,WEEE_generatedDedicated,WEEE_Cat2,WEEEEvaporator,steelAndSteelAlloys,Ag,e-m,0.156,%,1
OBS,2020,EU27+4,WEEE_generatedDedicated,WEEE_Cat2,WEEEEvaporator,steelAndSteelAlloys,Cu,e-m,0.18,%,1
OBS,2020,EU27+4,WEEE_generatedDedicated,WEEE_Cat2,WEEEEvaporator,steelAndSteelAlloys,Ga,e-m,0.725,%,1
OBS,2020,EU27+4,WEEE_generatedDedicated,WEEE_Cat2,WEEEEvaporator,steelAndSteelAlloys,Mo,e-m,0.01,%,1
OBS,2020,EU27+4,WEEE_generatedDedicated,WEEE_Cat2,WEEEEvaporator,steelAndSteelAlloys,O,e-m,0.08,%,1
OBS,2020,EU27+4,WEEE_generatedDedicated,WEEE_Cat2,WEEEEvaporator,steelAndSteelAlloys,Sm,e-m,0.005,%,1
OBS,2020,EU27+4,WEEE_generatedDedicated,WEEE_Cat2,WEEEEvaporator,steelAndSteelAlloys,n/a,m-c,0.156,%,1
OBS,2020,EU27+4,WEEE_generatedDedicated,WEEE_Cat2,brush,AlAndAlAlloys,Ag,e-m,0.0179,%,1
OBS,2020,EU27+4,WEEE_generatedDedicated,WEEE_Cat2,brush,AlAndAlAlloys,As,e-m,0.97,%,1
OBS,2020,EU27+4,WEEE_generatedDedicated,WEEE_Cat2,brush,AlAndAlAlloys,Cu,e-m,0.002,%,1
OBS,2020,EU27+4,WEEE_generatedDedicated,WEEE_Cat2,brush,AlAndAlAlloys,Ga,e-m,0.001,%,1
OBS,2020,EU27+4,WEEE_generatedDedicated,WEEE_Cat2,brush,AlAndAlAlloys,Mn,e-m,0.0248,%,1
OBS,2020,EU27+4,WEEE_generatedDedicated,WEEE_Cat2,brush,AlAndAlAlloys,Mo,e-m,0.002,%,1
OBS,2020,EU27+4,WEEE_generatedDedicated,WEEE_Cat2,brush,AlAndAlAlloys,Sm,e-m,0.0003,%,1
OBS,2020,EU27+4,WEEE_generatedDedicated,WEEE_Cat2,brush,AlAndAlAlloys,n/a,m-c,0.0179,%,1
OBS,2020,EU27+4,WEEE_generatedDedicated,WEEE_Cat2,brush,ferrousMetals,Ag,e-m,0.286,%,1
OBS,2020,EU27+4,WEEE_generatedDedicated,WEEE_Cat2,brush,ferrousMetals,Ca,e-m,0.033,%,1
OBS,2020,EU27+4,WEEE_generatedDedicated,WEEE_Cat2,brush,ferrousMetals,Ga,e-m,0.938,%,1
OBS,2020,EU27+4,WEEE_generatedDedicated,WEEE_Cat2,brush,ferrousMetals,Mo,e-m,0.0075,%,1
OBS,2020,EU27+4,WEEE_generatedDedicated,WEEE_Cat2,brush,ferrousMetals,Sm,e-m,0.022,%,1
OBS,2020,EU27+4,WEEE_generatedDedicated,WEEE_Cat2,brush,ferrousMetals,n/a,m-c,0.286,%,1
OBS,2020,EU27+4,WEEE_generatedDedicated,WEEE_Cat2,brush,n/a,n/a,c-p,0.00464,%,1
OBS,2020,EU27+4,WEEE_generatedDedicated,WEEE_Cat2,brush,plastics,Ag,e-m,0.696,%,1
OBS,2020,EU27+4,WEEE_generatedDedicated,WEEE_Cat2,brush,plastics,n/a,m-c,0.696,%,1
OBS,2020,EU27+4,WEEE_generatedDedicated,WEEE_Cat2,cableUnspecified,AlAndAlAlloys,Ag,e-m,0.103,%,2
OBS,2020,EU27+4,WEEE_generatedDedicated,WEEE_Cat2,cableUnspecified,AlAndAlAlloys,As,e-m,0.97,%,2
OBS,2020,EU27+4,WEEE_generatedDedicated,WEEE_Cat2,cableUnspecified,AlAndAlAlloys,Cu,e-m,0.002,%,2
OBS,2020,EU27+4,WEEE_generatedDedicated,WEEE_Cat2,cableUnspecified,AlAndAlAlloys,Ga,e-m,0.001,%,2
OBS,2020,EU27+4,WEEE_generatedDedicated,WEEE_Cat2,cableUnspecified,AlAndAlAlloys,Mn,e-m,0.0248,%,2
OBS,2020,EU27+4,WEEE_generatedDedicated,WEEE_Cat2,cableUnspecified,AlAndAlAlloys,Mo,e-m,0.002,%,2
OBS,2020,EU27+4,WEEE_generatedDedicated,WEEE_Cat2,cableUnspecified,AlAndAlAlloys,Sm,e-m,0.0003,%,2
OBS,2020,EU27+4,WEEE_generatedDedicated,WEEE_Cat2,cableUnspecified,AlAndAlAlloys,n/a,m-c,0.103,%,2
OBS,2020,EU27+4,WEEE_generatedDedicated,WEEE_Cat2,cableUnspecified,CuAndCuAlloys,Ag,e-m,0.166,%,2
OBS,2020,EU27+4,WEEE_generatedDedicated,WEEE_Cat2,cableUnspecified,CuAndCuAlloys,Dy,e-m,0.75,%,2
OBS,2020,EU27+4,WEEE_generatedDedicated,WEEE_Cat2,cableUnspecified,CuAndCuAlloys,Zr,e-m,0.25,%,2
OBS,2020,EU27+4,WEEE_generatedDedicated,WEEE_Cat2,cableUnspecified,CuAndCuAlloys,n/a,m-c,0.166,%,2
OBS,2020,EU27+4,WEEE_generatedDedicated,WEEE_Cat2,cableUnspecified,ferrousMetals,Ag,e-m,0.296,%,2
OBS,2020,EU27+4,WEEE_generatedDedicated,WEEE_Cat2,cableUnspecified,ferrousMetals,Cu,e-m,0.18,%,2
OBS,2020,EU27+4,WEEE_generatedDedicated,WEEE_Cat2,cableUnspecified,ferrousMetals,Ga,e-m,0.725,%,2
OBS,2020,EU27+4,WEEE_generatedDedicated,WEEE_Cat2,cableUnspecified,ferrousMetals,Mo,e-m,0.01,%,2
OBS,2020,EU27+4,WEEE_generatedDedicated,WEEE_Cat2,cableUnspecified,ferrousMetals,O,e-m,0.08,%,2
OBS,2020,EU27+4,WEEE_generatedDedicated,WEEE_Cat2,cableUnspecified,ferrousMetals,Sm,e-m,0.005,%,2
OBS,2020,EU27+4,WEEE_generatedDedicated,WEEE_Cat2,cableUnspecified,ferrousMetals,n/a,m-c,0.296,%,2
OBS,2020,EU27+4,WEEE_generatedDedicated,WEEE_Cat2,cableUnspecified,n/a,n/a,c-p,0.00307,%,1
OBS,2020,EU27+4,WEEE_generatedDedicated,WEEE_Cat2,cableUnspecified,plastics,Ag,e-m,0.435,%,2
OBS,2020,EU27+4,WEEE_generatedDedicated,WEEE_Cat2,cableUnspecified,plastics,n/a,m-c,0.435,%,2
OBS,2020,EU27+4,WEEE_generatedDedicated,WEEE_Cat2,cableWOPlug,n/a,n/a,c-p,0.000926,%,1
OBS,2020,EU27+4,WEEE_generatedDedicated,WEEE_Cat2,cableWPlug,AlAndAlAlloys,n/a,m-c,0.137,%,2
OBS,2020,EU27+4,WEEE_generatedDedicated,WEEE_Cat2,cableWPlug,ferrousMetals,n/a,m-c,0.305,%,2
OBS,2020,EU27+4,WEEE_generatedDedicated,WEEE_Cat2,cableWPlug,n/a,n/a,c-p,0.000532,%,1
OBS,2020,EU27+4,WEEE_generatedDedicated,WEEE_Cat2,cableWPlug,plastics,Ag,e-m,0.654,%,2
OBS,2020,EU27+4,WEEE_generatedDedicated,WEEE_Cat2,cableWPlug,plastics,n/a,m-c,0.558,%,2
OBS,2020,EU27+4,WEEE_generatedDedicated,WEEE_Cat2,cableWithConnector,CuAndCuAlloys,Ag,e-m,0.346,%,2
OBS,2020,EU27+4,WEEE_generatedDedicated,WEEE_Cat2,cableWithConnector,CuAndCuAlloys,Dy,e-m,0.75,%,2
OBS,2020,EU27+4,WEEE_generatedDedicated,WEEE_Cat2,cableWithConnector,CuAndCuAlloys,Zr,e-m,0.25,%,2
OBS,2020,EU27+4,WEEE_generatedDedicated,WEEE_Cat2,cableWithConnector,CuAndCuAlloys,n/a,m-c,1,%,2
OBS,2020,EU27+4,WEEE_generatedDedicated,WEEE_Cat2,cables,n/a,n/a,c-p,0.0152,%,1
OBS,2020,EU27+4,WEEE_generatedDedicated,WEEE_Cat2,cables,otherOrUndefinedMaterials,Ag,e-m,1,%,1
OBS,2020,EU27+4,WEEE_generatedDedicated,WEEE_Cat2,cables,otherOrUndefinedMaterials,n/a,m-c,1,%,1
OBS,2020,EU27+4,WEEE_generatedDedicated,WEEE_Cat2,cablewire,AlAndAlAlloys,Ag,e-m,0.0385,%,1
OBS,2020,EU27+4,WEEE_generatedDedicated,WEEE_Cat2,cablewire,AlAndAlAlloys,As,e-m,0.97,%,1
OBS,2020,EU27+4,WEEE_generatedDedicated,WEEE_Cat2,cablewire,AlAndAlAlloys,Cu,e-m,0.002,%,1
OBS,2020,EU27+4,WEEE_generatedDedicated,WEEE_Cat2,cablewire,AlAndAlAlloys,Ga,e-m,0.001,%,1
OBS,2020,EU27+4,WEEE_generatedDedicated,WEEE_Cat2,cablewire,AlAndAlAlloys,Mn,e-m,0.0248,%,1
OBS,2020,EU27+4,WEEE_generatedDedicated,WEEE_Cat2,cablewire,AlAndAlAlloys,Mo,e-m,0.002,%,1
OBS,2020,EU27+4,WEEE_generatedDedicated,WEEE_Cat2,cablewire,AlAndAlAlloys,Sm,e-m,0.0003,%,1
OBS,2020,EU27+4,WEEE_generatedDedicated,WEEE_Cat2,cablewire,AlAndAlAlloys,n/a,m-c,0.0277,%,1
OBS,2020,EU27+4,WEEE_generatedDedicated,WEEE_Cat2,cablewire,CuAndCuAlloys,Ag,e-m,0.195,%,1
OBS,2020,EU27+4,WEEE_generatedDedicated,WEEE_Cat2,cablewire,CuAndCuAlloys,Dy,e-m,0.75,%,1
OBS,2020,EU27+4,WEEE_generatedDedicated,WEEE_Cat2,cablewire,CuAndCuAlloys,Zr,e-m,0.25,%,1
OBS,2020,EU27+4,WEEE_generatedDedicated,WEEE_Cat2,cablewire,CuAndCuAlloys,n/a,m-c,0.141,%,1
OBS,2020,EU27+4,WEEE_generatedDedicated,WEEE_Cat2,cablewire,ferrousMetals,Ag,e-m,0.488,%,1
OBS,2020,EU27+4,WEEE_generatedDedicated,WEEE_Cat2,cablewire,ferrousMetals,Ca,e-m,0.033,%,1
OBS,2020,EU27+4,WEEE_generatedDedicated,WEEE_Cat2,cablewire,ferrousMetals,Ga,e-m,0.938,%,1
OBS,2020,EU27+4,WEEE_generatedDedicated,WEEE_Cat2,cablewire,ferrousMetals,Mo,e-m,0.0075,%,1
OBS,2020,EU27+4,WEEE_generatedDedicated,WEEE_Cat2,cablewire,ferrousMetals,Sm,e-m,0.022,%,1
OBS,2020,EU27+4,WEEE_generatedDedicated,WEEE_Cat2,cablewire,ferrousMetals,n/a,m-c,0.352,%,1
OBS,2020,EU27+4,WEEE_generatedDedicated,WEEE_Cat2,cablewire,n/a,n/a,c-p,0.0000652,%,1
OBS,2020,EU27+4,WEEE_generatedDedicated,WEEE_Cat2,cablewire,plastics,Ag,e-m,0.667,%,1
OBS,2020,EU27+4,WEEE_generatedDedicated,WEEE_Cat2,cablewire,plastics,n/a,m-c,0.48,%,1
OBS,2020,EU27+4,WEEE_generatedDedicated,WEEE_Cat2,capElectrolytic,CuAndCuAlloys,Ag,e-m,0.666,%,2
OBS,2020,EU27+4,WEEE_generatedDedicated,WEEE_Cat2,capElectrolytic,CuAndCuAlloys,Dy,e-m,0.75,%,2
OBS,2020,EU27+4,WEEE_generatedDedicated,WEEE_Cat2,capElectrolytic,CuAndCuAlloys,Zr,e-m,0.25,%,2
OBS,2020,EU27+4,WEEE_generatedDedicated,WEEE_Cat2,capElectrolytic,CuAndCuAlloys,n/a,m-c,0.666,%,2
OBS,2020,EU27+4,WEEE_generatedDedicated,WEEE_Cat2,capElectrolytic,n/a,n/a,c-p,0.00598,%,2
OBS,2020,EU27+4,WEEE_generatedDedicated,WEEE_Cat2,capElectrolytic,undefinedAndMixedMaterials,Ag,e-m,0.334,%,2
OBS,2020,EU27+4,WEEE_generatedDedicated,WEEE_Cat2,capElectrolytic,undefinedAndMixedMaterials,n/a,m-c,0.334,%,2
OBS,2020,EU27+4,WEEE_generatedDedicated,WEEE_Cat2,casingPlasticBased,AlAndAlAlloys,Ag,e-m,0.00456,%,1
OBS,2020,EU27+4,WEEE_generatedDedicated,WEEE_Cat2,casingPlasticBased,AlAndAlAlloys,As,e-m,0.97,%,1
OBS,2020,EU27+4,WEEE_generatedDedicated,WEEE_Cat2,casingPlasticBased,AlAndAlAlloys,Cu,e-m,0.002,%,1
OBS,2020,EU27+4,WEEE_generatedDedicated,WEEE_Cat2,casingPlasticBased,AlAndAlAlloys,Ga,e-m,0.001,%,1
OBS,2020,EU27+4,WEEE_generatedDedicated,WEEE_Cat2,casingPlasticBased,AlAndAlAlloys,Mn,e-m,0.0248,%,1
OBS,2020,EU27+4,WEEE_generatedDedicated,WEEE_Cat2,casingPlasticBased,AlAndAlAlloys,Mo,e-m,0.002,%,1
OBS,2020,EU27+4,WEEE_generatedDedicated,WEEE_Cat2,casingPlasticBased,AlAndAlAlloys,Sm,e-m,0.0003,%,1
OBS,2020,EU27+4,WEEE_generatedDedicated,WEEE_Cat2,casingPlasticBased,AlAndAlAlloys,n/a,m-c,0.00351,%,1
OBS,2020,EU27+4,WEEE_generatedDedicated,WEEE_Cat2,casingPlasticBased,CuAndCuAlloys,Ag,e-m,0.0154,%,1
OBS,2020,EU27+4,WEEE_generatedDedicated,WEEE_Cat2,casingPlasticBased,CuAndCuAlloys,Dy,e-m,0.75,%,1
OBS,2020,EU27+4,WEEE_generatedDedicated,WEEE_Cat2,casingPlasticBased,CuAndCuAlloys,Zr,e-m,0.25,%,1
OBS,2020,EU27+4,WEEE_generatedDedicated,WEEE_Cat2,casingPlasticBased,CuAndCuAlloys,n/a,m-c,0.0154,%,1
OBS,2020,EU27+4,WEEE_generatedDedicated,WEEE_Cat2,casingPlasticBased,ferrousMetals,Ag,e-m,0.045,%,1
OBS,2020,EU27+4,WEEE_generatedDedicated,WEEE_Cat2,casingPlasticBased,ferrousMetals,Ca,e-m,0.0303,%,1
OBS,2020,EU27+4,WEEE_generatedDedicated,WEEE_Cat2,casingPlasticBased,ferrousMetals,Cu,e-m,0.015,%,1
OBS,2020,EU27+4,WEEE_generatedDedicated,WEEE_Cat2,casingPlasticBased,ferrousMetals,Ga,e-m,0.92,%,1
OBS,2020,EU27+4,WEEE_generatedDedicated,WEEE_Cat2,casingPlasticBased,ferrousMetals,Mo,e-m,0.0075,%,1
OBS,2020,EU27+4,WEEE_generatedDedicated,WEEE_Cat2,casingPlasticBased,ferrousMetals,O,e-m,0.00667,%,1
OBS,2020,EU27+4,WEEE_generatedDedicated,WEEE_Cat2,casingPlasticBased,ferrousMetals,Sm,e-m,0.0206,%,1
OBS,2020,EU27+4,WEEE_generatedDedicated,WEEE_Cat2,casingPlasticBased,ferrousMetals,n/a,m-c,0.0239,%,1
OBS,2020,EU27+4,WEEE_generatedDedicated,WEEE_Cat2,casingPlasticBased,n/a,n/a,c-p,0.00512,%,1
OBS,2020,EU27+4,WEEE_generatedDedicated,WEEE_Cat2,casingPlasticBased,otherOrganics,Ag,e-m,0.0741,%,1
OBS,2020,EU27+4,WEEE_generatedDedicated,WEEE_Cat2,casingPlasticBased,otherOrganics,n/a,m-c,0.0393,%,1
OBS,2020,EU27+4,WEEE_generatedDedicated,WEEE_Cat2,casingPlasticBased,plastics,Ag,e-m,0.231,%,1
OBS,2020,EU27+4,WEEE_generatedDedicated,WEEE_Cat2,casingPlasticBased,plastics,n/a,m-c,0.521,%,1
OBS,2020,EU27+4,WEEE_generatedDedicated,WEEE_Cat2,casingPlasticBased,polymerPA6GF30,Ag,e-m,0.0414,%,1
OBS,2020,EU27+4,WEEE_generatedDedicated,WEEE_Cat2,casingPlasticBased,polymerPA6GF30,n/a,m-c,0.022,%,1
OBS,2020,EU27+4,WEEE_generatedDedicated,WEEE_Cat2,casingPlasticBased,polymerPPGF30,Ag,e-m,0.0134,%,1
OBS,2020,EU27+4,WEEE_generatedDedicated,WEEE_Cat2,casingPlasticBased,polymerPPGF30,n/a,m-c,0.00713,%,1
OBS,2020,EU27+4,WEEE_generatedDedicated,WEEE_Cat2,casingPlasticBased,polymerPPTF30,Ag,e-m,0.722,%,1
OBS,2020,EU27+4,WEEE_generatedDedicated,WEEE_Cat2,casingPlasticBased,polymerPPTF30,n/a,m-c,0.383,%,1
OBS,2020,EU27+4,WEEE_generatedDedicated,WEEE_Cat2,casingPlasticBased,undefinedAndMixedMaterials,n/a,m-c,0.265,%,1
OBS,2020,EU27+4,WEEE_generatedDedicated,WEEE_Cat2,casingSteelBased,ferrousMetals,Ag,e-m,0.0409,%,2
OBS,2020,EU27+4,WEEE_generatedDedicated,WEEE_Cat2,casingSteelBased,ferrousMetals,Cu,e-m,0.18,%,2
OBS,2020,EU27+4,WEEE_generatedDedicated,WEEE_Cat2,casingSteelBased,ferrousMetals,Ga,e-m,0.725,%,2
OBS,2020,EU27+4,WEEE_generatedDedicated,WEEE_Cat2,casingSteelBased,ferrousMetals,Mo,e-m,0.01,%,2
OBS,2020,EU27+4,WEEE_generatedDedicated,WEEE_Cat2,casingSteelBased,ferrousMetals,O,e-m,0.08,%,2
OBS,2020,EU27+4,WEEE_generatedDedicated,WEEE_Cat2,casingSteelBased,ferrousMetals,Sm,e-m,0.005,%,2
OBS,2020,EU27+4,WEEE_generatedDedicated,WEEE_Cat2,casingSteelBased,ferrousMetals,n/a,m-c,1,%,2
OBS,2020,EU27+4,WEEE_generatedDedicated,WEEE_Cat2,casingSteelBased,n/a,n/a,c-p,0.0172,%,2
OBS,2020,EU27+4,WEEE_generatedDedicated,WEEE_Cat2,casingUnspecified,AlAndAlAlloys,Ag,e-m,0.00935,%,2
OBS,2020,EU27+4,WEEE_generatedDedicated,WEEE_Cat2,casingUnspecified,AlAndAlAlloys,As,e-m,0.97,%,2
OBS,2020,EU27+4,WEEE_generatedDedicated,WEEE_Cat2,casingUnspecified,AlAndAlAlloys,Cu,e-m,0.002,%,2
OBS,2020,EU27+4,WEEE_generatedDedicated,WEEE_Cat2,casingUnspecified,AlAndAlAlloys,Ga,e-m,0.001,%,2
OBS,2020,EU27+4,WEEE_generatedDedicated,WEEE_Cat2,casingUnspecified,AlAndAlAlloys,Mn,e-m,0.0248,%,2
OBS,2020,EU27+4,WEEE_generatedDedicated,WEEE_Cat2,casingUnspecified,AlAndAlAlloys,Mo,e-m,0.002,%,2
OBS,2020,EU27+4,WEEE_generatedDedicated,WEEE_Cat2,casingUnspecified,AlAndAlAlloys,Sm,e-m,0.0003,%,2
OBS,2020,EU27+4,WEEE_generatedDedicated,WEEE_Cat2,casingUnspecified,AlAndAlAlloys,n/a,m-c,0.000774,%,2
OBS,2020,EU27+4,WEEE_generatedDedicated,WEEE_Cat2,casingUnspecified,CuAndCuAlloys,Ag,e-m,0.000715,%,2
OBS,2020,EU27+4,WEEE_generatedDedicated,WEEE_Cat2,casingUnspecified,CuAndCuAlloys,Dy,e-m,0.75,%,2
OBS,2020,EU27+4,WEEE_generatedDedicated,WEEE_Cat2,casingUnspecified,CuAndCuAlloys,Zr,e-m,0.25,%,2
OBS,2020,EU27+4,WEEE_generatedDedicated,WEEE_Cat2,casingUnspecified,CuAndCuAlloys,n/a,m-c,0.000715,%,2
OBS,2020,EU27+4,WEEE_generatedDedicated,WEEE_Cat2,casingUnspecified,ferrousMetals,Ag,e-m,0.00784,%,2
OBS,2020,EU27+4,WEEE_generatedDedicated,WEEE_Cat2,casingUnspecified,ferrousMetals,Cu,e-m,0.18,%,2
OBS,2020,EU27+4,WEEE_generatedDedicated,WEEE_Cat2,casingUnspecified,ferrousMetals,Ga,e-m,0.725,%,2
OBS,2020,EU27+4,WEEE_generatedDedicated,WEEE_Cat2,casingUnspecified,ferrousMetals,Mo,e-m,0.01,%,2
OBS,2020,EU27+4,WEEE_generatedDedicated,WEEE_Cat2,casingUnspecified,ferrousMetals,O,e-m,0.08,%,2
OBS,2020,EU27+4,WEEE_generatedDedicated,WEEE_Cat2,casingUnspecified,ferrousMetals,Sm,e-m,0.005,%,2
OBS,2020,EU27+4,WEEE_generatedDedicated,WEEE_Cat2,casingUnspecified,ferrousMetals,n/a,m-c,0.00653,%,2
OBS,2020,EU27+4,WEEE_generatedDedicated,WEEE_Cat2,casingUnspecified,glass,Ag,e-m,0.143,%,2
OBS,2020,EU27+4,WEEE_generatedDedicated,WEEE_Cat2,casingUnspecified,glass,Pd,e-m,0.265,%,2
OBS,2020,EU27+4,WEEE_generatedDedicated,WEEE_Cat2,casingUnspecified,glass,Sc,e-m,0.00196,%,2
OBS,2020,EU27+4,WEEE_generatedDedicated,WEEE_Cat2,casingUnspecified,glass,Zr,e-m,0.000708,%,2
OBS,2020,EU27+4,WEEE_generatedDedicated,WEEE_Cat2,casingUnspecified,glass,n/a,m-c,0.126,%,2
OBS,2020,EU27+4,WEEE_generatedDedicated,WEEE_Cat2,casingUnspecified,n/a,n/a,c-p,0.0325,%,2
OBS,2020,EU27+4,WEEE_generatedDedicated,WEEE_Cat2,casingUnspecified,otherMetalsAndMetalAlloys,Ag,e-m,0.00152,%,2
OBS,2020,EU27+4,WEEE_generatedDedicated,WEEE_Cat2,casingUnspecified,otherMetalsAndMetalAlloys,Al,e-m,0.9,%,2
OBS,2020,EU27+4,WEEE_generatedDedicated,WEEE_Cat2,casingUnspecified,otherMetalsAndMetalAlloys,Dy,e-m,0.1,%,2
OBS,2020,EU27+4,WEEE_generatedDedicated,WEEE_Cat2,casingUnspecified,otherMetalsAndMetalAlloys,n/a,m-c,0.00115,%,2
OBS,2020,EU27+4,WEEE_generatedDedicated,WEEE_Cat2,casingUnspecified,plastics,Ag,e-m,0.000408,%,2
OBS,2020,EU27+4,WEEE_generatedDedicated,WEEE_Cat2,casingUnspecified,plastics,n/a,m-c,0.00217,%,2
OBS,2020,EU27+4,WEEE_generatedDedicated,WEEE_Cat2,casingUnspecified,undefinedAndMixedMaterials,Ag,e-m,0.000378,%,2
OBS,2020,EU27+4,WEEE_generatedDedicated,WEEE_Cat2,casingUnspecified,undefinedAndMixedMaterials,n/a,m-c,0.000378,%,2
OBS,2020,EU27+4,WEEE_generatedDedicated,WEEE_Cat2,coldCathodeLamp,n/a,n/a,c-p,0.0108,%,1
OBS,2020,EU27+4,WEEE_generatedDedicated,WEEE_Cat2,compContainHazardSubst,n/a,n/a,c-p,0.000661,%,1
OBS,2020,EU27+4,WEEE_generatedDedicated,WEEE_Cat2,compressor,CuAndCuAlloys,Ag,e-m,0.596,%,1
OBS,2020,EU27+4,WEEE_generatedDedicated,WEEE_Cat2,compressor,CuAndCuAlloys,As,e-m,0.404,%,1
OBS,2020,EU27+4,WEEE_generatedDedicated,WEEE_Cat2,compressor,CuAndCuAlloys,Cu,e-m,0.000833,%,1
OBS,2020,EU27+4,WEEE_generatedDedicated,WEEE_Cat2,compressor,CuAndCuAlloys,Dy,e-m,0.438,%,1
OBS,2020,EU27+4,WEEE_generatedDedicated,WEEE_Cat2,compressor,CuAndCuAlloys,Ga,e-m,0.000417,%,1
OBS,2020,EU27+4,WEEE_generatedDedicated,WEEE_Cat2,compressor,CuAndCuAlloys,Mn,e-m,0.0103,%,1
OBS,2020,EU27+4,WEEE_generatedDedicated,WEEE_Cat2,compressor,CuAndCuAlloys,Mo,e-m,0.000833,%,1
OBS,2020,EU27+4,WEEE_generatedDedicated,WEEE_Cat2,compressor,CuAndCuAlloys,Sm,e-m,0.000125,%,1
OBS,2020,EU27+4,WEEE_generatedDedicated,WEEE_Cat2,compressor,CuAndCuAlloys,Zr,e-m,0.146,%,1
OBS,2020,EU27+4,WEEE_generatedDedicated,WEEE_Cat2,compressor,CuAndCuAlloys,n/a,m-c,0.573,%,1
OBS,2020,EU27+4,WEEE_generatedDedicated,WEEE_Cat2,compressor,glass,Ag,e-m,0.0367,%,1
OBS,2020,EU27+4,WEEE_generatedDedicated,WEEE_Cat2,compressor,glass,Pd,e-m,0.265,%,1
OBS,2020,EU27+4,WEEE_generatedDedicated,WEEE_Cat2,compressor,glass,Sc,e-m,0.00196,%,1
OBS,2020,EU27+4,WEEE_generatedDedicated,WEEE_Cat2,compressor,glass,Zr,e-m,0.000708,%,1
OBS,2020,EU27+4,WEEE_generatedDedicated,WEEE_Cat2,compressor,glass,n/a,m-c,0.0353,%,1
OBS,2020,EU27+4,WEEE_generatedDedicated,WEEE_Cat2,compressor,n/a,n/a,c-p,0.0000345,%,1
OBS,2020,EU27+4,WEEE_generatedDedicated,WEEE_Cat2,compressor,otherFerrousAlloys,Ag,e-m,0.0156,%,1
OBS,2020,EU27+4,WEEE_generatedDedicated,WEEE_Cat2,compressor,otherFerrousAlloys,Ca,e-m,0.033,%,1
OBS,2020,EU27+4,WEEE_generatedDedicated,WEEE_Cat2,compressor,otherFerrousAlloys,Ga,e-m,0.938,%,1
OBS,2020,EU27+4,WEEE_generatedDedicated,WEEE_Cat2,compressor,otherFerrousAlloys,Mo,e-m,0.0075,%,1
OBS,2020,EU27+4,WEEE_generatedDedicated,WEEE_Cat2,compressor,otherFerrousAlloys,Sm,e-m,0.022,%,1
OBS,2020,EU27+4,WEEE_generatedDedicated,WEEE_Cat2,compressor,otherFerrousAlloys,n/a,m-c,0.015,%,1
OBS,2020,EU27+4,WEEE_generatedDedicated,WEEE_Cat2,compressor,otherOrUndefinedMaterials,Ag,e-m,0.133,%,1
OBS,2020,EU27+4,WEEE_generatedDedicated,WEEE_Cat2,compressor,otherOrUndefinedMaterials,n/a,m-c,0.128,%,1
OBS,2020,EU27+4,WEEE_generatedDedicated,WEEE_Cat2,compressor,plastics,Ag,e-m,0.0266,%,1
OBS,2020,EU27+4,WEEE_generatedDedicated,WEEE_Cat2,compressor,plastics,n/a,m-c,0.0256,%,1
OBS,2020,EU27+4,WEEE_generatedDedicated,WEEE_Cat2,compressor,steelAndSteelAlloys,Ag,e-m,0.232,%,1
OBS,2020,EU27+4,WEEE_generatedDedicated,WEEE_Cat2,compressor,steelAndSteelAlloys,Cu,e-m,0.18,%,1
OBS,2020,EU27+4,WEEE_generatedDedicated,WEEE_Cat2,compressor,steelAndSteelAlloys,Ga,e-m,0.725,%,1
OBS,2020,EU27+4,WEEE_generatedDedicated,WEEE_Cat2,compressor,steelAndSteelAlloys,Mo,e-m,0.01,%,1
OBS,2020,EU27+4,WEEE_generatedDedicated,WEEE_Cat2,compressor,steelAndSteelAlloys,O,e-m,0.08,%,1
OBS,2020,EU27+4,WEEE_generatedDedicated,WEEE_Cat2,compressor,steelAndSteelAlloys,Sm,e-m,0.005,%,1
OBS,2020,EU27+4,WEEE_generatedDedicated,WEEE_Cat2,compressor,steelAndSteelAlloys,n/a,m-c,0.223,%,1
OBS,2020,EU27+4,WEEE_generatedDedicated,WEEE_Cat2,condensator,n/a,n/a,c-p,0.00683,%,1
OBS,2020,EU27+4,WEEE_generatedDedicated,WEEE_Cat2,contactor,n/a,n/a,c-p,0.0000702,%,1
OBS,2020,EU27+4,WEEE_generatedDedicated,WEEE_Cat2,displayCRT,AlAndAlAlloys,Ag,e-m,0.00569,%,2
OBS,2020,EU27+4,WEEE_generatedDedicated,WEEE_Cat2,displayCRT,AlAndAlAlloys,As,e-m,0.97,%,2
OBS,2020,EU27+4,WEEE_generatedDedicated,WEEE_Cat2,displayCRT,AlAndAlAlloys,Cu,e-m,0.002,%,2
OBS,2020,EU27+4,WEEE_generatedDedicated,WEEE_Cat2,displayCRT,AlAndAlAlloys,Ga,e-m,0.001,%,2
OBS,2020,EU27+4,WEEE_generatedDedicated,WEEE_Cat2,displayCRT,AlAndAlAlloys,Mn,e-m,0.0248,%,2
OBS,2020,EU27+4,WEEE_generatedDedicated,WEEE_Cat2,displayCRT,AlAndAlAlloys,Mo,e-m,0.002,%,2
OBS,2020,EU27+4,WEEE_generatedDedicated,WEEE_Cat2,displayCRT,AlAndAlAlloys,Sm,e-m,0.0003,%,2
OBS,2020,EU27+4,WEEE_generatedDedicated,WEEE_Cat2,displayCRT,AlAndAlAlloys,n/a,m-c,0.00782,%,2
OBS,2020,EU27+4,WEEE_generatedDedicated,WEEE_Cat2,displayCRT,glass,Ag,e-m,0.722,%,2
OBS,2020,EU27+4,WEEE_generatedDedicated,WEEE_Cat2,displayCRT,glass,Pd,e-m,0.265,%,2
OBS,2020,EU27+4,WEEE_generatedDedicated,WEEE_Cat2,displayCRT,glass,Sc,e-m,0.00196,%,2
OBS,2020,EU27+4,WEEE_generatedDedicated,WEEE_Cat2,displayCRT,glass,Zr,e-m,0.000708,%,2
OBS,2020,EU27+4,WEEE_generatedDedicated,WEEE_Cat2,displayCRT,glass,n/a,m-c,0.992,%,2
OBS,2020,EU27+4,WEEE_generatedDedicated,WEEE_Cat2,displayCRT,n/a,n/a,c-p,0.303,%,2
OBS,2020,EU27+4,WEEE_generatedDedicated,WEEE_Cat2,displayLCD,AlAndAlAlloys,Ag,e-m,0.301,%,2
OBS,2020,EU27+4,WEEE_generatedDedicated,WEEE_Cat2,displayLCD,AlAndAlAlloys,As,e-m,0.97,%,2
OBS,2020,EU27+4,WEEE_generatedDedicated,WEEE_Cat2,displayLCD,AlAndAlAlloys,Cu,e-m,0.002,%,2
OBS,2020,EU27+4,WEEE_generatedDedicated,WEEE_Cat2,displayLCD,AlAndAlAlloys,Ga,e-m,0.001,%,2
OBS,2020,EU27+4,WEEE_generatedDedicated,WEEE_Cat2,displayLCD,AlAndAlAlloys,Mn,e-m,0.0248,%,2
OBS,2020,EU27+4,WEEE_generatedDedicated,WEEE_Cat2,displayLCD,AlAndAlAlloys,Mo,e-m,0.002,%,2
OBS,2020,EU27+4,WEEE_generatedDedicated,WEEE_Cat2,displayLCD,AlAndAlAlloys,Sm,e-m,0.0003,%,2
OBS,2020,EU27+4,WEEE_generatedDedicated,WEEE_Cat2,displayLCD,AlAndAlAlloys,n/a,m-c,0.257,%,2
OBS,2020,EU27+4,WEEE_generatedDedicated,WEEE_Cat2,displayLCD,CuAndCuAlloys,Ag,e-m,0.00985,%,2
OBS,2020,EU27+4,WEEE_generatedDedicated,WEEE_Cat2,displayLCD,CuAndCuAlloys,Dy,e-m,0.75,%,2
OBS,2020,EU27+4,WEEE_generatedDedicated,WEEE_Cat2,displayLCD,CuAndCuAlloys,Zr,e-m,0.25,%,2
OBS,2020,EU27+4,WEEE_generatedDedicated,WEEE_Cat2,displayLCD,CuAndCuAlloys,n/a,m-c,0.00839,%,2
OBS,2020,EU27+4,WEEE_generatedDedicated,WEEE_Cat2,displayLCD,ferrousMetals,Ag,e-m,0.132,%,2
OBS,2020,EU27+4,WEEE_generatedDedicated,WEEE_Cat2,displayLCD,ferrousMetals,Cu,e-m,0.18,%,2
OBS,2020,EU27+4,WEEE_generatedDedicated,WEEE_Cat2,displayLCD,ferrousMetals,Ga,e-m,0.725,%,2
OBS,2020,EU27+4,WEEE_generatedDedicated,WEEE_Cat2,displayLCD,ferrousMetals,Mo,e-m,0.01,%,2
OBS,2020,EU27+4,WEEE_generatedDedicated,WEEE_Cat2,displayLCD,ferrousMetals,O,e-m,0.08,%,2
OBS,2020,EU27+4,WEEE_generatedDedicated,WEEE_Cat2,displayLCD,ferrousMetals,Sm,e-m,0.005,%,2
OBS,2020,EU27+4,WEEE_generatedDedicated,WEEE_Cat2,displayLCD,ferrousMetals,n/a,m-c,0.11,%,2
OBS,2020,EU27+4,WEEE_generatedDedicated,WEEE_Cat2,displayLCD,glass,Ag,e-m,0.392,%,2
OBS,2020,EU27+4,WEEE_generatedDedicated,WEEE_Cat2,displayLCD,glass,Pd,e-m,0.265,%,2
OBS,2020,EU27+4,WEEE_generatedDedicated,WEEE_Cat2,displayLCD,glass,Sc,e-m,0.00196,%,2
OBS,2020,EU27+4,WEEE_generatedDedicated,WEEE_Cat2,displayLCD,glass,Zr,e-m,0.000708,%,2
OBS,2020,EU27+4,WEEE_generatedDedicated,WEEE_Cat2,displayLCD,glass,n/a,m-c,0.329,%,2
OBS,2020,EU27+4,WEEE_generatedDedicated,WEEE_Cat2,displayLCD,n/a,n/a,c-p,0.000449,%,1
OBS,2020,EU27+4,WEEE_generatedDedicated,WEEE_Cat2,displayLCD,plastics,Ag,e-m,0.176,%,2
OBS,2020,EU27+4,WEEE_generatedDedicated,WEEE_Cat2,displayLCD,plastics,n/a,m-c,0.176,%,2
OBS,2020,EU27+4,WEEE_generatedDedicated,WEEE_Cat2,displayLCD,undefinedAndMixedMaterials,Ag,e-m,0.0714,%,2
OBS,2020,EU27+4,WEEE_generatedDedicated,WEEE_Cat2,displayLCD,undefinedAndMixedMaterials,n/a,m-c,0.06,%,2
OBS,2020,EU27+4,WEEE_generatedDedicated,WEEE_Cat2,displayLCDunder100cm2,n/a,n/a,c-p,0.000553,%,1
OBS,2020,EU27+4,WEEE_generatedDedicated,WEEE_Cat2,displayOther,AlAndAlAlloys,Ag,e-m,0.00706,%,2
OBS,2020,EU27+4,WEEE_generatedDedicated,WEEE_Cat2,displayOther,AlAndAlAlloys,As,e-m,0.97,%,2
OBS,2020,EU27+4,WEEE_generatedDedicated,WEEE_Cat2,displayOther,AlAndAlAlloys,Cu,e-m,0.002,%,2
OBS,2020,EU27+4,WEEE_generatedDedicated,WEEE_Cat2,displayOther,AlAndAlAlloys,Ga,e-m,0.001,%,2
OBS,2020,EU27+4,WEEE_generatedDedicated,WEEE_Cat2,displayOther,AlAndAlAlloys,Mn,e-m,0.0248,%,2
OBS,2020,EU27+4,WEEE_generatedDedicated,WEEE_Cat2,displayOther,AlAndAlAlloys,Mo,e-m,0.002,%,2
OBS,2020,EU27+4,WEEE_generatedDedicated,WEEE_Cat2,displayOther,AlAndAlAlloys,Sm,e-m,0.0003,%,2
OBS,2020,EU27+4,WEEE_generatedDedicated,WEEE_Cat2,displayOther,AlAndAlAlloys,n/a,m-c,0.00703,%,2
OBS,2020,EU27+4,WEEE_generatedDedicated,WEEE_Cat2,displayOther,CuAndCuAlloys,Ag,e-m,0.000388,%,2
OBS,2020,EU27+4,WEEE_generatedDedicated,WEEE_Cat2,displayOther,CuAndCuAlloys,Dy,e-m,0.75,%,2
OBS,2020,EU27+4,WEEE_generatedDedicated,WEEE_Cat2,displayOther,CuAndCuAlloys,Zr,e-m,0.25,%,2
OBS,2020,EU27+4,WEEE_generatedDedicated,WEEE_Cat2,displayOther,CuAndCuAlloys,n/a,m-c,0.000388,%,2
OBS,2020,EU27+4,WEEE_generatedDedicated,WEEE_Cat2,displayOther,ferrousMetals,Ag,e-m,0.0127,%,2
OBS,2020,EU27+4,WEEE_generatedDedicated,WEEE_Cat2,displayOther,ferrousMetals,Cu,e-m,0.18,%,2
OBS,2020,EU27+4,WEEE_generatedDedicated,WEEE_Cat2,displayOther,ferrousMetals,Ga,e-m,0.725,%,2
OBS,2020,EU27+4,WEEE_generatedDedicated,WEEE_Cat2,displayOther,ferrousMetals,Mo,e-m,0.01,%,2
OBS,2020,EU27+4,WEEE_generatedDedicated,WEEE_Cat2,displayOther,ferrousMetals,O,e-m,0.08,%,2
OBS,2020,EU27+4,WEEE_generatedDedicated,WEEE_Cat2,displayOther,ferrousMetals,Sm,e-m,0.005,%,2
OBS,2020,EU27+4,WEEE_generatedDedicated,WEEE_Cat2,displayOther,ferrousMetals,n/a,m-c,0.00941,%,2
OBS,2020,EU27+4,WEEE_generatedDedicated,WEEE_Cat2,displayOther,glass,Ag,e-m,0.276,%,2
OBS,2020,EU27+4,WEEE_generatedDedicated,WEEE_Cat2,displayOther,glass,Pd,e-m,0.265,%,2
OBS,2020,EU27+4,WEEE_generatedDedicated,WEEE_Cat2,displayOther,glass,Sc,e-m,0.00196,%,2
OBS,2020,EU27+4,WEEE_generatedDedicated,WEEE_Cat2,displayOther,glass,Zr,e-m,0.000708,%,2
OBS,2020,EU27+4,WEEE_generatedDedicated,WEEE_Cat2,displayOther,glass,n/a,m-c,0.0538,%,2
OBS,2020,EU27+4,WEEE_generatedDedicated,WEEE_Cat2,displayOther,n/a,n/a,c-p,0.00367,%,2
OBS,2020,EU27+4,WEEE_generatedDedicated,WEEE_Cat2,displayOther,otherMetalsAndMetalAlloys,Ag,e-m,0.00231,%,2
OBS,2020,EU27+4,WEEE_generatedDedicated,WEEE_Cat2,displayOther,otherMetalsAndMetalAlloys,Al,e-m,0.9,%,2
OBS,2020,EU27+4,WEEE_generatedDedicated,WEEE_Cat2,displayOther,otherMetalsAndMetalAlloys,Dy,e-m,0.1,%,2
OBS,2020,EU27+4,WEEE_generatedDedicated,WEEE_Cat2,displayOther,otherMetalsAndMetalAlloys,n/a,m-c,0.00237,%,2
OBS,2020,EU27+4,WEEE_generatedDedicated,WEEE_Cat2,displayOther,plastics,Ag,e-m,0.0125,%,2
OBS,2020,EU27+4,WEEE_generatedDedicated,WEEE_Cat2,displayOther,plastics,n/a,m-c,0.0125,%,2
OBS,2020,EU27+4,WEEE_generatedDedicated,WEEE_Cat2,displayOther,undefinedAndMixedMaterials,Ag,e-m,0.0000891,%,2
OBS,2020,EU27+4,WEEE_generatedDedicated,WEEE_Cat2,displayOther,undefinedAndMixedMaterials,n/a,m-c,0.0000891,%,2
OBS,2020,EU27+4,WEEE_generatedDedicated,WEEE_Cat2,displayPlasma,n/a,n/a,c-p,0.152,%,1
OBS,2020,EU27+4,WEEE_generatedDedicated,WEEE_Cat2,driveCDDExt,n/a,n/a,c-p,0.00561,%,1
OBS,2020,EU27+4,WEEE_generatedDedicated,WEEE_Cat2,driveCDDInt,AlAndAlAlloys,Ag,e-m,0.0324,%,2
OBS,2020,EU27+4,WEEE_generatedDedicated,WEEE_Cat2,driveCDDInt,AlAndAlAlloys,As,e-m,0.97,%,2
OBS,2020,EU27+4,WEEE_generatedDedicated,WEEE_Cat2,driveCDDInt,AlAndAlAlloys,Cu,e-m,0.002,%,2
OBS,2020,EU27+4,WEEE_generatedDedicated,WEEE_Cat2,driveCDDInt,AlAndAlAlloys,Ga,e-m,0.001,%,2
OBS,2020,EU27+4,WEEE_generatedDedicated,WEEE_Cat2,driveCDDInt,AlAndAlAlloys,Mn,e-m,0.0248,%,2
OBS,2020,EU27+4,WEEE_generatedDedicated,WEEE_Cat2,driveCDDInt,AlAndAlAlloys,Mo,e-m,0.002,%,2
OBS,2020,EU27+4,WEEE_generatedDedicated,WEEE_Cat2,driveCDDInt,AlAndAlAlloys,Sm,e-m,0.0003,%,2
OBS,2020,EU27+4,WEEE_generatedDedicated,WEEE_Cat2,driveCDDInt,AlAndAlAlloys,n/a,m-c,0.0248,%,2
OBS,2020,EU27+4,WEEE_generatedDedicated,WEEE_Cat2,driveCDDInt,CuAndCuAlloys,Ag,e-m,0.00564,%,2
OBS,2020,EU27+4,WEEE_generatedDedicated,WEEE_Cat2,driveCDDInt,CuAndCuAlloys,Dy,e-m,0.75,%,2
OBS,2020,EU27+4,WEEE_generatedDedicated,WEEE_Cat2,driveCDDInt,CuAndCuAlloys,Zr,e-m,0.25,%,2
OBS,2020,EU27+4,WEEE_generatedDedicated,WEEE_Cat2,driveCDDInt,CuAndCuAlloys,n/a,m-c,0.00637,%,2
OBS,2020,EU27+4,WEEE_generatedDedicated,WEEE_Cat2,driveCDDInt,ferrousMetals,Ag,e-m,0.103,%,2
OBS,2020,EU27+4,WEEE_generatedDedicated,WEEE_Cat2,driveCDDInt,ferrousMetals,Cu,e-m,0.18,%,2
OBS,2020,EU27+4,WEEE_generatedDedicated,WEEE_Cat2,driveCDDInt,ferrousMetals,Ga,e-m,0.725,%,2
OBS,2020,EU27+4,WEEE_generatedDedicated,WEEE_Cat2,driveCDDInt,ferrousMetals,Mo,e-m,0.01,%,2
OBS,2020,EU27+4,WEEE_generatedDedicated,WEEE_Cat2,driveCDDInt,ferrousMetals,O,e-m,0.08,%,2
OBS,2020,EU27+4,WEEE_generatedDedicated,WEEE_Cat2,driveCDDInt,ferrousMetals,Sm,e-m,0.005,%,2
OBS,2020,EU27+4,WEEE_generatedDedicated,WEEE_Cat2,driveCDDInt,ferrousMetals,n/a,m-c,0.127,%,2
OBS,2020,EU27+4,WEEE_generatedDedicated,WEEE_Cat2,driveCDDInt,n/a,n/a,c-p,0.01,%,2
OBS,2020,EU27+4,WEEE_generatedDedicated,WEEE_Cat2,driveCDDInt,otherMetalsAndMetalAlloys,Ag,e-m,0.0161,%,2
OBS,2020,EU27+4,WEEE_generatedDedicated,WEEE_Cat2,driveCDDInt,otherMetalsAndMetalAlloys,Al,e-m,0.9,%,2
OBS,2020,EU27+4,WEEE_generatedDedicated,WEEE_Cat2,driveCDDInt,otherMetalsAndMetalAlloys,Dy,e-m,0.1,%,2
OBS,2020,EU27+4,WEEE_generatedDedicated,WEEE_Cat2,driveCDDInt,otherMetalsAndMetalAlloys,n/a,m-c,0.00441,%,2
OBS,2020,EU27+4,WEEE_generatedDedicated,WEEE_Cat2,driveCDDInt,plastics,Ag,e-m,0.0254,%,2
OBS,2020,EU27+4,WEEE_generatedDedicated,WEEE_Cat2,driveCDDInt,plastics,n/a,m-c,0.0254,%,2
OBS,2020,EU27+4,WEEE_generatedDedicated,WEEE_Cat2,driveCDDInt,undefinedAndMixedMaterials,Ag,e-m,0.000808,%,2
OBS,2020,EU27+4,WEEE_generatedDedicated,WEEE_Cat2,driveCDDInt,undefinedAndMixedMaterials,n/a,m-c,0.000808,%,2
OBS,2020,EU27+4,WEEE_generatedDedicated,WEEE_Cat2,driveFDD,AlAndAlAlloys,Ag,e-m,0.387,%,2
OBS,2020,EU27+4,WEEE_generatedDedicated,WEEE_Cat2,driveFDD,AlAndAlAlloys,As,e-m,0.97,%,2
OBS,2020,EU27+4,WEEE_generatedDedicated,WEEE_Cat2,driveFDD,AlAndAlAlloys,Cu,e-m,0.002,%,2
OBS,2020,EU27+4,WEEE_generatedDedicated,WEEE_Cat2,driveFDD,AlAndAlAlloys,Ga,e-m,0.001,%,2
OBS,2020,EU27+4,WEEE_generatedDedicated,WEEE_Cat2,driveFDD,AlAndAlAlloys,Mn,e-m,0.0248,%,2
OBS,2020,EU27+4,WEEE_generatedDedicated,WEEE_Cat2,driveFDD,AlAndAlAlloys,Mo,e-m,0.002,%,2
OBS,2020,EU27+4,WEEE_generatedDedicated,WEEE_Cat2,driveFDD,AlAndAlAlloys,Sm,e-m,0.0003,%,2
OBS,2020,EU27+4,WEEE_generatedDedicated,WEEE_Cat2,driveFDD,AlAndAlAlloys,n/a,m-c,0.634,%,2
OBS,2020,EU27+4,WEEE_generatedDedicated,WEEE_Cat2,driveFDD,ferrousMetals,Ag,e-m,0.223,%,2
OBS,2020,EU27+4,WEEE_generatedDedicated,WEEE_Cat2,driveFDD,ferrousMetals,Cu,e-m,0.18,%,2
OBS,2020,EU27+4,WEEE_generatedDedicated,WEEE_Cat2,driveFDD,ferrousMetals,Ga,e-m,0.725,%,2
OBS,2020,EU27+4,WEEE_generatedDedicated,WEEE_Cat2,driveFDD,ferrousMetals,Mo,e-m,0.01,%,2
OBS,2020,EU27+4,WEEE_generatedDedicated,WEEE_Cat2,driveFDD,ferrousMetals,O,e-m,0.08,%,2
OBS,2020,EU27+4,WEEE_generatedDedicated,WEEE_Cat2,driveFDD,ferrousMetals,Sm,e-m,0.005,%,2
OBS,2020,EU27+4,WEEE_generatedDedicated,WEEE_Cat2,driveFDD,ferrousMetals,n/a,m-c,0.366,%,2
OBS,2020,EU27+4,WEEE_generatedDedicated,WEEE_Cat2,driveFDD,n/a,n/a,c-p,0.021,%,1
OBS,2020,EU27+4,WEEE_generatedDedicated,WEEE_Cat2,driveHDD,AlAndAlAlloys,Ag,e-m,0.0345,%,2
OBS,2020,EU27+4,WEEE_generatedDedicated,WEEE_Cat2,driveHDD,AlAndAlAlloys,As,e-m,0.97,%,2
OBS,2020,EU27+4,WEEE_generatedDedicated,WEEE_Cat2,driveHDD,AlAndAlAlloys,Cu,e-m,0.002,%,2
OBS,2020,EU27+4,WEEE_generatedDedicated,WEEE_Cat2,driveHDD,AlAndAlAlloys,Ga,e-m,0.001,%,2
OBS,2020,EU27+4,WEEE_generatedDedicated,WEEE_Cat2,driveHDD,AlAndAlAlloys,Mn,e-m,0.0248,%,2
OBS,2020,EU27+4,WEEE_generatedDedicated,WEEE_Cat2,driveHDD,AlAndAlAlloys,Mo,e-m,0.002,%,2
OBS,2020,EU27+4,WEEE_generatedDedicated,WEEE_Cat2,driveHDD,AlAndAlAlloys,Sm,e-m,0.0003,%,2
OBS,2020,EU27+4,WEEE_generatedDedicated,WEEE_Cat2,driveHDD,AlAndAlAlloys,n/a,m-c,0.0297,%,2
OBS,2020,EU27+4,WEEE_generatedDedicated,WEEE_Cat2,driveHDD,CuAndCuAlloys,Ag,e-m,0.00548,%,2
OBS,2020,EU27+4,WEEE_generatedDedicated,WEEE_Cat2,driveHDD,CuAndCuAlloys,Dy,e-m,0.75,%,2
OBS,2020,EU27+4,WEEE_generatedDedicated,WEEE_Cat2,driveHDD,CuAndCuAlloys,Zr,e-m,0.25,%,2
OBS,2020,EU27+4,WEEE_generatedDedicated,WEEE_Cat2,driveHDD,CuAndCuAlloys,n/a,m-c,0.00471,%,2
OBS,2020,EU27+4,WEEE_generatedDedicated,WEEE_Cat2,driveHDD,ferrousMetals,Ag,e-m,0.129,%,2
OBS,2020,EU27+4,WEEE_generatedDedicated,WEEE_Cat2,driveHDD,ferrousMetals,Cu,e-m,0.18,%,2
OBS,2020,EU27+4,WEEE_generatedDedicated,WEEE_Cat2,driveHDD,ferrousMetals,Ga,e-m,0.725,%,2
OBS,2020,EU27+4,WEEE_generatedDedicated,WEEE_Cat2,driveHDD,ferrousMetals,Mo,e-m,0.01,%,2
OBS,2020,EU27+4,WEEE_generatedDedicated,WEEE_Cat2,driveHDD,ferrousMetals,O,e-m,0.08,%,2
OBS,2020,EU27+4,WEEE_generatedDedicated,WEEE_Cat2,driveHDD,ferrousMetals,Sm,e-m,0.005,%,2
OBS,2020,EU27+4,WEEE_generatedDedicated,WEEE_Cat2,driveHDD,ferrousMetals,n/a,m-c,0.129,%,2
OBS,2020,EU27+4,WEEE_generatedDedicated,WEEE_Cat2,driveHDD,n/a,n/a,c-p,0.00492,%,1
OBS,2020,EU27+4,WEEE_generatedDedicated,WEEE_Cat2,driveHDD,otherMetalsAndMetalAlloys,Ag,e-m,0.242,%,2
OBS,2020,EU27+4,WEEE_generatedDedicated,WEEE_Cat2,driveHDD,otherMetalsAndMetalAlloys,Al,e-m,0.9,%,2
OBS,2020,EU27+4,WEEE_generatedDedicated,WEEE_Cat2,driveHDD,otherMetalsAndMetalAlloys,Dy,e-m,0.1,%,2
OBS,2020,EU27+4,WEEE_generatedDedicated,WEEE_Cat2,driveHDD,otherMetalsAndMetalAlloys,n/a,m-c,0.242,%,2
OBS,2020,EU27+4,WEEE_generatedDedicated,WEEE_Cat2,driveHDD,plastics,Ag,e-m,0.00853,%,2
OBS,2020,EU27+4,WEEE_generatedDedicated,WEEE_Cat2,driveHDD,plastics,n/a,m-c,0.00853,%,2
OBS,2020,EU27+4,WEEE_generatedDedicated,WEEE_Cat2,driveHDD,undefinedAndMixedMaterials,Ag,e-m,0.0459,%,2
OBS,2020,EU27+4,WEEE_generatedDedicated,WEEE_Cat2,driveHDD,undefinedAndMixedMaterials,n/a,m-c,0.00271,%,2
OBS,2020,EU27+4,WEEE_generatedDedicated,WEEE_Cat2,driveUnspecified,CuAndCuAlloys,Ag,e-m,0.0226,%,2
OBS,2020,EU27+4,WEEE_generatedDedicated,WEEE_Cat2,driveUnspecified,CuAndCuAlloys,Dy,e-m,0.75,%,2
OBS,2020,EU27+4,WEEE_generatedDedicated,WEEE_Cat2,driveUnspecified,CuAndCuAlloys,Zr,e-m,0.25,%,2
OBS,2020,EU27+4,WEEE_generatedDedicated,WEEE_Cat2,driveUnspecified,CuAndCuAlloys,n/a,m-c,0.0226,%,2
OBS,2020,EU27+4,WEEE_generatedDedicated,WEEE_Cat2,driveUnspecified,ferrousMetals,Ag,e-m,0.316,%,2
OBS,2020,EU27+4,WEEE_generatedDedicated,WEEE_Cat2,driveUnspecified,ferrousMetals,Cu,e-m,0.18,%,2
OBS,2020,EU27+4,WEEE_generatedDedicated,WEEE_Cat2,driveUnspecified,ferrousMetals,Ga,e-m,0.725,%,2
OBS,2020,EU27+4,WEEE_generatedDedicated,WEEE_Cat2,driveUnspecified,ferrousMetals,Mo,e-m,0.01,%,2
OBS,2020,EU27+4,WEEE_generatedDedicated,WEEE_Cat2,driveUnspecified,ferrousMetals,O,e-m,0.08,%,2
OBS,2020,EU27+4,WEEE_generatedDedicated,WEEE_Cat2,driveUnspecified,ferrousMetals,Sm,e-m,0.005,%,2
OBS,2020,EU27+4,WEEE_generatedDedicated,WEEE_Cat2,driveUnspecified,ferrousMetals,n/a,m-c,0.316,%,2
OBS,2020,EU27+4,WEEE_generatedDedicated,WEEE_Cat2,driveUnspecified,n/a,n/a,c-p,0.0822,%,2
OBS,2020,EU27+4,WEEE_generatedDedicated,WEEE_Cat2,driveUnspecified,plastics,Ag,e-m,0.188,%,2
OBS,2020,EU27+4,WEEE_generatedDedicated,WEEE_Cat2,driveUnspecified,plastics,n/a,m-c,0.188,%,2
OBS,2020,EU27+4,WEEE_generatedDedicated,WEEE_Cat2,driveUnspecified,undefinedAndMixedMaterials,Ag,e-m,0.0136,%,2
OBS,2020,EU27+4,WEEE_generatedDedicated,WEEE_Cat2,driveUnspecified,undefinedAndMixedMaterials,n/a,m-c,0.0136,%,2
OBS,2020,EU27+4,WEEE_generatedDedicated,WEEE_Cat2,electricEngine,AlAndAlAlloys,Ag,e-m,0.0268,%,1
OBS,2020,EU27+4,WEEE_generatedDedicated,WEEE_Cat2,electricEngine,AlAndAlAlloys,As,e-m,0.97,%,1
OBS,2020,EU27+4,WEEE_generatedDedicated,WEEE_Cat2,electricEngine,AlAndAlAlloys,Cu,e-m,0.002,%,1
OBS,2020,EU27+4,WEEE_generatedDedicated,WEEE_Cat2,electricEngine,AlAndAlAlloys,Ga,e-m,0.001,%,1
OBS,2020,EU27+4,WEEE_generatedDedicated,WEEE_Cat2,electricEngine,AlAndAlAlloys,Mn,e-m,0.0248,%,1
OBS,2020,EU27+4,WEEE_generatedDedicated,WEEE_Cat2,electricEngine,AlAndAlAlloys,Mo,e-m,0.002,%,1
OBS,2020,EU27+4,WEEE_generatedDedicated,WEEE_Cat2,electricEngine,AlAndAlAlloys,Sm,e-m,0.0003,%,1
OBS,2020,EU27+4,WEEE_generatedDedicated,WEEE_Cat2,electricEngine,AlAndAlAlloys,n/a,m-c,0.0219,%,1
OBS,2020,EU27+4,WEEE_generatedDedicated,WEEE_Cat2,electricEngine,CuAndCuAlloys,Ag,e-m,0.186,%,1
OBS,2020,EU27+4,WEEE_generatedDedicated,WEEE_Cat2,electricEngine,CuAndCuAlloys,Dy,e-m,0.75,%,1
OBS,2020,EU27+4,WEEE_generatedDedicated,WEEE_Cat2,electricEngine,CuAndCuAlloys,Zr,e-m,0.25,%,1
OBS,2020,EU27+4,WEEE_generatedDedicated,WEEE_Cat2,electricEngine,CuAndCuAlloys,n/a,m-c,0.127,%,1
OBS,2020,EU27+4,WEEE_generatedDedicated,WEEE_Cat2,electricEngine,carbon,Ag,e-m,0.194,%,1
OBS,2020,EU27+4,WEEE_generatedDedicated,WEEE_Cat2,electricEngine,carbon,Pd,e-m,0.265,%,1
OBS,2020,EU27+4,WEEE_generatedDedicated,WEEE_Cat2,electricEngine,carbon,Sc,e-m,0.00196,%,1
OBS,2020,EU27+4,WEEE_generatedDedicated,WEEE_Cat2,electricEngine,carbon,Zr,e-m,0.000708,%,1
OBS,2020,EU27+4,WEEE_generatedDedicated,WEEE_Cat2,electricEngine,carbon,n/a,m-c,0.159,%,1
OBS,2020,EU27+4,WEEE_generatedDedicated,WEEE_Cat2,electricEngine,ferrousMetals,Ag,e-m,0.734,%,1
OBS,2020,EU27+4,WEEE_generatedDedicated,WEEE_Cat2,electricEngine,ferrousMetals,Ca,e-m,0.0198,%,1
OBS,2020,EU27+4,WEEE_generatedDedicated,WEEE_Cat2,electricEngine,ferrousMetals,Cu,e-m,0.072,%,1
OBS,2020,EU27+4,WEEE_generatedDedicated,WEEE_Cat2,electricEngine,ferrousMetals,Ga,e-m,0.853,%,1
OBS,2020,EU27+4,WEEE_generatedDedicated,WEEE_Cat2,electricEngine,ferrousMetals,Mo,e-m,0.0085,%,1
OBS,2020,EU27+4,WEEE_generatedDedicated,WEEE_Cat2,electricEngine,ferrousMetals,O,e-m,0.032,%,1
OBS,2020,EU27+4,WEEE_generatedDedicated,WEEE_Cat2,electricEngine,ferrousMetals,Sm,e-m,0.0152,%,1
OBS,2020,EU27+4,WEEE_generatedDedicated,WEEE_Cat2,electricEngine,ferrousMetals,n/a,m-c,0.601,%,1
OBS,2020,EU27+4,WEEE_generatedDedicated,WEEE_Cat2,electricEngine,n/a,n/a,c-p,0.00863,%,1
OBS,2020,EU27+4,WEEE_generatedDedicated,WEEE_Cat2,electricEngine,otherOrganics,Ag,e-m,0.00321,%,1
OBS,2020,EU27+4,WEEE_generatedDedicated,WEEE_Cat2,electricEngine,otherOrganics,n/a,m-c,0.00263,%,1
OBS,2020,EU27+4,WEEE_generatedDedicated,WEEE_Cat2,electricEngine,plastics,Ag,e-m,0.077,%,1
OBS,2020,EU27+4,WEEE_generatedDedicated,WEEE_Cat2,electricEngine,plastics,n/a,m-c,0.0584,%,1
OBS,2020,EU27+4,WEEE_generatedDedicated,WEEE_Cat2,filterFoamBased,n/a,n/a,c-p,0.00157,%,1
OBS,2020,EU27+4,WEEE_generatedDedicated,WEEE_Cat2,filterFoamBased,plastics,Ag,e-m,1,%,1
OBS,2020,EU27+4,WEEE_generatedDedicated,WEEE_Cat2,filterFoamBased,plastics,n/a,m-c,1,%,1
OBS,2020,EU27+4,WEEE_generatedDedicated,WEEE_Cat2,fuse,n/a,n/a,c-p,0.0000501,%,1
OBS,2020,EU27+4,WEEE_generatedDedicated,WEEE_Cat2,gear,n/a,n/a,c-p,0.000996,%,1
OBS,2020,EU27+4,WEEE_generatedDedicated,WEEE_Cat2,gear,plastics,Ag,e-m,1,%,1
OBS,2020,EU27+4,WEEE_generatedDedicated,WEEE_Cat2,gear,plastics,n/a,m-c,1,%,1
OBS,2020,EU27+4,WEEE_generatedDedicated,WEEE_Cat2,heatingCoolingEEEairCondenser,CuAndCuAlloys,Ag,e-m,0.749,%,1
OBS,2020,EU27+4,WEEE_generatedDedicated,WEEE_Cat2,heatingCoolingEEEairCondenser,CuAndCuAlloys,Dy,e-m,0.75,%,1
OBS,2020,EU27+4,WEEE_generatedDedicated,WEEE_Cat2,heatingCoolingEEEairCondenser,CuAndCuAlloys,Zr,e-m,0.25,%,1
OBS,2020,EU27+4,WEEE_generatedDedicated,WEEE_Cat2,heatingCoolingEEEairCondenser,CuAndCuAlloys,n/a,m-c,0.743,%,1
OBS,2020,EU27+4,WEEE_generatedDedicated,WEEE_Cat2,heatingCoolingEEEairCondenser,n/a,n/a,c-p,0.000985,%,1
OBS,2020,EU27+4,WEEE_generatedDedicated,WEEE_Cat2,heatingCoolingEEEairCondenser,otherOrUndefinedMaterials,Ag,e-m,0.00803,%,1
OBS,2020,EU27+4,WEEE_generatedDedicated,WEEE_Cat2,heatingCoolingEEEairCondenser,otherOrUndefinedMaterials,n/a,m-c,0.00797,%,1
OBS,2020,EU27+4,WEEE_generatedDedicated,WEEE_Cat2,heatingCoolingEEEairCondenser,plastics,Ag,e-m,0.00803,%,1
OBS,2020,EU27+4,WEEE_generatedDedicated,WEEE_Cat2,heatingCoolingEEEairCondenser,plastics,n/a,m-c,0.00797,%,1
OBS,2020,EU27+4,WEEE_generatedDedicated,WEEE_Cat2,heatingCoolingEEEairCondenser,steelAndSteelAlloys,Ag,e-m,0.243,%,1
OBS,2020,EU27+4,WEEE_generatedDedicated,WEEE_Cat2,heatingCoolingEEEairCondenser,steelAndSteelAlloys,Cu,e-m,0.18,%,1
OBS,2020,EU27+4,WEEE_generatedDedicated,WEEE_Cat2,heatingCoolingEEEairCondenser,steelAndSteelAlloys,Ga,e-m,0.725,%,1
OBS,2020,EU27+4,WEEE_generatedDedicated,WEEE_Cat2,heatingCoolingEEEairCondenser,steelAndSteelAlloys,Mo,e-m,0.01,%,1
OBS,2020,EU27+4,WEEE_generatedDedicated,WEEE_Cat2,heatingCoolingEEEairCondenser,steelAndSteelAlloys,O,e-m,0.08,%,1
OBS,2020,EU27+4,WEEE_generatedDedicated,WEEE_Cat2,heatingCoolingEEEairCondenser,steelAndSteelAlloys,Sm,e-m,0.005,%,1
OBS,2020,EU27+4,WEEE_generatedDedicated,WEEE_Cat2,heatingCoolingEEEairCondenser,steelAndSteelAlloys,n/a,m-c,0.241,%,1
OBS,2020,EU27+4,WEEE_generatedDedicated,WEEE_Cat2,heatingCoolingEEEfan,AlAndAlAlloys,Ag,e-m,0.011,%,1
OBS,2020,EU27+4,WEEE_generatedDedicated,WEEE_Cat2,heatingCoolingEEEfan,AlAndAlAlloys,As,e-m,0.97,%,1
OBS,2020,EU27+4,WEEE_generatedDedicated,WEEE_Cat2,heatingCoolingEEEfan,AlAndAlAlloys,Cu,e-m,0.002,%,1
OBS,2020,EU27+4,WEEE_generatedDedicated,WEEE_Cat2,heatingCoolingEEEfan,AlAndAlAlloys,Ga,e-m,0.001,%,1
OBS,2020,EU27+4,WEEE_generatedDedicated,WEEE_Cat2,heatingCoolingEEEfan,AlAndAlAlloys,Mn,e-m,0.0248,%,1
OBS,2020,EU27+4,WEEE_generatedDedicated,WEEE_Cat2,heatingCoolingEEEfan,AlAndAlAlloys,Mo,e-m,0.002,%,1
OBS,2020,EU27+4,WEEE_generatedDedicated,WEEE_Cat2,heatingCoolingEEEfan,AlAndAlAlloys,Sm,e-m,0.0003,%,1
OBS,2020,EU27+4,WEEE_generatedDedicated,WEEE_Cat2,heatingCoolingEEEfan,AlAndAlAlloys,n/a,m-c,0.011,%,1
OBS,2020,EU27+4,WEEE_generatedDedicated,WEEE_Cat2,heatingCoolingEEEfan,CuAndCuAlloys,Ag,e-m,0.00766,%,1
OBS,2020,EU27+4,WEEE_generatedDedicated,WEEE_Cat2,heatingCoolingEEEfan,CuAndCuAlloys,Dy,e-m,0.75,%,1
OBS,2020,EU27+4,WEEE_generatedDedicated,WEEE_Cat2,heatingCoolingEEEfan,CuAndCuAlloys,Zr,e-m,0.25,%,1
OBS,2020,EU27+4,WEEE_generatedDedicated,WEEE_Cat2,heatingCoolingEEEfan,CuAndCuAlloys,n/a,m-c,0.00766,%,1
OBS,2020,EU27+4,WEEE_generatedDedicated,WEEE_Cat2,heatingCoolingEEEfan,ferrousMetals,Ag,e-m,0.039,%,1
OBS,2020,EU27+4,WEEE_generatedDedicated,WEEE_Cat2,heatingCoolingEEEfan,ferrousMetals,Ca,e-m,0.033,%,1
OBS,2020,EU27+4,WEEE_generatedDedicated,WEEE_Cat2,heatingCoolingEEEfan,ferrousMetals,Cu,e-m,0.18,%,2
OBS,2020,EU27+4,WEEE_generatedDedicated,WEEE_Cat2,heatingCoolingEEEfan,ferrousMetals,Ga,e-m,0.725,%,1
OBS,2020,EU27+4,WEEE_generatedDedicated,WEEE_Cat2,heatingCoolingEEEfan,ferrousMetals,Mo,e-m,0.0075,%,1
OBS,2020,EU27+4,WEEE_generatedDedicated,WEEE_Cat2,heatingCoolingEEEfan,ferrousMetals,O,e-m,0.08,%,2
OBS,2020,EU27+4,WEEE_generatedDedicated,WEEE_Cat2,heatingCoolingEEEfan,ferrousMetals,Sm,e-m,0.005,%,1
OBS,2020,EU27+4,WEEE_generatedDedicated,WEEE_Cat2,heatingCoolingEEEfan,ferrousMetals,n/a,m-c,0.039,%,1
OBS,2020,EU27+4,WEEE_generatedDedicated,WEEE_Cat2,heatingCoolingEEEfan,n/a,n/a,c-p,0.00144,%,1
OBS,2020,EU27+4,WEEE_generatedDedicated,WEEE_Cat2,heatingCoolingEEEfan,otherMetalsAndMetalAlloys,n/a,m-c,0.000408,%,2
OBS,2020,EU27+4,WEEE_generatedDedicated,WEEE_Cat2,heatingCoolingEEEfan,plastics,Ag,e-m,0.0544,%,1
OBS,2020,EU27+4,WEEE_generatedDedicated,WEEE_Cat2,heatingCoolingEEEfan,plastics,n/a,m-c,0.0544,%,1
OBS,2020,EU27+4,WEEE_generatedDedicated,WEEE_Cat2,heatingCoolingEEEfan,steelAndSteelAlloys,Ag,e-m,0.648,%,1
OBS,2020,EU27+4,WEEE_generatedDedicated,WEEE_Cat2,heatingCoolingEEEfan,steelAndSteelAlloys,Cu,e-m,0.18,%,1
OBS,2020,EU27+4,WEEE_generatedDedicated,WEEE_Cat2,heatingCoolingEEEfan,steelAndSteelAlloys,Ga,e-m,0.725,%,1
OBS,2020,EU27+4,WEEE_generatedDedicated,WEEE_Cat2,heatingCoolingEEEfan,steelAndSteelAlloys,Mo,e-m,0.01,%,1
OBS,2020,EU27+4,WEEE_generatedDedicated,WEEE_Cat2,heatingCoolingEEEfan,steelAndSteelAlloys,O,e-m,0.08,%,1
OBS,2020,EU27+4,WEEE_generatedDedicated,WEEE_Cat2,heatingCoolingEEEfan,steelAndSteelAlloys,Sm,e-m,0.005,%,1
OBS,2020,EU27+4,WEEE_generatedDedicated,WEEE_Cat2,heatingCoolingEEEfan,steelAndSteelAlloys,n/a,m-c,0.648,%,1
OBS,2020,EU27+4,WEEE_generatedDedicated,WEEE_Cat2,heatingCoolingEEEfan,undefinedAndMixedMaterials,Ag,e-m,0.00671,%,2
OBS,2020,EU27+4,WEEE_generatedDedicated,WEEE_Cat2,heatingCoolingEEEfan,undefinedAndMixedMaterials,n/a,m-c,0.00245,%,2
OBS,2020,EU27+4,WEEE_generatedDedicated,WEEE_Cat2,heatingCoolingEEEheatSink,AlAndAlAlloys,Ag,e-m,0.27,%,2
OBS,2020,EU27+4,WEEE_generatedDedicated,WEEE_Cat2,heatingCoolingEEEheatSink,AlAndAlAlloys,As,e-m,0.97,%,2
OBS,2020,EU27+4,WEEE_generatedDedicated,WEEE_Cat2,heatingCoolingEEEheatSink,AlAndAlAlloys,Cu,e-m,0.002,%,2
OBS,2020,EU27+4,WEEE_generatedDedicated,WEEE_Cat2,heatingCoolingEEEheatSink,AlAndAlAlloys,Ga,e-m,0.001,%,2
OBS,2020,EU27+4,WEEE_generatedDedicated,WEEE_Cat2,heatingCoolingEEEheatSink,AlAndAlAlloys,Mn,e-m,0.0248,%,2
OBS,2020,EU27+4,WEEE_generatedDedicated,WEEE_Cat2,heatingCoolingEEEheatSink,AlAndAlAlloys,Mo,e-m,0.002,%,2
OBS,2020,EU27+4,WEEE_generatedDedicated,WEEE_Cat2,heatingCoolingEEEheatSink,AlAndAlAlloys,Sm,e-m,0.0003,%,2
OBS,2020,EU27+4,WEEE_generatedDedicated,WEEE_Cat2,heatingCoolingEEEheatSink,AlAndAlAlloys,n/a,m-c,0.27,%,2
OBS,2020,EU27+4,WEEE_generatedDedicated,WEEE_Cat2,heatingCoolingEEEheatSink,CuAndCuAlloys,Ag,e-m,0.0988,%,2
OBS,2020,EU27+4,WEEE_generatedDedicated,WEEE_Cat2,heatingCoolingEEEheatSink,CuAndCuAlloys,Dy,e-m,0.75,%,2
OBS,2020,EU27+4,WEEE_generatedDedicated,WEEE_Cat2,heatingCoolingEEEheatSink,CuAndCuAlloys,Zr,e-m,0.25,%,2
OBS,2020,EU27+4,WEEE_generatedDedicated,WEEE_Cat2,heatingCoolingEEEheatSink,CuAndCuAlloys,n/a,m-c,0.0988,%,2
OBS,2020,EU27+4,WEEE_generatedDedicated,WEEE_Cat2,heatingCoolingEEEheatSink,ferrousMetals,Ag,e-m,0.0403,%,2
OBS,2020,EU27+4,WEEE_generatedDedicated,WEEE_Cat2,heatingCoolingEEEheatSink,ferrousMetals,Cu,e-m,0.18,%,2
OBS,2020,EU27+4,WEEE_generatedDedicated,WEEE_Cat2,heatingCoolingEEEheatSink,ferrousMetals,Ga,e-m,0.725,%,2
OBS,2020,EU27+4,WEEE_generatedDedicated,WEEE_Cat2,heatingCoolingEEEheatSink,ferrousMetals,Mo,e-m,0.01,%,2
OBS,2020,EU27+4,WEEE_generatedDedicated,WEEE_Cat2,heatingCoolingEEEheatSink,ferrousMetals,O,e-m,0.08,%,2
OBS,2020,EU27+4,WEEE_generatedDedicated,WEEE_Cat2,heatingCoolingEEEheatSink,ferrousMetals,Sm,e-m,0.005,%,2
OBS,2020,EU27+4,WEEE_generatedDedicated,WEEE_Cat2,heatingCoolingEEEheatSink,ferrousMetals,n/a,m-c,0.0403,%,2
OBS,2020,EU27+4,WEEE_generatedDedicated,WEEE_Cat2,heatingCoolingEEEheatSink,n/a,n/a,c-p,0.00147,%,1
OBS,2020,EU27+4,WEEE_generatedDedicated,WEEE_Cat2,heatingCoolingEEEheatSink,otherMetalsAndMetalAlloys,Ag,e-m,0.27,%,2
OBS,2020,EU27+4,WEEE_generatedDedicated,WEEE_Cat2,heatingCoolingEEEheatSink,otherMetalsAndMetalAlloys,Al,e-m,0.9,%,2
OBS,2020,EU27+4,WEEE_generatedDedicated,WEEE_Cat2,heatingCoolingEEEheatSink,otherMetalsAndMetalAlloys,Dy,e-m,0.1,%,2
OBS,2020,EU27+4,WEEE_generatedDedicated,WEEE_Cat2,heatingCoolingEEEheatSink,otherMetalsAndMetalAlloys,n/a,m-c,0.27,%,2
OBS,2020,EU27+4,WEEE_generatedDedicated,WEEE_Cat2,heatingCoolingEEEheatSink,plastics,Ag,e-m,0.00748,%,2
OBS,2020,EU27+4,WEEE_generatedDedicated,WEEE_Cat2,heatingCoolingEEEheatSink,plastics,n/a,m-c,0.0068,%,2
OBS,2020,EU27+4,WEEE_generatedDedicated,WEEE_Cat2,heatingCoolingEEEheatSink,undefinedAndMixedMaterials,Ag,e-m,0.0174,%,2
OBS,2020,EU27+4,WEEE_generatedDedicated,WEEE_Cat2,heatingCoolingEEEheatSink,undefinedAndMixedMaterials,n/a,m-c,0.0158,%,2
OBS,2020,EU27+4,WEEE_generatedDedicated,WEEE_Cat2,inductor,CuAndCuAlloys,Ag,e-m,0.0622,%,2
OBS,2020,EU27+4,WEEE_generatedDedicated,WEEE_Cat2,inductor,CuAndCuAlloys,Dy,e-m,0.75,%,2
OBS,2020,EU27+4,WEEE_generatedDedicated,WEEE_Cat2,inductor,CuAndCuAlloys,Zr,e-m,0.25,%,2
OBS,2020,EU27+4,WEEE_generatedDedicated,WEEE_Cat2,inductor,CuAndCuAlloys,n/a,m-c,0.4,%,2
OBS,2020,EU27+4,WEEE_generatedDedicated,WEEE_Cat2,inductor,ferrousMetals,Ag,e-m,0.0622,%,2
OBS,2020,EU27+4,WEEE_generatedDedicated,WEEE_Cat2,inductor,ferrousMetals,Cu,e-m,0.18,%,2
OBS,2020,EU27+4,WEEE_generatedDedicated,WEEE_Cat2,inductor,ferrousMetals,Ga,e-m,0.725,%,2
OBS,2020,EU27+4,WEEE_generatedDedicated,WEEE_Cat2,inductor,ferrousMetals,Mo,e-m,0.01,%,2
OBS,2020,EU27+4,WEEE_generatedDedicated,WEEE_Cat2,inductor,ferrousMetals,O,e-m,0.08,%,2
OBS,2020,EU27+4,WEEE_generatedDedicated,WEEE_Cat2,inductor,ferrousMetals,Sm,e-m,0.005,%,2
OBS,2020,EU27+4,WEEE_generatedDedicated,WEEE_Cat2,inductor,ferrousMetals,n/a,m-c,0.4,%,2
OBS,2020,EU27+4,WEEE_generatedDedicated,WEEE_Cat2,inductor,n/a,n/a,c-p,0.00367,%,1
OBS,2020,EU27+4,WEEE_generatedDedicated,WEEE_Cat2,inductor,plastics,Ag,e-m,0.0312,%,2
OBS,2020,EU27+4,WEEE_generatedDedicated,WEEE_Cat2,inductor,plastics,n/a,m-c,0.2,%,2
OBS,2020,EU27+4,WEEE_generatedDedicated,WEEE_Cat2,insulation,n/a,n/a,c-p,0.000905,%,1
OBS,2020,EU27+4,WEEE_generatedDedicated,WEEE_Cat2,keyboard,AlAndAlAlloys,Ag,e-m,0.425,%,2
OBS,2020,EU27+4,WEEE_generatedDedicated,WEEE_Cat2,keyboard,AlAndAlAlloys,As,e-m,0.97,%,2
OBS,2020,EU27+4,WEEE_generatedDedicated,WEEE_Cat2,keyboard,AlAndAlAlloys,Cu,e-m,0.002,%,2
OBS,2020,EU27+4,WEEE_generatedDedicated,WEEE_Cat2,keyboard,AlAndAlAlloys,Ga,e-m,0.001,%,2
OBS,2020,EU27+4,WEEE_generatedDedicated,WEEE_Cat2,keyboard,AlAndAlAlloys,Mn,e-m,0.0248,%,2
OBS,2020,EU27+4,WEEE_generatedDedicated,WEEE_Cat2,keyboard,AlAndAlAlloys,Mo,e-m,0.002,%,2
OBS,2020,EU27+4,WEEE_generatedDedicated,WEEE_Cat2,keyboard,AlAndAlAlloys,Sm,e-m,0.0003,%,2
OBS,2020,EU27+4,WEEE_generatedDedicated,WEEE_Cat2,keyboard,AlAndAlAlloys,n/a,m-c,0.298,%,2
OBS,2020,EU27+4,WEEE_generatedDedicated,WEEE_Cat2,keyboard,CuAndCuAlloys,Ag,e-m,0.00512,%,2
OBS,2020,EU27+4,WEEE_generatedDedicated,WEEE_Cat2,keyboard,CuAndCuAlloys,Dy,e-m,0.75,%,2
OBS,2020,EU27+4,WEEE_generatedDedicated,WEEE_Cat2,keyboard,CuAndCuAlloys,Zr,e-m,0.25,%,2
OBS,2020,EU27+4,WEEE_generatedDedicated,WEEE_Cat2,keyboard,CuAndCuAlloys,n/a,m-c,0.00485,%,2
OBS,2020,EU27+4,WEEE_generatedDedicated,WEEE_Cat2,keyboard,ferrousMetals,Ag,e-m,0.0108,%,2
OBS,2020,EU27+4,WEEE_generatedDedicated,WEEE_Cat2,keyboard,ferrousMetals,Cu,e-m,0.18,%,2
OBS,2020,EU27+4,WEEE_generatedDedicated,WEEE_Cat2,keyboard,ferrousMetals,Ga,e-m,0.725,%,2
OBS,2020,EU27+4,WEEE_generatedDedicated,WEEE_Cat2,keyboard,ferrousMetals,Mo,e-m,0.01,%,2
OBS,2020,EU27+4,WEEE_generatedDedicated,WEEE_Cat2,keyboard,ferrousMetals,O,e-m,0.08,%,2
OBS,2020,EU27+4,WEEE_generatedDedicated,WEEE_Cat2,keyboard,ferrousMetals,Sm,e-m,0.005,%,2
OBS,2020,EU27+4,WEEE_generatedDedicated,WEEE_Cat2,keyboard,ferrousMetals,n/a,m-c,0.0107,%,2
OBS,2020,EU27+4,WEEE_generatedDedicated,WEEE_Cat2,keyboard,n/a,n/a,c-p,0.0013,%,1
OBS,2020,EU27+4,WEEE_generatedDedicated,WEEE_Cat2,keyboard,otherMetalsAndMetalAlloys,Ag,e-m,0.0599,%,2
OBS,2020,EU27+4,WEEE_generatedDedicated,WEEE_Cat2,keyboard,otherMetalsAndMetalAlloys,Al,e-m,0.9,%,2
OBS,2020,EU27+4,WEEE_generatedDedicated,WEEE_Cat2,keyboard,otherMetalsAndMetalAlloys,Dy,e-m,0.1,%,2
OBS,2020,EU27+4,WEEE_generatedDedicated,WEEE_Cat2,keyboard,otherMetalsAndMetalAlloys,n/a,m-c,0.0576,%,2
OBS,2020,EU27+4,WEEE_generatedDedicated,WEEE_Cat2,keyboard,plastics,Ag,e-m,0.338,%,2
OBS,2020,EU27+4,WEEE_generatedDedicated,WEEE_Cat2,keyboard,plastics,n/a,m-c,0.237,%,2
OBS,2020,EU27+4,WEEE_generatedDedicated,WEEE_Cat2,keyboard,undefinedAndMixedMaterials,Ag,e-m,0.0189,%,2
OBS,2020,EU27+4,WEEE_generatedDedicated,WEEE_Cat2,keyboard,undefinedAndMixedMaterials,n/a,m-c,0.0182,%,2
OBS,2020,EU27+4,WEEE_generatedDedicated,WEEE_Cat2,knob,AlAndAlAlloys,Ag,e-m,0.0208,%,1
OBS,2020,EU27+4,WEEE_generatedDedicated,WEEE_Cat2,knob,AlAndAlAlloys,As,e-m,0.97,%,1
OBS,2020,EU27+4,WEEE_generatedDedicated,WEEE_Cat2,knob,AlAndAlAlloys,Cu,e-m,0.002,%,1
OBS,2020,EU27+4,WEEE_generatedDedicated,WEEE_Cat2,knob,AlAndAlAlloys,Ga,e-m,0.001,%,1
OBS,2020,EU27+4,WEEE_generatedDedicated,WEEE_Cat2,knob,AlAndAlAlloys,Mn,e-m,0.0248,%,1
OBS,2020,EU27+4,WEEE_generatedDedicated,WEEE_Cat2,knob,AlAndAlAlloys,Mo,e-m,0.002,%,1
OBS,2020,EU27+4,WEEE_generatedDedicated,WEEE_Cat2,knob,AlAndAlAlloys,Sm,e-m,0.0003,%,1
OBS,2020,EU27+4,WEEE_generatedDedicated,WEEE_Cat2,knob,AlAndAlAlloys,n/a,m-c,0.0208,%,1
OBS,2020,EU27+4,WEEE_generatedDedicated,WEEE_Cat2,knob,ferrousMetals,Ag,e-m,0.104,%,1
OBS,2020,EU27+4,WEEE_generatedDedicated,WEEE_Cat2,knob,ferrousMetals,Ca,e-m,0.033,%,1
OBS,2020,EU27+4,WEEE_generatedDedicated,WEEE_Cat2,knob,ferrousMetals,Ga,e-m,0.938,%,1
OBS,2020,EU27+4,WEEE_generatedDedicated,WEEE_Cat2,knob,ferrousMetals,Mo,e-m,0.0075,%,1
OBS,2020,EU27+4,WEEE_generatedDedicated,WEEE_Cat2,knob,ferrousMetals,Sm,e-m,0.022,%,1
OBS,2020,EU27+4,WEEE_generatedDedicated,WEEE_Cat2,knob,ferrousMetals,n/a,m-c,0.104,%,1
OBS,2020,EU27+4,WEEE_generatedDedicated,WEEE_Cat2,knob,n/a,n/a,c-p,0.00378,%,1
OBS,2020,EU27+4,WEEE_generatedDedicated,WEEE_Cat2,knob,plastics,Ag,e-m,0.875,%,1
OBS,2020,EU27+4,WEEE_generatedDedicated,WEEE_Cat2,knob,plastics,n/a,m-c,0.875,%,1
OBS,2020,EU27+4,WEEE_generatedDedicated,WEEE_Cat2,lenseAssembly,AlAndAlAlloys,Ag,e-m,0.0932,%,2
OBS,2020,EU27+4,WEEE_generatedDedicated,WEEE_Cat2,lenseAssembly,AlAndAlAlloys,As,e-m,0.97,%,2
OBS,2020,EU27+4,WEEE_generatedDedicated,WEEE_Cat2,lenseAssembly,AlAndAlAlloys,Cu,e-m,0.002,%,2
OBS,2020,EU27+4,WEEE_generatedDedicated,WEEE_Cat2,lenseAssembly,AlAndAlAlloys,Ga,e-m,0.001,%,2
OBS,2020,EU27+4,WEEE_generatedDedicated,WEEE_Cat2,lenseAssembly,AlAndAlAlloys,Mn,e-m,0.0248,%,2
OBS,2020,EU27+4,WEEE_generatedDedicated,WEEE_Cat2,lenseAssembly,AlAndAlAlloys,Mo,e-m,0.002,%,2
OBS,2020,EU27+4,WEEE_generatedDedicated,WEEE_Cat2,lenseAssembly,AlAndAlAlloys,Sm,e-m,0.0003,%,2
OBS,2020,EU27+4,WEEE_generatedDedicated,WEEE_Cat2,lenseAssembly,AlAndAlAlloys,n/a,m-c,0.0861,%,2
OBS,2020,EU27+4,WEEE_generatedDedicated,WEEE_Cat2,lenseAssembly,CuAndCuAlloys,Ag,e-m,0.00734,%,2
OBS,2020,EU27+4,WEEE_generatedDedicated,WEEE_Cat2,lenseAssembly,CuAndCuAlloys,Dy,e-m,0.75,%,2
OBS,2020,EU27+4,WEEE_generatedDedicated,WEEE_Cat2,lenseAssembly,CuAndCuAlloys,Zr,e-m,0.25,%,2
OBS,2020,EU27+4,WEEE_generatedDedicated,WEEE_Cat2,lenseAssembly,CuAndCuAlloys,n/a,m-c,0.0069,%,2
OBS,2020,EU27+4,WEEE_generatedDedicated,WEEE_Cat2,lenseAssembly,ferrousMetals,Ag,e-m,0.191,%,2
OBS,2020,EU27+4,WEEE_generatedDedicated,WEEE_Cat2,lenseAssembly,ferrousMetals,Cu,e-m,0.18,%,2
OBS,2020,EU27+4,WEEE_generatedDedicated,WEEE_Cat2,lenseAssembly,ferrousMetals,Ga,e-m,0.725,%,2
OBS,2020,EU27+4,WEEE_generatedDedicated,WEEE_Cat2,lenseAssembly,ferrousMetals,Mo,e-m,0.01,%,2
OBS,2020,EU27+4,WEEE_generatedDedicated,WEEE_Cat2,lenseAssembly,ferrousMetals,O,e-m,0.08,%,2
OBS,2020,EU27+4,WEEE_generatedDedicated,WEEE_Cat2,lenseAssembly,ferrousMetals,Sm,e-m,0.005,%,2
OBS,2020,EU27+4,WEEE_generatedDedicated,WEEE_Cat2,lenseAssembly,ferrousMetals,n/a,m-c,0.191,%,2
OBS,2020,EU27+4,WEEE_generatedDedicated,WEEE_Cat2,lenseAssembly,glass,Ag,e-m,0.016,%,2
OBS,2020,EU27+4,WEEE_generatedDedicated,WEEE_Cat2,lenseAssembly,glass,Pd,e-m,0.265,%,2
OBS,2020,EU27+4,WEEE_generatedDedicated,WEEE_Cat2,lenseAssembly,glass,Sc,e-m,0.00196,%,2
OBS,2020,EU27+4,WEEE_generatedDedicated,WEEE_Cat2,lenseAssembly,glass,Zr,e-m,0.000708,%,2
OBS,2020,EU27+4,WEEE_generatedDedicated,WEEE_Cat2,lenseAssembly,glass,n/a,m-c,0.016,%,2
OBS,2020,EU27+4,WEEE_generatedDedicated,WEEE_Cat2,lenseAssembly,n/a,n/a,c-p,0.0478,%,2
OBS,2020,EU27+4,WEEE_generatedDedicated,WEEE_Cat2,lenseAssembly,plastics,Ag,e-m,0.289,%,2
OBS,2020,EU27+4,WEEE_generatedDedicated,WEEE_Cat2,lenseAssembly,plastics,n/a,m-c,0.272,%,2
OBS,2020,EU27+4,WEEE_generatedDedicated,WEEE_Cat2,lenseAssembly,undefinedAndMixedMaterials,Ag,e-m,0.0419,%,2
OBS,2020,EU27+4,WEEE_generatedDedicated,WEEE_Cat2,lenseAssembly,undefinedAndMixedMaterials,n/a,m-c,0.0419,%,2
OBS,2020,EU27+4,WEEE_generatedDedicated,WEEE_Cat2,lighting,n/a,n/a,c-p,0.00000463,%,1
OBS,2020,EU27+4,WEEE_generatedDedicated,WEEE_Cat2,lightingFlash,AlAndAlAlloys,Ag,e-m,0.0804,%,2
OBS,2020,EU27+4,WEEE_generatedDedicated,WEEE_Cat2,lightingFlash,AlAndAlAlloys,As,e-m,0.97,%,2
OBS,2020,EU27+4,WEEE_generatedDedicated,WEEE_Cat2,lightingFlash,AlAndAlAlloys,Cu,e-m,0.002,%,2
OBS,2020,EU27+4,WEEE_generatedDedicated,WEEE_Cat2,lightingFlash,AlAndAlAlloys,Ga,e-m,0.001,%,2
OBS,2020,EU27+4,WEEE_generatedDedicated,WEEE_Cat2,lightingFlash,AlAndAlAlloys,Mn,e-m,0.0248,%,2
OBS,2020,EU27+4,WEEE_generatedDedicated,WEEE_Cat2,lightingFlash,AlAndAlAlloys,Mo,e-m,0.002,%,2
OBS,2020,EU27+4,WEEE_generatedDedicated,WEEE_Cat2,lightingFlash,AlAndAlAlloys,Sm,e-m,0.0003,%,2
OBS,2020,EU27+4,WEEE_generatedDedicated,WEEE_Cat2,lightingFlash,AlAndAlAlloys,n/a,m-c,0.141,%,2
OBS,2020,EU27+4,WEEE_generatedDedicated,WEEE_Cat2,lightingFlash,CuAndCuAlloys,Ag,e-m,0.0295,%,2
OBS,2020,EU27+4,WEEE_generatedDedicated,WEEE_Cat2,lightingFlash,CuAndCuAlloys,Dy,e-m,0.75,%,2
OBS,2020,EU27+4,WEEE_generatedDedicated,WEEE_Cat2,lightingFlash,CuAndCuAlloys,Zr,e-m,0.25,%,2
OBS,2020,EU27+4,WEEE_generatedDedicated,WEEE_Cat2,lightingFlash,CuAndCuAlloys,n/a,m-c,0.0498,%,2
OBS,2020,EU27+4,WEEE_generatedDedicated,WEEE_Cat2,lightingFlash,ferrousMetals,Ag,e-m,0.125,%,2
OBS,2020,EU27+4,WEEE_generatedDedicated,WEEE_Cat2,lightingFlash,ferrousMetals,Cu,e-m,0.18,%,2
OBS,2020,EU27+4,WEEE_generatedDedicated,WEEE_Cat2,lightingFlash,ferrousMetals,Ga,e-m,0.725,%,2
OBS,2020,EU27+4,WEEE_generatedDedicated,WEEE_Cat2,lightingFlash,ferrousMetals,Mo,e-m,0.01,%,2
OBS,2020,EU27+4,WEEE_generatedDedicated,WEEE_Cat2,lightingFlash,ferrousMetals,O,e-m,0.08,%,2
OBS,2020,EU27+4,WEEE_generatedDedicated,WEEE_Cat2,lightingFlash,ferrousMetals,Sm,e-m,0.005,%,2
OBS,2020,EU27+4,WEEE_generatedDedicated,WEEE_Cat2,lightingFlash,ferrousMetals,n/a,m-c,0.22,%,2
OBS,2020,EU27+4,WEEE_generatedDedicated,WEEE_Cat2,lightingFlash,glass,Ag,e-m,0.0136,%,2
OBS,2020,EU27+4,WEEE_generatedDedicated,WEEE_Cat2,lightingFlash,glass,Pd,e-m,0.265,%,2
OBS,2020,EU27+4,WEEE_generatedDedicated,WEEE_Cat2,lightingFlash,glass,Sc,e-m,0.00196,%,2
OBS,2020,EU27+4,WEEE_generatedDedicated,WEEE_Cat2,lightingFlash,glass,Zr,e-m,0.000708,%,2
OBS,2020,EU27+4,WEEE_generatedDedicated,WEEE_Cat2,lightingFlash,glass,n/a,m-c,0.0125,%,2
OBS,2020,EU27+4,WEEE_generatedDedicated,WEEE_Cat2,lightingFlash,n/a,n/a,c-p,0.0592,%,2
OBS,2020,EU27+4,WEEE_generatedDedicated,WEEE_Cat2,lightingFlash,plastics,Ag,e-m,0.125,%,2
OBS,2020,EU27+4,WEEE_generatedDedicated,WEEE_Cat2,lightingFlash,plastics,n/a,m-c,0.22,%,2
OBS,2020,EU27+4,WEEE_generatedDedicated,WEEE_Cat2,lightingFlash,undefinedAndMixedMaterials,Ag,e-m,0.132,%,2
OBS,2020,EU27+4,WEEE_generatedDedicated,WEEE_Cat2,lightingFlash,undefinedAndMixedMaterials,n/a,m-c,0.132,%,2
OBS,2020,EU27+4,WEEE_generatedDedicated,WEEE_Cat2,magnetPermanent,n/a,n/a,c-p,0.0000743,%,1
OBS,2020,EU27+4,WEEE_generatedDedicated,WEEE_Cat2,magnetPermanent,otherOrUndefinedMaterials,Ag,e-m,1,%,1
OBS,2020,EU27+4,WEEE_generatedDedicated,WEEE_Cat2,magnetPermanent,otherOrUndefinedMaterials,n/a,m-c,1,%,1
OBS,2020,EU27+4,WEEE_generatedDedicated,WEEE_Cat2,magnetron,n/a,n/a,c-p,0.0149,%,1
OBS,2020,EU27+4,WEEE_generatedDedicated,WEEE_Cat2,mainboardInclCPUgpu,AlAndAlAlloys,Ag,e-m,0.0403,%,2
OBS,2020,EU27+4,WEEE_generatedDedicated,WEEE_Cat2,mainboardInclCPUgpu,AlAndAlAlloys,As,e-m,0.97,%,2
OBS,2020,EU27+4,WEEE_generatedDedicated,WEEE_Cat2,mainboardInclCPUgpu,AlAndAlAlloys,Cu,e-m,0.002,%,2
OBS,2020,EU27+4,WEEE_generatedDedicated,WEEE_Cat2,mainboardInclCPUgpu,AlAndAlAlloys,Ga,e-m,0.001,%,2
OBS,2020,EU27+4,WEEE_generatedDedicated,WEEE_Cat2,mainboardInclCPUgpu,AlAndAlAlloys,Mn,e-m,0.0248,%,2
OBS,2020,EU27+4,WEEE_generatedDedicated,WEEE_Cat2,mainboardInclCPUgpu,AlAndAlAlloys,Mo,e-m,0.002,%,2
OBS,2020,EU27+4,WEEE_generatedDedicated,WEEE_Cat2,mainboardInclCPUgpu,AlAndAlAlloys,Sm,e-m,0.0003,%,2
OBS,2020,EU27+4,WEEE_generatedDedicated,WEEE_Cat2,mainboardInclCPUgpu,AlAndAlAlloys,n/a,m-c,0.0403,%,2
OBS,2020,EU27+4,WEEE_generatedDedicated,WEEE_Cat2,mainboardInclCPUgpu,CuAndCuAlloys,Ag,e-m,0.0133,%,2
OBS,2020,EU27+4,WEEE_generatedDedicated,WEEE_Cat2,mainboardInclCPUgpu,CuAndCuAlloys,Dy,e-m,0.75,%,2
OBS,2020,EU27+4,WEEE_generatedDedicated,WEEE_Cat2,mainboardInclCPUgpu,CuAndCuAlloys,Zr,e-m,0.25,%,2
OBS,2020,EU27+4,WEEE_generatedDedicated,WEEE_Cat2,mainboardInclCPUgpu,CuAndCuAlloys,n/a,m-c,0.005,%,2
OBS,2020,EU27+4,WEEE_generatedDedicated,WEEE_Cat2,mainboardInclCPUgpu,ferrousMetals,Ag,e-m,0.0246,%,2
OBS,2020,EU27+4,WEEE_generatedDedicated,WEEE_Cat2,mainboardInclCPUgpu,ferrousMetals,Cu,e-m,0.18,%,2
OBS,2020,EU27+4,WEEE_generatedDedicated,WEEE_Cat2,mainboardInclCPUgpu,ferrousMetals,Ga,e-m,0.725,%,2
OBS,2020,EU27+4,WEEE_generatedDedicated,WEEE_Cat2,mainboardInclCPUgpu,ferrousMetals,Mo,e-m,0.01,%,2
OBS,2020,EU27+4,WEEE_generatedDedicated,WEEE_Cat2,mainboardInclCPUgpu,ferrousMetals,O,e-m,0.08,%,2
OBS,2020,EU27+4,WEEE_generatedDedicated,WEEE_Cat2,mainboardInclCPUgpu,ferrousMetals,Sm,e-m,0.005,%,2
OBS,2020,EU27+4,WEEE_generatedDedicated,WEEE_Cat2,mainboardInclCPUgpu,ferrousMetals,n/a,m-c,0.0439,%,2
OBS,2020,EU27+4,WEEE_generatedDedicated,WEEE_Cat2,mainboardInclCPUgpu,n/a,n/a,c-p,0.00051,%,2
OBS,2020,EU27+4,WEEE_generatedDedicated,WEEE_Cat2,mainboardInclCPUgpu,otherMetalsAndMetalAlloys,Ag,e-m,0.187,%,2
OBS,2020,EU27+4,WEEE_generatedDedicated,WEEE_Cat2,mainboardInclCPUgpu,otherMetalsAndMetalAlloys,Al,e-m,0.9,%,2
OBS,2020,EU27+4,WEEE_generatedDedicated,WEEE_Cat2,mainboardInclCPUgpu,otherMetalsAndMetalAlloys,Dy,e-m,0.1,%,2
OBS,2020,EU27+4,WEEE_generatedDedicated,WEEE_Cat2,mainboardInclCPUgpu,otherMetalsAndMetalAlloys,n/a,m-c,0.00732,%,2
OBS,2020,EU27+4,WEEE_generatedDedicated,WEEE_Cat2,mainboardInclCPUgpu,plastics,Ag,e-m,0.00146,%,2
OBS,2020,EU27+4,WEEE_generatedDedicated,WEEE_Cat2,mainboardInclCPUgpu,plastics,n/a,m-c,0.00146,%,2
OBS,2020,EU27+4,WEEE_generatedDedicated,WEEE_Cat2,mainboardInclCPUgpu,undefinedAndMixedMaterials,Ag,e-m,0.0286,%,2
OBS,2020,EU27+4,WEEE_generatedDedicated,WEEE_Cat2,mainboardInclCPUgpu,undefinedAndMixedMaterials,n/a,m-c,0.0333,%,2
OBS,2020,EU27+4,WEEE_generatedDedicated,WEEE_Cat2,n/a,n/a,n/a,c-p,0.385,%,2
OBS,2020,EU27+4,WEEE_generatedDedicated,WEEE_Cat2,non-electricCoil,AlAndAlAlloys,Ag,e-m,0.0189,%,1
OBS,2020,EU27+4,WEEE_generatedDedicated,WEEE_Cat2,non-electricCoil,AlAndAlAlloys,As,e-m,0.97,%,1
OBS,2020,EU27+4,WEEE_generatedDedicated,WEEE_Cat2,non-electricCoil,AlAndAlAlloys,Cu,e-m,0.002,%,1
OBS,2020,EU27+4,WEEE_generatedDedicated,WEEE_Cat2,non-electricCoil,AlAndAlAlloys,Ga,e-m,0.001,%,1
OBS,2020,EU27+4,WEEE_generatedDedicated,WEEE_Cat2,non-electricCoil,AlAndAlAlloys,Mn,e-m,0.0248,%,1
OBS,2020,EU27+4,WEEE_generatedDedicated,WEEE_Cat2,non-electricCoil,AlAndAlAlloys,Mo,e-m,0.002,%,1
OBS,2020,EU27+4,WEEE_generatedDedicated,WEEE_Cat2,non-electricCoil,AlAndAlAlloys,Sm,e-m,0.0003,%,1
OBS,2020,EU27+4,WEEE_generatedDedicated,WEEE_Cat2,non-electricCoil,AlAndAlAlloys,n/a,m-c,0.0189,%,1
OBS,2020,EU27+4,WEEE_generatedDedicated,WEEE_Cat2,non-electricCoil,ferrousMetals,Ag,e-m,0.264,%,1
OBS,2020,EU27+4,WEEE_generatedDedicated,WEEE_Cat2,non-electricCoil,ferrousMetals,Ca,e-m,0.033,%,1
OBS,2020,EU27+4,WEEE_generatedDedicated,WEEE_Cat2,non-electricCoil,ferrousMetals,Ga,e-m,0.938,%,1
OBS,2020,EU27+4,WEEE_generatedDedicated,WEEE_Cat2,non-electricCoil,ferrousMetals,Mo,e-m,0.0075,%,1
OBS,2020,EU27+4,WEEE_generatedDedicated,WEEE_Cat2,non-electricCoil,ferrousMetals,Sm,e-m,0.022,%,1
OBS,2020,EU27+4,WEEE_generatedDedicated,WEEE_Cat2,non-electricCoil,ferrousMetals,n/a,m-c,0.264,%,1
OBS,2020,EU27+4,WEEE_generatedDedicated,WEEE_Cat2,non-electricCoil,n/a,n/a,c-p,0.00209,%,1
OBS,2020,EU27+4,WEEE_generatedDedicated,WEEE_Cat2,non-electricCoil,plastics,Ag,e-m,0.717,%,1
OBS,2020,EU27+4,WEEE_generatedDedicated,WEEE_Cat2,non-electricCoil,plastics,n/a,m-c,0.717,%,1
OBS,2020,EU27+4,WEEE_generatedDedicated,WEEE_Cat2,nonElectricCoil,n/a,n/a,c-p,0.000261,%,1
OBS,2020,EU27+4,WEEE_generatedDedicated,WEEE_Cat2,onOffSwitch,CuAndCuAlloys,Ag,e-m,0.16,%,2
OBS,2020,EU27+4,WEEE_generatedDedicated,WEEE_Cat2,onOffSwitch,CuAndCuAlloys,Dy,e-m,0.75,%,2
OBS,2020,EU27+4,WEEE_generatedDedicated,WEEE_Cat2,onOffSwitch,CuAndCuAlloys,Zr,e-m,0.25,%,2
OBS,2020,EU27+4,WEEE_generatedDedicated,WEEE_Cat2,onOffSwitch,CuAndCuAlloys,n/a,m-c,0.16,%,2
OBS,2020,EU27+4,WEEE_generatedDedicated,WEEE_Cat2,onOffSwitch,n/a,n/a,c-p,0.000584,%,2
OBS,2020,EU27+4,WEEE_generatedDedicated,WEEE_Cat2,onOffSwitch,plastics,Ag,e-m,0.84,%,2
OBS,2020,EU27+4,WEEE_generatedDedicated,WEEE_Cat2,onOffSwitch,plastics,n/a,m-c,0.84,%,2
OBS,2020,EU27+4,WEEE_generatedDedicated,WEEE_Cat2,otherElectricCompUnspecified,AlAndAlAlloys,Ag,e-m,0.000538,%,2
OBS,2020,EU27+4,WEEE_generatedDedicated,WEEE_Cat2,otherElectricCompUnspecified,AlAndAlAlloys,As,e-m,0.97,%,2
OBS,2020,EU27+4,WEEE_generatedDedicated,WEEE_Cat2,otherElectricCompUnspecified,AlAndAlAlloys,Cu,e-m,0.002,%,2
OBS,2020,EU27+4,WEEE_generatedDedicated,WEEE_Cat2,otherElectricCompUnspecified,AlAndAlAlloys,Ga,e-m,0.001,%,2
OBS,2020,EU27+4,WEEE_generatedDedicated,WEEE_Cat2,otherElectricCompUnspecified,AlAndAlAlloys,Mn,e-m,0.0248,%,2
OBS,2020,EU27+4,WEEE_generatedDedicated,WEEE_Cat2,otherElectricCompUnspecified,AlAndAlAlloys,Mo,e-m,0.002,%,2
OBS,2020,EU27+4,WEEE_generatedDedicated,WEEE_Cat2,otherElectricCompUnspecified,AlAndAlAlloys,Sm,e-m,0.0003,%,2
OBS,2020,EU27+4,WEEE_generatedDedicated,WEEE_Cat2,otherElectricCompUnspecified,AlAndAlAlloys,n/a,m-c,0.000538,%,2
OBS,2020,EU27+4,WEEE_generatedDedicated,WEEE_Cat2,otherElectricCompUnspecified,CuAndCuAlloys,Ag,e-m,0.0113,%,2
OBS,2020,EU27+4,WEEE_generatedDedicated,WEEE_Cat2,otherElectricCompUnspecified,CuAndCuAlloys,Dy,e-m,0.75,%,2
OBS,2020,EU27+4,WEEE_generatedDedicated,WEEE_Cat2,otherElectricCompUnspecified,CuAndCuAlloys,Zr,e-m,0.25,%,2
OBS,2020,EU27+4,WEEE_generatedDedicated,WEEE_Cat2,otherElectricCompUnspecified,CuAndCuAlloys,n/a,m-c,0.0113,%,2
OBS,2020,EU27+4,WEEE_generatedDedicated,WEEE_Cat2,otherElectricCompUnspecified,ferrousMetals,Ag,e-m,0.0453,%,2
OBS,2020,EU27+4,WEEE_generatedDedicated,WEEE_Cat2,otherElectricCompUnspecified,ferrousMetals,Cu,e-m,0.18,%,2
OBS,2020,EU27+4,WEEE_generatedDedicated,WEEE_Cat2,otherElectricCompUnspecified,ferrousMetals,Ga,e-m,0.725,%,2
OBS,2020,EU27+4,WEEE_generatedDedicated,WEEE_Cat2,otherElectricCompUnspecified,ferrousMetals,Mo,e-m,0.01,%,2
OBS,2020,EU27+4,WEEE_generatedDedicated,WEEE_Cat2,otherElectricCompUnspecified,ferrousMetals,O,e-m,0.08,%,2
OBS,2020,EU27+4,WEEE_generatedDedicated,WEEE_Cat2,otherElectricCompUnspecified,ferrousMetals,Sm,e-m,0.005,%,2
OBS,2020,EU27+4,WEEE_generatedDedicated,WEEE_Cat2,otherElectricCompUnspecified,ferrousMetals,n/a,m-c,0.0772,%,2
OBS,2020,EU27+4,WEEE_generatedDedicated,WEEE_Cat2,otherElectricCompUnspecified,glass,Ag,e-m,0.082,%,2
OBS,2020,EU27+4,WEEE_generatedDedicated,WEEE_Cat2,otherElectricCompUnspecified,glass,Pd,e-m,0.265,%,2
OBS,2020,EU27+4,WEEE_generatedDedicated,WEEE_Cat2,otherElectricCompUnspecified,glass,Sc,e-m,0.00196,%,2
OBS,2020,EU27+4,WEEE_generatedDedicated,WEEE_Cat2,otherElectricCompUnspecified,glass,Zr,e-m,0.000708,%,2
OBS,2020,EU27+4,WEEE_generatedDedicated,WEEE_Cat2,otherElectricCompUnspecified,glass,n/a,m-c,0.082,%,2
OBS,2020,EU27+4,WEEE_generatedDedicated,WEEE_Cat2,otherElectricCompUnspecified,n/a,n/a,c-p,0.00859,%,1
OBS,2020,EU27+4,WEEE_generatedDedicated,WEEE_Cat2,otherElectricCompUnspecified,otherMetalsAndMetalAlloys,Ag,e-m,0.000882,%,2
OBS,2020,EU27+4,WEEE_generatedDedicated,WEEE_Cat2,otherElectricCompUnspecified,otherMetalsAndMetalAlloys,Al,e-m,0.9,%,2
OBS,2020,EU27+4,WEEE_generatedDedicated,WEEE_Cat2,otherElectricCompUnspecified,otherMetalsAndMetalAlloys,Dy,e-m,0.1,%,2
OBS,2020,EU27+4,WEEE_generatedDedicated,WEEE_Cat2,otherElectricCompUnspecified,otherMetalsAndMetalAlloys,n/a,m-c,0.00095,%,2
OBS,2020,EU27+4,WEEE_generatedDedicated,WEEE_Cat2,otherElectricCompUnspecified,otherOrUndefinedMaterials,Ag,e-m,1,%,1
OBS,2020,EU27+4,WEEE_generatedDedicated,WEEE_Cat2,otherElectricCompUnspecified,otherOrUndefinedMaterials,n/a,m-c,1,%,1
OBS,2020,EU27+4,WEEE_generatedDedicated,WEEE_Cat2,otherElectricCompUnspecified,plastics,Ag,e-m,0.111,%,2
OBS,2020,EU27+4,WEEE_generatedDedicated,WEEE_Cat2,otherElectricCompUnspecified,plastics,n/a,m-c,0.243,%,2
OBS,2020,EU27+4,WEEE_generatedDedicated,WEEE_Cat2,otherElectricCompUnspecified,undefinedAndMixedMaterials,Ag,e-m,0.0002,%,2
OBS,2020,EU27+4,WEEE_generatedDedicated,WEEE_Cat2,otherElectricCompUnspecified,undefinedAndMixedMaterials,n/a,m-c,0.0002,%,2
OBS,2020,EU27+4,WEEE_generatedDedicated,WEEE_Cat2,otherNonElectricCompUnspecified,AlAndAlAlloys,Ag,e-m,0.0205,%,1
OBS,2020,EU27+4,WEEE_generatedDedicated,WEEE_Cat2,otherNonElectricCompUnspecified,AlAndAlAlloys,As,e-m,0.97,%,1
OBS,2020,EU27+4,WEEE_generatedDedicated,WEEE_Cat2,otherNonElectricCompUnspecified,AlAndAlAlloys,Cu,e-m,0.002,%,1
OBS,2020,EU27+4,WEEE_generatedDedicated,WEEE_Cat2,otherNonElectricCompUnspecified,AlAndAlAlloys,Ga,e-m,0.001,%,1
OBS,2020,EU27+4,WEEE_generatedDedicated,WEEE_Cat2,otherNonElectricCompUnspecified,AlAndAlAlloys,Mn,e-m,0.0248,%,1
OBS,2020,EU27+4,WEEE_generatedDedicated,WEEE_Cat2,otherNonElectricCompUnspecified,AlAndAlAlloys,Mo,e-m,0.002,%,1
OBS,2020,EU27+4,WEEE_generatedDedicated,WEEE_Cat2,otherNonElectricCompUnspecified,AlAndAlAlloys,Sm,e-m,0.0003,%,1
OBS,2020,EU27+4,WEEE_generatedDedicated,WEEE_Cat2,otherNonElectricCompUnspecified,AlAndAlAlloys,n/a,m-c,0.0112,%,1
OBS,2020,EU27+4,WEEE_generatedDedicated,WEEE_Cat2,otherNonElectricCompUnspecified,CuAndCuAlloys,Ag,e-m,0.00302,%,1
OBS,2020,EU27+4,WEEE_generatedDedicated,WEEE_Cat2,otherNonElectricCompUnspecified,CuAndCuAlloys,As,e-m,0.97,%,1
OBS,2020,EU27+4,WEEE_generatedDedicated,WEEE_Cat2,otherNonElectricCompUnspecified,CuAndCuAlloys,Cu,e-m,0.002,%,1
OBS,2020,EU27+4,WEEE_generatedDedicated,WEEE_Cat2,otherNonElectricCompUnspecified,CuAndCuAlloys,Dy,e-m,0.75,%,1
OBS,2020,EU27+4,WEEE_generatedDedicated,WEEE_Cat2,otherNonElectricCompUnspecified,CuAndCuAlloys,Ga,e-m,0.001,%,1
OBS,2020,EU27+4,WEEE_generatedDedicated,WEEE_Cat2,otherNonElectricCompUnspecified,CuAndCuAlloys,Mn,e-m,0.0248,%,1
OBS,2020,EU27+4,WEEE_generatedDedicated,WEEE_Cat2,otherNonElectricCompUnspecified,CuAndCuAlloys,Mo,e-m,0.002,%,1
OBS,2020,EU27+4,WEEE_generatedDedicated,WEEE_Cat2,otherNonElectricCompUnspecified,CuAndCuAlloys,Sm,e-m,0.0003,%,1
OBS,2020,EU27+4,WEEE_generatedDedicated,WEEE_Cat2,otherNonElectricCompUnspecified,CuAndCuAlloys,Zr,e-m,0.25,%,1
OBS,2020,EU27+4,WEEE_generatedDedicated,WEEE_Cat2,otherNonElectricCompUnspecified,CuAndCuAlloys,n/a,m-c,0.00302,%,1
OBS,2020,EU27+4,WEEE_generatedDedicated,WEEE_Cat2,otherNonElectricCompUnspecified,ferrousMetals,Ag,e-m,0.0343,%,1
OBS,2020,EU27+4,WEEE_generatedDedicated,WEEE_Cat2,otherNonElectricCompUnspecified,ferrousMetals,Ca,e-m,0.033,%,1
OBS,2020,EU27+4,WEEE_generatedDedicated,WEEE_Cat2,otherNonElectricCompUnspecified,ferrousMetals,Cu,e-m,0.18,%,2
OBS,2020,EU27+4,WEEE_generatedDedicated,WEEE_Cat2,otherNonElectricCompUnspecified,ferrousMetals,Ga,e-m,0.725,%,1
OBS,2020,EU27+4,WEEE_generatedDedicated,WEEE_Cat2,otherNonElectricCompUnspecified,ferrousMetals,Mo,e-m,0.0075,%,1
OBS,2020,EU27+4,WEEE_generatedDedicated,WEEE_Cat2,otherNonElectricCompUnspecified,ferrousMetals,O,e-m,0.08,%,2
OBS,2020,EU27+4,WEEE_generatedDedicated,WEEE_Cat2,otherNonElectricCompUnspecified,ferrousMetals,Sm,e-m,0.005,%,1
OBS,2020,EU27+4,WEEE_generatedDedicated,WEEE_Cat2,otherNonElectricCompUnspecified,ferrousMetals,n/a,m-c,0.0343,%,1
OBS,2020,EU27+4,WEEE_generatedDedicated,WEEE_Cat2,otherNonElectricCompUnspecified,n/a,n/a,c-p,0.000287,%,1
OBS,2020,EU27+4,WEEE_generatedDedicated,WEEE_Cat2,otherNonElectricCompUnspecified,plastics,Ag,e-m,0.0777,%,1
OBS,2020,EU27+4,WEEE_generatedDedicated,WEEE_Cat2,otherNonElectricCompUnspecified,plastics,n/a,m-c,0.0777,%,1
OBS,2020,EU27+4,WEEE_generatedDedicated,WEEE_Cat2,otherNonElectricCompUnspecified,steelAndSteelAlloys,Ag,e-m,0.95,%,1
OBS,2020,EU27+4,WEEE_generatedDedicated,WEEE_Cat2,otherNonElectricCompUnspecified,steelAndSteelAlloys,Cu,e-m,0.18,%,1
OBS,2020,EU27+4,WEEE_generatedDedicated,WEEE_Cat2,otherNonElectricCompUnspecified,steelAndSteelAlloys,Ga,e-m,0.725,%,1
OBS,2020,EU27+4,WEEE_generatedDedicated,WEEE_Cat2,otherNonElectricCompUnspecified,steelAndSteelAlloys,Mo,e-m,0.01,%,1
OBS,2020,EU27+4,WEEE_generatedDedicated,WEEE_Cat2,otherNonElectricCompUnspecified,steelAndSteelAlloys,O,e-m,0.08,%,1
OBS,2020,EU27+4,WEEE_generatedDedicated,WEEE_Cat2,otherNonElectricCompUnspecified,steelAndSteelAlloys,Sm,e-m,0.005,%,1
OBS,2020,EU27+4,WEEE_generatedDedicated,WEEE_Cat2,otherNonElectricCompUnspecified,steelAndSteelAlloys,n/a,m-c,0.906,%,1
OBS,2020,EU27+4,WEEE_generatedDedicated,WEEE_Cat2,otherNonElectricCompUnspecified,undefinedAndMixedMaterials,Ag,e-m,0.00041,%,2
OBS,2020,EU27+4,WEEE_generatedDedicated,WEEE_Cat2,otherNonElectricCompUnspecified,undefinedAndMixedMaterials,n/a,m-c,0.000411,%,2
OBS,2020,EU27+4,WEEE_generatedDedicated,WEEE_Cat2,passiveJunctionBox,CuAndCuAlloys,Ag,e-m,0.477,%,1
OBS,2020,EU27+4,WEEE_generatedDedicated,WEEE_Cat2,passiveJunctionBox,CuAndCuAlloys,Dy,e-m,0.75,%,1
OBS,2020,EU27+4,WEEE_generatedDedicated,WEEE_Cat2,passiveJunctionBox,CuAndCuAlloys,Sr,e-m,0.016,%,1
OBS,2020,EU27+4,WEEE_generatedDedicated,WEEE_Cat2,passiveJunctionBox,CuAndCuAlloys,Zr,e-m,0.208,%,1
OBS,2020,EU27+4,WEEE_generatedDedicated,WEEE_Cat2,passiveJunctionBox,CuAndCuAlloys,n/a,m-c,0.477,%,1
OBS,2020,EU27+4,WEEE_generatedDedicated,WEEE_Cat2,passiveJunctionBox,n/a,n/a,c-p,0.0226,%,1
OBS,2020,EU27+4,WEEE_generatedDedicated,WEEE_Cat2,passiveJunctionBox,otherOrUndefinedMaterials,Ag,e-m,0.0073,%,1
OBS,2020,EU27+4,WEEE_generatedDedicated,WEEE_Cat2,passiveJunctionBox,otherOrUndefinedMaterials,n/a,m-c,0.00725,%,1
OBS,2020,EU27+4,WEEE_generatedDedicated,WEEE_Cat2,passiveJunctionBox,plastics,Ag,e-m,0.466,%,1
OBS,2020,EU27+4,WEEE_generatedDedicated,WEEE_Cat2,passiveJunctionBox,plastics,n/a,m-c,0.463,%,1
OBS,2020,EU27+4,WEEE_generatedDedicated,WEEE_Cat2,pcbWEEECat,n/a,n/a,c-p,0.0000873,%,1
OBS,2020,EU27+4,WEEE_generatedDedicated,WEEE_Cat2,pcbWEEECat,plastics,Ag,e-m,0.0278,%,1
OBS,2020,EU27+4,WEEE_generatedDedicated,WEEE_Cat2,pcbWEEECat,plastics,n/a,m-c,1,%,1
OBS,2020,EU27+4,WEEE_generatedDedicated,WEEE_Cat2,plug,n/a,n/a,c-p,0.00064,%,1
OBS,2020,EU27+4,WEEE_generatedDedicated,WEEE_Cat2,powerSupply,AlAndAlAlloys,Ag,e-m,0.0289,%,2
OBS,2020,EU27+4,WEEE_generatedDedicated,WEEE_Cat2,powerSupply,AlAndAlAlloys,As,e-m,0.97,%,2
OBS,2020,EU27+4,WEEE_generatedDedicated,WEEE_Cat2,powerSupply,AlAndAlAlloys,Cu,e-m,0.002,%,2
OBS,2020,EU27+4,WEEE_generatedDedicated,WEEE_Cat2,powerSupply,AlAndAlAlloys,Ga,e-m,0.001,%,2
OBS,2020,EU27+4,WEEE_generatedDedicated,WEEE_Cat2,powerSupply,AlAndAlAlloys,Mn,e-m,0.0248,%,2
OBS,2020,EU27+4,WEEE_generatedDedicated,WEEE_Cat2,powerSupply,AlAndAlAlloys,Mo,e-m,0.002,%,2
OBS,2020,EU27+4,WEEE_generatedDedicated,WEEE_Cat2,powerSupply,AlAndAlAlloys,Sm,e-m,0.0003,%,2
OBS,2020,EU27+4,WEEE_generatedDedicated,WEEE_Cat2,powerSupply,AlAndAlAlloys,n/a,m-c,0.0289,%,2
OBS,2020,EU27+4,WEEE_generatedDedicated,WEEE_Cat2,powerSupply,CuAndCuAlloys,Ag,e-m,0.0147,%,2
OBS,2020,EU27+4,WEEE_generatedDedicated,WEEE_Cat2,powerSupply,CuAndCuAlloys,Dy,e-m,0.75,%,2
OBS,2020,EU27+4,WEEE_generatedDedicated,WEEE_Cat2,powerSupply,CuAndCuAlloys,Zr,e-m,0.25,%,2
OBS,2020,EU27+4,WEEE_generatedDedicated,WEEE_Cat2,powerSupply,CuAndCuAlloys,n/a,m-c,0.0147,%,2
OBS,2020,EU27+4,WEEE_generatedDedicated,WEEE_Cat2,powerSupply,ferrousMetals,Ag,e-m,0.0293,%,2
OBS,2020,EU27+4,WEEE_generatedDedicated,WEEE_Cat2,powerSupply,ferrousMetals,Cu,e-m,0.18,%,2
OBS,2020,EU27+4,WEEE_generatedDedicated,WEEE_Cat2,powerSupply,ferrousMetals,Ga,e-m,0.725,%,2
OBS,2020,EU27+4,WEEE_generatedDedicated,WEEE_Cat2,powerSupply,ferrousMetals,Mo,e-m,0.01,%,2
OBS,2020,EU27+4,WEEE_generatedDedicated,WEEE_Cat2,powerSupply,ferrousMetals,O,e-m,0.08,%,2
OBS,2020,EU27+4,WEEE_generatedDedicated,WEEE_Cat2,powerSupply,ferrousMetals,Sm,e-m,0.005,%,2
OBS,2020,EU27+4,WEEE_generatedDedicated,WEEE_Cat2,powerSupply,ferrousMetals,n/a,m-c,0.0157,%,2
OBS,2020,EU27+4,WEEE_generatedDedicated,WEEE_Cat2,powerSupply,n/a,n/a,c-p,0.00195,%,1
OBS,2020,EU27+4,WEEE_generatedDedicated,WEEE_Cat2,powerSupply,otherMetalsAndMetalAlloys,Ag,e-m,0.994,%,2
OBS,2020,EU27+4,WEEE_generatedDedicated,WEEE_Cat2,powerSupply,otherMetalsAndMetalAlloys,Al,e-m,0.9,%,2
OBS,2020,EU27+4,WEEE_generatedDedicated,WEEE_Cat2,powerSupply,otherMetalsAndMetalAlloys,Dy,e-m,0.1,%,2
OBS,2020,EU27+4,WEEE_generatedDedicated,WEEE_Cat2,powerSupply,otherMetalsAndMetalAlloys,n/a,m-c,0.994,%,2
OBS,2020,EU27+4,WEEE_generatedDedicated,WEEE_Cat2,powerSupply,plastics,Ag,e-m,0.0158,%,2
OBS,2020,EU27+4,WEEE_generatedDedicated,WEEE_Cat2,powerSupply,plastics,n/a,m-c,0.0158,%,2
OBS,2020,EU27+4,WEEE_generatedDedicated,WEEE_Cat2,powerSupply,undefinedAndMixedMaterials,Ag,e-m,0.00504,%,2
OBS,2020,EU27+4,WEEE_generatedDedicated,WEEE_Cat2,powerSupply,undefinedAndMixedMaterials,n/a,m-c,0.00504,%,2
OBS,2020,EU27+4,WEEE_generatedDedicated,WEEE_Cat2,printedCircuitBoard,n/a,n/a,c-p,0.0000429,%,1
OBS,2020,EU27+4,WEEE_generatedDedicated,WEEE_Cat2,pump,ironWroughtAndCast,Ag,e-m,0.419,%,1
OBS,2020,EU27+4,WEEE_generatedDedicated,WEEE_Cat2,pump,ironWroughtAndCast,Ca,e-m,0.033,%,1
OBS,2020,EU27+4,WEEE_generatedDedicated,WEEE_Cat2,pump,ironWroughtAndCast,Ga,e-m,0.938,%,1
OBS,2020,EU27+4,WEEE_generatedDedicated,WEEE_Cat2,pump,ironWroughtAndCast,Mo,e-m,0.0075,%,1
OBS,2020,EU27+4,WEEE_generatedDedicated,WEEE_Cat2,pump,ironWroughtAndCast,Sm,e-m,0.022,%,1
OBS,2020,EU27+4,WEEE_generatedDedicated,WEEE_Cat2,pump,ironWroughtAndCast,n/a,m-c,0.419,%,1
OBS,2020,EU27+4,WEEE_generatedDedicated,WEEE_Cat2,pump,n/a,n/a,c-p,0.0013,%,1
OBS,2020,EU27+4,WEEE_generatedDedicated,WEEE_Cat2,pump,steelAndSteelAlloys,Ag,e-m,0.581,%,1
OBS,2020,EU27+4,WEEE_generatedDedicated,WEEE_Cat2,pump,steelAndSteelAlloys,Cu,e-m,0.18,%,1
OBS,2020,EU27+4,WEEE_generatedDedicated,WEEE_Cat2,pump,steelAndSteelAlloys,Ga,e-m,0.725,%,1
OBS,2020,EU27+4,WEEE_generatedDedicated,WEEE_Cat2,pump,steelAndSteelAlloys,Mo,e-m,0.01,%,1
OBS,2020,EU27+4,WEEE_generatedDedicated,WEEE_Cat2,pump,steelAndSteelAlloys,O,e-m,0.08,%,1
OBS,2020,EU27+4,WEEE_generatedDedicated,WEEE_Cat2,pump,steelAndSteelAlloys,Sm,e-m,0.005,%,1
OBS,2020,EU27+4,WEEE_generatedDedicated,WEEE_Cat2,pump,steelAndSteelAlloys,n/a,m-c,0.581,%,1
OBS,2020,EU27+4,WEEE_generatedDedicated,WEEE_Cat2,refrigerant,n/a,n/a,c-p,0.0089,%,1
OBS,2020,EU27+4,WEEE_generatedDedicated,WEEE_Cat2,refrigerant,otherOrUndefinedMaterials,Ag,e-m,1,%,1
OBS,2020,EU27+4,WEEE_generatedDedicated,WEEE_Cat2,refrigerant,otherOrUndefinedMaterials,n/a,m-c,1,%,1
OBS,2020,EU27+4,WEEE_generatedDedicated,WEEE_Cat2,remoteControl,AlAndAlAlloys,Ag,e-m,0.00684,%,2
OBS,2020,EU27+4,WEEE_generatedDedicated,WEEE_Cat2,remoteControl,AlAndAlAlloys,As,e-m,0.97,%,2
OBS,2020,EU27+4,WEEE_generatedDedicated,WEEE_Cat2,remoteControl,AlAndAlAlloys,Cu,e-m,0.002,%,2
OBS,2020,EU27+4,WEEE_generatedDedicated,WEEE_Cat2,remoteControl,AlAndAlAlloys,Ga,e-m,0.001,%,2
OBS,2020,EU27+4,WEEE_generatedDedicated,WEEE_Cat2,remoteControl,AlAndAlAlloys,Mn,e-m,0.0248,%,2
OBS,2020,EU27+4,WEEE_generatedDedicated,WEEE_Cat2,remoteControl,AlAndAlAlloys,Mo,e-m,0.002,%,2
OBS,2020,EU27+4,WEEE_generatedDedicated,WEEE_Cat2,remoteControl,AlAndAlAlloys,Sm,e-m,0.0003,%,2
OBS,2020,EU27+4,WEEE_generatedDedicated,WEEE_Cat2,remoteControl,AlAndAlAlloys,n/a,m-c,0.0068,%,2
OBS,2020,EU27+4,WEEE_generatedDedicated,WEEE_Cat2,remoteControl,CuAndCuAlloys,Ag,e-m,0.00964,%,2
OBS,2020,EU27+4,WEEE_generatedDedicated,WEEE_Cat2,remoteControl,CuAndCuAlloys,Dy,e-m,0.75,%,2
OBS,2020,EU27+4,WEEE_generatedDedicated,WEEE_Cat2,remoteControl,CuAndCuAlloys,Zr,e-m,0.25,%,2
OBS,2020,EU27+4,WEEE_generatedDedicated,WEEE_Cat2,remoteControl,CuAndCuAlloys,n/a,m-c,0.00956,%,2
OBS,2020,EU27+4,WEEE_generatedDedicated,WEEE_Cat2,remoteControl,ferrousMetals,Ag,e-m,0.0506,%,2
OBS,2020,EU27+4,WEEE_generatedDedicated,WEEE_Cat2,remoteControl,ferrousMetals,Cu,e-m,0.18,%,2
OBS,2020,EU27+4,WEEE_generatedDedicated,WEEE_Cat2,remoteControl,ferrousMetals,Ga,e-m,0.725,%,2
OBS,2020,EU27+4,WEEE_generatedDedicated,WEEE_Cat2,remoteControl,ferrousMetals,Mo,e-m,0.01,%,2
OBS,2020,EU27+4,WEEE_generatedDedicated,WEEE_Cat2,remoteControl,ferrousMetals,O,e-m,0.08,%,2
OBS,2020,EU27+4,WEEE_generatedDedicated,WEEE_Cat2,remoteControl,ferrousMetals,Sm,e-m,0.005,%,2
OBS,2020,EU27+4,WEEE_generatedDedicated,WEEE_Cat2,remoteControl,ferrousMetals,n/a,m-c,0.0503,%,2
OBS,2020,EU27+4,WEEE_generatedDedicated,WEEE_Cat2,remoteControl,n/a,n/a,c-p,0.0016,%,1
OBS,2020,EU27+4,WEEE_generatedDedicated,WEEE_Cat2,remoteControl,otherOrUndefinedMaterials,Ag,e-m,1,%,1
OBS,2020,EU27+4,WEEE_generatedDedicated,WEEE_Cat2,remoteControl,otherOrUndefinedMaterials,n/a,m-c,1,%,1
OBS,2020,EU27+4,WEEE_generatedDedicated,WEEE_Cat2,remoteControl,plastics,Ag,e-m,0.583,%,2
OBS,2020,EU27+4,WEEE_generatedDedicated,WEEE_Cat2,remoteControl,plastics,n/a,m-c,0.583,%,2
OBS,2020,EU27+4,WEEE_generatedDedicated,WEEE_Cat2,remoteControl,undefinedAndMixedMaterials,Ag,e-m,0.000907,%,2
OBS,2020,EU27+4,WEEE_generatedDedicated,WEEE_Cat2,remoteControl,undefinedAndMixedMaterials,n/a,m-c,0.000899,%,2
OBS,2020,EU27+4,WEEE_generatedDedicated,WEEE_Cat2,resistor,n/a,n/a,c-p,0.000847,%,1
OBS,2020,EU27+4,WEEE_generatedDedicated,WEEE_Cat2,rotor,ferrousMetals,Ag,e-m,0.0325,%,1
OBS,2020,EU27+4,WEEE_generatedDedicated,WEEE_Cat2,rotor,ferrousMetals,Cu,e-m,0.18,%,1
OBS,2020,EU27+4,WEEE_generatedDedicated,WEEE_Cat2,rotor,ferrousMetals,Ga,e-m,0.725,%,1
OBS,2020,EU27+4,WEEE_generatedDedicated,WEEE_Cat2,rotor,ferrousMetals,Mo,e-m,0.01,%,1
OBS,2020,EU27+4,WEEE_generatedDedicated,WEEE_Cat2,rotor,ferrousMetals,O,e-m,0.08,%,1
OBS,2020,EU27+4,WEEE_generatedDedicated,WEEE_Cat2,rotor,ferrousMetals,Sm,e-m,0.005,%,1
OBS,2020,EU27+4,WEEE_generatedDedicated,WEEE_Cat2,rotor,ferrousMetals,n/a,m-c,0.032,%,1
OBS,2020,EU27+4,WEEE_generatedDedicated,WEEE_Cat2,rotor,n/a,n/a,c-p,0.00184,%,1
OBS,2020,EU27+4,WEEE_generatedDedicated,WEEE_Cat2,rotor,plastics,Ag,e-m,0.984,%,1
OBS,2020,EU27+4,WEEE_generatedDedicated,WEEE_Cat2,rotor,plastics,n/a,m-c,0.804,%,1
OBS,2020,EU27+4,WEEE_generatedDedicated,WEEE_Cat2,screw,CuAndCuAlloys,Ag,e-m,1,%,1
OBS,2020,EU27+4,WEEE_generatedDedicated,WEEE_Cat2,screw,CuAndCuAlloys,Dy,e-m,0.75,%,1
OBS,2020,EU27+4,WEEE_generatedDedicated,WEEE_Cat2,screw,CuAndCuAlloys,Zr,e-m,0.25,%,1
OBS,2020,EU27+4,WEEE_generatedDedicated,WEEE_Cat2,screw,CuAndCuAlloys,n/a,m-c,0.5,%,1
OBS,2020,EU27+4,WEEE_generatedDedicated,WEEE_Cat2,screw,ferrousMetals,Ag,e-m,1,%,1
OBS,2020,EU27+4,WEEE_generatedDedicated,WEEE_Cat2,screw,ferrousMetals,Ca,e-m,0.033,%,1
OBS,2020,EU27+4,WEEE_generatedDedicated,WEEE_Cat2,screw,ferrousMetals,Ga,e-m,0.938,%,1
OBS,2020,EU27+4,WEEE_generatedDedicated,WEEE_Cat2,screw,ferrousMetals,Mo,e-m,0.0075,%,1
OBS,2020,EU27+4,WEEE_generatedDedicated,WEEE_Cat2,screw,ferrousMetals,Sm,e-m,0.022,%,1
OBS,2020,EU27+4,WEEE_generatedDedicated,WEEE_Cat2,screw,ferrousMetals,n/a,m-c,0.5,%,1
OBS,2020,EU27+4,WEEE_generatedDedicated,WEEE_Cat2,screw,n/a,n/a,c-p,0.00049,%,1
OBS,2020,EU27+4,WEEE_generatedDedicated,WEEE_Cat2,sensorUnspecified,ferrousMetals,n/a,m-c,0.109,%,2
OBS,2020,EU27+4,WEEE_generatedDedicated,WEEE_Cat2,sensorUnspecified,n/a,n/a,c-p,0.000116,%,1
OBS,2020,EU27+4,WEEE_generatedDedicated,WEEE_Cat2,sensorUnspecified,plastics,n/a,m-c,0.891,%,2
OBS,2020,EU27+4,WEEE_generatedDedicated,WEEE_Cat2,shadowComponentWEEE,CuAndCuAlloys,Ag,e-m,0.0011,%,1
OBS,2020,EU27+4,WEEE_generatedDedicated,WEEE_Cat2,shadowComponentWEEE,CuAndCuAlloys,As,e-m,0.233,%,1
OBS,2020,EU27+4,WEEE_generatedDedicated,WEEE_Cat2,shadowComponentWEEE,CuAndCuAlloys,Cu,e-m,0.000481,%,1
OBS,2020,EU27+4,WEEE_generatedDedicated,WEEE_Cat2,shadowComponentWEEE,CuAndCuAlloys,Dy,e-m,0.375,%,1
OBS,2020,EU27+4,WEEE_generatedDedicated,WEEE_Cat2,shadowComponentWEEE,CuAndCuAlloys,Ga,e-m,0.000241,%,1
OBS,2020,EU27+4,WEEE_generatedDedicated,WEEE_Cat2,shadowComponentWEEE,CuAndCuAlloys,Mn,e-m,0.00597,%,1
OBS,2020,EU27+4,WEEE_generatedDedicated,WEEE_Cat2,shadowComponentWEEE,CuAndCuAlloys,Mo,e-m,0.000481,%,1
OBS,2020,EU27+4,WEEE_generatedDedicated,WEEE_Cat2,shadowComponentWEEE,CuAndCuAlloys,Sm,e-m,0.0000722,%,1
OBS,2020,EU27+4,WEEE_generatedDedicated,WEEE_Cat2,shadowComponentWEEE,CuAndCuAlloys,Sr,e-m,0.12,%,1
OBS,2020,EU27+4,WEEE_generatedDedicated,WEEE_Cat2,shadowComponentWEEE,CuAndCuAlloys,Zr,e-m,0.125,%,1
OBS,2020,EU27+4,WEEE_generatedDedicated,WEEE_Cat2,shadowComponentWEEE,CuAndCuAlloys,n/a,m-c,0.000675,%,1
OBS,2020,EU27+4,WEEE_generatedDedicated,WEEE_Cat2,shadowComponentWEEE,bitumen,Ag,e-m,0.0218,%,1
OBS,2020,EU27+4,WEEE_generatedDedicated,WEEE_Cat2,shadowComponentWEEE,bitumen,n/a,m-c,0.0141,%,1
OBS,2020,EU27+4,WEEE_generatedDedicated,WEEE_Cat2,shadowComponentWEEE,ceramicComposites,Ag,e-m,0.00843,%,1
OBS,2020,EU27+4,WEEE_generatedDedicated,WEEE_Cat2,shadowComponentWEEE,ceramicComposites,n/a,m-c,0.00769,%,1
OBS,2020,EU27+4,WEEE_generatedDedicated,WEEE_Cat2,shadowComponentWEEE,concrete,Ag,e-m,0.474,%,1
OBS,2020,EU27+4,WEEE_generatedDedicated,WEEE_Cat2,shadowComponentWEEE,concrete,n/a,m-c,0.308,%,1
OBS,2020,EU27+4,WEEE_generatedDedicated,WEEE_Cat2,shadowComponentWEEE,glass,Ag,e-m,0.0011,%,1
OBS,2020,EU27+4,WEEE_generatedDedicated,WEEE_Cat2,shadowComponentWEEE,glass,Pd,e-m,0.265,%,1
OBS,2020,EU27+4,WEEE_generatedDedicated,WEEE_Cat2,shadowComponentWEEE,glass,Sc,e-m,0.00196,%,1
OBS,2020,EU27+4,WEEE_generatedDedicated,WEEE_Cat2,shadowComponentWEEE,glass,Zr,e-m,0.000708,%,1
OBS,2020,EU27+4,WEEE_generatedDedicated,WEEE_Cat2,shadowComponentWEEE,glass,n/a,m-c,0.000675,%,1
OBS,2020,EU27+4,WEEE_generatedDedicated,WEEE_Cat2,shadowComponentWEEE,ironWroughtAndCast,Ag,e-m,0.027,%,1
OBS,2020,EU27+4,WEEE_generatedDedicated,WEEE_Cat2,shadowComponentWEEE,ironWroughtAndCast,Ca,e-m,0.033,%,1
OBS,2020,EU27+4,WEEE_generatedDedicated,WEEE_Cat2,shadowComponentWEEE,ironWroughtAndCast,Ga,e-m,0.938,%,1
OBS,2020,EU27+4,WEEE_generatedDedicated,WEEE_Cat2,shadowComponentWEEE,ironWroughtAndCast,Mo,e-m,0.0075,%,1
OBS,2020,EU27+4,WEEE_generatedDedicated,WEEE_Cat2,shadowComponentWEEE,ironWroughtAndCast,Sm,e-m,0.022,%,1
OBS,2020,EU27+4,WEEE_generatedDedicated,WEEE_Cat2,shadowComponentWEEE,ironWroughtAndCast,n/a,m-c,0.027,%,1
OBS,2020,EU27+4,WEEE_generatedDedicated,WEEE_Cat2,shadowComponentWEEE,n/a,n/a,c-p,0.001,%,1
OBS,2020,EU27+4,WEEE_generatedDedicated,WEEE_Cat2,shadowComponentWEEE,oil4,Ag,e-m,0.00329,%,1
OBS,2020,EU27+4,WEEE_generatedDedicated,WEEE_Cat2,shadowComponentWEEE,oil4,n/a,m-c,0.00293,%,1
OBS,2020,EU27+4,WEEE_generatedDedicated,WEEE_Cat2,shadowComponentWEEE,otherMetalsAndMetalAlloys,Ag,e-m,0.0011,%,1
OBS,2020,EU27+4,WEEE_generatedDedicated,WEEE_Cat2,shadowComponentWEEE,otherMetalsAndMetalAlloys,Al,e-m,0.517,%,1
OBS,2020,EU27+4,WEEE_generatedDedicated,WEEE_Cat2,shadowComponentWEEE,otherMetalsAndMetalAlloys,As,e-m,0.00413,%,1
OBS,2020,EU27+4,WEEE_generatedDedicated,WEEE_Cat2,shadowComponentWEEE,otherMetalsAndMetalAlloys,Bi,e-m,0.000000741,%,1
OBS,2020,EU27+4,WEEE_generatedDedicated,WEEE_Cat2,shadowComponentWEEE,otherMetalsAndMetalAlloys,Ca,e-m,0.000111,%,1
OBS,2020,EU27+4,WEEE_generatedDedicated,WEEE_Cat2,shadowComponentWEEE,otherMetalsAndMetalAlloys,Cl,e-m,0.000222,%,1
OBS,2020,EU27+4,WEEE_generatedDedicated,WEEE_Cat2,shadowComponentWEEE,otherMetalsAndMetalAlloys,Dy,e-m,0.0576,%,1
OBS,2020,EU27+4,WEEE_generatedDedicated,WEEE_Cat2,shadowComponentWEEE,otherMetalsAndMetalAlloys,Ga,e-m,0.000007,%,1
OBS,2020,EU27+4,WEEE_generatedDedicated,WEEE_Cat2,shadowComponentWEEE,otherMetalsAndMetalAlloys,Mn,e-m,0.0336,%,1
OBS,2020,EU27+4,WEEE_generatedDedicated,WEEE_Cat2,shadowComponentWEEE,otherMetalsAndMetalAlloys,Mo,e-m,0.00011,%,1
OBS,2020,EU27+4,WEEE_generatedDedicated,WEEE_Cat2,shadowComponentWEEE,otherMetalsAndMetalAlloys,O,e-m,0.11,%,1
OBS,2020,EU27+4,WEEE_generatedDedicated,WEEE_Cat2,shadowComponentWEEE,otherMetalsAndMetalAlloys,Sm,e-m,0.0000175,%,1
OBS,2020,EU27+4,WEEE_generatedDedicated,WEEE_Cat2,shadowComponentWEEE,otherMetalsAndMetalAlloys,Zr,e-m,0.000315,%,1
OBS,2020,EU27+4,WEEE_generatedDedicated,WEEE_Cat2,shadowComponentWEEE,otherMetalsAndMetalAlloys,n/a,m-c,0.000675,%,1
OBS,2020,EU27+4,WEEE_generatedDedicated,WEEE_Cat2,shadowComponentWEEE,otherOrUndefinedMaterials,Ag,e-m,0.000548,%,1
OBS,2020,EU27+4,WEEE_generatedDedicated,WEEE_Cat2,shadowComponentWEEE,otherOrUndefinedMaterials,n/a,m-c,0.000488,%,1
OBS,2020,EU27+4,WEEE_generatedDedicated,WEEE_Cat2,shadowComponentWEEE,otherOrganics,Ag,e-m,0.011,%,1
OBS,2020,EU27+4,WEEE_generatedDedicated,WEEE_Cat2,shadowComponentWEEE,otherOrganics,n/a,m-c,0.00905,%,1
OBS,2020,EU27+4,WEEE_generatedDedicated,WEEE_Cat2,shadowComponentWEEE,plasticComposites,Ag,e-m,0.0034,%,1
OBS,2020,EU27+4,WEEE_generatedDedicated,WEEE_Cat2,shadowComponentWEEE,plasticComposites,n/a,m-c,0.00311,%,1
OBS,2020,EU27+4,WEEE_generatedDedicated,WEEE_Cat2,shadowComponentWEEE,plastics,Ag,e-m,0.0179,%,1
OBS,2020,EU27+4,WEEE_generatedDedicated,WEEE_Cat2,shadowComponentWEEE,plastics,n/a,m-c,0.011,%,1
OBS,2020,EU27+4,WEEE_generatedDedicated,WEEE_Cat2,shadowComponentWEEE,reinforcedPlastics,Ag,e-m,0.00849,%,1
OBS,2020,EU27+4,WEEE_generatedDedicated,WEEE_Cat2,shadowComponentWEEE,reinforcedPlastics,n/a,m-c,0.00551,%,1
OBS,2020,EU27+4,WEEE_generatedDedicated,WEEE_Cat2,shadowComponentWEEE,sand,Ag,e-m,0.0103,%,1
OBS,2020,EU27+4,WEEE_generatedDedicated,WEEE_Cat2,shadowComponentWEEE,sand,Pd,e-m,0.265,%,1
OBS,2020,EU27+4,WEEE_generatedDedicated,WEEE_Cat2,shadowComponentWEEE,sand,Sc,e-m,0.00196,%,1
OBS,2020,EU27+4,WEEE_generatedDedicated,WEEE_Cat2,shadowComponentWEEE,sand,Zr,e-m,0.000708,%,1
OBS,2020,EU27+4,WEEE_generatedDedicated,WEEE_Cat2,shadowComponentWEEE,sand,n/a,m-c,0.00665,%,1
OBS,2020,EU27+4,WEEE_generatedDedicated,WEEE_Cat2,shadowComponentWEEE,steelAndSteelAlloys,Ag,e-m,0.0952,%,1
OBS,2020,EU27+4,WEEE_generatedDedicated,WEEE_Cat2,shadowComponentWEEE,steelAndSteelAlloys,Cu,e-m,0.09,%,1
OBS,2020,EU27+4,WEEE_generatedDedicated,WEEE_Cat2,shadowComponentWEEE,steelAndSteelAlloys,Ga,e-m,0.725,%,1
OBS,2020,EU27+4,WEEE_generatedDedicated,WEEE_Cat2,shadowComponentWEEE,steelAndSteelAlloys,Mo,e-m,0.01,%,1
OBS,2020,EU27+4,WEEE_generatedDedicated,WEEE_Cat2,shadowComponentWEEE,steelAndSteelAlloys,O,e-m,0.04,%,1
OBS,2020,EU27+4,WEEE_generatedDedicated,WEEE_Cat2,shadowComponentWEEE,steelAndSteelAlloys,Sm,e-m,0.003,%,1
OBS,2020,EU27+4,WEEE_generatedDedicated,WEEE_Cat2,shadowComponentWEEE,steelAndSteelAlloys,n/a,m-c,0.0735,%,1
OBS,2020,EU27+4,WEEE_generatedDedicated,WEEE_Cat2,solenoidValve,n/a,n/a,c-p,0.0016,%,1
OBS,2020,EU27+4,WEEE_generatedDedicated,WEEE_Cat2,speakerEEE2,AlAndAlAlloys,Ag,e-m,0.0405,%,2
OBS,2020,EU27+4,WEEE_generatedDedicated,WEEE_Cat2,speakerEEE2,AlAndAlAlloys,As,e-m,0.97,%,2
OBS,2020,EU27+4,WEEE_generatedDedicated,WEEE_Cat2,speakerEEE2,AlAndAlAlloys,Cu,e-m,0.002,%,2
OBS,2020,EU27+4,WEEE_generatedDedicated,WEEE_Cat2,speakerEEE2,AlAndAlAlloys,Ga,e-m,0.001,%,2
OBS,2020,EU27+4,WEEE_generatedDedicated,WEEE_Cat2,speakerEEE2,AlAndAlAlloys,Mn,e-m,0.0248,%,2
OBS,2020,EU27+4,WEEE_generatedDedicated,WEEE_Cat2,speakerEEE2,AlAndAlAlloys,Mo,e-m,0.002,%,2
OBS,2020,EU27+4,WEEE_generatedDedicated,WEEE_Cat2,speakerEEE2,AlAndAlAlloys,Sm,e-m,0.0003,%,2
OBS,2020,EU27+4,WEEE_generatedDedicated,WEEE_Cat2,speakerEEE2,AlAndAlAlloys,n/a,m-c,0.0437,%,2
OBS,2020,EU27+4,WEEE_generatedDedicated,WEEE_Cat2,speakerEEE2,CuAndCuAlloys,Ag,e-m,0.00833,%,2
OBS,2020,EU27+4,WEEE_generatedDedicated,WEEE_Cat2,speakerEEE2,CuAndCuAlloys,Dy,e-m,0.75,%,2
OBS,2020,EU27+4,WEEE_generatedDedicated,WEEE_Cat2,speakerEEE2,CuAndCuAlloys,Zr,e-m,0.25,%,2
OBS,2020,EU27+4,WEEE_generatedDedicated,WEEE_Cat2,speakerEEE2,CuAndCuAlloys,n/a,m-c,0.00898,%,2
OBS,2020,EU27+4,WEEE_generatedDedicated,WEEE_Cat2,speakerEEE2,ferrousMetals,Ag,e-m,0.0347,%,2
OBS,2020,EU27+4,WEEE_generatedDedicated,WEEE_Cat2,speakerEEE2,ferrousMetals,Cu,e-m,0.18,%,2
OBS,2020,EU27+4,WEEE_generatedDedicated,WEEE_Cat2,speakerEEE2,ferrousMetals,Ga,e-m,0.725,%,2
OBS,2020,EU27+4,WEEE_generatedDedicated,WEEE_Cat2,speakerEEE2,ferrousMetals,Mo,e-m,0.01,%,2
OBS,2020,EU27+4,WEEE_generatedDedicated,WEEE_Cat2,speakerEEE2,ferrousMetals,O,e-m,0.08,%,2
OBS,2020,EU27+4,WEEE_generatedDedicated,WEEE_Cat2,speakerEEE2,ferrousMetals,Sm,e-m,0.005,%,2
OBS,2020,EU27+4,WEEE_generatedDedicated,WEEE_Cat2,speakerEEE2,ferrousMetals,n/a,m-c,0.0341,%,2
OBS,2020,EU27+4,WEEE_generatedDedicated,WEEE_Cat2,speakerEEE2,n/a,n/a,c-p,0.000478,%,1
OBS,2020,EU27+4,WEEE_generatedDedicated,WEEE_Cat2,speakerEEE2,otherMetalsAndMetalAlloys,Ag,e-m,0.0875,%,2
OBS,2020,EU27+4,WEEE_generatedDedicated,WEEE_Cat2,speakerEEE2,otherMetalsAndMetalAlloys,Al,e-m,0.9,%,2
OBS,2020,EU27+4,WEEE_generatedDedicated,WEEE_Cat2,speakerEEE2,otherMetalsAndMetalAlloys,Dy,e-m,0.1,%,2
OBS,2020,EU27+4,WEEE_generatedDedicated,WEEE_Cat2,speakerEEE2,otherMetalsAndMetalAlloys,n/a,m-c,0.0583,%,2
OBS,2020,EU27+4,WEEE_generatedDedicated,WEEE_Cat2,speakerEEE2,plastics,Ag,e-m,0.179,%,2
OBS,2020,EU27+4,WEEE_generatedDedicated,WEEE_Cat2,speakerEEE2,plastics,n/a,m-c,0.179,%,2
OBS,2020,EU27+4,WEEE_generatedDedicated,WEEE_Cat2,speakerEEE2,undefinedAndMixedMaterials,Ag,e-m,0.0127,%,2
OBS,2020,EU27+4,WEEE_generatedDedicated,WEEE_Cat2,speakerEEE2,undefinedAndMixedMaterials,n/a,m-c,0.0127,%,2
OBS,2020,EU27+4,WEEE_generatedDedicated,WEEE_Cat2,switch,n/a,n/a,c-p,0.0000955,%,1
OBS,2020,EU27+4,WEEE_generatedDedicated,WEEE_Cat2,tonerCartridge,n/a,n/a,c-p,0.0266,%,1
OBS,2020,EU27+4,WEEE_generatedDedicated,WEEE_Cat2,transformator,CuAndCuAlloys,Ag,e-m,0.422,%,2
OBS,2020,EU27+4,WEEE_generatedDedicated,WEEE_Cat2,transformator,CuAndCuAlloys,Dy,e-m,0.75,%,2
OBS,2020,EU27+4,WEEE_generatedDedicated,WEEE_Cat2,transformator,CuAndCuAlloys,Zr,e-m,0.25,%,2
OBS,2020,EU27+4,WEEE_generatedDedicated,WEEE_Cat2,transformator,CuAndCuAlloys,n/a,m-c,0.5,%,2
OBS,2020,EU27+4,WEEE_generatedDedicated,WEEE_Cat2,transformator,ferrousMetals,Ag,e-m,0.422,%,2
OBS,2020,EU27+4,WEEE_generatedDedicated,WEEE_Cat2,transformator,ferrousMetals,Cu,e-m,0.18,%,2
OBS,2020,EU27+4,WEEE_generatedDedicated,WEEE_Cat2,transformator,ferrousMetals,Ga,e-m,0.725,%,2
OBS,2020,EU27+4,WEEE_generatedDedicated,WEEE_Cat2,transformator,ferrousMetals,Mo,e-m,0.01,%,2
OBS,2020,EU27+4,WEEE_generatedDedicated,WEEE_Cat2,transformator,ferrousMetals,O,e-m,0.08,%,2
OBS,2020,EU27+4,WEEE_generatedDedicated,WEEE_Cat2,transformator,ferrousMetals,Sm,e-m,0.005,%,2
OBS,2020,EU27+4,WEEE_generatedDedicated,WEEE_Cat2,transformator,ferrousMetals,n/a,m-c,0.5,%,2
OBS,2020,EU27+4,WEEE_generatedDedicated,WEEE_Cat2,transformator,n/a,n/a,c-p,0.00201,%,1
OBS,2020,EU27+4,WEEE_generatedDedicated,WEEE_Cat2,transmission,AlAndAlAlloys,n/a,m-c,0.5,%,1
OBS,2020,EU27+4,WEEE_generatedDedicated,WEEE_Cat2,transmission,ferrousMetals,Ag,e-m,0.714,%,1
OBS,2020,EU27+4,WEEE_generatedDedicated,WEEE_Cat2,transmission,ferrousMetals,Cu,e-m,0.18,%,1
OBS,2020,EU27+4,WEEE_generatedDedicated,WEEE_Cat2,transmission,ferrousMetals,Ga,e-m,0.725,%,1
OBS,2020,EU27+4,WEEE_generatedDedicated,WEEE_Cat2,transmission,ferrousMetals,Mo,e-m,0.01,%,1
OBS,2020,EU27+4,WEEE_generatedDedicated,WEEE_Cat2,transmission,ferrousMetals,O,e-m,0.08,%,1
OBS,2020,EU27+4,WEEE_generatedDedicated,WEEE_Cat2,transmission,ferrousMetals,Sm,e-m,0.005,%,1
OBS,2020,EU27+4,WEEE_generatedDedicated,WEEE_Cat2,transmission,ferrousMetals,n/a,m-c,0.444,%,1
OBS,2020,EU27+4,WEEE_generatedDedicated,WEEE_Cat2,transmission,n/a,n/a,c-p,0.00692,%,1
OBS,2020,EU27+4,WEEE_generatedDedicated,WEEE_Cat2,transmission,plastics,Ag,e-m,0.286,%,1
OBS,2020,EU27+4,WEEE_generatedDedicated,WEEE_Cat2,transmission,plastics,n/a,m-c,0.0563,%,1
OBS,2020,EU27+4,WEEE_generatedDedicated,WEEE_Cat2,transmitter,CuAndCuAlloys,Ag,e-m,0.0625,%,1
OBS,2020,EU27+4,WEEE_generatedDedicated,WEEE_Cat2,transmitter,CuAndCuAlloys,Dy,e-m,0.75,%,1
OBS,2020,EU27+4,WEEE_generatedDedicated,WEEE_Cat2,transmitter,CuAndCuAlloys,Zr,e-m,0.25,%,1
OBS,2020,EU27+4,WEEE_generatedDedicated,WEEE_Cat2,transmitter,CuAndCuAlloys,n/a,m-c,0.0625,%,1
OBS,2020,EU27+4,WEEE_generatedDedicated,WEEE_Cat2,transmitter,ferrousMetals,Ag,e-m,0.25,%,1
OBS,2020,EU27+4,WEEE_generatedDedicated,WEEE_Cat2,transmitter,ferrousMetals,Ca,e-m,0.033,%,1
OBS,2020,EU27+4,WEEE_generatedDedicated,WEEE_Cat2,transmitter,ferrousMetals,Ga,e-m,0.938,%,1
OBS,2020,EU27+4,WEEE_generatedDedicated,WEEE_Cat2,transmitter,ferrousMetals,Mo,e-m,0.0075,%,1
OBS,2020,EU27+4,WEEE_generatedDedicated,WEEE_Cat2,transmitter,ferrousMetals,Sm,e-m,0.022,%,1
OBS,2020,EU27+4,WEEE_generatedDedicated,WEEE_Cat2,transmitter,ferrousMetals,n/a,m-c,0.25,%,1
OBS,2020,EU27+4,WEEE_generatedDedicated,WEEE_Cat2,transmitter,n/a,n/a,c-p,0.000277,%,1
OBS,2020,EU27+4,WEEE_generatedDedicated,WEEE_Cat2,transmitter,plastics,Ag,e-m,0.313,%,1
OBS,2020,EU27+4,WEEE_generatedDedicated,WEEE_Cat2,transmitter,plastics,n/a,m-c,0.313,%,1
OBS,2020,EU27+4,WEEE_generatedDedicated,WEEE_Cat2,wheel,ferrousMetals,Ag,e-m,0.287,%,1
OBS,2020,EU27+4,WEEE_generatedDedicated,WEEE_Cat2,wheel,ferrousMetals,Cu,e-m,0.18,%,1
OBS,2020,EU27+4,WEEE_generatedDedicated,WEEE_Cat2,wheel,ferrousMetals,Ga,e-m,0.725,%,1
OBS,2020,EU27+4,WEEE_generatedDedicated,WEEE_Cat2,wheel,ferrousMetals,Mo,e-m,0.01,%,1
OBS,2020,EU27+4,WEEE_generatedDedicated,WEEE_Cat2,wheel,ferrousMetals,O,e-m,0.08,%,1
OBS,2020,EU27+4,WEEE_generatedDedicated,WEEE_Cat2,wheel,ferrousMetals,Sm,e-m,0.005,%,1
OBS,2020,EU27+4,WEEE_generatedDedicated,WEEE_Cat2,wheel,ferrousMetals,n/a,m-c,0.126,%,1
OBS,2020,EU27+4,WEEE_generatedDedicated,WEEE_Cat2,wheel,n/a,n/a,c-p,0.00919,%,1
OBS,2020,EU27+4,WEEE_generatedDedicated,WEEE_Cat2,wheel,plastics,Ag,e-m,0.278,%,1
OBS,2020,EU27+4,WEEE_generatedDedicated,WEEE_Cat2,wheel,plastics,n/a,m-c,0.151,%,1
OBS,2020,EU27+4,WEEE_generatedDedicated,WEEE_Cat2,wheel,polymerPA6GF30,Ag,e-m,0.546,%,1
OBS,2020,EU27+4,WEEE_generatedDedicated,WEEE_Cat2,wheel,polymerPA6GF30,n/a,m-c,0.298,%,1
OBS,2020,EU27+4,WEEE_generatedDedicated,WEEE_Cat2,wheel,polymerPPTF20,Ag,e-m,0.546,%,1
OBS,2020,EU27+4,WEEE_generatedDedicated,WEEE_Cat2,wheel,polymerPPTF20,n/a,m-c,0.298,%,1
OBS,2020,EU27+4,WEEE_generatedDedicated,WEEE_Cat2,wheel,polymerPPTF30,Ag,e-m,0.177,%,1
OBS,2020,EU27+4,WEEE_generatedDedicated,WEEE_Cat2,wheel,polymerPPTF30,n/a,m-c,0.0963,%,1
OBS,2020,EU27+4,WEEE_generatedDedicated,WEEE_Cat3,ComponentShadowWEEE,AlAndAlAlloys,Ag,e-m,0.000522,%,2
OBS,2020,EU27+4,WEEE_generatedDedicated,WEEE_Cat3,ComponentShadowWEEE,AlAndAlAlloys,As,e-m,0.97,%,2
OBS,2020,EU27+4,WEEE_generatedDedicated,WEEE_Cat3,ComponentShadowWEEE,AlAndAlAlloys,Cu,e-m,0.002,%,2
OBS,2020,EU27+4,WEEE_generatedDedicated,WEEE_Cat3,ComponentShadowWEEE,AlAndAlAlloys,Ga,e-m,0.001,%,2
OBS,2020,EU27+4,WEEE_generatedDedicated,WEEE_Cat3,ComponentShadowWEEE,AlAndAlAlloys,Mn,e-m,0.0248,%,2
OBS,2020,EU27+4,WEEE_generatedDedicated,WEEE_Cat3,ComponentShadowWEEE,AlAndAlAlloys,Mo,e-m,0.002,%,2
OBS,2020,EU27+4,WEEE_generatedDedicated,WEEE_Cat3,ComponentShadowWEEE,AlAndAlAlloys,Sm,e-m,0.0003,%,2
OBS,2020,EU27+4,WEEE_generatedDedicated,WEEE_Cat3,ComponentShadowWEEE,AlAndAlAlloys,n/a,m-c,0.000501,%,2
OBS,2020,EU27+4,WEEE_generatedDedicated,WEEE_Cat3,ComponentShadowWEEE,CuAndCuAlloys,Ag,e-m,0.000843,%,2
OBS,2020,EU27+4,WEEE_generatedDedicated,WEEE_Cat3,ComponentShadowWEEE,CuAndCuAlloys,Dy,e-m,0.75,%,2
OBS,2020,EU27+4,WEEE_generatedDedicated,WEEE_Cat3,ComponentShadowWEEE,CuAndCuAlloys,Zr,e-m,0.25,%,2
OBS,2020,EU27+4,WEEE_generatedDedicated,WEEE_Cat3,ComponentShadowWEEE,CuAndCuAlloys,n/a,m-c,0.000444,%,2
OBS,2020,EU27+4,WEEE_generatedDedicated,WEEE_Cat3,ComponentShadowWEEE,MaterialShadowWEEE,n/a,m-c,0.5,%,2
OBS,2020,EU27+4,WEEE_generatedDedicated,WEEE_Cat3,ComponentShadowWEEE,aggregateBinderMixedMaterials,Ag,e-m,0.00743,%,1
OBS,2020,EU27+4,WEEE_generatedDedicated,WEEE_Cat3,ComponentShadowWEEE,aggregateBinderMixedMaterials,n/a,m-c,0.00549,%,1
OBS,2020,EU27+4,WEEE_generatedDedicated,WEEE_Cat3,ComponentShadowWEEE,ferrousMetals,Ag,e-m,0.0087,%,1
OBS,2020,EU27+4,WEEE_generatedDedicated,WEEE_Cat3,ComponentShadowWEEE,ferrousMetals,Ca,e-m,0.0000373,%,1
OBS,2020,EU27+4,WEEE_generatedDedicated,WEEE_Cat3,ComponentShadowWEEE,ferrousMetals,Cu,e-m,0.0171,%,1
OBS,2020,EU27+4,WEEE_generatedDedicated,WEEE_Cat3,ComponentShadowWEEE,ferrousMetals,Ga,e-m,0.725,%,1
OBS,2020,EU27+4,WEEE_generatedDedicated,WEEE_Cat3,ComponentShadowWEEE,ferrousMetals,Mo,e-m,0.0075,%,1
OBS,2020,EU27+4,WEEE_generatedDedicated,WEEE_Cat3,ComponentShadowWEEE,ferrousMetals,O,e-m,0.00762,%,1
OBS,2020,EU27+4,WEEE_generatedDedicated,WEEE_Cat3,ComponentShadowWEEE,ferrousMetals,Sm,e-m,0.005,%,1
OBS,2020,EU27+4,WEEE_generatedDedicated,WEEE_Cat3,ComponentShadowWEEE,ferrousMetals,n/a,m-c,0.00171,%,1
OBS,2020,EU27+4,WEEE_generatedDedicated,WEEE_Cat3,ComponentShadowWEEE,glass,Ag,e-m,0.00692,%,2
OBS,2020,EU27+4,WEEE_generatedDedicated,WEEE_Cat3,ComponentShadowWEEE,glass,Pd,e-m,0.265,%,2
OBS,2020,EU27+4,WEEE_generatedDedicated,WEEE_Cat3,ComponentShadowWEEE,glass,Sc,e-m,0.00196,%,2
OBS,2020,EU27+4,WEEE_generatedDedicated,WEEE_Cat3,ComponentShadowWEEE,glass,Zr,e-m,0.000708,%,2
OBS,2020,EU27+4,WEEE_generatedDedicated,WEEE_Cat3,ComponentShadowWEEE,glass,n/a,m-c,0.00702,%,2
OBS,2020,EU27+4,WEEE_generatedDedicated,WEEE_Cat3,ComponentShadowWEEE,glassAndCeramics,Ag,e-m,0.00761,%,1
OBS,2020,EU27+4,WEEE_generatedDedicated,WEEE_Cat3,ComponentShadowWEEE,glassAndCeramics,Pd,e-m,0.265,%,1
OBS,2020,EU27+4,WEEE_generatedDedicated,WEEE_Cat3,ComponentShadowWEEE,glassAndCeramics,Sc,e-m,0.00196,%,1
OBS,2020,EU27+4,WEEE_generatedDedicated,WEEE_Cat3,ComponentShadowWEEE,glassAndCeramics,Zr,e-m,0.000708,%,1
OBS,2020,EU27+4,WEEE_generatedDedicated,WEEE_Cat3,ComponentShadowWEEE,glassAndCeramics,n/a,m-c,0.000941,%,1
OBS,2020,EU27+4,WEEE_generatedDedicated,WEEE_Cat3,ComponentShadowWEEE,n/a,Ag,e-m,0.6,%,2
OBS,2020,EU27+4,WEEE_generatedDedicated,WEEE_Cat3,ComponentShadowWEEE,n/a,n/a,c-p,0.148,%,1
OBS,2020,EU27+4,WEEE_generatedDedicated,WEEE_Cat3,ComponentShadowWEEE,n/a,n/a,m-c,0.25,%,2
OBS,2020,EU27+4,WEEE_generatedDedicated,WEEE_Cat3,ComponentShadowWEEE,non-ferrousMetals,Ag,e-m,0.00141,%,1
OBS,2020,EU27+4,WEEE_generatedDedicated,WEEE_Cat3,ComponentShadowWEEE,non-ferrousMetals,Al,e-m,0.00724,%,1
OBS,2020,EU27+4,WEEE_generatedDedicated,WEEE_Cat3,ComponentShadowWEEE,non-ferrousMetals,As,e-m,0.0285,%,1
OBS,2020,EU27+4,WEEE_generatedDedicated,WEEE_Cat3,ComponentShadowWEEE,non-ferrousMetals,Ca,e-m,0.0000227,%,1
OBS,2020,EU27+4,WEEE_generatedDedicated,WEEE_Cat3,ComponentShadowWEEE,non-ferrousMetals,Cl,e-m,0.0000455,%,1
OBS,2020,EU27+4,WEEE_generatedDedicated,WEEE_Cat3,ComponentShadowWEEE,non-ferrousMetals,Cu,e-m,0.0000588,%,1
OBS,2020,EU27+4,WEEE_generatedDedicated,WEEE_Cat3,ComponentShadowWEEE,non-ferrousMetals,Dy,e-m,0.0005,%,1
OBS,2020,EU27+4,WEEE_generatedDedicated,WEEE_Cat3,ComponentShadowWEEE,non-ferrousMetals,Ga,e-m,0.0000294,%,1
OBS,2020,EU27+4,WEEE_generatedDedicated,WEEE_Cat3,ComponentShadowWEEE,non-ferrousMetals,Mn,e-m,0.000729,%,1
OBS,2020,EU27+4,WEEE_generatedDedicated,WEEE_Cat3,ComponentShadowWEEE,non-ferrousMetals,Mo,e-m,0.0000588,%,1
OBS,2020,EU27+4,WEEE_generatedDedicated,WEEE_Cat3,ComponentShadowWEEE,non-ferrousMetals,O,e-m,0.0225,%,1
OBS,2020,EU27+4,WEEE_generatedDedicated,WEEE_Cat3,ComponentShadowWEEE,non-ferrousMetals,Pd,e-m,0.00893,%,1
OBS,2020,EU27+4,WEEE_generatedDedicated,WEEE_Cat3,ComponentShadowWEEE,non-ferrousMetals,Sm,e-m,0.00000882,%,1
OBS,2020,EU27+4,WEEE_generatedDedicated,WEEE_Cat3,ComponentShadowWEEE,non-ferrousMetals,Sr,e-m,0.00171,%,1
OBS,2020,EU27+4,WEEE_generatedDedicated,WEEE_Cat3,ComponentShadowWEEE,non-ferrousMetals,Zr,e-m,0.00299,%,1
OBS,2020,EU27+4,WEEE_generatedDedicated,WEEE_Cat3,ComponentShadowWEEE,non-ferrousMetals,n/a,m-c,0.00203,%,1
OBS,2020,EU27+4,WEEE_generatedDedicated,WEEE_Cat3,ComponentShadowWEEE,otherMetalsAndMetalAlloys,Ag,e-m,0.000479,%,2
OBS,2020,EU27+4,WEEE_generatedDedicated,WEEE_Cat3,ComponentShadowWEEE,otherMetalsAndMetalAlloys,Al,e-m,0.9,%,2
OBS,2020,EU27+4,WEEE_generatedDedicated,WEEE_Cat3,ComponentShadowWEEE,otherMetalsAndMetalAlloys,Dy,e-m,0.1,%,2
OBS,2020,EU27+4,WEEE_generatedDedicated,WEEE_Cat3,ComponentShadowWEEE,otherMetalsAndMetalAlloys,n/a,m-c,0.000459,%,2
OBS,2020,EU27+4,WEEE_generatedDedicated,WEEE_Cat3,ComponentShadowWEEE,otherMinerals,Ag,e-m,0.00387,%,1
OBS,2020,EU27+4,WEEE_generatedDedicated,WEEE_Cat3,ComponentShadowWEEE,otherMinerals,Pd,e-m,0.265,%,1
OBS,2020,EU27+4,WEEE_generatedDedicated,WEEE_Cat3,ComponentShadowWEEE,otherMinerals,Sc,e-m,0.00196,%,1
OBS,2020,EU27+4,WEEE_generatedDedicated,WEEE_Cat3,ComponentShadowWEEE,otherMinerals,Zr,e-m,0.000708,%,1
OBS,2020,EU27+4,WEEE_generatedDedicated,WEEE_Cat3,ComponentShadowWEEE,otherMinerals,n/a,m-c,0.00367,%,1
OBS,2020,EU27+4,WEEE_generatedDedicated,WEEE_Cat3,ComponentShadowWEEE,otherOrUndefinedMaterials,Ag,e-m,0.0012,%,1
OBS,2020,EU27+4,WEEE_generatedDedicated,WEEE_Cat3,ComponentShadowWEEE,otherOrUndefinedMaterials,n/a,m-c,0.00101,%,1
OBS,2020,EU27+4,WEEE_generatedDedicated,WEEE_Cat3,ComponentShadowWEEE,otherOrganics,Ag,e-m,0.00116,%,1
OBS,2020,EU27+4,WEEE_generatedDedicated,WEEE_Cat3,ComponentShadowWEEE,otherOrganics,n/a,m-c,0.000464,%,1
OBS,2020,EU27+4,WEEE_generatedDedicated,WEEE_Cat3,ComponentShadowWEEE,plastics,Ag,e-m,0.00343,%,1
OBS,2020,EU27+4,WEEE_generatedDedicated,WEEE_Cat3,ComponentShadowWEEE,plastics,n/a,m-c,0.00343,%,1
OBS,2020,EU27+4,WEEE_generatedDedicated,WEEE_Cat3,ComponentShadowWEEE,undefinedAndMixedMaterials,Ag,e-m,0.00037,%,1
OBS,2020,EU27+4,WEEE_generatedDedicated,WEEE_Cat3,ComponentShadowWEEE,undefinedAndMixedMaterials,n/a,m-c,0.00037,%,1
OBS,2020,EU27+4,WEEE_generatedDedicated,WEEE_Cat3,ComponentShadowWEEE,wood,Ag,e-m,0.00648,%,1
OBS,2020,EU27+4,WEEE_generatedDedicated,WEEE_Cat3,ComponentShadowWEEE,wood,n/a,m-c,0.00603,%,1
OBS,2020,EU27+4,WEEE_generatedDedicated,WEEE_Cat3,ConductivitySensor,CuAndCuAlloys,n/a,m-c,0.087,%,1
OBS,2020,EU27+4,WEEE_generatedDedicated,WEEE_Cat3,ConductivitySensor,ferrousMetals,n/a,m-c,0.913,%,1
OBS,2020,EU27+4,WEEE_generatedDedicated,WEEE_Cat3,ConductivitySensor,n/a,n/a,c-p,0.000785,%,1
OBS,2020,EU27+4,WEEE_generatedDedicated,WEEE_Cat3,LED,n/a,n/a,c-p,0.0000513,%,1
OBS,2020,EU27+4,WEEE_generatedDedicated,WEEE_Cat3,LidarSensor (&lt;15cm),AlAndAlAlloys,Ag,e-m,0.00541,%,1
OBS,2020,EU27+4,WEEE_generatedDedicated,WEEE_Cat3,LidarSensor (&lt;15cm),AlAndAlAlloys,As,e-m,0.97,%,1
OBS,2020,EU27+4,WEEE_generatedDedicated,WEEE_Cat3,LidarSensor (&lt;15cm),AlAndAlAlloys,Cu,e-m,0.002,%,1
OBS,2020,EU27+4,WEEE_generatedDedicated,WEEE_Cat3,LidarSensor (&lt;15cm),AlAndAlAlloys,Ga,e-m,0.001,%,1
OBS,2020,EU27+4,WEEE_generatedDedicated,WEEE_Cat3,LidarSensor (&lt;15cm),AlAndAlAlloys,Mn,e-m,0.0248,%,1
OBS,2020,EU27+4,WEEE_generatedDedicated,WEEE_Cat3,LidarSensor (&lt;15cm),AlAndAlAlloys,Mo,e-m,0.002,%,1
OBS,2020,EU27+4,WEEE_generatedDedicated,WEEE_Cat3,LidarSensor (&lt;15cm),AlAndAlAlloys,Sm,e-m,0.0003,%,1
OBS,2020,EU27+4,WEEE_generatedDedicated,WEEE_Cat3,LidarSensor (&lt;15cm),AlAndAlAlloys,n/a,m-c,0.00576,%,1
OBS,2020,EU27+4,WEEE_generatedDedicated,WEEE_Cat3,LidarSensor (&lt;15cm),CuAndCuAlloys,Ag,e-m,0.0459,%,1
OBS,2020,EU27+4,WEEE_generatedDedicated,WEEE_Cat3,LidarSensor (&lt;15cm),CuAndCuAlloys,Dy,e-m,0.75,%,1
OBS,2020,EU27+4,WEEE_generatedDedicated,WEEE_Cat3,LidarSensor (&lt;15cm),CuAndCuAlloys,Zr,e-m,0.25,%,1
OBS,2020,EU27+4,WEEE_generatedDedicated,WEEE_Cat3,LidarSensor (&lt;15cm),CuAndCuAlloys,n/a,m-c,0.0489,%,1
OBS,2020,EU27+4,WEEE_generatedDedicated,WEEE_Cat3,LidarSensor (&lt;15cm),ferrousMetals,Ag,e-m,0.296,%,1
OBS,2020,EU27+4,WEEE_generatedDedicated,WEEE_Cat3,LidarSensor (&lt;15cm),ferrousMetals,Ca,e-m,0.0159,%,1
OBS,2020,EU27+4,WEEE_generatedDedicated,WEEE_Cat3,LidarSensor (&lt;15cm),ferrousMetals,Cu,e-m,0.0933,%,1
OBS,2020,EU27+4,WEEE_generatedDedicated,WEEE_Cat3,LidarSensor (&lt;15cm),ferrousMetals,Ga,e-m,0.827,%,1
OBS,2020,EU27+4,WEEE_generatedDedicated,WEEE_Cat3,LidarSensor (&lt;15cm),ferrousMetals,Mo,e-m,0.0088,%,1
OBS,2020,EU27+4,WEEE_generatedDedicated,WEEE_Cat3,LidarSensor (&lt;15cm),ferrousMetals,O,e-m,0.0415,%,1
OBS,2020,EU27+4,WEEE_generatedDedicated,WEEE_Cat3,LidarSensor (&lt;15cm),ferrousMetals,Sm,e-m,0.0132,%,1
OBS,2020,EU27+4,WEEE_generatedDedicated,WEEE_Cat3,LidarSensor (&lt;15cm),ferrousMetals,n/a,m-c,0.315,%,1
OBS,2020,EU27+4,WEEE_generatedDedicated,WEEE_Cat3,LidarSensor (&lt;15cm),glass,Ag,e-m,0.0108,%,1
OBS,2020,EU27+4,WEEE_generatedDedicated,WEEE_Cat3,LidarSensor (&lt;15cm),glass,Pd,e-m,0.265,%,1
OBS,2020,EU27+4,WEEE_generatedDedicated,WEEE_Cat3,LidarSensor (&lt;15cm),glass,Sc,e-m,0.00196,%,1
OBS,2020,EU27+4,WEEE_generatedDedicated,WEEE_Cat3,LidarSensor (&lt;15cm),glass,Zr,e-m,0.000708,%,1
OBS,2020,EU27+4,WEEE_generatedDedicated,WEEE_Cat3,LidarSensor (&lt;15cm),glass,n/a,m-c,0.0115,%,1
OBS,2020,EU27+4,WEEE_generatedDedicated,WEEE_Cat3,LidarSensor (&lt;15cm),n/a,n/a,c-p,0.265,%,1
OBS,2020,EU27+4,WEEE_generatedDedicated,WEEE_Cat3,LidarSensor (&lt;15cm),plastics,Ag,e-m,0.493,%,1
OBS,2020,EU27+4,WEEE_generatedDedicated,WEEE_Cat3,LidarSensor (&lt;15cm),plastics,n/a,m-c,0.525,%,1
OBS,2020,EU27+4,WEEE_generatedDedicated,WEEE_Cat3,MagnetSensor,CuAndCuAlloys,Ag,e-m,0.109,%,1
OBS,2020,EU27+4,WEEE_generatedDedicated,WEEE_Cat3,MagnetSensor,CuAndCuAlloys,Dy,e-m,0.75,%,1
OBS,2020,EU27+4,WEEE_generatedDedicated,WEEE_Cat3,MagnetSensor,CuAndCuAlloys,Zr,e-m,0.25,%,1
OBS,2020,EU27+4,WEEE_generatedDedicated,WEEE_Cat3,MagnetSensor,CuAndCuAlloys,n/a,m-c,0.0595,%,1
OBS,2020,EU27+4,WEEE_generatedDedicated,WEEE_Cat3,MagnetSensor,ferrousMetals,Ag,e-m,0.688,%,1
OBS,2020,EU27+4,WEEE_generatedDedicated,WEEE_Cat3,MagnetSensor,ferrousMetals,Ca,e-m,0.033,%,1
OBS,2020,EU27+4,WEEE_generatedDedicated,WEEE_Cat3,MagnetSensor,ferrousMetals,Ga,e-m,0.938,%,1
OBS,2020,EU27+4,WEEE_generatedDedicated,WEEE_Cat3,MagnetSensor,ferrousMetals,Mo,e-m,0.0075,%,1
OBS,2020,EU27+4,WEEE_generatedDedicated,WEEE_Cat3,MagnetSensor,ferrousMetals,Sm,e-m,0.022,%,1
OBS,2020,EU27+4,WEEE_generatedDedicated,WEEE_Cat3,MagnetSensor,ferrousMetals,n/a,m-c,0.376,%,1
OBS,2020,EU27+4,WEEE_generatedDedicated,WEEE_Cat3,MagnetSensor,n/a,n/a,c-p,0.000551,%,1
OBS,2020,EU27+4,WEEE_generatedDedicated,WEEE_Cat3,MagnetSensor,plastics,Ag,e-m,0.125,%,1
OBS,2020,EU27+4,WEEE_generatedDedicated,WEEE_Cat3,MagnetSensor,plastics,n/a,m-c,0.0683,%,1
OBS,2020,EU27+4,WEEE_generatedDedicated,WEEE_Cat3,PCBWEEECat,n/a,n/a,c-p,0.0008,%,1
OBS,2020,EU27+4,WEEE_generatedDedicated,WEEE_Cat3,PCBWEEECat,otherOrUndefinedMaterials,Ag,e-m,1,%,1
OBS,2020,EU27+4,WEEE_generatedDedicated,WEEE_Cat3,PCBWEEECat,otherOrUndefinedMaterials,n/a,m-c,1,%,1
OBS,2020,EU27+4,WEEE_generatedDedicated,WEEE_Cat3,PCBunspecified,ferrousMetals,Ag,e-m,1,%,2
OBS,2020,EU27+4,WEEE_generatedDedicated,WEEE_Cat3,PCBunspecified,ferrousMetals,Cu,e-m,0.18,%,2
OBS,2020,EU27+4,WEEE_generatedDedicated,WEEE_Cat3,PCBunspecified,ferrousMetals,Ga,e-m,0.725,%,2
OBS,2020,EU27+4,WEEE_generatedDedicated,WEEE_Cat3,PCBunspecified,ferrousMetals,Mo,e-m,0.01,%,2
OBS,2020,EU27+4,WEEE_generatedDedicated,WEEE_Cat3,PCBunspecified,ferrousMetals,O,e-m,0.08,%,2
OBS,2020,EU27+4,WEEE_generatedDedicated,WEEE_Cat3,PCBunspecified,ferrousMetals,Sm,e-m,0.005,%,2
OBS,2020,EU27+4,WEEE_generatedDedicated,WEEE_Cat3,PCBunspecified,ferrousMetals,n/a,m-c,1,%,2
OBS,2020,EU27+4,WEEE_generatedDedicated,WEEE_Cat3,PCBunspecified,n/a,n/a,c-p,0.00499,%,2
OBS,2020,EU27+4,WEEE_generatedDedicated,WEEE_Cat3,PVBacksheet,n/a,n/a,c-p,0.0065,%,1
OBS,2020,EU27+4,WEEE_generatedDedicated,WEEE_Cat3,PVBacksheet,plasticComposites,Ag,e-m,1,%,1
OBS,2020,EU27+4,WEEE_generatedDedicated,WEEE_Cat3,PVBacksheet,plasticComposites,n/a,m-c,0.5,%,1
OBS,2020,EU27+4,WEEE_generatedDedicated,WEEE_Cat3,PVBacksheet,plastics,Ag,e-m,1,%,1
OBS,2020,EU27+4,WEEE_generatedDedicated,WEEE_Cat3,PVBacksheet,plastics,n/a,m-c,0.5,%,1
OBS,2020,EU27+4,WEEE_generatedDedicated,WEEE_Cat3,PVEncapsulationEVA,n/a,n/a,c-p,0.0711,%,1
OBS,2020,EU27+4,WEEE_generatedDedicated,WEEE_Cat3,PVEncapsulationEVA,plastics,Ag,e-m,1,%,1
OBS,2020,EU27+4,WEEE_generatedDedicated,WEEE_Cat3,PVEncapsulationEVA,plastics,n/a,m-c,1,%,1
OBS,2020,EU27+4,WEEE_generatedDedicated,WEEE_Cat3,PVFrameAl,CuAndCuAlloys,Ag,e-m,1,%,1
OBS,2020,EU27+4,WEEE_generatedDedicated,WEEE_Cat3,PVFrameAl,CuAndCuAlloys,As,e-m,0.97,%,1
OBS,2020,EU27+4,WEEE_generatedDedicated,WEEE_Cat3,PVFrameAl,CuAndCuAlloys,Cu,e-m,0.002,%,1
OBS,2020,EU27+4,WEEE_generatedDedicated,WEEE_Cat3,PVFrameAl,CuAndCuAlloys,Ga,e-m,0.001,%,1
OBS,2020,EU27+4,WEEE_generatedDedicated,WEEE_Cat3,PVFrameAl,CuAndCuAlloys,Mn,e-m,0.0248,%,1
OBS,2020,EU27+4,WEEE_generatedDedicated,WEEE_Cat3,PVFrameAl,CuAndCuAlloys,Mo,e-m,0.002,%,1
OBS,2020,EU27+4,WEEE_generatedDedicated,WEEE_Cat3,PVFrameAl,CuAndCuAlloys,Sm,e-m,0.0003,%,1
OBS,2020,EU27+4,WEEE_generatedDedicated,WEEE_Cat3,PVFrameAl,CuAndCuAlloys,n/a,m-c,1,%,1
OBS,2020,EU27+4,WEEE_generatedDedicated,WEEE_Cat3,PVFrameAl,n/a,n/a,c-p,0.122,%,1
OBS,2020,EU27+4,WEEE_generatedDedicated,WEEE_Cat3,PVSolarGlass,glass,Ag,e-m,1,%,1
OBS,2020,EU27+4,WEEE_generatedDedicated,WEEE_Cat3,PVSolarGlass,glass,Pd,e-m,0.265,%,1
OBS,2020,EU27+4,WEEE_generatedDedicated,WEEE_Cat3,PVSolarGlass,glass,Sc,e-m,0.00196,%,1
OBS,2020,EU27+4,WEEE_generatedDedicated,WEEE_Cat3,PVSolarGlass,glass,Zr,e-m,0.000708,%,1
OBS,2020,EU27+4,WEEE_generatedDedicated,WEEE_Cat3,PVSolarGlass,glass,n/a,m-c,1,%,1
OBS,2020,EU27+4,WEEE_generatedDedicated,WEEE_Cat3,PVSolarGlass,n/a,n/a,c-p,0.698,%,1
OBS,2020,EU27+4,WEEE_generatedDedicated,WEEE_Cat3,PVcellSi,n/a,n/a,c-p,0.0332,%,1
OBS,2020,EU27+4,WEEE_generatedDedicated,WEEE_Cat3,PVcellSi,otherOrUndefinedMaterials,Ag,e-m,1,%,1
OBS,2020,EU27+4,WEEE_generatedDedicated,WEEE_Cat3,PVcellSi,otherOrUndefinedMaterials,n/a,m-c,1,%,1
OBS,2020,EU27+4,WEEE_generatedDedicated,WEEE_Cat3,WEEEEvaporator,CuAndCuAlloys,Ag,e-m,0.844,%,1
OBS,2020,EU27+4,WEEE_generatedDedicated,WEEE_Cat3,WEEEEvaporator,CuAndCuAlloys,Dy,e-m,0.75,%,1
OBS,2020,EU27+4,WEEE_generatedDedicated,WEEE_Cat3,WEEEEvaporator,CuAndCuAlloys,Zr,e-m,0.25,%,1
OBS,2020,EU27+4,WEEE_generatedDedicated,WEEE_Cat3,WEEEEvaporator,CuAndCuAlloys,n/a,m-c,0.844,%,1
OBS,2020,EU27+4,WEEE_generatedDedicated,WEEE_Cat3,WEEEEvaporator,n/a,n/a,c-p,0.324,%,1
OBS,2020,EU27+4,WEEE_generatedDedicated,WEEE_Cat3,WEEEEvaporator,steelAndSteelAlloys,Ag,e-m,0.156,%,1
OBS,2020,EU27+4,WEEE_generatedDedicated,WEEE_Cat3,WEEEEvaporator,steelAndSteelAlloys,Cu,e-m,0.18,%,1
OBS,2020,EU27+4,WEEE_generatedDedicated,WEEE_Cat3,WEEEEvaporator,steelAndSteelAlloys,Ga,e-m,0.725,%,1
OBS,2020,EU27+4,WEEE_generatedDedicated,WEEE_Cat3,WEEEEvaporator,steelAndSteelAlloys,Mo,e-m,0.01,%,1
OBS,2020,EU27+4,WEEE_generatedDedicated,WEEE_Cat3,WEEEEvaporator,steelAndSteelAlloys,O,e-m,0.08,%,1
OBS,2020,EU27+4,WEEE_generatedDedicated,WEEE_Cat3,WEEEEvaporator,steelAndSteelAlloys,Sm,e-m,0.005,%,1
OBS,2020,EU27+4,WEEE_generatedDedicated,WEEE_Cat3,WEEEEvaporator,steelAndSteelAlloys,n/a,m-c,0.156,%,1
OBS,2020,EU27+4,WEEE_generatedDedicated,WEEE_Cat3,brush,AlAndAlAlloys,Ag,e-m,0.0179,%,1
OBS,2020,EU27+4,WEEE_generatedDedicated,WEEE_Cat3,brush,AlAndAlAlloys,As,e-m,0.97,%,1
OBS,2020,EU27+4,WEEE_generatedDedicated,WEEE_Cat3,brush,AlAndAlAlloys,Cu,e-m,0.002,%,1
OBS,2020,EU27+4,WEEE_generatedDedicated,WEEE_Cat3,brush,AlAndAlAlloys,Ga,e-m,0.001,%,1
OBS,2020,EU27+4,WEEE_generatedDedicated,WEEE_Cat3,brush,AlAndAlAlloys,Mn,e-m,0.0248,%,1
OBS,2020,EU27+4,WEEE_generatedDedicated,WEEE_Cat3,brush,AlAndAlAlloys,Mo,e-m,0.002,%,1
OBS,2020,EU27+4,WEEE_generatedDedicated,WEEE_Cat3,brush,AlAndAlAlloys,Sm,e-m,0.0003,%,1
OBS,2020,EU27+4,WEEE_generatedDedicated,WEEE_Cat3,brush,AlAndAlAlloys,n/a,m-c,0.0179,%,1
OBS,2020,EU27+4,WEEE_generatedDedicated,WEEE_Cat3,brush,ferrousMetals,Ag,e-m,0.286,%,1
OBS,2020,EU27+4,WEEE_generatedDedicated,WEEE_Cat3,brush,ferrousMetals,Ca,e-m,0.033,%,1
OBS,2020,EU27+4,WEEE_generatedDedicated,WEEE_Cat3,brush,ferrousMetals,Ga,e-m,0.938,%,1
OBS,2020,EU27+4,WEEE_generatedDedicated,WEEE_Cat3,brush,ferrousMetals,Mo,e-m,0.0075,%,1
OBS,2020,EU27+4,WEEE_generatedDedicated,WEEE_Cat3,brush,ferrousMetals,Sm,e-m,0.022,%,1
OBS,2020,EU27+4,WEEE_generatedDedicated,WEEE_Cat3,brush,ferrousMetals,n/a,m-c,0.286,%,1
OBS,2020,EU27+4,WEEE_generatedDedicated,WEEE_Cat3,brush,n/a,n/a,c-p,0.00464,%,1
OBS,2020,EU27+4,WEEE_generatedDedicated,WEEE_Cat3,brush,plastics,Ag,e-m,0.696,%,1
OBS,2020,EU27+4,WEEE_generatedDedicated,WEEE_Cat3,brush,plastics,n/a,m-c,0.696,%,1
OBS,2020,EU27+4,WEEE_generatedDedicated,WEEE_Cat3,cableUnspecified,AlAndAlAlloys,Ag,e-m,0.103,%,2
OBS,2020,EU27+4,WEEE_generatedDedicated,WEEE_Cat3,cableUnspecified,AlAndAlAlloys,As,e-m,0.97,%,2
OBS,2020,EU27+4,WEEE_generatedDedicated,WEEE_Cat3,cableUnspecified,AlAndAlAlloys,Cu,e-m,0.002,%,2
OBS,2020,EU27+4,WEEE_generatedDedicated,WEEE_Cat3,cableUnspecified,AlAndAlAlloys,Ga,e-m,0.001,%,2
OBS,2020,EU27+4,WEEE_generatedDedicated,WEEE_Cat3,cableUnspecified,AlAndAlAlloys,Mn,e-m,0.0248,%,2
OBS,2020,EU27+4,WEEE_generatedDedicated,WEEE_Cat3,cableUnspecified,AlAndAlAlloys,Mo,e-m,0.002,%,2
OBS,2020,EU27+4,WEEE_generatedDedicated,WEEE_Cat3,cableUnspecified,AlAndAlAlloys,Sm,e-m,0.0003,%,2
OBS,2020,EU27+4,WEEE_generatedDedicated,WEEE_Cat3,cableUnspecified,AlAndAlAlloys,n/a,m-c,0.103,%,2
OBS,2020,EU27+4,WEEE_generatedDedicated,WEEE_Cat3,cableUnspecified,CuAndCuAlloys,Ag,e-m,0.166,%,2
OBS,2020,EU27+4,WEEE_generatedDedicated,WEEE_Cat3,cableUnspecified,CuAndCuAlloys,Dy,e-m,0.75,%,2
OBS,2020,EU27+4,WEEE_generatedDedicated,WEEE_Cat3,cableUnspecified,CuAndCuAlloys,Zr,e-m,0.25,%,2
OBS,2020,EU27+4,WEEE_generatedDedicated,WEEE_Cat3,cableUnspecified,CuAndCuAlloys,n/a,m-c,0.166,%,2
OBS,2020,EU27+4,WEEE_generatedDedicated,WEEE_Cat3,cableUnspecified,ferrousMetals,Ag,e-m,0.296,%,2
OBS,2020,EU27+4,WEEE_generatedDedicated,WEEE_Cat3,cableUnspecified,ferrousMetals,Cu,e-m,0.18,%,2
OBS,2020,EU27+4,WEEE_generatedDedicated,WEEE_Cat3,cableUnspecified,ferrousMetals,Ga,e-m,0.725,%,2
OBS,2020,EU27+4,WEEE_generatedDedicated,WEEE_Cat3,cableUnspecified,ferrousMetals,Mo,e-m,0.01,%,2
OBS,2020,EU27+4,WEEE_generatedDedicated,WEEE_Cat3,cableUnspecified,ferrousMetals,O,e-m,0.08,%,2
OBS,2020,EU27+4,WEEE_generatedDedicated,WEEE_Cat3,cableUnspecified,ferrousMetals,Sm,e-m,0.005,%,2
OBS,2020,EU27+4,WEEE_generatedDedicated,WEEE_Cat3,cableUnspecified,ferrousMetals,n/a,m-c,0.296,%,2
OBS,2020,EU27+4,WEEE_generatedDedicated,WEEE_Cat3,cableUnspecified,n/a,n/a,c-p,0.00307,%,1
OBS,2020,EU27+4,WEEE_generatedDedicated,WEEE_Cat3,cableUnspecified,plastics,Ag,e-m,0.435,%,2
OBS,2020,EU27+4,WEEE_generatedDedicated,WEEE_Cat3,cableUnspecified,plastics,n/a,m-c,0.435,%,2
OBS,2020,EU27+4,WEEE_generatedDedicated,WEEE_Cat3,cableWOPlug,n/a,n/a,c-p,0.000926,%,1
OBS,2020,EU27+4,WEEE_generatedDedicated,WEEE_Cat3,cableWPlug,AlAndAlAlloys,n/a,m-c,0.137,%,2
OBS,2020,EU27+4,WEEE_generatedDedicated,WEEE_Cat3,cableWPlug,ferrousMetals,n/a,m-c,0.305,%,2
OBS,2020,EU27+4,WEEE_generatedDedicated,WEEE_Cat3,cableWPlug,n/a,n/a,c-p,0.000532,%,1
OBS,2020,EU27+4,WEEE_generatedDedicated,WEEE_Cat3,cableWPlug,plastics,Ag,e-m,0.654,%,2
OBS,2020,EU27+4,WEEE_generatedDedicated,WEEE_Cat3,cableWPlug,plastics,n/a,m-c,0.558,%,2
OBS,2020,EU27+4,WEEE_generatedDedicated,WEEE_Cat3,cableWithConnector,CuAndCuAlloys,Ag,e-m,0.346,%,2
OBS,2020,EU27+4,WEEE_generatedDedicated,WEEE_Cat3,cableWithConnector,CuAndCuAlloys,Dy,e-m,0.75,%,2
OBS,2020,EU27+4,WEEE_generatedDedicated,WEEE_Cat3,cableWithConnector,CuAndCuAlloys,Zr,e-m,0.25,%,2
OBS,2020,EU27+4,WEEE_generatedDedicated,WEEE_Cat3,cableWithConnector,CuAndCuAlloys,n/a,m-c,1,%,2
OBS,2020,EU27+4,WEEE_generatedDedicated,WEEE_Cat3,cables,n/a,n/a,c-p,0.0152,%,1
OBS,2020,EU27+4,WEEE_generatedDedicated,WEEE_Cat3,cables,otherOrUndefinedMaterials,Ag,e-m,1,%,1
OBS,2020,EU27+4,WEEE_generatedDedicated,WEEE_Cat3,cables,otherOrUndefinedMaterials,n/a,m-c,1,%,1
OBS,2020,EU27+4,WEEE_generatedDedicated,WEEE_Cat3,cablewire,AlAndAlAlloys,Ag,e-m,0.0385,%,1
OBS,2020,EU27+4,WEEE_generatedDedicated,WEEE_Cat3,cablewire,AlAndAlAlloys,As,e-m,0.97,%,1
OBS,2020,EU27+4,WEEE_generatedDedicated,WEEE_Cat3,cablewire,AlAndAlAlloys,Cu,e-m,0.002,%,1
OBS,2020,EU27+4,WEEE_generatedDedicated,WEEE_Cat3,cablewire,AlAndAlAlloys,Ga,e-m,0.001,%,1
OBS,2020,EU27+4,WEEE_generatedDedicated,WEEE_Cat3,cablewire,AlAndAlAlloys,Mn,e-m,0.0248,%,1
OBS,2020,EU27+4,WEEE_generatedDedicated,WEEE_Cat3,cablewire,AlAndAlAlloys,Mo,e-m,0.002,%,1
OBS,2020,EU27+4,WEEE_generatedDedicated,WEEE_Cat3,cablewire,AlAndAlAlloys,Sm,e-m,0.0003,%,1
OBS,2020,EU27+4,WEEE_generatedDedicated,WEEE_Cat3,cablewire,AlAndAlAlloys,n/a,m-c,0.0277,%,1
OBS,2020,EU27+4,WEEE_generatedDedicated,WEEE_Cat3,cablewire,CuAndCuAlloys,Ag,e-m,0.195,%,1
OBS,2020,EU27+4,WEEE_generatedDedicated,WEEE_Cat3,cablewire,CuAndCuAlloys,Dy,e-m,0.75,%,1
OBS,2020,EU27+4,WEEE_generatedDedicated,WEEE_Cat3,cablewire,CuAndCuAlloys,Zr,e-m,0.25,%,1
OBS,2020,EU27+4,WEEE_generatedDedicated,WEEE_Cat3,cablewire,CuAndCuAlloys,n/a,m-c,0.141,%,1
OBS,2020,EU27+4,WEEE_generatedDedicated,WEEE_Cat3,cablewire,ferrousMetals,Ag,e-m,0.488,%,1
OBS,2020,EU27+4,WEEE_generatedDedicated,WEEE_Cat3,cablewire,ferrousMetals,Ca,e-m,0.033,%,1
OBS,2020,EU27+4,WEEE_generatedDedicated,WEEE_Cat3,cablewire,ferrousMetals,Ga,e-m,0.938,%,1
OBS,2020,EU27+4,WEEE_generatedDedicated,WEEE_Cat3,cablewire,ferrousMetals,Mo,e-m,0.0075,%,1
OBS,2020,EU27+4,WEEE_generatedDedicated,WEEE_Cat3,cablewire,ferrousMetals,Sm,e-m,0.022,%,1
OBS,2020,EU27+4,WEEE_generatedDedicated,WEEE_Cat3,cablewire,ferrousMetals,n/a,m-c,0.352,%,1
OBS,2020,EU27+4,WEEE_generatedDedicated,WEEE_Cat3,cablewire,n/a,n/a,c-p,0.0000652,%,1
OBS,2020,EU27+4,WEEE_generatedDedicated,WEEE_Cat3,cablewire,plastics,Ag,e-m,0.667,%,1
OBS,2020,EU27+4,WEEE_generatedDedicated,WEEE_Cat3,cablewire,plastics,n/a,m-c,0.48,%,1
OBS,2020,EU27+4,WEEE_generatedDedicated,WEEE_Cat3,capElectrolytic,CuAndCuAlloys,Ag,e-m,0.666,%,2
OBS,2020,EU27+4,WEEE_generatedDedicated,WEEE_Cat3,capElectrolytic,CuAndCuAlloys,Dy,e-m,0.75,%,2
OBS,2020,EU27+4,WEEE_generatedDedicated,WEEE_Cat3,capElectrolytic,CuAndCuAlloys,Zr,e-m,0.25,%,2
OBS,2020,EU27+4,WEEE_generatedDedicated,WEEE_Cat3,capElectrolytic,CuAndCuAlloys,n/a,m-c,0.666,%,2
OBS,2020,EU27+4,WEEE_generatedDedicated,WEEE_Cat3,capElectrolytic,n/a,n/a,c-p,0.00598,%,2
OBS,2020,EU27+4,WEEE_generatedDedicated,WEEE_Cat3,capElectrolytic,undefinedAndMixedMaterials,Ag,e-m,0.334,%,2
OBS,2020,EU27+4,WEEE_generatedDedicated,WEEE_Cat3,capElectrolytic,undefinedAndMixedMaterials,n/a,m-c,0.334,%,2
OBS,2020,EU27+4,WEEE_generatedDedicated,WEEE_Cat3,casingPlasticBased,AlAndAlAlloys,Ag,e-m,0.00456,%,1
OBS,2020,EU27+4,WEEE_generatedDedicated,WEEE_Cat3,casingPlasticBased,AlAndAlAlloys,As,e-m,0.97,%,1
OBS,2020,EU27+4,WEEE_generatedDedicated,WEEE_Cat3,casingPlasticBased,AlAndAlAlloys,Cu,e-m,0.002,%,1
OBS,2020,EU27+4,WEEE_generatedDedicated,WEEE_Cat3,casingPlasticBased,AlAndAlAlloys,Ga,e-m,0.001,%,1
OBS,2020,EU27+4,WEEE_generatedDedicated,WEEE_Cat3,casingPlasticBased,AlAndAlAlloys,Mn,e-m,0.0248,%,1
OBS,2020,EU27+4,WEEE_generatedDedicated,WEEE_Cat3,casingPlasticBased,AlAndAlAlloys,Mo,e-m,0.002,%,1
OBS,2020,EU27+4,WEEE_generatedDedicated,WEEE_Cat3,casingPlasticBased,AlAndAlAlloys,Sm,e-m,0.0003,%,1
OBS,2020,EU27+4,WEEE_generatedDedicated,WEEE_Cat3,casingPlasticBased,AlAndAlAlloys,n/a,m-c,0.00351,%,1
OBS,2020,EU27+4,WEEE_generatedDedicated,WEEE_Cat3,casingPlasticBased,CuAndCuAlloys,Ag,e-m,0.0154,%,1
OBS,2020,EU27+4,WEEE_generatedDedicated,WEEE_Cat3,casingPlasticBased,CuAndCuAlloys,Dy,e-m,0.75,%,1
OBS,2020,EU27+4,WEEE_generatedDedicated,WEEE_Cat3,casingPlasticBased,CuAndCuAlloys,Zr,e-m,0.25,%,1
OBS,2020,EU27+4,WEEE_generatedDedicated,WEEE_Cat3,casingPlasticBased,CuAndCuAlloys,n/a,m-c,0.0154,%,1
OBS,2020,EU27+4,WEEE_generatedDedicated,WEEE_Cat3,casingPlasticBased,ferrousMetals,Ag,e-m,0.045,%,1
OBS,2020,EU27+4,WEEE_generatedDedicated,WEEE_Cat3,casingPlasticBased,ferrousMetals,Ca,e-m,0.0303,%,1
OBS,2020,EU27+4,WEEE_generatedDedicated,WEEE_Cat3,casingPlasticBased,ferrousMetals,Cu,e-m,0.015,%,1
OBS,2020,EU27+4,WEEE_generatedDedicated,WEEE_Cat3,casingPlasticBased,ferrousMetals,Ga,e-m,0.92,%,1
OBS,2020,EU27+4,WEEE_generatedDedicated,WEEE_Cat3,casingPlasticBased,ferrousMetals,Mo,e-m,0.0075,%,1
OBS,2020,EU27+4,WEEE_generatedDedicated,WEEE_Cat3,casingPlasticBased,ferrousMetals,O,e-m,0.00667,%,1
OBS,2020,EU27+4,WEEE_generatedDedicated,WEEE_Cat3,casingPlasticBased,ferrousMetals,Sm,e-m,0.0206,%,1
OBS,2020,EU27+4,WEEE_generatedDedicated,WEEE_Cat3,casingPlasticBased,ferrousMetals,n/a,m-c,0.0239,%,1
OBS,2020,EU27+4,WEEE_generatedDedicated,WEEE_Cat3,casingPlasticBased,n/a,n/a,c-p,0.00512,%,1
OBS,2020,EU27+4,WEEE_generatedDedicated,WEEE_Cat3,casingPlasticBased,otherOrganics,Ag,e-m,0.0741,%,1
OBS,2020,EU27+4,WEEE_generatedDedicated,WEEE_Cat3,casingPlasticBased,otherOrganics,n/a,m-c,0.0393,%,1
OBS,2020,EU27+4,WEEE_generatedDedicated,WEEE_Cat3,casingPlasticBased,plastics,Ag,e-m,0.231,%,1
OBS,2020,EU27+4,WEEE_generatedDedicated,WEEE_Cat3,casingPlasticBased,plastics,n/a,m-c,0.521,%,1
OBS,2020,EU27+4,WEEE_generatedDedicated,WEEE_Cat3,casingPlasticBased,polymerPA6GF30,Ag,e-m,0.0414,%,1
OBS,2020,EU27+4,WEEE_generatedDedicated,WEEE_Cat3,casingPlasticBased,polymerPA6GF30,n/a,m-c,0.022,%,1
OBS,2020,EU27+4,WEEE_generatedDedicated,WEEE_Cat3,casingPlasticBased,polymerPPGF30,Ag,e-m,0.0134,%,1
OBS,2020,EU27+4,WEEE_generatedDedicated,WEEE_Cat3,casingPlasticBased,polymerPPGF30,n/a,m-c,0.00713,%,1
OBS,2020,EU27+4,WEEE_generatedDedicated,WEEE_Cat3,casingPlasticBased,polymerPPTF30,Ag,e-m,0.722,%,1
OBS,2020,EU27+4,WEEE_generatedDedicated,WEEE_Cat3,casingPlasticBased,polymerPPTF30,n/a,m-c,0.383,%,1
OBS,2020,EU27+4,WEEE_generatedDedicated,WEEE_Cat3,casingPlasticBased,undefinedAndMixedMaterials,n/a,m-c,0.265,%,1
OBS,2020,EU27+4,WEEE_generatedDedicated,WEEE_Cat3,casingSteelBased,ferrousMetals,Ag,e-m,0.0409,%,2
OBS,2020,EU27+4,WEEE_generatedDedicated,WEEE_Cat3,casingSteelBased,ferrousMetals,Cu,e-m,0.18,%,2
OBS,2020,EU27+4,WEEE_generatedDedicated,WEEE_Cat3,casingSteelBased,ferrousMetals,Ga,e-m,0.725,%,2
OBS,2020,EU27+4,WEEE_generatedDedicated,WEEE_Cat3,casingSteelBased,ferrousMetals,Mo,e-m,0.01,%,2
OBS,2020,EU27+4,WEEE_generatedDedicated,WEEE_Cat3,casingSteelBased,ferrousMetals,O,e-m,0.08,%,2
OBS,2020,EU27+4,WEEE_generatedDedicated,WEEE_Cat3,casingSteelBased,ferrousMetals,Sm,e-m,0.005,%,2
OBS,2020,EU27+4,WEEE_generatedDedicated,WEEE_Cat3,casingSteelBased,ferrousMetals,n/a,m-c,1,%,2
OBS,2020,EU27+4,WEEE_generatedDedicated,WEEE_Cat3,casingSteelBased,n/a,n/a,c-p,0.0172,%,2
OBS,2020,EU27+4,WEEE_generatedDedicated,WEEE_Cat3,casingUnspecified,AlAndAlAlloys,Ag,e-m,0.00935,%,2
OBS,2020,EU27+4,WEEE_generatedDedicated,WEEE_Cat3,casingUnspecified,AlAndAlAlloys,As,e-m,0.97,%,2
OBS,2020,EU27+4,WEEE_generatedDedicated,WEEE_Cat3,casingUnspecified,AlAndAlAlloys,Cu,e-m,0.002,%,2
OBS,2020,EU27+4,WEEE_generatedDedicated,WEEE_Cat3,casingUnspecified,AlAndAlAlloys,Ga,e-m,0.001,%,2
OBS,2020,EU27+4,WEEE_generatedDedicated,WEEE_Cat3,casingUnspecified,AlAndAlAlloys,Mn,e-m,0.0248,%,2
OBS,2020,EU27+4,WEEE_generatedDedicated,WEEE_Cat3,casingUnspecified,AlAndAlAlloys,Mo,e-m,0.002,%,2
OBS,2020,EU27+4,WEEE_generatedDedicated,WEEE_Cat3,casingUnspecified,AlAndAlAlloys,Sm,e-m,0.0003,%,2
OBS,2020,EU27+4,WEEE_generatedDedicated,WEEE_Cat3,casingUnspecified,AlAndAlAlloys,n/a,m-c,0.000774,%,2
OBS,2020,EU27+4,WEEE_generatedDedicated,WEEE_Cat3,casingUnspecified,CuAndCuAlloys,Ag,e-m,0.000715,%,2
OBS,2020,EU27+4,WEEE_generatedDedicated,WEEE_Cat3,casingUnspecified,CuAndCuAlloys,Dy,e-m,0.75,%,2
OBS,2020,EU27+4,WEEE_generatedDedicated,WEEE_Cat3,casingUnspecified,CuAndCuAlloys,Zr,e-m,0.25,%,2
OBS,2020,EU27+4,WEEE_generatedDedicated,WEEE_Cat3,casingUnspecified,CuAndCuAlloys,n/a,m-c,0.000715,%,2
OBS,2020,EU27+4,WEEE_generatedDedicated,WEEE_Cat3,casingUnspecified,ferrousMetals,Ag,e-m,0.00784,%,2
OBS,2020,EU27+4,WEEE_generatedDedicated,WEEE_Cat3,casingUnspecified,ferrousMetals,Cu,e-m,0.18,%,2
OBS,2020,EU27+4,WEEE_generatedDedicated,WEEE_Cat3,casingUnspecified,ferrousMetals,Ga,e-m,0.725,%,2
OBS,2020,EU27+4,WEEE_generatedDedicated,WEEE_Cat3,casingUnspecified,ferrousMetals,Mo,e-m,0.01,%,2
OBS,2020,EU27+4,WEEE_generatedDedicated,WEEE_Cat3,casingUnspecified,ferrousMetals,O,e-m,0.08,%,2
OBS,2020,EU27+4,WEEE_generatedDedicated,WEEE_Cat3,casingUnspecified,ferrousMetals,Sm,e-m,0.005,%,2
OBS,2020,EU27+4,WEEE_generatedDedicated,WEEE_Cat3,casingUnspecified,ferrousMetals,n/a,m-c,0.00653,%,2
OBS,2020,EU27+4,WEEE_generatedDedicated,WEEE_Cat3,casingUnspecified,glass,Ag,e-m,0.143,%,2
OBS,2020,EU27+4,WEEE_generatedDedicated,WEEE_Cat3,casingUnspecified,glass,Pd,e-m,0.265,%,2
OBS,2020,EU27+4,WEEE_generatedDedicated,WEEE_Cat3,casingUnspecified,glass,Sc,e-m,0.00196,%,2
OBS,2020,EU27+4,WEEE_generatedDedicated,WEEE_Cat3,casingUnspecified,glass,Zr,e-m,0.000708,%,2
OBS,2020,EU27+4,WEEE_generatedDedicated,WEEE_Cat3,casingUnspecified,glass,n/a,m-c,0.126,%,2
OBS,2020,EU27+4,WEEE_generatedDedicated,WEEE_Cat3,casingUnspecified,n/a,n/a,c-p,0.0325,%,2
OBS,2020,EU27+4,WEEE_generatedDedicated,WEEE_Cat3,casingUnspecified,otherMetalsAndMetalAlloys,Ag,e-m,0.00152,%,2
OBS,2020,EU27+4,WEEE_generatedDedicated,WEEE_Cat3,casingUnspecified,otherMetalsAndMetalAlloys,Al,e-m,0.9,%,2
OBS,2020,EU27+4,WEEE_generatedDedicated,WEEE_Cat3,casingUnspecified,otherMetalsAndMetalAlloys,Dy,e-m,0.1,%,2
OBS,2020,EU27+4,WEEE_generatedDedicated,WEEE_Cat3,casingUnspecified,otherMetalsAndMetalAlloys,n/a,m-c,0.00115,%,2
OBS,2020,EU27+4,WEEE_generatedDedicated,WEEE_Cat3,casingUnspecified,plastics,Ag,e-m,0.000408,%,2
OBS,2020,EU27+4,WEEE_generatedDedicated,WEEE_Cat3,casingUnspecified,plastics,n/a,m-c,0.00217,%,2
OBS,2020,EU27+4,WEEE_generatedDedicated,WEEE_Cat3,casingUnspecified,undefinedAndMixedMaterials,Ag,e-m,0.000378,%,2
OBS,2020,EU27+4,WEEE_generatedDedicated,WEEE_Cat3,casingUnspecified,undefinedAndMixedMaterials,n/a,m-c,0.000378,%,2
OBS,2020,EU27+4,WEEE_generatedDedicated,WEEE_Cat3,coldCathodeLamp,n/a,n/a,c-p,0.0108,%,1
OBS,2020,EU27+4,WEEE_generatedDedicated,WEEE_Cat3,compContainHazardSubst,n/a,n/a,c-p,0.000661,%,1
OBS,2020,EU27+4,WEEE_generatedDedicated,WEEE_Cat3,compressor,CuAndCuAlloys,Ag,e-m,0.596,%,1
OBS,2020,EU27+4,WEEE_generatedDedicated,WEEE_Cat3,compressor,CuAndCuAlloys,As,e-m,0.404,%,1
OBS,2020,EU27+4,WEEE_generatedDedicated,WEEE_Cat3,compressor,CuAndCuAlloys,Cu,e-m,0.000833,%,1
OBS,2020,EU27+4,WEEE_generatedDedicated,WEEE_Cat3,compressor,CuAndCuAlloys,Dy,e-m,0.438,%,1
OBS,2020,EU27+4,WEEE_generatedDedicated,WEEE_Cat3,compressor,CuAndCuAlloys,Ga,e-m,0.000417,%,1
OBS,2020,EU27+4,WEEE_generatedDedicated,WEEE_Cat3,compressor,CuAndCuAlloys,Mn,e-m,0.0103,%,1
OBS,2020,EU27+4,WEEE_generatedDedicated,WEEE_Cat3,compressor,CuAndCuAlloys,Mo,e-m,0.000833,%,1
OBS,2020,EU27+4,WEEE_generatedDedicated,WEEE_Cat3,compressor,CuAndCuAlloys,Sm,e-m,0.000125,%,1
OBS,2020,EU27+4,WEEE_generatedDedicated,WEEE_Cat3,compressor,CuAndCuAlloys,Zr,e-m,0.146,%,1
OBS,2020,EU27+4,WEEE_generatedDedicated,WEEE_Cat3,compressor,CuAndCuAlloys,n/a,m-c,0.573,%,1
OBS,2020,EU27+4,WEEE_generatedDedicated,WEEE_Cat3,compressor,glass,Ag,e-m,0.0367,%,1
OBS,2020,EU27+4,WEEE_generatedDedicated,WEEE_Cat3,compressor,glass,Pd,e-m,0.265,%,1
OBS,2020,EU27+4,WEEE_generatedDedicated,WEEE_Cat3,compressor,glass,Sc,e-m,0.00196,%,1
OBS,2020,EU27+4,WEEE_generatedDedicated,WEEE_Cat3,compressor,glass,Zr,e-m,0.000708,%,1
OBS,2020,EU27+4,WEEE_generatedDedicated,WEEE_Cat3,compressor,glass,n/a,m-c,0.0353,%,1
OBS,2020,EU27+4,WEEE_generatedDedicated,WEEE_Cat3,compressor,n/a,n/a,c-p,0.0000345,%,1
OBS,2020,EU27+4,WEEE_generatedDedicated,WEEE_Cat3,compressor,otherFerrousAlloys,Ag,e-m,0.0156,%,1
OBS,2020,EU27+4,WEEE_generatedDedicated,WEEE_Cat3,compressor,otherFerrousAlloys,Ca,e-m,0.033,%,1
OBS,2020,EU27+4,WEEE_generatedDedicated,WEEE_Cat3,compressor,otherFerrousAlloys,Ga,e-m,0.938,%,1
OBS,2020,EU27+4,WEEE_generatedDedicated,WEEE_Cat3,compressor,otherFerrousAlloys,Mo,e-m,0.0075,%,1
OBS,2020,EU27+4,WEEE_generatedDedicated,WEEE_Cat3,compressor,otherFerrousAlloys,Sm,e-m,0.022,%,1
OBS,2020,EU27+4,WEEE_generatedDedicated,WEEE_Cat3,compressor,otherFerrousAlloys,n/a,m-c,0.015,%,1
OBS,2020,EU27+4,WEEE_generatedDedicated,WEEE_Cat3,compressor,otherOrUndefinedMaterials,Ag,e-m,0.133,%,1
OBS,2020,EU27+4,WEEE_generatedDedicated,WEEE_Cat3,compressor,otherOrUndefinedMaterials,n/a,m-c,0.128,%,1
OBS,2020,EU27+4,WEEE_generatedDedicated,WEEE_Cat3,compressor,plastics,Ag,e-m,0.0266,%,1
OBS,2020,EU27+4,WEEE_generatedDedicated,WEEE_Cat3,compressor,plastics,n/a,m-c,0.0256,%,1
OBS,2020,EU27+4,WEEE_generatedDedicated,WEEE_Cat3,compressor,steelAndSteelAlloys,Ag,e-m,0.232,%,1
OBS,2020,EU27+4,WEEE_generatedDedicated,WEEE_Cat3,compressor,steelAndSteelAlloys,Cu,e-m,0.18,%,1
OBS,2020,EU27+4,WEEE_generatedDedicated,WEEE_Cat3,compressor,steelAndSteelAlloys,Ga,e-m,0.725,%,1
OBS,2020,EU27+4,WEEE_generatedDedicated,WEEE_Cat3,compressor,steelAndSteelAlloys,Mo,e-m,0.01,%,1
OBS,2020,EU27+4,WEEE_generatedDedicated,WEEE_Cat3,compressor,steelAndSteelAlloys,O,e-m,0.08,%,1
OBS,2020,EU27+4,WEEE_generatedDedicated,WEEE_Cat3,compressor,steelAndSteelAlloys,Sm,e-m,0.005,%,1
OBS,2020,EU27+4,WEEE_generatedDedicated,WEEE_Cat3,compressor,steelAndSteelAlloys,n/a,m-c,0.223,%,1
OBS,2020,EU27+4,WEEE_generatedDedicated,WEEE_Cat3,condensator,n/a,n/a,c-p,0.00683,%,1
OBS,2020,EU27+4,WEEE_generatedDedicated,WEEE_Cat3,contactor,n/a,n/a,c-p,0.0000702,%,1
OBS,2020,EU27+4,WEEE_generatedDedicated,WEEE_Cat3,displayCRT,AlAndAlAlloys,Ag,e-m,0.00569,%,2
OBS,2020,EU27+4,WEEE_generatedDedicated,WEEE_Cat3,displayCRT,AlAndAlAlloys,As,e-m,0.97,%,2
OBS,2020,EU27+4,WEEE_generatedDedicated,WEEE_Cat3,displayCRT,AlAndAlAlloys,Cu,e-m,0.002,%,2
OBS,2020,EU27+4,WEEE_generatedDedicated,WEEE_Cat3,displayCRT,AlAndAlAlloys,Ga,e-m,0.001,%,2
OBS,2020,EU27+4,WEEE_generatedDedicated,WEEE_Cat3,displayCRT,AlAndAlAlloys,Mn,e-m,0.0248,%,2
OBS,2020,EU27+4,WEEE_generatedDedicated,WEEE_Cat3,displayCRT,AlAndAlAlloys,Mo,e-m,0.002,%,2
OBS,2020,EU27+4,WEEE_generatedDedicated,WEEE_Cat3,displayCRT,AlAndAlAlloys,Sm,e-m,0.0003,%,2
OBS,2020,EU27+4,WEEE_generatedDedicated,WEEE_Cat3,displayCRT,AlAndAlAlloys,n/a,m-c,0.00782,%,2
OBS,2020,EU27+4,WEEE_generatedDedicated,WEEE_Cat3,displayCRT,glass,Ag,e-m,0.722,%,2
OBS,2020,EU27+4,WEEE_generatedDedicated,WEEE_Cat3,displayCRT,glass,Pd,e-m,0.265,%,2
OBS,2020,EU27+4,WEEE_generatedDedicated,WEEE_Cat3,displayCRT,glass,Sc,e-m,0.00196,%,2
OBS,2020,EU27+4,WEEE_generatedDedicated,WEEE_Cat3,displayCRT,glass,Zr,e-m,0.000708,%,2
OBS,2020,EU27+4,WEEE_generatedDedicated,WEEE_Cat3,displayCRT,glass,n/a,m-c,0.992,%,2
OBS,2020,EU27+4,WEEE_generatedDedicated,WEEE_Cat3,displayCRT,n/a,n/a,c-p,0.303,%,2
OBS,2020,EU27+4,WEEE_generatedDedicated,WEEE_Cat3,displayLCD,AlAndAlAlloys,Ag,e-m,0.301,%,2
OBS,2020,EU27+4,WEEE_generatedDedicated,WEEE_Cat3,displayLCD,AlAndAlAlloys,As,e-m,0.97,%,2
OBS,2020,EU27+4,WEEE_generatedDedicated,WEEE_Cat3,displayLCD,AlAndAlAlloys,Cu,e-m,0.002,%,2
OBS,2020,EU27+4,WEEE_generatedDedicated,WEEE_Cat3,displayLCD,AlAndAlAlloys,Ga,e-m,0.001,%,2
OBS,2020,EU27+4,WEEE_generatedDedicated,WEEE_Cat3,displayLCD,AlAndAlAlloys,Mn,e-m,0.0248,%,2
OBS,2020,EU27+4,WEEE_generatedDedicated,WEEE_Cat3,displayLCD,AlAndAlAlloys,Mo,e-m,0.002,%,2
OBS,2020,EU27+4,WEEE_generatedDedicated,WEEE_Cat3,displayLCD,AlAndAlAlloys,Sm,e-m,0.0003,%,2
OBS,2020,EU27+4,WEEE_generatedDedicated,WEEE_Cat3,displayLCD,AlAndAlAlloys,n/a,m-c,0.257,%,2
OBS,2020,EU27+4,WEEE_generatedDedicated,WEEE_Cat3,displayLCD,CuAndCuAlloys,Ag,e-m,0.00985,%,2
OBS,2020,EU27+4,WEEE_generatedDedicated,WEEE_Cat3,displayLCD,CuAndCuAlloys,Dy,e-m,0.75,%,2
OBS,2020,EU27+4,WEEE_generatedDedicated,WEEE_Cat3,displayLCD,CuAndCuAlloys,Zr,e-m,0.25,%,2
OBS,2020,EU27+4,WEEE_generatedDedicated,WEEE_Cat3,displayLCD,CuAndCuAlloys,n/a,m-c,0.00839,%,2
OBS,2020,EU27+4,WEEE_generatedDedicated,WEEE_Cat3,displayLCD,ferrousMetals,Ag,e-m,0.132,%,2
OBS,2020,EU27+4,WEEE_generatedDedicated,WEEE_Cat3,displayLCD,ferrousMetals,Cu,e-m,0.18,%,2
OBS,2020,EU27+4,WEEE_generatedDedicated,WEEE_Cat3,displayLCD,ferrousMetals,Ga,e-m,0.725,%,2
OBS,2020,EU27+4,WEEE_generatedDedicated,WEEE_Cat3,displayLCD,ferrousMetals,Mo,e-m,0.01,%,2
OBS,2020,EU27+4,WEEE_generatedDedicated,WEEE_Cat3,displayLCD,ferrousMetals,O,e-m,0.08,%,2
OBS,2020,EU27+4,WEEE_generatedDedicated,WEEE_Cat3,displayLCD,ferrousMetals,Sm,e-m,0.005,%,2
OBS,2020,EU27+4,WEEE_generatedDedicated,WEEE_Cat3,displayLCD,ferrousMetals,n/a,m-c,0.11,%,2
OBS,2020,EU27+4,WEEE_generatedDedicated,WEEE_Cat3,displayLCD,glass,Ag,e-m,0.392,%,2
OBS,2020,EU27+4,WEEE_generatedDedicated,WEEE_Cat3,displayLCD,glass,Pd,e-m,0.265,%,2
OBS,2020,EU27+4,WEEE_generatedDedicated,WEEE_Cat3,displayLCD,glass,Sc,e-m,0.00196,%,2
OBS,2020,EU27+4,WEEE_generatedDedicated,WEEE_Cat3,displayLCD,glass,Zr,e-m,0.000708,%,2
OBS,2020,EU27+4,WEEE_generatedDedicated,WEEE_Cat3,displayLCD,glass,n/a,m-c,0.329,%,2
OBS,2020,EU27+4,WEEE_generatedDedicated,WEEE_Cat3,displayLCD,n/a,n/a,c-p,0.000449,%,1
OBS,2020,EU27+4,WEEE_generatedDedicated,WEEE_Cat3,displayLCD,plastics,Ag,e-m,0.176,%,2
OBS,2020,EU27+4,WEEE_generatedDedicated,WEEE_Cat3,displayLCD,plastics,n/a,m-c,0.176,%,2
OBS,2020,EU27+4,WEEE_generatedDedicated,WEEE_Cat3,displayLCD,undefinedAndMixedMaterials,Ag,e-m,0.0714,%,2
OBS,2020,EU27+4,WEEE_generatedDedicated,WEEE_Cat3,displayLCD,undefinedAndMixedMaterials,n/a,m-c,0.06,%,2
OBS,2020,EU27+4,WEEE_generatedDedicated,WEEE_Cat3,displayLCDunder100cm2,n/a,n/a,c-p,0.000553,%,1
OBS,2020,EU27+4,WEEE_generatedDedicated,WEEE_Cat3,displayOther,AlAndAlAlloys,Ag,e-m,0.00706,%,2
OBS,2020,EU27+4,WEEE_generatedDedicated,WEEE_Cat3,displayOther,AlAndAlAlloys,As,e-m,0.97,%,2
OBS,2020,EU27+4,WEEE_generatedDedicated,WEEE_Cat3,displayOther,AlAndAlAlloys,Cu,e-m,0.002,%,2
OBS,2020,EU27+4,WEEE_generatedDedicated,WEEE_Cat3,displayOther,AlAndAlAlloys,Ga,e-m,0.001,%,2
OBS,2020,EU27+4,WEEE_generatedDedicated,WEEE_Cat3,displayOther,AlAndAlAlloys,Mn,e-m,0.0248,%,2
OBS,2020,EU27+4,WEEE_generatedDedicated,WEEE_Cat3,displayOther,AlAndAlAlloys,Mo,e-m,0.002,%,2
OBS,2020,EU27+4,WEEE_generatedDedicated,WEEE_Cat3,displayOther,AlAndAlAlloys,Sm,e-m,0.0003,%,2
OBS,2020,EU27+4,WEEE_generatedDedicated,WEEE_Cat3,displayOther,AlAndAlAlloys,n/a,m-c,0.00703,%,2
OBS,2020,EU27+4,WEEE_generatedDedicated,WEEE_Cat3,displayOther,CuAndCuAlloys,Ag,e-m,0.000388,%,2
OBS,2020,EU27+4,WEEE_generatedDedicated,WEEE_Cat3,displayOther,CuAndCuAlloys,Dy,e-m,0.75,%,2
OBS,2020,EU27+4,WEEE_generatedDedicated,WEEE_Cat3,displayOther,CuAndCuAlloys,Zr,e-m,0.25,%,2
OBS,2020,EU27+4,WEEE_generatedDedicated,WEEE_Cat3,displayOther,CuAndCuAlloys,n/a,m-c,0.000388,%,2
OBS,2020,EU27+4,WEEE_generatedDedicated,WEEE_Cat3,displayOther,ferrousMetals,Ag,e-m,0.0127,%,2
OBS,2020,EU27+4,WEEE_generatedDedicated,WEEE_Cat3,displayOther,ferrousMetals,Cu,e-m,0.18,%,2
OBS,2020,EU27+4,WEEE_generatedDedicated,WEEE_Cat3,displayOther,ferrousMetals,Ga,e-m,0.725,%,2
OBS,2020,EU27+4,WEEE_generatedDedicated,WEEE_Cat3,displayOther,ferrousMetals,Mo,e-m,0.01,%,2
OBS,2020,EU27+4,WEEE_generatedDedicated,WEEE_Cat3,displayOther,ferrousMetals,O,e-m,0.08,%,2
OBS,2020,EU27+4,WEEE_generatedDedicated,WEEE_Cat3,displayOther,ferrousMetals,Sm,e-m,0.005,%,2
OBS,2020,EU27+4,WEEE_generatedDedicated,WEEE_Cat3,displayOther,ferrousMetals,n/a,m-c,0.00941,%,2
OBS,2020,EU27+4,WEEE_generatedDedicated,WEEE_Cat3,displayOther,glass,Ag,e-m,0.276,%,2
OBS,2020,EU27+4,WEEE_generatedDedicated,WEEE_Cat3,displayOther,glass,Pd,e-m,0.265,%,2
OBS,2020,EU27+4,WEEE_generatedDedicated,WEEE_Cat3,displayOther,glass,Sc,e-m,0.00196,%,2
OBS,2020,EU27+4,WEEE_generatedDedicated,WEEE_Cat3,displayOther,glass,Zr,e-m,0.000708,%,2
OBS,2020,EU27+4,WEEE_generatedDedicated,WEEE_Cat3,displayOther,glass,n/a,m-c,0.0538,%,2
OBS,2020,EU27+4,WEEE_generatedDedicated,WEEE_Cat3,displayOther,n/a,n/a,c-p,0.00367,%,2
OBS,2020,EU27+4,WEEE_generatedDedicated,WEEE_Cat3,displayOther,otherMetalsAndMetalAlloys,Ag,e-m,0.00231,%,2
OBS,2020,EU27+4,WEEE_generatedDedicated,WEEE_Cat3,displayOther,otherMetalsAndMetalAlloys,Al,e-m,0.9,%,2
OBS,2020,EU27+4,WEEE_generatedDedicated,WEEE_Cat3,displayOther,otherMetalsAndMetalAlloys,Dy,e-m,0.1,%,2
OBS,2020,EU27+4,WEEE_generatedDedicated,WEEE_Cat3,displayOther,otherMetalsAndMetalAlloys,n/a,m-c,0.00237,%,2
OBS,2020,EU27+4,WEEE_generatedDedicated,WEEE_Cat3,displayOther,plastics,Ag,e-m,0.0125,%,2
OBS,2020,EU27+4,WEEE_generatedDedicated,WEEE_Cat3,displayOther,plastics,n/a,m-c,0.0125,%,2
OBS,2020,EU27+4,WEEE_generatedDedicated,WEEE_Cat3,displayOther,undefinedAndMixedMaterials,Ag,e-m,0.0000891,%,2
OBS,2020,EU27+4,WEEE_generatedDedicated,WEEE_Cat3,displayOther,undefinedAndMixedMaterials,n/a,m-c,0.0000891,%,2
OBS,2020,EU27+4,WEEE_generatedDedicated,WEEE_Cat3,displayPlasma,n/a,n/a,c-p,0.152,%,1
OBS,2020,EU27+4,WEEE_generatedDedicated,WEEE_Cat3,driveCDDExt,n/a,n/a,c-p,0.00561,%,1
OBS,2020,EU27+4,WEEE_generatedDedicated,WEEE_Cat3,driveCDDInt,AlAndAlAlloys,Ag,e-m,0.0324,%,2
OBS,2020,EU27+4,WEEE_generatedDedicated,WEEE_Cat3,driveCDDInt,AlAndAlAlloys,As,e-m,0.97,%,2
OBS,2020,EU27+4,WEEE_generatedDedicated,WEEE_Cat3,driveCDDInt,AlAndAlAlloys,Cu,e-m,0.002,%,2
OBS,2020,EU27+4,WEEE_generatedDedicated,WEEE_Cat3,driveCDDInt,AlAndAlAlloys,Ga,e-m,0.001,%,2
OBS,2020,EU27+4,WEEE_generatedDedicated,WEEE_Cat3,driveCDDInt,AlAndAlAlloys,Mn,e-m,0.0248,%,2
OBS,2020,EU27+4,WEEE_generatedDedicated,WEEE_Cat3,driveCDDInt,AlAndAlAlloys,Mo,e-m,0.002,%,2
OBS,2020,EU27+4,WEEE_generatedDedicated,WEEE_Cat3,driveCDDInt,AlAndAlAlloys,Sm,e-m,0.0003,%,2
OBS,2020,EU27+4,WEEE_generatedDedicated,WEEE_Cat3,driveCDDInt,AlAndAlAlloys,n/a,m-c,0.0248,%,2
OBS,2020,EU27+4,WEEE_generatedDedicated,WEEE_Cat3,driveCDDInt,CuAndCuAlloys,Ag,e-m,0.00564,%,2
OBS,2020,EU27+4,WEEE_generatedDedicated,WEEE_Cat3,driveCDDInt,CuAndCuAlloys,Dy,e-m,0.75,%,2
OBS,2020,EU27+4,WEEE_generatedDedicated,WEEE_Cat3,driveCDDInt,CuAndCuAlloys,Zr,e-m,0.25,%,2
OBS,2020,EU27+4,WEEE_generatedDedicated,WEEE_Cat3,driveCDDInt,CuAndCuAlloys,n/a,m-c,0.00637,%,2
OBS,2020,EU27+4,WEEE_generatedDedicated,WEEE_Cat3,driveCDDInt,ferrousMetals,Ag,e-m,0.103,%,2
OBS,2020,EU27+4,WEEE_generatedDedicated,WEEE_Cat3,driveCDDInt,ferrousMetals,Cu,e-m,0.18,%,2
OBS,2020,EU27+4,WEEE_generatedDedicated,WEEE_Cat3,driveCDDInt,ferrousMetals,Ga,e-m,0.725,%,2
OBS,2020,EU27+4,WEEE_generatedDedicated,WEEE_Cat3,driveCDDInt,ferrousMetals,Mo,e-m,0.01,%,2
OBS,2020,EU27+4,WEEE_generatedDedicated,WEEE_Cat3,driveCDDInt,ferrousMetals,O,e-m,0.08,%,2
OBS,2020,EU27+4,WEEE_generatedDedicated,WEEE_Cat3,driveCDDInt,ferrousMetals,Sm,e-m,0.005,%,2
OBS,2020,EU27+4,WEEE_generatedDedicated,WEEE_Cat3,driveCDDInt,ferrousMetals,n/a,m-c,0.127,%,2
OBS,2020,EU27+4,WEEE_generatedDedicated,WEEE_Cat3,driveCDDInt,n/a,n/a,c-p,0.01,%,2
OBS,2020,EU27+4,WEEE_generatedDedicated,WEEE_Cat3,driveCDDInt,otherMetalsAndMetalAlloys,Ag,e-m,0.0161,%,2
OBS,2020,EU27+4,WEEE_generatedDedicated,WEEE_Cat3,driveCDDInt,otherMetalsAndMetalAlloys,Al,e-m,0.9,%,2
OBS,2020,EU27+4,WEEE_generatedDedicated,WEEE_Cat3,driveCDDInt,otherMetalsAndMetalAlloys,Dy,e-m,0.1,%,2
OBS,2020,EU27+4,WEEE_generatedDedicated,WEEE_Cat3,driveCDDInt,otherMetalsAndMetalAlloys,n/a,m-c,0.00441,%,2
OBS,2020,EU27+4,WEEE_generatedDedicated,WEEE_Cat3,driveCDDInt,plastics,Ag,e-m,0.0254,%,2
OBS,2020,EU27+4,WEEE_generatedDedicated,WEEE_Cat3,driveCDDInt,plastics,n/a,m-c,0.0254,%,2
OBS,2020,EU27+4,WEEE_generatedDedicated,WEEE_Cat3,driveCDDInt,undefinedAndMixedMaterials,Ag,e-m,0.000808,%,2
OBS,2020,EU27+4,WEEE_generatedDedicated,WEEE_Cat3,driveCDDInt,undefinedAndMixedMaterials,n/a,m-c,0.000808,%,2
OBS,2020,EU27+4,WEEE_generatedDedicated,WEEE_Cat3,driveFDD,AlAndAlAlloys,Ag,e-m,0.387,%,2
OBS,2020,EU27+4,WEEE_generatedDedicated,WEEE_Cat3,driveFDD,AlAndAlAlloys,As,e-m,0.97,%,2
OBS,2020,EU27+4,WEEE_generatedDedicated,WEEE_Cat3,driveFDD,AlAndAlAlloys,Cu,e-m,0.002,%,2
OBS,2020,EU27+4,WEEE_generatedDedicated,WEEE_Cat3,driveFDD,AlAndAlAlloys,Ga,e-m,0.001,%,2
OBS,2020,EU27+4,WEEE_generatedDedicated,WEEE_Cat3,driveFDD,AlAndAlAlloys,Mn,e-m,0.0248,%,2
OBS,2020,EU27+4,WEEE_generatedDedicated,WEEE_Cat3,driveFDD,AlAndAlAlloys,Mo,e-m,0.002,%,2
OBS,2020,EU27+4,WEEE_generatedDedicated,WEEE_Cat3,driveFDD,AlAndAlAlloys,Sm,e-m,0.0003,%,2
OBS,2020,EU27+4,WEEE_generatedDedicated,WEEE_Cat3,driveFDD,AlAndAlAlloys,n/a,m-c,0.634,%,2
OBS,2020,EU27+4,WEEE_generatedDedicated,WEEE_Cat3,driveFDD,ferrousMetals,Ag,e-m,0.223,%,2
OBS,2020,EU27+4,WEEE_generatedDedicated,WEEE_Cat3,driveFDD,ferrousMetals,Cu,e-m,0.18,%,2
OBS,2020,EU27+4,WEEE_generatedDedicated,WEEE_Cat3,driveFDD,ferrousMetals,Ga,e-m,0.725,%,2
OBS,2020,EU27+4,WEEE_generatedDedicated,WEEE_Cat3,driveFDD,ferrousMetals,Mo,e-m,0.01,%,2
OBS,2020,EU27+4,WEEE_generatedDedicated,WEEE_Cat3,driveFDD,ferrousMetals,O,e-m,0.08,%,2
OBS,2020,EU27+4,WEEE_generatedDedicated,WEEE_Cat3,driveFDD,ferrousMetals,Sm,e-m,0.005,%,2
OBS,2020,EU27+4,WEEE_generatedDedicated,WEEE_Cat3,driveFDD,ferrousMetals,n/a,m-c,0.366,%,2
OBS,2020,EU27+4,WEEE_generatedDedicated,WEEE_Cat3,driveFDD,n/a,n/a,c-p,0.021,%,1
OBS,2020,EU27+4,WEEE_generatedDedicated,WEEE_Cat3,driveHDD,AlAndAlAlloys,Ag,e-m,0.0345,%,2
OBS,2020,EU27+4,WEEE_generatedDedicated,WEEE_Cat3,driveHDD,AlAndAlAlloys,As,e-m,0.97,%,2
OBS,2020,EU27+4,WEEE_generatedDedicated,WEEE_Cat3,driveHDD,AlAndAlAlloys,Cu,e-m,0.002,%,2
OBS,2020,EU27+4,WEEE_generatedDedicated,WEEE_Cat3,driveHDD,AlAndAlAlloys,Ga,e-m,0.001,%,2
OBS,2020,EU27+4,WEEE_generatedDedicated,WEEE_Cat3,driveHDD,AlAndAlAlloys,Mn,e-m,0.0248,%,2
OBS,2020,EU27+4,WEEE_generatedDedicated,WEEE_Cat3,driveHDD,AlAndAlAlloys,Mo,e-m,0.002,%,2
OBS,2020,EU27+4,WEEE_generatedDedicated,WEEE_Cat3,driveHDD,AlAndAlAlloys,Sm,e-m,0.0003,%,2
OBS,2020,EU27+4,WEEE_generatedDedicated,WEEE_Cat3,driveHDD,AlAndAlAlloys,n/a,m-c,0.0297,%,2
OBS,2020,EU27+4,WEEE_generatedDedicated,WEEE_Cat3,driveHDD,CuAndCuAlloys,Ag,e-m,0.00548,%,2
OBS,2020,EU27+4,WEEE_generatedDedicated,WEEE_Cat3,driveHDD,CuAndCuAlloys,Dy,e-m,0.75,%,2
OBS,2020,EU27+4,WEEE_generatedDedicated,WEEE_Cat3,driveHDD,CuAndCuAlloys,Zr,e-m,0.25,%,2
OBS,2020,EU27+4,WEEE_generatedDedicated,WEEE_Cat3,driveHDD,CuAndCuAlloys,n/a,m-c,0.00471,%,2
OBS,2020,EU27+4,WEEE_generatedDedicated,WEEE_Cat3,driveHDD,ferrousMetals,Ag,e-m,0.129,%,2
OBS,2020,EU27+4,WEEE_generatedDedicated,WEEE_Cat3,driveHDD,ferrousMetals,Cu,e-m,0.18,%,2
OBS,2020,EU27+4,WEEE_generatedDedicated,WEEE_Cat3,driveHDD,ferrousMetals,Ga,e-m,0.725,%,2
OBS,2020,EU27+4,WEEE_generatedDedicated,WEEE_Cat3,driveHDD,ferrousMetals,Mo,e-m,0.01,%,2
OBS,2020,EU27+4,WEEE_generatedDedicated,WEEE_Cat3,driveHDD,ferrousMetals,O,e-m,0.08,%,2
OBS,2020,EU27+4,WEEE_generatedDedicated,WEEE_Cat3,driveHDD,ferrousMetals,Sm,e-m,0.005,%,2
OBS,2020,EU27+4,WEEE_generatedDedicated,WEEE_Cat3,driveHDD,ferrousMetals,n/a,m-c,0.129,%,2
OBS,2020,EU27+4,WEEE_generatedDedicated,WEEE_Cat3,driveHDD,n/a,n/a,c-p,0.00492,%,1
OBS,2020,EU27+4,WEEE_generatedDedicated,WEEE_Cat3,driveHDD,otherMetalsAndMetalAlloys,Ag,e-m,0.242,%,2
OBS,2020,EU27+4,WEEE_generatedDedicated,WEEE_Cat3,driveHDD,otherMetalsAndMetalAlloys,Al,e-m,0.9,%,2
OBS,2020,EU27+4,WEEE_generatedDedicated,WEEE_Cat3,driveHDD,otherMetalsAndMetalAlloys,Dy,e-m,0.1,%,2
OBS,2020,EU27+4,WEEE_generatedDedicated,WEEE_Cat3,driveHDD,otherMetalsAndMetalAlloys,n/a,m-c,0.242,%,2
OBS,2020,EU27+4,WEEE_generatedDedicated,WEEE_Cat3,driveHDD,plastics,Ag,e-m,0.00853,%,2
OBS,2020,EU27+4,WEEE_generatedDedicated,WEEE_Cat3,driveHDD,plastics,n/a,m-c,0.00853,%,2
OBS,2020,EU27+4,WEEE_generatedDedicated,WEEE_Cat3,driveHDD,undefinedAndMixedMaterials,Ag,e-m,0.0459,%,2
OBS,2020,EU27+4,WEEE_generatedDedicated,WEEE_Cat3,driveHDD,undefinedAndMixedMaterials,n/a,m-c,0.00271,%,2
OBS,2020,EU27+4,WEEE_generatedDedicated,WEEE_Cat3,driveUnspecified,CuAndCuAlloys,Ag,e-m,0.0226,%,2
OBS,2020,EU27+4,WEEE_generatedDedicated,WEEE_Cat3,driveUnspecified,CuAndCuAlloys,Dy,e-m,0.75,%,2
OBS,2020,EU27+4,WEEE_generatedDedicated,WEEE_Cat3,driveUnspecified,CuAndCuAlloys,Zr,e-m,0.25,%,2
OBS,2020,EU27+4,WEEE_generatedDedicated,WEEE_Cat3,driveUnspecified,CuAndCuAlloys,n/a,m-c,0.0226,%,2
OBS,2020,EU27+4,WEEE_generatedDedicated,WEEE_Cat3,driveUnspecified,ferrousMetals,Ag,e-m,0.316,%,2
OBS,2020,EU27+4,WEEE_generatedDedicated,WEEE_Cat3,driveUnspecified,ferrousMetals,Cu,e-m,0.18,%,2
OBS,2020,EU27+4,WEEE_generatedDedicated,WEEE_Cat3,driveUnspecified,ferrousMetals,Ga,e-m,0.725,%,2
OBS,2020,EU27+4,WEEE_generatedDedicated,WEEE_Cat3,driveUnspecified,ferrousMetals,Mo,e-m,0.01,%,2
OBS,2020,EU27+4,WEEE_generatedDedicated,WEEE_Cat3,driveUnspecified,ferrousMetals,O,e-m,0.08,%,2
OBS,2020,EU27+4,WEEE_generatedDedicated,WEEE_Cat3,driveUnspecified,ferrousMetals,Sm,e-m,0.005,%,2
OBS,2020,EU27+4,WEEE_generatedDedicated,WEEE_Cat3,driveUnspecified,ferrousMetals,n/a,m-c,0.316,%,2
OBS,2020,EU27+4,WEEE_generatedDedicated,WEEE_Cat3,driveUnspecified,n/a,n/a,c-p,0.0822,%,2
OBS,2020,EU27+4,WEEE_generatedDedicated,WEEE_Cat3,driveUnspecified,plastics,Ag,e-m,0.188,%,2
OBS,2020,EU27+4,WEEE_generatedDedicated,WEEE_Cat3,driveUnspecified,plastics,n/a,m-c,0.188,%,2
OBS,2020,EU27+4,WEEE_generatedDedicated,WEEE_Cat3,driveUnspecified,undefinedAndMixedMaterials,Ag,e-m,0.0136,%,2
OBS,2020,EU27+4,WEEE_generatedDedicated,WEEE_Cat3,driveUnspecified,undefinedAndMixedMaterials,n/a,m-c,0.0136,%,2
OBS,2020,EU27+4,WEEE_generatedDedicated,WEEE_Cat3,electricEngine,AlAndAlAlloys,Ag,e-m,0.0268,%,1
OBS,2020,EU27+4,WEEE_generatedDedicated,WEEE_Cat3,electricEngine,AlAndAlAlloys,As,e-m,0.97,%,1
OBS,2020,EU27+4,WEEE_generatedDedicated,WEEE_Cat3,electricEngine,AlAndAlAlloys,Cu,e-m,0.002,%,1
OBS,2020,EU27+4,WEEE_generatedDedicated,WEEE_Cat3,electricEngine,AlAndAlAlloys,Ga,e-m,0.001,%,1
OBS,2020,EU27+4,WEEE_generatedDedicated,WEEE_Cat3,electricEngine,AlAndAlAlloys,Mn,e-m,0.0248,%,1
OBS,2020,EU27+4,WEEE_generatedDedicated,WEEE_Cat3,electricEngine,AlAndAlAlloys,Mo,e-m,0.002,%,1
OBS,2020,EU27+4,WEEE_generatedDedicated,WEEE_Cat3,electricEngine,AlAndAlAlloys,Sm,e-m,0.0003,%,1
OBS,2020,EU27+4,WEEE_generatedDedicated,WEEE_Cat3,electricEngine,AlAndAlAlloys,n/a,m-c,0.0219,%,1
OBS,2020,EU27+4,WEEE_generatedDedicated,WEEE_Cat3,electricEngine,CuAndCuAlloys,Ag,e-m,0.186,%,1
OBS,2020,EU27+4,WEEE_generatedDedicated,WEEE_Cat3,electricEngine,CuAndCuAlloys,Dy,e-m,0.75,%,1
OBS,2020,EU27+4,WEEE_generatedDedicated,WEEE_Cat3,electricEngine,CuAndCuAlloys,Zr,e-m,0.25,%,1
OBS,2020,EU27+4,WEEE_generatedDedicated,WEEE_Cat3,electricEngine,CuAndCuAlloys,n/a,m-c,0.127,%,1
OBS,2020,EU27+4,WEEE_generatedDedicated,WEEE_Cat3,electricEngine,carbon,Ag,e-m,0.194,%,1
OBS,2020,EU27+4,WEEE_generatedDedicated,WEEE_Cat3,electricEngine,carbon,Pd,e-m,0.265,%,1
OBS,2020,EU27+4,WEEE_generatedDedicated,WEEE_Cat3,electricEngine,carbon,Sc,e-m,0.00196,%,1
OBS,2020,EU27+4,WEEE_generatedDedicated,WEEE_Cat3,electricEngine,carbon,Zr,e-m,0.000708,%,1
OBS,2020,EU27+4,WEEE_generatedDedicated,WEEE_Cat3,electricEngine,carbon,n/a,m-c,0.159,%,1
OBS,2020,EU27+4,WEEE_generatedDedicated,WEEE_Cat3,electricEngine,ferrousMetals,Ag,e-m,0.734,%,1
OBS,2020,EU27+4,WEEE_generatedDedicated,WEEE_Cat3,electricEngine,ferrousMetals,Ca,e-m,0.0198,%,1
OBS,2020,EU27+4,WEEE_generatedDedicated,WEEE_Cat3,electricEngine,ferrousMetals,Cu,e-m,0.072,%,1
OBS,2020,EU27+4,WEEE_generatedDedicated,WEEE_Cat3,electricEngine,ferrousMetals,Ga,e-m,0.853,%,1
OBS,2020,EU27+4,WEEE_generatedDedicated,WEEE_Cat3,electricEngine,ferrousMetals,Mo,e-m,0.0085,%,1
OBS,2020,EU27+4,WEEE_generatedDedicated,WEEE_Cat3,electricEngine,ferrousMetals,O,e-m,0.032,%,1
OBS,2020,EU27+4,WEEE_generatedDedicated,WEEE_Cat3,electricEngine,ferrousMetals,Sm,e-m,0.0152,%,1
OBS,2020,EU27+4,WEEE_generatedDedicated,WEEE_Cat3,electricEngine,ferrousMetals,n/a,m-c,0.601,%,1
OBS,2020,EU27+4,WEEE_generatedDedicated,WEEE_Cat3,electricEngine,n/a,n/a,c-p,0.00863,%,1
OBS,2020,EU27+4,WEEE_generatedDedicated,WEEE_Cat3,electricEngine,otherOrganics,Ag,e-m,0.00321,%,1
OBS,2020,EU27+4,WEEE_generatedDedicated,WEEE_Cat3,electricEngine,otherOrganics,n/a,m-c,0.00263,%,1
OBS,2020,EU27+4,WEEE_generatedDedicated,WEEE_Cat3,electricEngine,plastics,Ag,e-m,0.077,%,1
OBS,2020,EU27+4,WEEE_generatedDedicated,WEEE_Cat3,electricEngine,plastics,n/a,m-c,0.0584,%,1
OBS,2020,EU27+4,WEEE_generatedDedicated,WEEE_Cat3,filterFoamBased,n/a,n/a,c-p,0.00157,%,1
OBS,2020,EU27+4,WEEE_generatedDedicated,WEEE_Cat3,filterFoamBased,plastics,Ag,e-m,1,%,1
OBS,2020,EU27+4,WEEE_generatedDedicated,WEEE_Cat3,filterFoamBased,plastics,n/a,m-c,1,%,1
OBS,2020,EU27+4,WEEE_generatedDedicated,WEEE_Cat3,fuse,n/a,n/a,c-p,0.0000501,%,1
OBS,2020,EU27+4,WEEE_generatedDedicated,WEEE_Cat3,gear,n/a,n/a,c-p,0.000996,%,1
OBS,2020,EU27+4,WEEE_generatedDedicated,WEEE_Cat3,gear,plastics,Ag,e-m,1,%,1
OBS,2020,EU27+4,WEEE_generatedDedicated,WEEE_Cat3,gear,plastics,n/a,m-c,1,%,1
OBS,2020,EU27+4,WEEE_generatedDedicated,WEEE_Cat3,heatingCoolingEEEairCondenser,CuAndCuAlloys,Ag,e-m,0.749,%,1
OBS,2020,EU27+4,WEEE_generatedDedicated,WEEE_Cat3,heatingCoolingEEEairCondenser,CuAndCuAlloys,Dy,e-m,0.75,%,1
OBS,2020,EU27+4,WEEE_generatedDedicated,WEEE_Cat3,heatingCoolingEEEairCondenser,CuAndCuAlloys,Zr,e-m,0.25,%,1
OBS,2020,EU27+4,WEEE_generatedDedicated,WEEE_Cat3,heatingCoolingEEEairCondenser,CuAndCuAlloys,n/a,m-c,0.743,%,1
OBS,2020,EU27+4,WEEE_generatedDedicated,WEEE_Cat3,heatingCoolingEEEairCondenser,n/a,n/a,c-p,0.000985,%,1
OBS,2020,EU27+4,WEEE_generatedDedicated,WEEE_Cat3,heatingCoolingEEEairCondenser,otherOrUndefinedMaterials,Ag,e-m,0.00803,%,1
OBS,2020,EU27+4,WEEE_generatedDedicated,WEEE_Cat3,heatingCoolingEEEairCondenser,otherOrUndefinedMaterials,n/a,m-c,0.00797,%,1
OBS,2020,EU27+4,WEEE_generatedDedicated,WEEE_Cat3,heatingCoolingEEEairCondenser,plastics,Ag,e-m,0.00803,%,1
OBS,2020,EU27+4,WEEE_generatedDedicated,WEEE_Cat3,heatingCoolingEEEairCondenser,plastics,n/a,m-c,0.00797,%,1
OBS,2020,EU27+4,WEEE_generatedDedicated,WEEE_Cat3,heatingCoolingEEEairCondenser,steelAndSteelAlloys,Ag,e-m,0.243,%,1
OBS,2020,EU27+4,WEEE_generatedDedicated,WEEE_Cat3,heatingCoolingEEEairCondenser,steelAndSteelAlloys,Cu,e-m,0.18,%,1
OBS,2020,EU27+4,WEEE_generatedDedicated,WEEE_Cat3,heatingCoolingEEEairCondenser,steelAndSteelAlloys,Ga,e-m,0.725,%,1
OBS,2020,EU27+4,WEEE_generatedDedicated,WEEE_Cat3,heatingCoolingEEEairCondenser,steelAndSteelAlloys,Mo,e-m,0.01,%,1
OBS,2020,EU27+4,WEEE_generatedDedicated,WEEE_Cat3,heatingCoolingEEEairCondenser,steelAndSteelAlloys,O,e-m,0.08,%,1
OBS,2020,EU27+4,WEEE_generatedDedicated,WEEE_Cat3,heatingCoolingEEEairCondenser,steelAndSteelAlloys,Sm,e-m,0.005,%,1
OBS,2020,EU27+4,WEEE_generatedDedicated,WEEE_Cat3,heatingCoolingEEEairCondenser,steelAndSteelAlloys,n/a,m-c,0.241,%,1
OBS,2020,EU27+4,WEEE_generatedDedicated,WEEE_Cat3,heatingCoolingEEEfan,AlAndAlAlloys,Ag,e-m,0.011,%,1
OBS,2020,EU27+4,WEEE_generatedDedicated,WEEE_Cat3,heatingCoolingEEEfan,AlAndAlAlloys,As,e-m,0.97,%,1
OBS,2020,EU27+4,WEEE_generatedDedicated,WEEE_Cat3,heatingCoolingEEEfan,AlAndAlAlloys,Cu,e-m,0.002,%,1
OBS,2020,EU27+4,WEEE_generatedDedicated,WEEE_Cat3,heatingCoolingEEEfan,AlAndAlAlloys,Ga,e-m,0.001,%,1
OBS,2020,EU27+4,WEEE_generatedDedicated,WEEE_Cat3,heatingCoolingEEEfan,AlAndAlAlloys,Mn,e-m,0.0248,%,1
OBS,2020,EU27+4,WEEE_generatedDedicated,WEEE_Cat3,heatingCoolingEEEfan,AlAndAlAlloys,Mo,e-m,0.002,%,1
OBS,2020,EU27+4,WEEE_generatedDedicated,WEEE_Cat3,heatingCoolingEEEfan,AlAndAlAlloys,Sm,e-m,0.0003,%,1
OBS,2020,EU27+4,WEEE_generatedDedicated,WEEE_Cat3,heatingCoolingEEEfan,AlAndAlAlloys,n/a,m-c,0.011,%,1
OBS,2020,EU27+4,WEEE_generatedDedicated,WEEE_Cat3,heatingCoolingEEEfan,CuAndCuAlloys,Ag,e-m,0.00766,%,1
OBS,2020,EU27+4,WEEE_generatedDedicated,WEEE_Cat3,heatingCoolingEEEfan,CuAndCuAlloys,Dy,e-m,0.75,%,1
OBS,2020,EU27+4,WEEE_generatedDedicated,WEEE_Cat3,heatingCoolingEEEfan,CuAndCuAlloys,Zr,e-m,0.25,%,1
OBS,2020,EU27+4,WEEE_generatedDedicated,WEEE_Cat3,heatingCoolingEEEfan,CuAndCuAlloys,n/a,m-c,0.00766,%,1
OBS,2020,EU27+4,WEEE_generatedDedicated,WEEE_Cat3,heatingCoolingEEEfan,ferrousMetals,Ag,e-m,0.039,%,1
OBS,2020,EU27+4,WEEE_generatedDedicated,WEEE_Cat3,heatingCoolingEEEfan,ferrousMetals,Ca,e-m,0.033,%,1
OBS,2020,EU27+4,WEEE_generatedDedicated,WEEE_Cat3,heatingCoolingEEEfan,ferrousMetals,Cu,e-m,0.18,%,2
OBS,2020,EU27+4,WEEE_generatedDedicated,WEEE_Cat3,heatingCoolingEEEfan,ferrousMetals,Ga,e-m,0.725,%,1
OBS,2020,EU27+4,WEEE_generatedDedicated,WEEE_Cat3,heatingCoolingEEEfan,ferrousMetals,Mo,e-m,0.0075,%,1
OBS,2020,EU27+4,WEEE_generatedDedicated,WEEE_Cat3,heatingCoolingEEEfan,ferrousMetals,O,e-m,0.08,%,2
OBS,2020,EU27+4,WEEE_generatedDedicated,WEEE_Cat3,heatingCoolingEEEfan,ferrousMetals,Sm,e-m,0.005,%,1
OBS,2020,EU27+4,WEEE_generatedDedicated,WEEE_Cat3,heatingCoolingEEEfan,ferrousMetals,n/a,m-c,0.039,%,1
OBS,2020,EU27+4,WEEE_generatedDedicated,WEEE_Cat3,heatingCoolingEEEfan,n/a,n/a,c-p,0.00144,%,1
OBS,2020,EU27+4,WEEE_generatedDedicated,WEEE_Cat3,heatingCoolingEEEfan,otherMetalsAndMetalAlloys,n/a,m-c,0.000408,%,2
OBS,2020,EU27+4,WEEE_generatedDedicated,WEEE_Cat3,heatingCoolingEEEfan,plastics,Ag,e-m,0.0544,%,1
OBS,2020,EU27+4,WEEE_generatedDedicated,WEEE_Cat3,heatingCoolingEEEfan,plastics,n/a,m-c,0.0544,%,1
OBS,2020,EU27+4,WEEE_generatedDedicated,WEEE_Cat3,heatingCoolingEEEfan,steelAndSteelAlloys,Ag,e-m,0.648,%,1
OBS,2020,EU27+4,WEEE_generatedDedicated,WEEE_Cat3,heatingCoolingEEEfan,steelAndSteelAlloys,Cu,e-m,0.18,%,1
OBS,2020,EU27+4,WEEE_generatedDedicated,WEEE_Cat3,heatingCoolingEEEfan,steelAndSteelAlloys,Ga,e-m,0.725,%,1
OBS,2020,EU27+4,WEEE_generatedDedicated,WEEE_Cat3,heatingCoolingEEEfan,steelAndSteelAlloys,Mo,e-m,0.01,%,1
OBS,2020,EU27+4,WEEE_generatedDedicated,WEEE_Cat3,heatingCoolingEEEfan,steelAndSteelAlloys,O,e-m,0.08,%,1
OBS,2020,EU27+4,WEEE_generatedDedicated,WEEE_Cat3,heatingCoolingEEEfan,steelAndSteelAlloys,Sm,e-m,0.005,%,1
OBS,2020,EU27+4,WEEE_generatedDedicated,WEEE_Cat3,heatingCoolingEEEfan,steelAndSteelAlloys,n/a,m-c,0.648,%,1
OBS,2020,EU27+4,WEEE_generatedDedicated,WEEE_Cat3,heatingCoolingEEEfan,undefinedAndMixedMaterials,Ag,e-m,0.00671,%,2
OBS,2020,EU27+4,WEEE_generatedDedicated,WEEE_Cat3,heatingCoolingEEEfan,undefinedAndMixedMaterials,n/a,m-c,0.00245,%,2
OBS,2020,EU27+4,WEEE_generatedDedicated,WEEE_Cat3,heatingCoolingEEEheatSink,AlAndAlAlloys,Ag,e-m,0.27,%,2
OBS,2020,EU27+4,WEEE_generatedDedicated,WEEE_Cat3,heatingCoolingEEEheatSink,AlAndAlAlloys,As,e-m,0.97,%,2
OBS,2020,EU27+4,WEEE_generatedDedicated,WEEE_Cat3,heatingCoolingEEEheatSink,AlAndAlAlloys,Cu,e-m,0.002,%,2
OBS,2020,EU27+4,WEEE_generatedDedicated,WEEE_Cat3,heatingCoolingEEEheatSink,AlAndAlAlloys,Ga,e-m,0.001,%,2
OBS,2020,EU27+4,WEEE_generatedDedicated,WEEE_Cat3,heatingCoolingEEEheatSink,AlAndAlAlloys,Mn,e-m,0.0248,%,2
OBS,2020,EU27+4,WEEE_generatedDedicated,WEEE_Cat3,heatingCoolingEEEheatSink,AlAndAlAlloys,Mo,e-m,0.002,%,2
OBS,2020,EU27+4,WEEE_generatedDedicated,WEEE_Cat3,heatingCoolingEEEheatSink,AlAndAlAlloys,Sm,e-m,0.0003,%,2
OBS,2020,EU27+4,WEEE_generatedDedicated,WEEE_Cat3,heatingCoolingEEEheatSink,AlAndAlAlloys,n/a,m-c,0.27,%,2
OBS,2020,EU27+4,WEEE_generatedDedicated,WEEE_Cat3,heatingCoolingEEEheatSink,CuAndCuAlloys,Ag,e-m,0.0988,%,2
OBS,2020,EU27+4,WEEE_generatedDedicated,WEEE_Cat3,heatingCoolingEEEheatSink,CuAndCuAlloys,Dy,e-m,0.75,%,2
OBS,2020,EU27+4,WEEE_generatedDedicated,WEEE_Cat3,heatingCoolingEEEheatSink,CuAndCuAlloys,Zr,e-m,0.25,%,2
OBS,2020,EU27+4,WEEE_generatedDedicated,WEEE_Cat3,heatingCoolingEEEheatSink,CuAndCuAlloys,n/a,m-c,0.0988,%,2
OBS,2020,EU27+4,WEEE_generatedDedicated,WEEE_Cat3,heatingCoolingEEEheatSink,ferrousMetals,Ag,e-m,0.0403,%,2
OBS,2020,EU27+4,WEEE_generatedDedicated,WEEE_Cat3,heatingCoolingEEEheatSink,ferrousMetals,Cu,e-m,0.18,%,2
OBS,2020,EU27+4,WEEE_generatedDedicated,WEEE_Cat3,heatingCoolingEEEheatSink,ferrousMetals,Ga,e-m,0.725,%,2
OBS,2020,EU27+4,WEEE_generatedDedicated,WEEE_Cat3,heatingCoolingEEEheatSink,ferrousMetals,Mo,e-m,0.01,%,2
OBS,2020,EU27+4,WEEE_generatedDedicated,WEEE_Cat3,heatingCoolingEEEheatSink,ferrousMetals,O,e-m,0.08,%,2
OBS,2020,EU27+4,WEEE_generatedDedicated,WEEE_Cat3,heatingCoolingEEEheatSink,ferrousMetals,Sm,e-m,0.005,%,2
OBS,2020,EU27+4,WEEE_generatedDedicated,WEEE_Cat3,heatingCoolingEEEheatSink,ferrousMetals,n/a,m-c,0.0403,%,2
OBS,2020,EU27+4,WEEE_generatedDedicated,WEEE_Cat3,heatingCoolingEEEheatSink,n/a,n/a,c-p,0.00147,%,1
OBS,2020,EU27+4,WEEE_generatedDedicated,WEEE_Cat3,heatingCoolingEEEheatSink,otherMetalsAndMetalAlloys,Ag,e-m,0.27,%,2
OBS,2020,EU27+4,WEEE_generatedDedicated,WEEE_Cat3,heatingCoolingEEEheatSink,otherMetalsAndMetalAlloys,Al,e-m,0.9,%,2
OBS,2020,EU27+4,WEEE_generatedDedicated,WEEE_Cat3,heatingCoolingEEEheatSink,otherMetalsAndMetalAlloys,Dy,e-m,0.1,%,2
OBS,2020,EU27+4,WEEE_generatedDedicated,WEEE_Cat3,heatingCoolingEEEheatSink,otherMetalsAndMetalAlloys,n/a,m-c,0.27,%,2
OBS,2020,EU27+4,WEEE_generatedDedicated,WEEE_Cat3,heatingCoolingEEEheatSink,plastics,Ag,e-m,0.00748,%,2
OBS,2020,EU27+4,WEEE_generatedDedicated,WEEE_Cat3,heatingCoolingEEEheatSink,plastics,n/a,m-c,0.0068,%,2
OBS,2020,EU27+4,WEEE_generatedDedicated,WEEE_Cat3,heatingCoolingEEEheatSink,undefinedAndMixedMaterials,Ag,e-m,0.0174,%,2
OBS,2020,EU27+4,WEEE_generatedDedicated,WEEE_Cat3,heatingCoolingEEEheatSink,undefinedAndMixedMaterials,n/a,m-c,0.0158,%,2
OBS,2020,EU27+4,WEEE_generatedDedicated,WEEE_Cat3,inductor,CuAndCuAlloys,Ag,e-m,0.0622,%,2
OBS,2020,EU27+4,WEEE_generatedDedicated,WEEE_Cat3,inductor,CuAndCuAlloys,Dy,e-m,0.75,%,2
OBS,2020,EU27+4,WEEE_generatedDedicated,WEEE_Cat3,inductor,CuAndCuAlloys,Zr,e-m,0.25,%,2
OBS,2020,EU27+4,WEEE_generatedDedicated,WEEE_Cat3,inductor,CuAndCuAlloys,n/a,m-c,0.4,%,2
OBS,2020,EU27+4,WEEE_generatedDedicated,WEEE_Cat3,inductor,ferrousMetals,Ag,e-m,0.0622,%,2
OBS,2020,EU27+4,WEEE_generatedDedicated,WEEE_Cat3,inductor,ferrousMetals,Cu,e-m,0.18,%,2
OBS,2020,EU27+4,WEEE_generatedDedicated,WEEE_Cat3,inductor,ferrousMetals,Ga,e-m,0.725,%,2
OBS,2020,EU27+4,WEEE_generatedDedicated,WEEE_Cat3,inductor,ferrousMetals,Mo,e-m,0.01,%,2
OBS,2020,EU27+4,WEEE_generatedDedicated,WEEE_Cat3,inductor,ferrousMetals,O,e-m,0.08,%,2
OBS,2020,EU27+4,WEEE_generatedDedicated,WEEE_Cat3,inductor,ferrousMetals,Sm,e-m,0.005,%,2
OBS,2020,EU27+4,WEEE_generatedDedicated,WEEE_Cat3,inductor,ferrousMetals,n/a,m-c,0.4,%,2
OBS,2020,EU27+4,WEEE_generatedDedicated,WEEE_Cat3,inductor,n/a,n/a,c-p,0.00367,%,1
OBS,2020,EU27+4,WEEE_generatedDedicated,WEEE_Cat3,inductor,plastics,Ag,e-m,0.0312,%,2
OBS,2020,EU27+4,WEEE_generatedDedicated,WEEE_Cat3,inductor,plastics,n/a,m-c,0.2,%,2
OBS,2020,EU27+4,WEEE_generatedDedicated,WEEE_Cat3,insulation,n/a,n/a,c-p,0.000905,%,1
OBS,2020,EU27+4,WEEE_generatedDedicated,WEEE_Cat3,keyboard,AlAndAlAlloys,Ag,e-m,0.425,%,2
OBS,2020,EU27+4,WEEE_generatedDedicated,WEEE_Cat3,keyboard,AlAndAlAlloys,As,e-m,0.97,%,2
OBS,2020,EU27+4,WEEE_generatedDedicated,WEEE_Cat3,keyboard,AlAndAlAlloys,Cu,e-m,0.002,%,2
OBS,2020,EU27+4,WEEE_generatedDedicated,WEEE_Cat3,keyboard,AlAndAlAlloys,Ga,e-m,0.001,%,2
OBS,2020,EU27+4,WEEE_generatedDedicated,WEEE_Cat3,keyboard,AlAndAlAlloys,Mn,e-m,0.0248,%,2
OBS,2020,EU27+4,WEEE_generatedDedicated,WEEE_Cat3,keyboard,AlAndAlAlloys,Mo,e-m,0.002,%,2
OBS,2020,EU27+4,WEEE_generatedDedicated,WEEE_Cat3,keyboard,AlAndAlAlloys,Sm,e-m,0.0003,%,2
OBS,2020,EU27+4,WEEE_generatedDedicated,WEEE_Cat3,keyboard,AlAndAlAlloys,n/a,m-c,0.298,%,2
OBS,2020,EU27+4,WEEE_generatedDedicated,WEEE_Cat3,keyboard,CuAndCuAlloys,Ag,e-m,0.00512,%,2
OBS,2020,EU27+4,WEEE_generatedDedicated,WEEE_Cat3,keyboard,CuAndCuAlloys,Dy,e-m,0.75,%,2
OBS,2020,EU27+4,WEEE_generatedDedicated,WEEE_Cat3,keyboard,CuAndCuAlloys,Zr,e-m,0.25,%,2
OBS,2020,EU27+4,WEEE_generatedDedicated,WEEE_Cat3,keyboard,CuAndCuAlloys,n/a,m-c,0.00485,%,2
OBS,2020,EU27+4,WEEE_generatedDedicated,WEEE_Cat3,keyboard,ferrousMetals,Ag,e-m,0.0108,%,2
OBS,2020,EU27+4,WEEE_generatedDedicated,WEEE_Cat3,keyboard,ferrousMetals,Cu,e-m,0.18,%,2
OBS,2020,EU27+4,WEEE_generatedDedicated,WEEE_Cat3,keyboard,ferrousMetals,Ga,e-m,0.725,%,2
OBS,2020,EU27+4,WEEE_generatedDedicated,WEEE_Cat3,keyboard,ferrousMetals,Mo,e-m,0.01,%,2
OBS,2020,EU27+4,WEEE_generatedDedicated,WEEE_Cat3,keyboard,ferrousMetals,O,e-m,0.08,%,2
OBS,2020,EU27+4,WEEE_generatedDedicated,WEEE_Cat3,keyboard,ferrousMetals,Sm,e-m,0.005,%,2
OBS,2020,EU27+4,WEEE_generatedDedicated,WEEE_Cat3,keyboard,ferrousMetals,n/a,m-c,0.0107,%,2
OBS,2020,EU27+4,WEEE_generatedDedicated,WEEE_Cat3,keyboard,n/a,n/a,c-p,0.0013,%,1
OBS,2020,EU27+4,WEEE_generatedDedicated,WEEE_Cat3,keyboard,otherMetalsAndMetalAlloys,Ag,e-m,0.0599,%,2
OBS,2020,EU27+4,WEEE_generatedDedicated,WEEE_Cat3,keyboard,otherMetalsAndMetalAlloys,Al,e-m,0.9,%,2
OBS,2020,EU27+4,WEEE_generatedDedicated,WEEE_Cat3,keyboard,otherMetalsAndMetalAlloys,Dy,e-m,0.1,%,2
OBS,2020,EU27+4,WEEE_generatedDedicated,WEEE_Cat3,keyboard,otherMetalsAndMetalAlloys,n/a,m-c,0.0576,%,2
OBS,2020,EU27+4,WEEE_generatedDedicated,WEEE_Cat3,keyboard,plastics,Ag,e-m,0.338,%,2
OBS,2020,EU27+4,WEEE_generatedDedicated,WEEE_Cat3,keyboard,plastics,n/a,m-c,0.237,%,2
OBS,2020,EU27+4,WEEE_generatedDedicated,WEEE_Cat3,keyboard,undefinedAndMixedMaterials,Ag,e-m,0.0189,%,2
OBS,2020,EU27+4,WEEE_generatedDedicated,WEEE_Cat3,keyboard,undefinedAndMixedMaterials,n/a,m-c,0.0182,%,2
OBS,2020,EU27+4,WEEE_generatedDedicated,WEEE_Cat3,knob,AlAndAlAlloys,Ag,e-m,0.0208,%,1
OBS,2020,EU27+4,WEEE_generatedDedicated,WEEE_Cat3,knob,AlAndAlAlloys,As,e-m,0.97,%,1
OBS,2020,EU27+4,WEEE_generatedDedicated,WEEE_Cat3,knob,AlAndAlAlloys,Cu,e-m,0.002,%,1
OBS,2020,EU27+4,WEEE_generatedDedicated,WEEE_Cat3,knob,AlAndAlAlloys,Ga,e-m,0.001,%,1
OBS,2020,EU27+4,WEEE_generatedDedicated,WEEE_Cat3,knob,AlAndAlAlloys,Mn,e-m,0.0248,%,1
OBS,2020,EU27+4,WEEE_generatedDedicated,WEEE_Cat3,knob,AlAndAlAlloys,Mo,e-m,0.002,%,1
OBS,2020,EU27+4,WEEE_generatedDedicated,WEEE_Cat3,knob,AlAndAlAlloys,Sm,e-m,0.0003,%,1
OBS,2020,EU27+4,WEEE_generatedDedicated,WEEE_Cat3,knob,AlAndAlAlloys,n/a,m-c,0.0208,%,1
OBS,2020,EU27+4,WEEE_generatedDedicated,WEEE_Cat3,knob,ferrousMetals,Ag,e-m,0.104,%,1
OBS,2020,EU27+4,WEEE_generatedDedicated,WEEE_Cat3,knob,ferrousMetals,Ca,e-m,0.033,%,1
OBS,2020,EU27+4,WEEE_generatedDedicated,WEEE_Cat3,knob,ferrousMetals,Ga,e-m,0.938,%,1
OBS,2020,EU27+4,WEEE_generatedDedicated,WEEE_Cat3,knob,ferrousMetals,Mo,e-m,0.0075,%,1
OBS,2020,EU27+4,WEEE_generatedDedicated,WEEE_Cat3,knob,ferrousMetals,Sm,e-m,0.022,%,1
OBS,2020,EU27+4,WEEE_generatedDedicated,WEEE_Cat3,knob,ferrousMetals,n/a,m-c,0.104,%,1
OBS,2020,EU27+4,WEEE_generatedDedicated,WEEE_Cat3,knob,n/a,n/a,c-p,0.00378,%,1
OBS,2020,EU27+4,WEEE_generatedDedicated,WEEE_Cat3,knob,plastics,Ag,e-m,0.875,%,1
OBS,2020,EU27+4,WEEE_generatedDedicated,WEEE_Cat3,knob,plastics,n/a,m-c,0.875,%,1
OBS,2020,EU27+4,WEEE_generatedDedicated,WEEE_Cat3,lenseAssembly,AlAndAlAlloys,Ag,e-m,0.0932,%,2
OBS,2020,EU27+4,WEEE_generatedDedicated,WEEE_Cat3,lenseAssembly,AlAndAlAlloys,As,e-m,0.97,%,2
OBS,2020,EU27+4,WEEE_generatedDedicated,WEEE_Cat3,lenseAssembly,AlAndAlAlloys,Cu,e-m,0.002,%,2
OBS,2020,EU27+4,WEEE_generatedDedicated,WEEE_Cat3,lenseAssembly,AlAndAlAlloys,Ga,e-m,0.001,%,2
OBS,2020,EU27+4,WEEE_generatedDedicated,WEEE_Cat3,lenseAssembly,AlAndAlAlloys,Mn,e-m,0.0248,%,2
OBS,2020,EU27+4,WEEE_generatedDedicated,WEEE_Cat3,lenseAssembly,AlAndAlAlloys,Mo,e-m,0.002,%,2
OBS,2020,EU27+4,WEEE_generatedDedicated,WEEE_Cat3,lenseAssembly,AlAndAlAlloys,Sm,e-m,0.0003,%,2
OBS,2020,EU27+4,WEEE_generatedDedicated,WEEE_Cat3,lenseAssembly,AlAndAlAlloys,n/a,m-c,0.0861,%,2
OBS,2020,EU27+4,WEEE_generatedDedicated,WEEE_Cat3,lenseAssembly,CuAndCuAlloys,Ag,e-m,0.00734,%,2
OBS,2020,EU27+4,WEEE_generatedDedicated,WEEE_Cat3,lenseAssembly,CuAndCuAlloys,Dy,e-m,0.75,%,2
OBS,2020,EU27+4,WEEE_generatedDedicated,WEEE_Cat3,lenseAssembly,CuAndCuAlloys,Zr,e-m,0.25,%,2
OBS,2020,EU27+4,WEEE_generatedDedicated,WEEE_Cat3,lenseAssembly,CuAndCuAlloys,n/a,m-c,0.0069,%,2
OBS,2020,EU27+4,WEEE_generatedDedicated,WEEE_Cat3,lenseAssembly,ferrousMetals,Ag,e-m,0.191,%,2
OBS,2020,EU27+4,WEEE_generatedDedicated,WEEE_Cat3,lenseAssembly,ferrousMetals,Cu,e-m,0.18,%,2
OBS,2020,EU27+4,WEEE_generatedDedicated,WEEE_Cat3,lenseAssembly,ferrousMetals,Ga,e-m,0.725,%,2
OBS,2020,EU27+4,WEEE_generatedDedicated,WEEE_Cat3,lenseAssembly,ferrousMetals,Mo,e-m,0.01,%,2
OBS,2020,EU27+4,WEEE_generatedDedicated,WEEE_Cat3,lenseAssembly,ferrousMetals,O,e-m,0.08,%,2
OBS,2020,EU27+4,WEEE_generatedDedicated,WEEE_Cat3,lenseAssembly,ferrousMetals,Sm,e-m,0.005,%,2
OBS,2020,EU27+4,WEEE_generatedDedicated,WEEE_Cat3,lenseAssembly,ferrousMetals,n/a,m-c,0.191,%,2
OBS,2020,EU27+4,WEEE_generatedDedicated,WEEE_Cat3,lenseAssembly,glass,Ag,e-m,0.016,%,2
OBS,2020,EU27+4,WEEE_generatedDedicated,WEEE_Cat3,lenseAssembly,glass,Pd,e-m,0.265,%,2
OBS,2020,EU27+4,WEEE_generatedDedicated,WEEE_Cat3,lenseAssembly,glass,Sc,e-m,0.00196,%,2
OBS,2020,EU27+4,WEEE_generatedDedicated,WEEE_Cat3,lenseAssembly,glass,Zr,e-m,0.000708,%,2
OBS,2020,EU27+4,WEEE_generatedDedicated,WEEE_Cat3,lenseAssembly,glass,n/a,m-c,0.016,%,2
OBS,2020,EU27+4,WEEE_generatedDedicated,WEEE_Cat3,lenseAssembly,n/a,n/a,c-p,0.0478,%,2
OBS,2020,EU27+4,WEEE_generatedDedicated,WEEE_Cat3,lenseAssembly,plastics,Ag,e-m,0.289,%,2
OBS,2020,EU27+4,WEEE_generatedDedicated,WEEE_Cat3,lenseAssembly,plastics,n/a,m-c,0.272,%,2
OBS,2020,EU27+4,WEEE_generatedDedicated,WEEE_Cat3,lenseAssembly,undefinedAndMixedMaterials,Ag,e-m,0.0419,%,2
OBS,2020,EU27+4,WEEE_generatedDedicated,WEEE_Cat3,lenseAssembly,undefinedAndMixedMaterials,n/a,m-c,0.0419,%,2
OBS,2020,EU27+4,WEEE_generatedDedicated,WEEE_Cat3,lighting,n/a,n/a,c-p,0.00000463,%,1
OBS,2020,EU27+4,WEEE_generatedDedicated,WEEE_Cat3,lightingFlash,AlAndAlAlloys,Ag,e-m,0.0804,%,2
OBS,2020,EU27+4,WEEE_generatedDedicated,WEEE_Cat3,lightingFlash,AlAndAlAlloys,As,e-m,0.97,%,2
OBS,2020,EU27+4,WEEE_generatedDedicated,WEEE_Cat3,lightingFlash,AlAndAlAlloys,Cu,e-m,0.002,%,2
OBS,2020,EU27+4,WEEE_generatedDedicated,WEEE_Cat3,lightingFlash,AlAndAlAlloys,Ga,e-m,0.001,%,2
OBS,2020,EU27+4,WEEE_generatedDedicated,WEEE_Cat3,lightingFlash,AlAndAlAlloys,Mn,e-m,0.0248,%,2
OBS,2020,EU27+4,WEEE_generatedDedicated,WEEE_Cat3,lightingFlash,AlAndAlAlloys,Mo,e-m,0.002,%,2
OBS,2020,EU27+4,WEEE_generatedDedicated,WEEE_Cat3,lightingFlash,AlAndAlAlloys,Sm,e-m,0.0003,%,2
OBS,2020,EU27+4,WEEE_generatedDedicated,WEEE_Cat3,lightingFlash,AlAndAlAlloys,n/a,m-c,0.141,%,2
OBS,2020,EU27+4,WEEE_generatedDedicated,WEEE_Cat3,lightingFlash,CuAndCuAlloys,Ag,e-m,0.0295,%,2
OBS,2020,EU27+4,WEEE_generatedDedicated,WEEE_Cat3,lightingFlash,CuAndCuAlloys,Dy,e-m,0.75,%,2
OBS,2020,EU27+4,WEEE_generatedDedicated,WEEE_Cat3,lightingFlash,CuAndCuAlloys,Zr,e-m,0.25,%,2
OBS,2020,EU27+4,WEEE_generatedDedicated,WEEE_Cat3,lightingFlash,CuAndCuAlloys,n/a,m-c,0.0498,%,2
OBS,2020,EU27+4,WEEE_generatedDedicated,WEEE_Cat3,lightingFlash,ferrousMetals,Ag,e-m,0.125,%,2
OBS,2020,EU27+4,WEEE_generatedDedicated,WEEE_Cat3,lightingFlash,ferrousMetals,Cu,e-m,0.18,%,2
OBS,2020,EU27+4,WEEE_generatedDedicated,WEEE_Cat3,lightingFlash,ferrousMetals,Ga,e-m,0.725,%,2
OBS,2020,EU27+4,WEEE_generatedDedicated,WEEE_Cat3,lightingFlash,ferrousMetals,Mo,e-m,0.01,%,2
OBS,2020,EU27+4,WEEE_generatedDedicated,WEEE_Cat3,lightingFlash,ferrousMetals,O,e-m,0.08,%,2
OBS,2020,EU27+4,WEEE_generatedDedicated,WEEE_Cat3,lightingFlash,ferrousMetals,Sm,e-m,0.005,%,2
OBS,2020,EU27+4,WEEE_generatedDedicated,WEEE_Cat3,lightingFlash,ferrousMetals,n/a,m-c,0.22,%,2
OBS,2020,EU27+4,WEEE_generatedDedicated,WEEE_Cat3,lightingFlash,glass,Ag,e-m,0.0136,%,2
OBS,2020,EU27+4,WEEE_generatedDedicated,WEEE_Cat3,lightingFlash,glass,Pd,e-m,0.265,%,2
OBS,2020,EU27+4,WEEE_generatedDedicated,WEEE_Cat3,lightingFlash,glass,Sc,e-m,0.00196,%,2
OBS,2020,EU27+4,WEEE_generatedDedicated,WEEE_Cat3,lightingFlash,glass,Zr,e-m,0.000708,%,2
OBS,2020,EU27+4,WEEE_generatedDedicated,WEEE_Cat3,lightingFlash,glass,n/a,m-c,0.0125,%,2
OBS,2020,EU27+4,WEEE_generatedDedicated,WEEE_Cat3,lightingFlash,n/a,n/a,c-p,0.0592,%,2
OBS,2020,EU27+4,WEEE_generatedDedicated,WEEE_Cat3,lightingFlash,plastics,Ag,e-m,0.125,%,2
OBS,2020,EU27+4,WEEE_generatedDedicated,WEEE_Cat3,lightingFlash,plastics,n/a,m-c,0.22,%,2
OBS,2020,EU27+4,WEEE_generatedDedicated,WEEE_Cat3,lightingFlash,undefinedAndMixedMaterials,Ag,e-m,0.132,%,2
OBS,2020,EU27+4,WEEE_generatedDedicated,WEEE_Cat3,lightingFlash,undefinedAndMixedMaterials,n/a,m-c,0.132,%,2
OBS,2020,EU27+4,WEEE_generatedDedicated,WEEE_Cat3,magnetPermanent,n/a,n/a,c-p,0.0000743,%,1
OBS,2020,EU27+4,WEEE_generatedDedicated,WEEE_Cat3,magnetPermanent,otherOrUndefinedMaterials,Ag,e-m,1,%,1
OBS,2020,EU27+4,WEEE_generatedDedicated,WEEE_Cat3,magnetPermanent,otherOrUndefinedMaterials,n/a,m-c,1,%,1
OBS,2020,EU27+4,WEEE_generatedDedicated,WEEE_Cat3,magnetron,n/a,n/a,c-p,0.0149,%,1
OBS,2020,EU27+4,WEEE_generatedDedicated,WEEE_Cat3,mainboardInclCPUgpu,AlAndAlAlloys,Ag,e-m,0.0403,%,2
OBS,2020,EU27+4,WEEE_generatedDedicated,WEEE_Cat3,mainboardInclCPUgpu,AlAndAlAlloys,As,e-m,0.97,%,2
OBS,2020,EU27+4,WEEE_generatedDedicated,WEEE_Cat3,mainboardInclCPUgpu,AlAndAlAlloys,Cu,e-m,0.002,%,2
OBS,2020,EU27+4,WEEE_generatedDedicated,WEEE_Cat3,mainboardInclCPUgpu,AlAndAlAlloys,Ga,e-m,0.001,%,2
OBS,2020,EU27+4,WEEE_generatedDedicated,WEEE_Cat3,mainboardInclCPUgpu,AlAndAlAlloys,Mn,e-m,0.0248,%,2
OBS,2020,EU27+4,WEEE_generatedDedicated,WEEE_Cat3,mainboardInclCPUgpu,AlAndAlAlloys,Mo,e-m,0.002,%,2
OBS,2020,EU27+4,WEEE_generatedDedicated,WEEE_Cat3,mainboardInclCPUgpu,AlAndAlAlloys,Sm,e-m,0.0003,%,2
OBS,2020,EU27+4,WEEE_generatedDedicated,WEEE_Cat3,mainboardInclCPUgpu,AlAndAlAlloys,n/a,m-c,0.0403,%,2
OBS,2020,EU27+4,WEEE_generatedDedicated,WEEE_Cat3,mainboardInclCPUgpu,CuAndCuAlloys,Ag,e-m,0.0133,%,2
OBS,2020,EU27+4,WEEE_generatedDedicated,WEEE_Cat3,mainboardInclCPUgpu,CuAndCuAlloys,Dy,e-m,0.75,%,2
OBS,2020,EU27+4,WEEE_generatedDedicated,WEEE_Cat3,mainboardInclCPUgpu,CuAndCuAlloys,Zr,e-m,0.25,%,2
OBS,2020,EU27+4,WEEE_generatedDedicated,WEEE_Cat3,mainboardInclCPUgpu,CuAndCuAlloys,n/a,m-c,0.005,%,2
OBS,2020,EU27+4,WEEE_generatedDedicated,WEEE_Cat3,mainboardInclCPUgpu,ferrousMetals,Ag,e-m,0.0246,%,2
OBS,2020,EU27+4,WEEE_generatedDedicated,WEEE_Cat3,mainboardInclCPUgpu,ferrousMetals,Cu,e-m,0.18,%,2
OBS,2020,EU27+4,WEEE_generatedDedicated,WEEE_Cat3,mainboardInclCPUgpu,ferrousMetals,Ga,e-m,0.725,%,2
OBS,2020,EU27+4,WEEE_generatedDedicated,WEEE_Cat3,mainboardInclCPUgpu,ferrousMetals,Mo,e-m,0.01,%,2
OBS,2020,EU27+4,WEEE_generatedDedicated,WEEE_Cat3,mainboardInclCPUgpu,ferrousMetals,O,e-m,0.08,%,2
OBS,2020,EU27+4,WEEE_generatedDedicated,WEEE_Cat3,mainboardInclCPUgpu,ferrousMetals,Sm,e-m,0.005,%,2
OBS,2020,EU27+4,WEEE_generatedDedicated,WEEE_Cat3,mainboardInclCPUgpu,ferrousMetals,n/a,m-c,0.0439,%,2
OBS,2020,EU27+4,WEEE_generatedDedicated,WEEE_Cat3,mainboardInclCPUgpu,n/a,n/a,c-p,0.00051,%,2
OBS,2020,EU27+4,WEEE_generatedDedicated,WEEE_Cat3,mainboardInclCPUgpu,otherMetalsAndMetalAlloys,Ag,e-m,0.187,%,2
OBS,2020,EU27+4,WEEE_generatedDedicated,WEEE_Cat3,mainboardInclCPUgpu,otherMetalsAndMetalAlloys,Al,e-m,0.9,%,2
OBS,2020,EU27+4,WEEE_generatedDedicated,WEEE_Cat3,mainboardInclCPUgpu,otherMetalsAndMetalAlloys,Dy,e-m,0.1,%,2
OBS,2020,EU27+4,WEEE_generatedDedicated,WEEE_Cat3,mainboardInclCPUgpu,otherMetalsAndMetalAlloys,n/a,m-c,0.00732,%,2
OBS,2020,EU27+4,WEEE_generatedDedicated,WEEE_Cat3,mainboardInclCPUgpu,plastics,Ag,e-m,0.00146,%,2
OBS,2020,EU27+4,WEEE_generatedDedicated,WEEE_Cat3,mainboardInclCPUgpu,plastics,n/a,m-c,0.00146,%,2
OBS,2020,EU27+4,WEEE_generatedDedicated,WEEE_Cat3,mainboardInclCPUgpu,undefinedAndMixedMaterials,Ag,e-m,0.0286,%,2
OBS,2020,EU27+4,WEEE_generatedDedicated,WEEE_Cat3,mainboardInclCPUgpu,undefinedAndMixedMaterials,n/a,m-c,0.0333,%,2
OBS,2020,EU27+4,WEEE_generatedDedicated,WEEE_Cat3,n/a,n/a,n/a,c-p,0.385,%,2
OBS,2020,EU27+4,WEEE_generatedDedicated,WEEE_Cat3,non-electricCoil,AlAndAlAlloys,Ag,e-m,0.0189,%,1
OBS,2020,EU27+4,WEEE_generatedDedicated,WEEE_Cat3,non-electricCoil,AlAndAlAlloys,As,e-m,0.97,%,1
OBS,2020,EU27+4,WEEE_generatedDedicated,WEEE_Cat3,non-electricCoil,AlAndAlAlloys,Cu,e-m,0.002,%,1
OBS,2020,EU27+4,WEEE_generatedDedicated,WEEE_Cat3,non-electricCoil,AlAndAlAlloys,Ga,e-m,0.001,%,1
OBS,2020,EU27+4,WEEE_generatedDedicated,WEEE_Cat3,non-electricCoil,AlAndAlAlloys,Mn,e-m,0.0248,%,1
OBS,2020,EU27+4,WEEE_generatedDedicated,WEEE_Cat3,non-electricCoil,AlAndAlAlloys,Mo,e-m,0.002,%,1
OBS,2020,EU27+4,WEEE_generatedDedicated,WEEE_Cat3,non-electricCoil,AlAndAlAlloys,Sm,e-m,0.0003,%,1
OBS,2020,EU27+4,WEEE_generatedDedicated,WEEE_Cat3,non-electricCoil,AlAndAlAlloys,n/a,m-c,0.0189,%,1
OBS,2020,EU27+4,WEEE_generatedDedicated,WEEE_Cat3,non-electricCoil,ferrousMetals,Ag,e-m,0.264,%,1
OBS,2020,EU27+4,WEEE_generatedDedicated,WEEE_Cat3,non-electricCoil,ferrousMetals,Ca,e-m,0.033,%,1
OBS,2020,EU27+4,WEEE_generatedDedicated,WEEE_Cat3,non-electricCoil,ferrousMetals,Ga,e-m,0.938,%,1
OBS,2020,EU27+4,WEEE_generatedDedicated,WEEE_Cat3,non-electricCoil,ferrousMetals,Mo,e-m,0.0075,%,1
OBS,2020,EU27+4,WEEE_generatedDedicated,WEEE_Cat3,non-electricCoil,ferrousMetals,Sm,e-m,0.022,%,1
OBS,2020,EU27+4,WEEE_generatedDedicated,WEEE_Cat3,non-electricCoil,ferrousMetals,n/a,m-c,0.264,%,1
OBS,2020,EU27+4,WEEE_generatedDedicated,WEEE_Cat3,non-electricCoil,n/a,n/a,c-p,0.00209,%,1
OBS,2020,EU27+4,WEEE_generatedDedicated,WEEE_Cat3,non-electricCoil,plastics,Ag,e-m,0.717,%,1
OBS,2020,EU27+4,WEEE_generatedDedicated,WEEE_Cat3,non-electricCoil,plastics,n/a,m-c,0.717,%,1
OBS,2020,EU27+4,WEEE_generatedDedicated,WEEE_Cat3,nonElectricCoil,n/a,n/a,c-p,0.000261,%,1
OBS,2020,EU27+4,WEEE_generatedDedicated,WEEE_Cat3,onOffSwitch,CuAndCuAlloys,Ag,e-m,0.16,%,2
OBS,2020,EU27+4,WEEE_generatedDedicated,WEEE_Cat3,onOffSwitch,CuAndCuAlloys,Dy,e-m,0.75,%,2
OBS,2020,EU27+4,WEEE_generatedDedicated,WEEE_Cat3,onOffSwitch,CuAndCuAlloys,Zr,e-m,0.25,%,2
OBS,2020,EU27+4,WEEE_generatedDedicated,WEEE_Cat3,onOffSwitch,CuAndCuAlloys,n/a,m-c,0.16,%,2
OBS,2020,EU27+4,WEEE_generatedDedicated,WEEE_Cat3,onOffSwitch,n/a,n/a,c-p,0.000584,%,2
OBS,2020,EU27+4,WEEE_generatedDedicated,WEEE_Cat3,onOffSwitch,plastics,Ag,e-m,0.84,%,2
OBS,2020,EU27+4,WEEE_generatedDedicated,WEEE_Cat3,onOffSwitch,plastics,n/a,m-c,0.84,%,2
OBS,2020,EU27+4,WEEE_generatedDedicated,WEEE_Cat3,otherElectricCompUnspecified,AlAndAlAlloys,Ag,e-m,0.000538,%,2
OBS,2020,EU27+4,WEEE_generatedDedicated,WEEE_Cat3,otherElectricCompUnspecified,AlAndAlAlloys,As,e-m,0.97,%,2
OBS,2020,EU27+4,WEEE_generatedDedicated,WEEE_Cat3,otherElectricCompUnspecified,AlAndAlAlloys,Cu,e-m,0.002,%,2
OBS,2020,EU27+4,WEEE_generatedDedicated,WEEE_Cat3,otherElectricCompUnspecified,AlAndAlAlloys,Ga,e-m,0.001,%,2
OBS,2020,EU27+4,WEEE_generatedDedicated,WEEE_Cat3,otherElectricCompUnspecified,AlAndAlAlloys,Mn,e-m,0.0248,%,2
OBS,2020,EU27+4,WEEE_generatedDedicated,WEEE_Cat3,otherElectricCompUnspecified,AlAndAlAlloys,Mo,e-m,0.002,%,2
OBS,2020,EU27+4,WEEE_generatedDedicated,WEEE_Cat3,otherElectricCompUnspecified,AlAndAlAlloys,Sm,e-m,0.0003,%,2
OBS,2020,EU27+4,WEEE_generatedDedicated,WEEE_Cat3,otherElectricCompUnspecified,AlAndAlAlloys,n/a,m-c,0.000538,%,2
OBS,2020,EU27+4,WEEE_generatedDedicated,WEEE_Cat3,otherElectricCompUnspecified,CuAndCuAlloys,Ag,e-m,0.0113,%,2
OBS,2020,EU27+4,WEEE_generatedDedicated,WEEE_Cat3,otherElectricCompUnspecified,CuAndCuAlloys,Dy,e-m,0.75,%,2
OBS,2020,EU27+4,WEEE_generatedDedicated,WEEE_Cat3,otherElectricCompUnspecified,CuAndCuAlloys,Zr,e-m,0.25,%,2
OBS,2020,EU27+4,WEEE_generatedDedicated,WEEE_Cat3,otherElectricCompUnspecified,CuAndCuAlloys,n/a,m-c,0.0113,%,2
OBS,2020,EU27+4,WEEE_generatedDedicated,WEEE_Cat3,otherElectricCompUnspecified,ferrousMetals,Ag,e-m,0.0453,%,2
OBS,2020,EU27+4,WEEE_generatedDedicated,WEEE_Cat3,otherElectricCompUnspecified,ferrousMetals,Cu,e-m,0.18,%,2
OBS,2020,EU27+4,WEEE_generatedDedicated,WEEE_Cat3,otherElectricCompUnspecified,ferrousMetals,Ga,e-m,0.725,%,2
OBS,2020,EU27+4,WEEE_generatedDedicated,WEEE_Cat3,otherElectricCompUnspecified,ferrousMetals,Mo,e-m,0.01,%,2
OBS,2020,EU27+4,WEEE_generatedDedicated,WEEE_Cat3,otherElectricCompUnspecified,ferrousMetals,O,e-m,0.08,%,2
OBS,2020,EU27+4,WEEE_generatedDedicated,WEEE_Cat3,otherElectricCompUnspecified,ferrousMetals,Sm,e-m,0.005,%,2
OBS,2020,EU27+4,WEEE_generatedDedicated,WEEE_Cat3,otherElectricCompUnspecified,ferrousMetals,n/a,m-c,0.0772,%,2
OBS,2020,EU27+4,WEEE_generatedDedicated,WEEE_Cat3,otherElectricCompUnspecified,glass,Ag,e-m,0.082,%,2
OBS,2020,EU27+4,WEEE_generatedDedicated,WEEE_Cat3,otherElectricCompUnspecified,glass,Pd,e-m,0.265,%,2
OBS,2020,EU27+4,WEEE_generatedDedicated,WEEE_Cat3,otherElectricCompUnspecified,glass,Sc,e-m,0.00196,%,2
OBS,2020,EU27+4,WEEE_generatedDedicated,WEEE_Cat3,otherElectricCompUnspecified,glass,Zr,e-m,0.000708,%,2
OBS,2020,EU27+4,WEEE_generatedDedicated,WEEE_Cat3,otherElectricCompUnspecified,glass,n/a,m-c,0.082,%,2
OBS,2020,EU27+4,WEEE_generatedDedicated,WEEE_Cat3,otherElectricCompUnspecified,n/a,n/a,c-p,0.00859,%,1
OBS,2020,EU27+4,WEEE_generatedDedicated,WEEE_Cat3,otherElectricCompUnspecified,otherMetalsAndMetalAlloys,Ag,e-m,0.000882,%,2
OBS,2020,EU27+4,WEEE_generatedDedicated,WEEE_Cat3,otherElectricCompUnspecified,otherMetalsAndMetalAlloys,Al,e-m,0.9,%,2
OBS,2020,EU27+4,WEEE_generatedDedicated,WEEE_Cat3,otherElectricCompUnspecified,otherMetalsAndMetalAlloys,Dy,e-m,0.1,%,2
OBS,2020,EU27+4,WEEE_generatedDedicated,WEEE_Cat3,otherElectricCompUnspecified,otherMetalsAndMetalAlloys,n/a,m-c,0.00095,%,2
OBS,2020,EU27+4,WEEE_generatedDedicated,WEEE_Cat3,otherElectricCompUnspecified,otherOrUndefinedMaterials,Ag,e-m,1,%,1
OBS,2020,EU27+4,WEEE_generatedDedicated,WEEE_Cat3,otherElectricCompUnspecified,otherOrUndefinedMaterials,n/a,m-c,1,%,1
OBS,2020,EU27+4,WEEE_generatedDedicated,WEEE_Cat3,otherElectricCompUnspecified,plastics,Ag,e-m,0.111,%,2
OBS,2020,EU27+4,WEEE_generatedDedicated,WEEE_Cat3,otherElectricCompUnspecified,plastics,n/a,m-c,0.243,%,2
OBS,2020,EU27+4,WEEE_generatedDedicated,WEEE_Cat3,otherElectricCompUnspecified,undefinedAndMixedMaterials,Ag,e-m,0.0002,%,2
OBS,2020,EU27+4,WEEE_generatedDedicated,WEEE_Cat3,otherElectricCompUnspecified,undefinedAndMixedMaterials,n/a,m-c,0.0002,%,2
OBS,2020,EU27+4,WEEE_generatedDedicated,WEEE_Cat3,otherNonElectricCompUnspecified,AlAndAlAlloys,Ag,e-m,0.0205,%,1
OBS,2020,EU27+4,WEEE_generatedDedicated,WEEE_Cat3,otherNonElectricCompUnspecified,AlAndAlAlloys,As,e-m,0.97,%,1
OBS,2020,EU27+4,WEEE_generatedDedicated,WEEE_Cat3,otherNonElectricCompUnspecified,AlAndAlAlloys,Cu,e-m,0.002,%,1
OBS,2020,EU27+4,WEEE_generatedDedicated,WEEE_Cat3,otherNonElectricCompUnspecified,AlAndAlAlloys,Ga,e-m,0.001,%,1
OBS,2020,EU27+4,WEEE_generatedDedicated,WEEE_Cat3,otherNonElectricCompUnspecified,AlAndAlAlloys,Mn,e-m,0.0248,%,1
OBS,2020,EU27+4,WEEE_generatedDedicated,WEEE_Cat3,otherNonElectricCompUnspecified,AlAndAlAlloys,Mo,e-m,0.002,%,1
OBS,2020,EU27+4,WEEE_generatedDedicated,WEEE_Cat3,otherNonElectricCompUnspecified,AlAndAlAlloys,Sm,e-m,0.0003,%,1
OBS,2020,EU27+4,WEEE_generatedDedicated,WEEE_Cat3,otherNonElectricCompUnspecified,AlAndAlAlloys,n/a,m-c,0.0112,%,1
OBS,2020,EU27+4,WEEE_generatedDedicated,WEEE_Cat3,otherNonElectricCompUnspecified,CuAndCuAlloys,Ag,e-m,0.00302,%,1
OBS,2020,EU27+4,WEEE_generatedDedicated,WEEE_Cat3,otherNonElectricCompUnspecified,CuAndCuAlloys,As,e-m,0.97,%,1
OBS,2020,EU27+4,WEEE_generatedDedicated,WEEE_Cat3,otherNonElectricCompUnspecified,CuAndCuAlloys,Cu,e-m,0.002,%,1
OBS,2020,EU27+4,WEEE_generatedDedicated,WEEE_Cat3,otherNonElectricCompUnspecified,CuAndCuAlloys,Dy,e-m,0.75,%,1
OBS,2020,EU27+4,WEEE_generatedDedicated,WEEE_Cat3,otherNonElectricCompUnspecified,CuAndCuAlloys,Ga,e-m,0.001,%,1
OBS,2020,EU27+4,WEEE_generatedDedicated,WEEE_Cat3,otherNonElectricCompUnspecified,CuAndCuAlloys,Mn,e-m,0.0248,%,1
OBS,2020,EU27+4,WEEE_generatedDedicated,WEEE_Cat3,otherNonElectricCompUnspecified,CuAndCuAlloys,Mo,e-m,0.002,%,1
OBS,2020,EU27+4,WEEE_generatedDedicated,WEEE_Cat3,otherNonElectricCompUnspecified,CuAndCuAlloys,Sm,e-m,0.0003,%,1
OBS,2020,EU27+4,WEEE_generatedDedicated,WEEE_Cat3,otherNonElectricCompUnspecified,CuAndCuAlloys,Zr,e-m,0.25,%,1
OBS,2020,EU27+4,WEEE_generatedDedicated,WEEE_Cat3,otherNonElectricCompUnspecified,CuAndCuAlloys,n/a,m-c,0.00302,%,1
OBS,2020,EU27+4,WEEE_generatedDedicated,WEEE_Cat3,otherNonElectricCompUnspecified,ferrousMetals,Ag,e-m,0.0343,%,1
OBS,2020,EU27+4,WEEE_generatedDedicated,WEEE_Cat3,otherNonElectricCompUnspecified,ferrousMetals,Ca,e-m,0.033,%,1
OBS,2020,EU27+4,WEEE_generatedDedicated,WEEE_Cat3,otherNonElectricCompUnspecified,ferrousMetals,Cu,e-m,0.18,%,2
OBS,2020,EU27+4,WEEE_generatedDedicated,WEEE_Cat3,otherNonElectricCompUnspecified,ferrousMetals,Ga,e-m,0.725,%,1
OBS,2020,EU27+4,WEEE_generatedDedicated,WEEE_Cat3,otherNonElectricCompUnspecified,ferrousMetals,Mo,e-m,0.0075,%,1
OBS,2020,EU27+4,WEEE_generatedDedicated,WEEE_Cat3,otherNonElectricCompUnspecified,ferrousMetals,O,e-m,0.08,%,2
OBS,2020,EU27+4,WEEE_generatedDedicated,WEEE_Cat3,otherNonElectricCompUnspecified,ferrousMetals,Sm,e-m,0.005,%,1
OBS,2020,EU27+4,WEEE_generatedDedicated,WEEE_Cat3,otherNonElectricCompUnspecified,ferrousMetals,n/a,m-c,0.0343,%,1
OBS,2020,EU27+4,WEEE_generatedDedicated,WEEE_Cat3,otherNonElectricCompUnspecified,n/a,n/a,c-p,0.000287,%,1
OBS,2020,EU27+4,WEEE_generatedDedicated,WEEE_Cat3,otherNonElectricCompUnspecified,plastics,Ag,e-m,0.0777,%,1
OBS,2020,EU27+4,WEEE_generatedDedicated,WEEE_Cat3,otherNonElectricCompUnspecified,plastics,n/a,m-c,0.0777,%,1
OBS,2020,EU27+4,WEEE_generatedDedicated,WEEE_Cat3,otherNonElectricCompUnspecified,steelAndSteelAlloys,Ag,e-m,0.95,%,1
OBS,2020,EU27+4,WEEE_generatedDedicated,WEEE_Cat3,otherNonElectricCompUnspecified,steelAndSteelAlloys,Cu,e-m,0.18,%,1
OBS,2020,EU27+4,WEEE_generatedDedicated,WEEE_Cat3,otherNonElectricCompUnspecified,steelAndSteelAlloys,Ga,e-m,0.725,%,1
OBS,2020,EU27+4,WEEE_generatedDedicated,WEEE_Cat3,otherNonElectricCompUnspecified,steelAndSteelAlloys,Mo,e-m,0.01,%,1
OBS,2020,EU27+4,WEEE_generatedDedicated,WEEE_Cat3,otherNonElectricCompUnspecified,steelAndSteelAlloys,O,e-m,0.08,%,1
OBS,2020,EU27+4,WEEE_generatedDedicated,WEEE_Cat3,otherNonElectricCompUnspecified,steelAndSteelAlloys,Sm,e-m,0.005,%,1
OBS,2020,EU27+4,WEEE_generatedDedicated,WEEE_Cat3,otherNonElectricCompUnspecified,steelAndSteelAlloys,n/a,m-c,0.906,%,1
OBS,2020,EU27+4,WEEE_generatedDedicated,WEEE_Cat3,otherNonElectricCompUnspecified,undefinedAndMixedMaterials,Ag,e-m,0.00041,%,2
OBS,2020,EU27+4,WEEE_generatedDedicated,WEEE_Cat3,otherNonElectricCompUnspecified,undefinedAndMixedMaterials,n/a,m-c,0.000411,%,2
OBS,2020,EU27+4,WEEE_generatedDedicated,WEEE_Cat3,passiveJunctionBox,CuAndCuAlloys,Ag,e-m,0.477,%,1
OBS,2020,EU27+4,WEEE_generatedDedicated,WEEE_Cat3,passiveJunctionBox,CuAndCuAlloys,Dy,e-m,0.75,%,1
OBS,2020,EU27+4,WEEE_generatedDedicated,WEEE_Cat3,passiveJunctionBox,CuAndCuAlloys,Sr,e-m,0.016,%,1
OBS,2020,EU27+4,WEEE_generatedDedicated,WEEE_Cat3,passiveJunctionBox,CuAndCuAlloys,Zr,e-m,0.208,%,1
OBS,2020,EU27+4,WEEE_generatedDedicated,WEEE_Cat3,passiveJunctionBox,CuAndCuAlloys,n/a,m-c,0.477,%,1
OBS,2020,EU27+4,WEEE_generatedDedicated,WEEE_Cat3,passiveJunctionBox,n/a,n/a,c-p,0.0226,%,1
OBS,2020,EU27+4,WEEE_generatedDedicated,WEEE_Cat3,passiveJunctionBox,otherOrUndefinedMaterials,Ag,e-m,0.0073,%,1
OBS,2020,EU27+4,WEEE_generatedDedicated,WEEE_Cat3,passiveJunctionBox,otherOrUndefinedMaterials,n/a,m-c,0.00725,%,1
OBS,2020,EU27+4,WEEE_generatedDedicated,WEEE_Cat3,passiveJunctionBox,plastics,Ag,e-m,0.466,%,1
OBS,2020,EU27+4,WEEE_generatedDedicated,WEEE_Cat3,passiveJunctionBox,plastics,n/a,m-c,0.463,%,1
OBS,2020,EU27+4,WEEE_generatedDedicated,WEEE_Cat3,pcbWEEECat,n/a,n/a,c-p,0.0000873,%,1
OBS,2020,EU27+4,WEEE_generatedDedicated,WEEE_Cat3,pcbWEEECat,plastics,Ag,e-m,0.0278,%,1
OBS,2020,EU27+4,WEEE_generatedDedicated,WEEE_Cat3,pcbWEEECat,plastics,n/a,m-c,1,%,1
OBS,2020,EU27+4,WEEE_generatedDedicated,WEEE_Cat3,plug,n/a,n/a,c-p,0.00064,%,1
OBS,2020,EU27+4,WEEE_generatedDedicated,WEEE_Cat3,powerSupply,AlAndAlAlloys,Ag,e-m,0.0289,%,2
OBS,2020,EU27+4,WEEE_generatedDedicated,WEEE_Cat3,powerSupply,AlAndAlAlloys,As,e-m,0.97,%,2
OBS,2020,EU27+4,WEEE_generatedDedicated,WEEE_Cat3,powerSupply,AlAndAlAlloys,Cu,e-m,0.002,%,2
OBS,2020,EU27+4,WEEE_generatedDedicated,WEEE_Cat3,powerSupply,AlAndAlAlloys,Ga,e-m,0.001,%,2
OBS,2020,EU27+4,WEEE_generatedDedicated,WEEE_Cat3,powerSupply,AlAndAlAlloys,Mn,e-m,0.0248,%,2
OBS,2020,EU27+4,WEEE_generatedDedicated,WEEE_Cat3,powerSupply,AlAndAlAlloys,Mo,e-m,0.002,%,2
OBS,2020,EU27+4,WEEE_generatedDedicated,WEEE_Cat3,powerSupply,AlAndAlAlloys,Sm,e-m,0.0003,%,2
OBS,2020,EU27+4,WEEE_generatedDedicated,WEEE_Cat3,powerSupply,AlAndAlAlloys,n/a,m-c,0.0289,%,2
OBS,2020,EU27+4,WEEE_generatedDedicated,WEEE_Cat3,powerSupply,CuAndCuAlloys,Ag,e-m,0.0147,%,2
OBS,2020,EU27+4,WEEE_generatedDedicated,WEEE_Cat3,powerSupply,CuAndCuAlloys,Dy,e-m,0.75,%,2
OBS,2020,EU27+4,WEEE_generatedDedicated,WEEE_Cat3,powerSupply,CuAndCuAlloys,Zr,e-m,0.25,%,2
OBS,2020,EU27+4,WEEE_generatedDedicated,WEEE_Cat3,powerSupply,CuAndCuAlloys,n/a,m-c,0.0147,%,2
OBS,2020,EU27+4,WEEE_generatedDedicated,WEEE_Cat3,powerSupply,ferrousMetals,Ag,e-m,0.0293,%,2
OBS,2020,EU27+4,WEEE_generatedDedicated,WEEE_Cat3,powerSupply,ferrousMetals,Cu,e-m,0.18,%,2
OBS,2020,EU27+4,WEEE_generatedDedicated,WEEE_Cat3,powerSupply,ferrousMetals,Ga,e-m,0.725,%,2
OBS,2020,EU27+4,WEEE_generatedDedicated,WEEE_Cat3,powerSupply,ferrousMetals,Mo,e-m,0.01,%,2
OBS,2020,EU27+4,WEEE_generatedDedicated,WEEE_Cat3,powerSupply,ferrousMetals,O,e-m,0.08,%,2
OBS,2020,EU27+4,WEEE_generatedDedicated,WEEE_Cat3,powerSupply,ferrousMetals,Sm,e-m,0.005,%,2
OBS,2020,EU27+4,WEEE_generatedDedicated,WEEE_Cat3,powerSupply,ferrousMetals,n/a,m-c,0.0157,%,2
OBS,2020,EU27+4,WEEE_generatedDedicated,WEEE_Cat3,powerSupply,n/a,n/a,c-p,0.00195,%,1
OBS,2020,EU27+4,WEEE_generatedDedicated,WEEE_Cat3,powerSupply,otherMetalsAndMetalAlloys,Ag,e-m,0.994,%,2
OBS,2020,EU27+4,WEEE_generatedDedicated,WEEE_Cat3,powerSupply,otherMetalsAndMetalAlloys,Al,e-m,0.9,%,2
OBS,2020,EU27+4,WEEE_generatedDedicated,WEEE_Cat3,powerSupply,otherMetalsAndMetalAlloys,Dy,e-m,0.1,%,2
OBS,2020,EU27+4,WEEE_generatedDedicated,WEEE_Cat3,powerSupply,otherMetalsAndMetalAlloys,n/a,m-c,0.994,%,2
OBS,2020,EU27+4,WEEE_generatedDedicated,WEEE_Cat3,powerSupply,plastics,Ag,e-m,0.0158,%,2
OBS,2020,EU27+4,WEEE_generatedDedicated,WEEE_Cat3,powerSupply,plastics,n/a,m-c,0.0158,%,2
OBS,2020,EU27+4,WEEE_generatedDedicated,WEEE_Cat3,powerSupply,undefinedAndMixedMaterials,Ag,e-m,0.00504,%,2
OBS,2020,EU27+4,WEEE_generatedDedicated,WEEE_Cat3,powerSupply,undefinedAndMixedMaterials,n/a,m-c,0.00504,%,2
OBS,2020,EU27+4,WEEE_generatedDedicated,WEEE_Cat3,printedCircuitBoard,n/a,n/a,c-p,0.0000429,%,1
OBS,2020,EU27+4,WEEE_generatedDedicated,WEEE_Cat3,pump,ironWroughtAndCast,Ag,e-m,0.419,%,1
OBS,2020,EU27+4,WEEE_generatedDedicated,WEEE_Cat3,pump,ironWroughtAndCast,Ca,e-m,0.033,%,1
OBS,2020,EU27+4,WEEE_generatedDedicated,WEEE_Cat3,pump,ironWroughtAndCast,Ga,e-m,0.938,%,1
OBS,2020,EU27+4,WEEE_generatedDedicated,WEEE_Cat3,pump,ironWroughtAndCast,Mo,e-m,0.0075,%,1
OBS,2020,EU27+4,WEEE_generatedDedicated,WEEE_Cat3,pump,ironWroughtAndCast,Sm,e-m,0.022,%,1
OBS,2020,EU27+4,WEEE_generatedDedicated,WEEE_Cat3,pump,ironWroughtAndCast,n/a,m-c,0.419,%,1
OBS,2020,EU27+4,WEEE_generatedDedicated,WEEE_Cat3,pump,n/a,n/a,c-p,0.0013,%,1
OBS,2020,EU27+4,WEEE_generatedDedicated,WEEE_Cat3,pump,steelAndSteelAlloys,Ag,e-m,0.581,%,1
OBS,2020,EU27+4,WEEE_generatedDedicated,WEEE_Cat3,pump,steelAndSteelAlloys,Cu,e-m,0.18,%,1
OBS,2020,EU27+4,WEEE_generatedDedicated,WEEE_Cat3,pump,steelAndSteelAlloys,Ga,e-m,0.725,%,1
OBS,2020,EU27+4,WEEE_generatedDedicated,WEEE_Cat3,pump,steelAndSteelAlloys,Mo,e-m,0.01,%,1
OBS,2020,EU27+4,WEEE_generatedDedicated,WEEE_Cat3,pump,steelAndSteelAlloys,O,e-m,0.08,%,1
OBS,2020,EU27+4,WEEE_generatedDedicated,WEEE_Cat3,pump,steelAndSteelAlloys,Sm,e-m,0.005,%,1
OBS,2020,EU27+4,WEEE_generatedDedicated,WEEE_Cat3,pump,steelAndSteelAlloys,n/a,m-c,0.581,%,1
OBS,2020,EU27+4,WEEE_generatedDedicated,WEEE_Cat3,refrigerant,n/a,n/a,c-p,0.0089,%,1
OBS,2020,EU27+4,WEEE_generatedDedicated,WEEE_Cat3,refrigerant,otherOrUndefinedMaterials,Ag,e-m,1,%,1
OBS,2020,EU27+4,WEEE_generatedDedicated,WEEE_Cat3,refrigerant,otherOrUndefinedMaterials,n/a,m-c,1,%,1
OBS,2020,EU27+4,WEEE_generatedDedicated,WEEE_Cat3,remoteControl,AlAndAlAlloys,Ag,e-m,0.00684,%,2
OBS,2020,EU27+4,WEEE_generatedDedicated,WEEE_Cat3,remoteControl,AlAndAlAlloys,As,e-m,0.97,%,2
OBS,2020,EU27+4,WEEE_generatedDedicated,WEEE_Cat3,remoteControl,AlAndAlAlloys,Cu,e-m,0.002,%,2
OBS,2020,EU27+4,WEEE_generatedDedicated,WEEE_Cat3,remoteControl,AlAndAlAlloys,Ga,e-m,0.001,%,2
OBS,2020,EU27+4,WEEE_generatedDedicated,WEEE_Cat3,remoteControl,AlAndAlAlloys,Mn,e-m,0.0248,%,2
OBS,2020,EU27+4,WEEE_generatedDedicated,WEEE_Cat3,remoteControl,AlAndAlAlloys,Mo,e-m,0.002,%,2
OBS,2020,EU27+4,WEEE_generatedDedicated,WEEE_Cat3,remoteControl,AlAndAlAlloys,Sm,e-m,0.0003,%,2
OBS,2020,EU27+4,WEEE_generatedDedicated,WEEE_Cat3,remoteControl,AlAndAlAlloys,n/a,m-c,0.0068,%,2
OBS,2020,EU27+4,WEEE_generatedDedicated,WEEE_Cat3,remoteControl,CuAndCuAlloys,Ag,e-m,0.00964,%,2
OBS,2020,EU27+4,WEEE_generatedDedicated,WEEE_Cat3,remoteControl,CuAndCuAlloys,Dy,e-m,0.75,%,2
OBS,2020,EU27+4,WEEE_generatedDedicated,WEEE_Cat3,remoteControl,CuAndCuAlloys,Zr,e-m,0.25,%,2
OBS,2020,EU27+4,WEEE_generatedDedicated,WEEE_Cat3,remoteControl,CuAndCuAlloys,n/a,m-c,0.00956,%,2
OBS,2020,EU27+4,WEEE_generatedDedicated,WEEE_Cat3,remoteControl,ferrousMetals,Ag,e-m,0.0506,%,2
OBS,2020,EU27+4,WEEE_generatedDedicated,WEEE_Cat3,remoteControl,ferrousMetals,Cu,e-m,0.18,%,2
OBS,2020,EU27+4,WEEE_generatedDedicated,WEEE_Cat3,remoteControl,ferrousMetals,Ga,e-m,0.725,%,2
OBS,2020,EU27+4,WEEE_generatedDedicated,WEEE_Cat3,remoteControl,ferrousMetals,Mo,e-m,0.01,%,2
OBS,2020,EU27+4,WEEE_generatedDedicated,WEEE_Cat3,remoteControl,ferrousMetals,O,e-m,0.08,%,2
OBS,2020,EU27+4,WEEE_generatedDedicated,WEEE_Cat3,remoteControl,ferrousMetals,Sm,e-m,0.005,%,2
OBS,2020,EU27+4,WEEE_generatedDedicated,WEEE_Cat3,remoteControl,ferrousMetals,n/a,m-c,0.0503,%,2
OBS,2020,EU27+4,WEEE_generatedDedicated,WEEE_Cat3,remoteControl,n/a,n/a,c-p,0.0016,%,1
OBS,2020,EU27+4,WEEE_generatedDedicated,WEEE_Cat3,remoteControl,otherOrUndefinedMaterials,Ag,e-m,1,%,1
OBS,2020,EU27+4,WEEE_generatedDedicated,WEEE_Cat3,remoteControl,otherOrUndefinedMaterials,n/a,m-c,1,%,1
OBS,2020,EU27+4,WEEE_generatedDedicated,WEEE_Cat3,remoteControl,plastics,Ag,e-m,0.583,%,2
OBS,2020,EU27+4,WEEE_generatedDedicated,WEEE_Cat3,remoteControl,plastics,n/a,m-c,0.583,%,2
OBS,2020,EU27+4,WEEE_generatedDedicated,WEEE_Cat3,remoteControl,undefinedAndMixedMaterials,Ag,e-m,0.000907,%,2
OBS,2020,EU27+4,WEEE_generatedDedicated,WEEE_Cat3,remoteControl,undefinedAndMixedMaterials,n/a,m-c,0.000899,%,2
OBS,2020,EU27+4,WEEE_generatedDedicated,WEEE_Cat3,resistor,n/a,n/a,c-p,0.000847,%,1
OBS,2020,EU27+4,WEEE_generatedDedicated,WEEE_Cat3,rotor,ferrousMetals,Ag,e-m,0.0325,%,1
OBS,2020,EU27+4,WEEE_generatedDedicated,WEEE_Cat3,rotor,ferrousMetals,Cu,e-m,0.18,%,1
OBS,2020,EU27+4,WEEE_generatedDedicated,WEEE_Cat3,rotor,ferrousMetals,Ga,e-m,0.725,%,1
OBS,2020,EU27+4,WEEE_generatedDedicated,WEEE_Cat3,rotor,ferrousMetals,Mo,e-m,0.01,%,1
OBS,2020,EU27+4,WEEE_generatedDedicated,WEEE_Cat3,rotor,ferrousMetals,O,e-m,0.08,%,1
OBS,2020,EU27+4,WEEE_generatedDedicated,WEEE_Cat3,rotor,ferrousMetals,Sm,e-m,0.005,%,1
OBS,2020,EU27+4,WEEE_generatedDedicated,WEEE_Cat3,rotor,ferrousMetals,n/a,m-c,0.032,%,1
OBS,2020,EU27+4,WEEE_generatedDedicated,WEEE_Cat3,rotor,n/a,n/a,c-p,0.00184,%,1
OBS,2020,EU27+4,WEEE_generatedDedicated,WEEE_Cat3,rotor,plastics,Ag,e-m,0.984,%,1
OBS,2020,EU27+4,WEEE_generatedDedicated,WEEE_Cat3,rotor,plastics,n/a,m-c,0.804,%,1
OBS,2020,EU27+4,WEEE_generatedDedicated,WEEE_Cat3,screw,CuAndCuAlloys,Ag,e-m,1,%,1
OBS,2020,EU27+4,WEEE_generatedDedicated,WEEE_Cat3,screw,CuAndCuAlloys,Dy,e-m,0.75,%,1
OBS,2020,EU27+4,WEEE_generatedDedicated,WEEE_Cat3,screw,CuAndCuAlloys,Zr,e-m,0.25,%,1
OBS,2020,EU27+4,WEEE_generatedDedicated,WEEE_Cat3,screw,CuAndCuAlloys,n/a,m-c,0.5,%,1
OBS,2020,EU27+4,WEEE_generatedDedicated,WEEE_Cat3,screw,ferrousMetals,Ag,e-m,1,%,1
OBS,2020,EU27+4,WEEE_generatedDedicated,WEEE_Cat3,screw,ferrousMetals,Ca,e-m,0.033,%,1
OBS,2020,EU27+4,WEEE_generatedDedicated,WEEE_Cat3,screw,ferrousMetals,Ga,e-m,0.938,%,1
OBS,2020,EU27+4,WEEE_generatedDedicated,WEEE_Cat3,screw,ferrousMetals,Mo,e-m,0.0075,%,1
OBS,2020,EU27+4,WEEE_generatedDedicated,WEEE_Cat3,screw,ferrousMetals,Sm,e-m,0.022,%,1
OBS,2020,EU27+4,WEEE_generatedDedicated,WEEE_Cat3,screw,ferrousMetals,n/a,m-c,0.5,%,1
OBS,2020,EU27+4,WEEE_generatedDedicated,WEEE_Cat3,screw,n/a,n/a,c-p,0.00049,%,1
OBS,2020,EU27+4,WEEE_generatedDedicated,WEEE_Cat3,sensorUnspecified,ferrousMetals,n/a,m-c,0.109,%,2
OBS,2020,EU27+4,WEEE_generatedDedicated,WEEE_Cat3,sensorUnspecified,n/a,n/a,c-p,0.000116,%,1
OBS,2020,EU27+4,WEEE_generatedDedicated,WEEE_Cat3,sensorUnspecified,plastics,n/a,m-c,0.891,%,2
OBS,2020,EU27+4,WEEE_generatedDedicated,WEEE_Cat3,shadowComponentWEEE,CuAndCuAlloys,Ag,e-m,0.0011,%,1
OBS,2020,EU27+4,WEEE_generatedDedicated,WEEE_Cat3,shadowComponentWEEE,CuAndCuAlloys,As,e-m,0.233,%,1
OBS,2020,EU27+4,WEEE_generatedDedicated,WEEE_Cat3,shadowComponentWEEE,CuAndCuAlloys,Cu,e-m,0.000481,%,1
OBS,2020,EU27+4,WEEE_generatedDedicated,WEEE_Cat3,shadowComponentWEEE,CuAndCuAlloys,Dy,e-m,0.375,%,1
OBS,2020,EU27+4,WEEE_generatedDedicated,WEEE_Cat3,shadowComponentWEEE,CuAndCuAlloys,Ga,e-m,0.000241,%,1
OBS,2020,EU27+4,WEEE_generatedDedicated,WEEE_Cat3,shadowComponentWEEE,CuAndCuAlloys,Mn,e-m,0.00597,%,1
OBS,2020,EU27+4,WEEE_generatedDedicated,WEEE_Cat3,shadowComponentWEEE,CuAndCuAlloys,Mo,e-m,0.000481,%,1
OBS,2020,EU27+4,WEEE_generatedDedicated,WEEE_Cat3,shadowComponentWEEE,CuAndCuAlloys,Sm,e-m,0.0000722,%,1
OBS,2020,EU27+4,WEEE_generatedDedicated,WEEE_Cat3,shadowComponentWEEE,CuAndCuAlloys,Sr,e-m,0.12,%,1
OBS,2020,EU27+4,WEEE_generatedDedicated,WEEE_Cat3,shadowComponentWEEE,CuAndCuAlloys,Zr,e-m,0.125,%,1
OBS,2020,EU27+4,WEEE_generatedDedicated,WEEE_Cat3,shadowComponentWEEE,CuAndCuAlloys,n/a,m-c,0.000675,%,1
OBS,2020,EU27+4,WEEE_generatedDedicated,WEEE_Cat3,shadowComponentWEEE,bitumen,Ag,e-m,0.0218,%,1
OBS,2020,EU27+4,WEEE_generatedDedicated,WEEE_Cat3,shadowComponentWEEE,bitumen,n/a,m-c,0.0141,%,1
OBS,2020,EU27+4,WEEE_generatedDedicated,WEEE_Cat3,shadowComponentWEEE,ceramicComposites,Ag,e-m,0.00843,%,1
OBS,2020,EU27+4,WEEE_generatedDedicated,WEEE_Cat3,shadowComponentWEEE,ceramicComposites,n/a,m-c,0.00769,%,1
OBS,2020,EU27+4,WEEE_generatedDedicated,WEEE_Cat3,shadowComponentWEEE,concrete,Ag,e-m,0.474,%,1
OBS,2020,EU27+4,WEEE_generatedDedicated,WEEE_Cat3,shadowComponentWEEE,concrete,n/a,m-c,0.308,%,1
OBS,2020,EU27+4,WEEE_generatedDedicated,WEEE_Cat3,shadowComponentWEEE,glass,Ag,e-m,0.0011,%,1
OBS,2020,EU27+4,WEEE_generatedDedicated,WEEE_Cat3,shadowComponentWEEE,glass,Pd,e-m,0.265,%,1
OBS,2020,EU27+4,WEEE_generatedDedicated,WEEE_Cat3,shadowComponentWEEE,glass,Sc,e-m,0.00196,%,1
OBS,2020,EU27+4,WEEE_generatedDedicated,WEEE_Cat3,shadowComponentWEEE,glass,Zr,e-m,0.000708,%,1
OBS,2020,EU27+4,WEEE_generatedDedicated,WEEE_Cat3,shadowComponentWEEE,glass,n/a,m-c,0.000675,%,1
OBS,2020,EU27+4,WEEE_generatedDedicated,WEEE_Cat3,shadowComponentWEEE,ironWroughtAndCast,Ag,e-m,0.027,%,1
OBS,2020,EU27+4,WEEE_generatedDedicated,WEEE_Cat3,shadowComponentWEEE,ironWroughtAndCast,Ca,e-m,0.033,%,1
OBS,2020,EU27+4,WEEE_generatedDedicated,WEEE_Cat3,shadowComponentWEEE,ironWroughtAndCast,Ga,e-m,0.938,%,1
OBS,2020,EU27+4,WEEE_generatedDedicated,WEEE_Cat3,shadowComponentWEEE,ironWroughtAndCast,Mo,e-m,0.0075,%,1
OBS,2020,EU27+4,WEEE_generatedDedicated,WEEE_Cat3,shadowComponentWEEE,ironWroughtAndCast,Sm,e-m,0.022,%,1
OBS,2020,EU27+4,WEEE_generatedDedicated,WEEE_Cat3,shadowComponentWEEE,ironWroughtAndCast,n/a,m-c,0.027,%,1
OBS,2020,EU27+4,WEEE_generatedDedicated,WEEE_Cat3,shadowComponentWEEE,n/a,n/a,c-p,0.001,%,1
OBS,2020,EU27+4,WEEE_generatedDedicated,WEEE_Cat3,shadowComponentWEEE,oil4,Ag,e-m,0.00329,%,1
OBS,2020,EU27+4,WEEE_generatedDedicated,WEEE_Cat3,shadowComponentWEEE,oil4,n/a,m-c,0.00293,%,1
OBS,2020,EU27+4,WEEE_generatedDedicated,WEEE_Cat3,shadowComponentWEEE,otherMetalsAndMetalAlloys,Ag,e-m,0.0011,%,1
OBS,2020,EU27+4,WEEE_generatedDedicated,WEEE_Cat3,shadowComponentWEEE,otherMetalsAndMetalAlloys,Al,e-m,0.517,%,1
OBS,2020,EU27+4,WEEE_generatedDedicated,WEEE_Cat3,shadowComponentWEEE,otherMetalsAndMetalAlloys,As,e-m,0.00413,%,1
OBS,2020,EU27+4,WEEE_generatedDedicated,WEEE_Cat3,shadowComponentWEEE,otherMetalsAndMetalAlloys,Bi,e-m,0.000000741,%,1
OBS,2020,EU27+4,WEEE_generatedDedicated,WEEE_Cat3,shadowComponentWEEE,otherMetalsAndMetalAlloys,Ca,e-m,0.000111,%,1
OBS,2020,EU27+4,WEEE_generatedDedicated,WEEE_Cat3,shadowComponentWEEE,otherMetalsAndMetalAlloys,Cl,e-m,0.000222,%,1
OBS,2020,EU27+4,WEEE_generatedDedicated,WEEE_Cat3,shadowComponentWEEE,otherMetalsAndMetalAlloys,Dy,e-m,0.0576,%,1
OBS,2020,EU27+4,WEEE_generatedDedicated,WEEE_Cat3,shadowComponentWEEE,otherMetalsAndMetalAlloys,Ga,e-m,0.000007,%,1
OBS,2020,EU27+4,WEEE_generatedDedicated,WEEE_Cat3,shadowComponentWEEE,otherMetalsAndMetalAlloys,Mn,e-m,0.0336,%,1
OBS,2020,EU27+4,WEEE_generatedDedicated,WEEE_Cat3,shadowComponentWEEE,otherMetalsAndMetalAlloys,Mo,e-m,0.00011,%,1
OBS,2020,EU27+4,WEEE_generatedDedicated,WEEE_Cat3,shadowComponentWEEE,otherMetalsAndMetalAlloys,O,e-m,0.11,%,1
OBS,2020,EU27+4,WEEE_generatedDedicated,WEEE_Cat3,shadowComponentWEEE,otherMetalsAndMetalAlloys,Sm,e-m,0.0000175,%,1
OBS,2020,EU27+4,WEEE_generatedDedicated,WEEE_Cat3,shadowComponentWEEE,otherMetalsAndMetalAlloys,Zr,e-m,0.000315,%,1
OBS,2020,EU27+4,WEEE_generatedDedicated,WEEE_Cat3,shadowComponentWEEE,otherMetalsAndMetalAlloys,n/a,m-c,0.000675,%,1
OBS,2020,EU27+4,WEEE_generatedDedicated,WEEE_Cat3,shadowComponentWEEE,otherOrUndefinedMaterials,Ag,e-m,0.000548,%,1
OBS,2020,EU27+4,WEEE_generatedDedicated,WEEE_Cat3,shadowComponentWEEE,otherOrUndefinedMaterials,n/a,m-c,0.000488,%,1
OBS,2020,EU27+4,WEEE_generatedDedicated,WEEE_Cat3,shadowComponentWEEE,otherOrganics,Ag,e-m,0.011,%,1
OBS,2020,EU27+4,WEEE_generatedDedicated,WEEE_Cat3,shadowComponentWEEE,otherOrganics,n/a,m-c,0.00905,%,1
OBS,2020,EU27+4,WEEE_generatedDedicated,WEEE_Cat3,shadowComponentWEEE,plasticComposites,Ag,e-m,0.0034,%,1
OBS,2020,EU27+4,WEEE_generatedDedicated,WEEE_Cat3,shadowComponentWEEE,plasticComposites,n/a,m-c,0.00311,%,1
OBS,2020,EU27+4,WEEE_generatedDedicated,WEEE_Cat3,shadowComponentWEEE,plastics,Ag,e-m,0.0179,%,1
OBS,2020,EU27+4,WEEE_generatedDedicated,WEEE_Cat3,shadowComponentWEEE,plastics,n/a,m-c,0.011,%,1
OBS,2020,EU27+4,WEEE_generatedDedicated,WEEE_Cat3,shadowComponentWEEE,reinforcedPlastics,Ag,e-m,0.00849,%,1
OBS,2020,EU27+4,WEEE_generatedDedicated,WEEE_Cat3,shadowComponentWEEE,reinforcedPlastics,n/a,m-c,0.00551,%,1
OBS,2020,EU27+4,WEEE_generatedDedicated,WEEE_Cat3,shadowComponentWEEE,sand,Ag,e-m,0.0103,%,1
OBS,2020,EU27+4,WEEE_generatedDedicated,WEEE_Cat3,shadowComponentWEEE,sand,Pd,e-m,0.265,%,1
OBS,2020,EU27+4,WEEE_generatedDedicated,WEEE_Cat3,shadowComponentWEEE,sand,Sc,e-m,0.00196,%,1
OBS,2020,EU27+4,WEEE_generatedDedicated,WEEE_Cat3,shadowComponentWEEE,sand,Zr,e-m,0.000708,%,1
OBS,2020,EU27+4,WEEE_generatedDedicated,WEEE_Cat3,shadowComponentWEEE,sand,n/a,m-c,0.00665,%,1
OBS,2020,EU27+4,WEEE_generatedDedicated,WEEE_Cat3,shadowComponentWEEE,steelAndSteelAlloys,Ag,e-m,0.0952,%,1
OBS,2020,EU27+4,WEEE_generatedDedicated,WEEE_Cat3,shadowComponentWEEE,steelAndSteelAlloys,Cu,e-m,0.09,%,1
OBS,2020,EU27+4,WEEE_generatedDedicated,WEEE_Cat3,shadowComponentWEEE,steelAndSteelAlloys,Ga,e-m,0.725,%,1
OBS,2020,EU27+4,WEEE_generatedDedicated,WEEE_Cat3,shadowComponentWEEE,steelAndSteelAlloys,Mo,e-m,0.01,%,1
OBS,2020,EU27+4,WEEE_generatedDedicated,WEEE_Cat3,shadowComponentWEEE,steelAndSteelAlloys,O,e-m,0.04,%,1
OBS,2020,EU27+4,WEEE_generatedDedicated,WEEE_Cat3,shadowComponentWEEE,steelAndSteelAlloys,Sm,e-m,0.003,%,1
OBS,2020,EU27+4,WEEE_generatedDedicated,WEEE_Cat3,shadowComponentWEEE,steelAndSteelAlloys,n/a,m-c,0.0735,%,1
OBS,2020,EU27+4,WEEE_generatedDedicated,WEEE_Cat3,solenoidValve,n/a,n/a,c-p,0.0016,%,1
OBS,2020,EU27+4,WEEE_generatedDedicated,WEEE_Cat3,speakerEEE2,AlAndAlAlloys,Ag,e-m,0.0405,%,2
OBS,2020,EU27+4,WEEE_generatedDedicated,WEEE_Cat3,speakerEEE2,AlAndAlAlloys,As,e-m,0.97,%,2
OBS,2020,EU27+4,WEEE_generatedDedicated,WEEE_Cat3,speakerEEE2,AlAndAlAlloys,Cu,e-m,0.002,%,2
OBS,2020,EU27+4,WEEE_generatedDedicated,WEEE_Cat3,speakerEEE2,AlAndAlAlloys,Ga,e-m,0.001,%,2
OBS,2020,EU27+4,WEEE_generatedDedicated,WEEE_Cat3,speakerEEE2,AlAndAlAlloys,Mn,e-m,0.0248,%,2
OBS,2020,EU27+4,WEEE_generatedDedicated,WEEE_Cat3,speakerEEE2,AlAndAlAlloys,Mo,e-m,0.002,%,2
OBS,2020,EU27+4,WEEE_generatedDedicated,WEEE_Cat3,speakerEEE2,AlAndAlAlloys,Sm,e-m,0.0003,%,2
OBS,2020,EU27+4,WEEE_generatedDedicated,WEEE_Cat3,speakerEEE2,AlAndAlAlloys,n/a,m-c,0.0437,%,2
OBS,2020,EU27+4,WEEE_generatedDedicated,WEEE_Cat3,speakerEEE2,CuAndCuAlloys,Ag,e-m,0.00833,%,2
OBS,2020,EU27+4,WEEE_generatedDedicated,WEEE_Cat3,speakerEEE2,CuAndCuAlloys,Dy,e-m,0.75,%,2
OBS,2020,EU27+4,WEEE_generatedDedicated,WEEE_Cat3,speakerEEE2,CuAndCuAlloys,Zr,e-m,0.25,%,2
OBS,2020,EU27+4,WEEE_generatedDedicated,WEEE_Cat3,speakerEEE2,CuAndCuAlloys,n/a,m-c,0.00898,%,2
OBS,2020,EU27+4,WEEE_generatedDedicated,WEEE_Cat3,speakerEEE2,ferrousMetals,Ag,e-m,0.0347,%,2
OBS,2020,EU27+4,WEEE_generatedDedicated,WEEE_Cat3,speakerEEE2,ferrousMetals,Cu,e-m,0.18,%,2
OBS,2020,EU27+4,WEEE_generatedDedicated,WEEE_Cat3,speakerEEE2,ferrousMetals,Ga,e-m,0.725,%,2
OBS,2020,EU27+4,WEEE_generatedDedicated,WEEE_Cat3,speakerEEE2,ferrousMetals,Mo,e-m,0.01,%,2
OBS,2020,EU27+4,WEEE_generatedDedicated,WEEE_Cat3,speakerEEE2,ferrousMetals,O,e-m,0.08,%,2
OBS,2020,EU27+4,WEEE_generatedDedicated,WEEE_Cat3,speakerEEE2,ferrousMetals,Sm,e-m,0.005,%,2
OBS,2020,EU27+4,WEEE_generatedDedicated,WEEE_Cat3,speakerEEE2,ferrousMetals,n/a,m-c,0.0341,%,2
OBS,2020,EU27+4,WEEE_generatedDedicated,WEEE_Cat3,speakerEEE2,n/a,n/a,c-p,0.000478,%,1
OBS,2020,EU27+4,WEEE_generatedDedicated,WEEE_Cat3,speakerEEE2,otherMetalsAndMetalAlloys,Ag,e-m,0.0875,%,2
OBS,2020,EU27+4,WEEE_generatedDedicated,WEEE_Cat3,speakerEEE2,otherMetalsAndMetalAlloys,Al,e-m,0.9,%,2
OBS,2020,EU27+4,WEEE_generatedDedicated,WEEE_Cat3,speakerEEE2,otherMetalsAndMetalAlloys,Dy,e-m,0.1,%,2
OBS,2020,EU27+4,WEEE_generatedDedicated,WEEE_Cat3,speakerEEE2,otherMetalsAndMetalAlloys,n/a,m-c,0.0583,%,2
OBS,2020,EU27+4,WEEE_generatedDedicated,WEEE_Cat3,speakerEEE2,plastics,Ag,e-m,0.179,%,2
OBS,2020,EU27+4,WEEE_generatedDedicated,WEEE_Cat3,speakerEEE2,plastics,n/a,m-c,0.179,%,2
OBS,2020,EU27+4,WEEE_generatedDedicated,WEEE_Cat3,speakerEEE2,undefinedAndMixedMaterials,Ag,e-m,0.0127,%,2
OBS,2020,EU27+4,WEEE_generatedDedicated,WEEE_Cat3,speakerEEE2,undefinedAndMixedMaterials,n/a,m-c,0.0127,%,2
OBS,2020,EU27+4,WEEE_generatedDedicated,WEEE_Cat3,switch,n/a,n/a,c-p,0.0000955,%,1
OBS,2020,EU27+4,WEEE_generatedDedicated,WEEE_Cat3,tonerCartridge,n/a,n/a,c-p,0.0266,%,1
OBS,2020,EU27+4,WEEE_generatedDedicated,WEEE_Cat3,transformator,CuAndCuAlloys,Ag,e-m,0.422,%,2
OBS,2020,EU27+4,WEEE_generatedDedicated,WEEE_Cat3,transformator,CuAndCuAlloys,Dy,e-m,0.75,%,2
OBS,2020,EU27+4,WEEE_generatedDedicated,WEEE_Cat3,transformator,CuAndCuAlloys,Zr,e-m,0.25,%,2
OBS,2020,EU27+4,WEEE_generatedDedicated,WEEE_Cat3,transformator,CuAndCuAlloys,n/a,m-c,0.5,%,2
OBS,2020,EU27+4,WEEE_generatedDedicated,WEEE_Cat3,transformator,ferrousMetals,Ag,e-m,0.422,%,2
OBS,2020,EU27+4,WEEE_generatedDedicated,WEEE_Cat3,transformator,ferrousMetals,Cu,e-m,0.18,%,2
OBS,2020,EU27+4,WEEE_generatedDedicated,WEEE_Cat3,transformator,ferrousMetals,Ga,e-m,0.725,%,2
OBS,2020,EU27+4,WEEE_generatedDedicated,WEEE_Cat3,transformator,ferrousMetals,Mo,e-m,0.01,%,2
OBS,2020,EU27+4,WEEE_generatedDedicated,WEEE_Cat3,transformator,ferrousMetals,O,e-m,0.08,%,2
OBS,2020,EU27+4,WEEE_generatedDedicated,WEEE_Cat3,transformator,ferrousMetals,Sm,e-m,0.005,%,2
OBS,2020,EU27+4,WEEE_generatedDedicated,WEEE_Cat3,transformator,ferrousMetals,n/a,m-c,0.5,%,2
OBS,2020,EU27+4,WEEE_generatedDedicated,WEEE_Cat3,transformator,n/a,n/a,c-p,0.00201,%,1
OBS,2020,EU27+4,WEEE_generatedDedicated,WEEE_Cat3,transmission,AlAndAlAlloys,n/a,m-c,0.5,%,1
OBS,2020,EU27+4,WEEE_generatedDedicated,WEEE_Cat3,transmission,ferrousMetals,Ag,e-m,0.714,%,1
OBS,2020,EU27+4,WEEE_generatedDedicated,WEEE_Cat3,transmission,ferrousMetals,Cu,e-m,0.18,%,1
OBS,2020,EU27+4,WEEE_generatedDedicated,WEEE_Cat3,transmission,ferrousMetals,Ga,e-m,0.725,%,1
OBS,2020,EU27+4,WEEE_generatedDedicated,WEEE_Cat3,transmission,ferrousMetals,Mo,e-m,0.01,%,1
OBS,2020,EU27+4,WEEE_generatedDedicated,WEEE_Cat3,transmission,ferrousMetals,O,e-m,0.08,%,1
OBS,2020,EU27+4,WEEE_generatedDedicated,WEEE_Cat3,transmission,ferrousMetals,Sm,e-m,0.005,%,1
OBS,2020,EU27+4,WEEE_generatedDedicated,WEEE_Cat3,transmission,ferrousMetals,n/a,m-c,0.444,%,1
OBS,2020,EU27+4,WEEE_generatedDedicated,WEEE_Cat3,transmission,n/a,n/a,c-p,0.00692,%,1
OBS,2020,EU27+4,WEEE_generatedDedicated,WEEE_Cat3,transmission,plastics,Ag,e-m,0.286,%,1
OBS,2020,EU27+4,WEEE_generatedDedicated,WEEE_Cat3,transmission,plastics,n/a,m-c,0.0563,%,1
OBS,2020,EU27+4,WEEE_generatedDedicated,WEEE_Cat3,transmitter,CuAndCuAlloys,Ag,e-m,0.0625,%,1
OBS,2020,EU27+4,WEEE_generatedDedicated,WEEE_Cat3,transmitter,CuAndCuAlloys,Dy,e-m,0.75,%,1
OBS,2020,EU27+4,WEEE_generatedDedicated,WEEE_Cat3,transmitter,CuAndCuAlloys,Zr,e-m,0.25,%,1
OBS,2020,EU27+4,WEEE_generatedDedicated,WEEE_Cat3,transmitter,CuAndCuAlloys,n/a,m-c,0.0625,%,1
OBS,2020,EU27+4,WEEE_generatedDedicated,WEEE_Cat3,transmitter,ferrousMetals,Ag,e-m,0.25,%,1
OBS,2020,EU27+4,WEEE_generatedDedicated,WEEE_Cat3,transmitter,ferrousMetals,Ca,e-m,0.033,%,1
OBS,2020,EU27+4,WEEE_generatedDedicated,WEEE_Cat3,transmitter,ferrousMetals,Ga,e-m,0.938,%,1
OBS,2020,EU27+4,WEEE_generatedDedicated,WEEE_Cat3,transmitter,ferrousMetals,Mo,e-m,0.0075,%,1
OBS,2020,EU27+4,WEEE_generatedDedicated,WEEE_Cat3,transmitter,ferrousMetals,Sm,e-m,0.022,%,1
OBS,2020,EU27+4,WEEE_generatedDedicated,WEEE_Cat3,transmitter,ferrousMetals,n/a,m-c,0.25,%,1
OBS,2020,EU27+4,WEEE_generatedDedicated,WEEE_Cat3,transmitter,n/a,n/a,c-p,0.000277,%,1
OBS,2020,EU27+4,WEEE_generatedDedicated,WEEE_Cat3,transmitter,plastics,Ag,e-m,0.313,%,1
OBS,2020,EU27+4,WEEE_generatedDedicated,WEEE_Cat3,transmitter,plastics,n/a,m-c,0.313,%,1
OBS,2020,EU27+4,WEEE_generatedDedicated,WEEE_Cat3,wheel,ferrousMetals,Ag,e-m,0.287,%,1
OBS,2020,EU27+4,WEEE_generatedDedicated,WEEE_Cat3,wheel,ferrousMetals,Cu,e-m,0.18,%,1
OBS,2020,EU27+4,WEEE_generatedDedicated,WEEE_Cat3,wheel,ferrousMetals,Ga,e-m,0.725,%,1
OBS,2020,EU27+4,WEEE_generatedDedicated,WEEE_Cat3,wheel,ferrousMetals,Mo,e-m,0.01,%,1
OBS,2020,EU27+4,WEEE_generatedDedicated,WEEE_Cat3,wheel,ferrousMetals,O,e-m,0.08,%,1
OBS,2020,EU27+4,WEEE_generatedDedicated,WEEE_Cat3,wheel,ferrousMetals,Sm,e-m,0.005,%,1
OBS,2020,EU27+4,WEEE_generatedDedicated,WEEE_Cat3,wheel,ferrousMetals,n/a,m-c,0.126,%,1
OBS,2020,EU27+4,WEEE_generatedDedicated,WEEE_Cat3,wheel,n/a,n/a,c-p,0.00919,%,1
OBS,2020,EU27+4,WEEE_generatedDedicated,WEEE_Cat3,wheel,plastics,Ag,e-m,0.278,%,1
OBS,2020,EU27+4,WEEE_generatedDedicated,WEEE_Cat3,wheel,plastics,n/a,m-c,0.151,%,1
OBS,2020,EU27+4,WEEE_generatedDedicated,WEEE_Cat3,wheel,polymerPA6GF30,Ag,e-m,0.546,%,1
OBS,2020,EU27+4,WEEE_generatedDedicated,WEEE_Cat3,wheel,polymerPA6GF30,n/a,m-c,0.298,%,1
OBS,2020,EU27+4,WEEE_generatedDedicated,WEEE_Cat3,wheel,polymerPPTF20,Ag,e-m,0.546,%,1
OBS,2020,EU27+4,WEEE_generatedDedicated,WEEE_Cat3,wheel,polymerPPTF20,n/a,m-c,0.298,%,1
OBS,2020,EU27+4,WEEE_generatedDedicated,WEEE_Cat3,wheel,polymerPPTF30,Ag,e-m,0.177,%,1
OBS,2020,EU27+4,WEEE_generatedDedicated,WEEE_Cat3,wheel,polymerPPTF30,n/a,m-c,0.0963,%,1
OBS,2020,EU27+4,WEEE_generatedDedicated,WEEE_Cat4a,ComponentShadowWEEE,AlAndAlAlloys,Ag,e-m,0.000522,%,2
OBS,2020,EU27+4,WEEE_generatedDedicated,WEEE_Cat4a,ComponentShadowWEEE,AlAndAlAlloys,As,e-m,0.97,%,2
OBS,2020,EU27+4,WEEE_generatedDedicated,WEEE_Cat4a,ComponentShadowWEEE,AlAndAlAlloys,Cu,e-m,0.002,%,2
OBS,2020,EU27+4,WEEE_generatedDedicated,WEEE_Cat4a,ComponentShadowWEEE,AlAndAlAlloys,Ga,e-m,0.001,%,2
OBS,2020,EU27+4,WEEE_generatedDedicated,WEEE_Cat4a,ComponentShadowWEEE,AlAndAlAlloys,Mn,e-m,0.0248,%,2
OBS,2020,EU27+4,WEEE_generatedDedicated,WEEE_Cat4a,ComponentShadowWEEE,AlAndAlAlloys,Mo,e-m,0.002,%,2
OBS,2020,EU27+4,WEEE_generatedDedicated,WEEE_Cat4a,ComponentShadowWEEE,AlAndAlAlloys,Sm,e-m,0.0003,%,2
OBS,2020,EU27+4,WEEE_generatedDedicated,WEEE_Cat4a,ComponentShadowWEEE,AlAndAlAlloys,n/a,m-c,0.000501,%,2
OBS,2020,EU27+4,WEEE_generatedDedicated,WEEE_Cat4a,ComponentShadowWEEE,CuAndCuAlloys,Ag,e-m,0.000843,%,2
OBS,2020,EU27+4,WEEE_generatedDedicated,WEEE_Cat4a,ComponentShadowWEEE,CuAndCuAlloys,Dy,e-m,0.75,%,2
OBS,2020,EU27+4,WEEE_generatedDedicated,WEEE_Cat4a,ComponentShadowWEEE,CuAndCuAlloys,Zr,e-m,0.25,%,2
OBS,2020,EU27+4,WEEE_generatedDedicated,WEEE_Cat4a,ComponentShadowWEEE,CuAndCuAlloys,n/a,m-c,0.000444,%,2
OBS,2020,EU27+4,WEEE_generatedDedicated,WEEE_Cat4a,ComponentShadowWEEE,MaterialShadowWEEE,n/a,m-c,0.5,%,2
OBS,2020,EU27+4,WEEE_generatedDedicated,WEEE_Cat4a,ComponentShadowWEEE,aggregateBinderMixedMaterials,Ag,e-m,0.00743,%,1
OBS,2020,EU27+4,WEEE_generatedDedicated,WEEE_Cat4a,ComponentShadowWEEE,aggregateBinderMixedMaterials,n/a,m-c,0.00549,%,1
OBS,2020,EU27+4,WEEE_generatedDedicated,WEEE_Cat4a,ComponentShadowWEEE,ferrousMetals,Ag,e-m,0.0087,%,1
OBS,2020,EU27+4,WEEE_generatedDedicated,WEEE_Cat4a,ComponentShadowWEEE,ferrousMetals,Ca,e-m,0.0000373,%,1
OBS,2020,EU27+4,WEEE_generatedDedicated,WEEE_Cat4a,ComponentShadowWEEE,ferrousMetals,Cu,e-m,0.0171,%,1
OBS,2020,EU27+4,WEEE_generatedDedicated,WEEE_Cat4a,ComponentShadowWEEE,ferrousMetals,Ga,e-m,0.725,%,1
OBS,2020,EU27+4,WEEE_generatedDedicated,WEEE_Cat4a,ComponentShadowWEEE,ferrousMetals,Mo,e-m,0.0075,%,1
OBS,2020,EU27+4,WEEE_generatedDedicated,WEEE_Cat4a,ComponentShadowWEEE,ferrousMetals,O,e-m,0.00762,%,1
OBS,2020,EU27+4,WEEE_generatedDedicated,WEEE_Cat4a,ComponentShadowWEEE,ferrousMetals,Sm,e-m,0.005,%,1
OBS,2020,EU27+4,WEEE_generatedDedicated,WEEE_Cat4a,ComponentShadowWEEE,ferrousMetals,n/a,m-c,0.00171,%,1
OBS,2020,EU27+4,WEEE_generatedDedicated,WEEE_Cat4a,ComponentShadowWEEE,glass,Ag,e-m,0.00692,%,2
OBS,2020,EU27+4,WEEE_generatedDedicated,WEEE_Cat4a,ComponentShadowWEEE,glass,Pd,e-m,0.265,%,2
OBS,2020,EU27+4,WEEE_generatedDedicated,WEEE_Cat4a,ComponentShadowWEEE,glass,Sc,e-m,0.00196,%,2
OBS,2020,EU27+4,WEEE_generatedDedicated,WEEE_Cat4a,ComponentShadowWEEE,glass,Zr,e-m,0.000708,%,2
OBS,2020,EU27+4,WEEE_generatedDedicated,WEEE_Cat4a,ComponentShadowWEEE,glass,n/a,m-c,0.00702,%,2
OBS,2020,EU27+4,WEEE_generatedDedicated,WEEE_Cat4a,ComponentShadowWEEE,glassAndCeramics,Ag,e-m,0.00761,%,1
OBS,2020,EU27+4,WEEE_generatedDedicated,WEEE_Cat4a,ComponentShadowWEEE,glassAndCeramics,Pd,e-m,0.265,%,1
OBS,2020,EU27+4,WEEE_generatedDedicated,WEEE_Cat4a,ComponentShadowWEEE,glassAndCeramics,Sc,e-m,0.00196,%,1
OBS,2020,EU27+4,WEEE_generatedDedicated,WEEE_Cat4a,ComponentShadowWEEE,glassAndCeramics,Zr,e-m,0.000708,%,1
OBS,2020,EU27+4,WEEE_generatedDedicated,WEEE_Cat4a,ComponentShadowWEEE,glassAndCeramics,n/a,m-c,0.000941,%,1
OBS,2020,EU27+4,WEEE_generatedDedicated,WEEE_Cat4a,ComponentShadowWEEE,n/a,Ag,e-m,0.6,%,2
OBS,2020,EU27+4,WEEE_generatedDedicated,WEEE_Cat4a,ComponentShadowWEEE,n/a,n/a,c-p,0.148,%,1
OBS,2020,EU27+4,WEEE_generatedDedicated,WEEE_Cat4a,ComponentShadowWEEE,n/a,n/a,m-c,0.25,%,2
OBS,2020,EU27+4,WEEE_generatedDedicated,WEEE_Cat4a,ComponentShadowWEEE,non-ferrousMetals,Ag,e-m,0.00141,%,1
OBS,2020,EU27+4,WEEE_generatedDedicated,WEEE_Cat4a,ComponentShadowWEEE,non-ferrousMetals,Al,e-m,0.00724,%,1
OBS,2020,EU27+4,WEEE_generatedDedicated,WEEE_Cat4a,ComponentShadowWEEE,non-ferrousMetals,As,e-m,0.0285,%,1
OBS,2020,EU27+4,WEEE_generatedDedicated,WEEE_Cat4a,ComponentShadowWEEE,non-ferrousMetals,Ca,e-m,0.0000227,%,1
OBS,2020,EU27+4,WEEE_generatedDedicated,WEEE_Cat4a,ComponentShadowWEEE,non-ferrousMetals,Cl,e-m,0.0000455,%,1
OBS,2020,EU27+4,WEEE_generatedDedicated,WEEE_Cat4a,ComponentShadowWEEE,non-ferrousMetals,Cu,e-m,0.0000588,%,1
OBS,2020,EU27+4,WEEE_generatedDedicated,WEEE_Cat4a,ComponentShadowWEEE,non-ferrousMetals,Dy,e-m,0.0005,%,1
OBS,2020,EU27+4,WEEE_generatedDedicated,WEEE_Cat4a,ComponentShadowWEEE,non-ferrousMetals,Ga,e-m,0.0000294,%,1
OBS,2020,EU27+4,WEEE_generatedDedicated,WEEE_Cat4a,ComponentShadowWEEE,non-ferrousMetals,Mn,e-m,0.000729,%,1
OBS,2020,EU27+4,WEEE_generatedDedicated,WEEE_Cat4a,ComponentShadowWEEE,non-ferrousMetals,Mo,e-m,0.0000588,%,1
OBS,2020,EU27+4,WEEE_generatedDedicated,WEEE_Cat4a,ComponentShadowWEEE,non-ferrousMetals,O,e-m,0.0225,%,1
OBS,2020,EU27+4,WEEE_generatedDedicated,WEEE_Cat4a,ComponentShadowWEEE,non-ferrousMetals,Pd,e-m,0.00893,%,1
OBS,2020,EU27+4,WEEE_generatedDedicated,WEEE_Cat4a,ComponentShadowWEEE,non-ferrousMetals,Sm,e-m,0.00000882,%,1
OBS,2020,EU27+4,WEEE_generatedDedicated,WEEE_Cat4a,ComponentShadowWEEE,non-ferrousMetals,Sr,e-m,0.00171,%,1
OBS,2020,EU27+4,WEEE_generatedDedicated,WEEE_Cat4a,ComponentShadowWEEE,non-ferrousMetals,Zr,e-m,0.00299,%,1
OBS,2020,EU27+4,WEEE_generatedDedicated,WEEE_Cat4a,ComponentShadowWEEE,non-ferrousMetals,n/a,m-c,0.00203,%,1
OBS,2020,EU27+4,WEEE_generatedDedicated,WEEE_Cat4a,ComponentShadowWEEE,otherMetalsAndMetalAlloys,Ag,e-m,0.000479,%,2
OBS,2020,EU27+4,WEEE_generatedDedicated,WEEE_Cat4a,ComponentShadowWEEE,otherMetalsAndMetalAlloys,Al,e-m,0.9,%,2
OBS,2020,EU27+4,WEEE_generatedDedicated,WEEE_Cat4a,ComponentShadowWEEE,otherMetalsAndMetalAlloys,Dy,e-m,0.1,%,2
OBS,2020,EU27+4,WEEE_generatedDedicated,WEEE_Cat4a,ComponentShadowWEEE,otherMetalsAndMetalAlloys,n/a,m-c,0.000459,%,2
OBS,2020,EU27+4,WEEE_generatedDedicated,WEEE_Cat4a,ComponentShadowWEEE,otherMinerals,Ag,e-m,0.00387,%,1
OBS,2020,EU27+4,WEEE_generatedDedicated,WEEE_Cat4a,ComponentShadowWEEE,otherMinerals,Pd,e-m,0.265,%,1
OBS,2020,EU27+4,WEEE_generatedDedicated,WEEE_Cat4a,ComponentShadowWEEE,otherMinerals,Sc,e-m,0.00196,%,1
OBS,2020,EU27+4,WEEE_generatedDedicated,WEEE_Cat4a,ComponentShadowWEEE,otherMinerals,Zr,e-m,0.000708,%,1
OBS,2020,EU27+4,WEEE_generatedDedicated,WEEE_Cat4a,ComponentShadowWEEE,otherMinerals,n/a,m-c,0.00367,%,1
OBS,2020,EU27+4,WEEE_generatedDedicated,WEEE_Cat4a,ComponentShadowWEEE,otherOrUndefinedMaterials,Ag,e-m,0.0012,%,1
OBS,2020,EU27+4,WEEE_generatedDedicated,WEEE_Cat4a,ComponentShadowWEEE,otherOrUndefinedMaterials,n/a,m-c,0.00101,%,1
OBS,2020,EU27+4,WEEE_generatedDedicated,WEEE_Cat4a,ComponentShadowWEEE,otherOrganics,Ag,e-m,0.00116,%,1
OBS,2020,EU27+4,WEEE_generatedDedicated,WEEE_Cat4a,ComponentShadowWEEE,otherOrganics,n/a,m-c,0.000464,%,1
OBS,2020,EU27+4,WEEE_generatedDedicated,WEEE_Cat4a,ComponentShadowWEEE,plastics,Ag,e-m,0.00343,%,1
OBS,2020,EU27+4,WEEE_generatedDedicated,WEEE_Cat4a,ComponentShadowWEEE,plastics,n/a,m-c,0.00343,%,1
OBS,2020,EU27+4,WEEE_generatedDedicated,WEEE_Cat4a,ComponentShadowWEEE,undefinedAndMixedMaterials,Ag,e-m,0.00037,%,1
OBS,2020,EU27+4,WEEE_generatedDedicated,WEEE_Cat4a,ComponentShadowWEEE,undefinedAndMixedMaterials,n/a,m-c,0.00037,%,1
OBS,2020,EU27+4,WEEE_generatedDedicated,WEEE_Cat4a,ComponentShadowWEEE,wood,Ag,e-m,0.00648,%,1
OBS,2020,EU27+4,WEEE_generatedDedicated,WEEE_Cat4a,ComponentShadowWEEE,wood,n/a,m-c,0.00603,%,1
OBS,2020,EU27+4,WEEE_generatedDedicated,WEEE_Cat4a,ConductivitySensor,CuAndCuAlloys,n/a,m-c,0.087,%,1
OBS,2020,EU27+4,WEEE_generatedDedicated,WEEE_Cat4a,ConductivitySensor,ferrousMetals,n/a,m-c,0.913,%,1
OBS,2020,EU27+4,WEEE_generatedDedicated,WEEE_Cat4a,ConductivitySensor,n/a,n/a,c-p,0.000785,%,1
OBS,2020,EU27+4,WEEE_generatedDedicated,WEEE_Cat4a,LED,n/a,n/a,c-p,0.0000513,%,1
OBS,2020,EU27+4,WEEE_generatedDedicated,WEEE_Cat4a,LidarSensor (&lt;15cm),AlAndAlAlloys,Ag,e-m,0.00541,%,1
OBS,2020,EU27+4,WEEE_generatedDedicated,WEEE_Cat4a,LidarSensor (&lt;15cm),AlAndAlAlloys,As,e-m,0.97,%,1
OBS,2020,EU27+4,WEEE_generatedDedicated,WEEE_Cat4a,LidarSensor (&lt;15cm),AlAndAlAlloys,Cu,e-m,0.002,%,1
OBS,2020,EU27+4,WEEE_generatedDedicated,WEEE_Cat4a,LidarSensor (&lt;15cm),AlAndAlAlloys,Ga,e-m,0.001,%,1
OBS,2020,EU27+4,WEEE_generatedDedicated,WEEE_Cat4a,LidarSensor (&lt;15cm),AlAndAlAlloys,Mn,e-m,0.0248,%,1
OBS,2020,EU27+4,WEEE_generatedDedicated,WEEE_Cat4a,LidarSensor (&lt;15cm),AlAndAlAlloys,Mo,e-m,0.002,%,1
OBS,2020,EU27+4,WEEE_generatedDedicated,WEEE_Cat4a,LidarSensor (&lt;15cm),AlAndAlAlloys,Sm,e-m,0.0003,%,1
OBS,2020,EU27+4,WEEE_generatedDedicated,WEEE_Cat4a,LidarSensor (&lt;15cm),AlAndAlAlloys,n/a,m-c,0.00576,%,1
OBS,2020,EU27+4,WEEE_generatedDedicated,WEEE_Cat4a,LidarSensor (&lt;15cm),CuAndCuAlloys,Ag,e-m,0.0459,%,1
OBS,2020,EU27+4,WEEE_generatedDedicated,WEEE_Cat4a,LidarSensor (&lt;15cm),CuAndCuAlloys,Dy,e-m,0.75,%,1
OBS,2020,EU27+4,WEEE_generatedDedicated,WEEE_Cat4a,LidarSensor (&lt;15cm),CuAndCuAlloys,Zr,e-m,0.25,%,1
OBS,2020,EU27+4,WEEE_generatedDedicated,WEEE_Cat4a,LidarSensor (&lt;15cm),CuAndCuAlloys,n/a,m-c,0.0489,%,1
OBS,2020,EU27+4,WEEE_generatedDedicated,WEEE_Cat4a,LidarSensor (&lt;15cm),ferrousMetals,Ag,e-m,0.296,%,1
OBS,2020,EU27+4,WEEE_generatedDedicated,WEEE_Cat4a,LidarSensor (&lt;15cm),ferrousMetals,Ca,e-m,0.0159,%,1
OBS,2020,EU27+4,WEEE_generatedDedicated,WEEE_Cat4a,LidarSensor (&lt;15cm),ferrousMetals,Cu,e-m,0.0933,%,1
OBS,2020,EU27+4,WEEE_generatedDedicated,WEEE_Cat4a,LidarSensor (&lt;15cm),ferrousMetals,Ga,e-m,0.827,%,1
OBS,2020,EU27+4,WEEE_generatedDedicated,WEEE_Cat4a,LidarSensor (&lt;15cm),ferrousMetals,Mo,e-m,0.0088,%,1
OBS,2020,EU27+4,WEEE_generatedDedicated,WEEE_Cat4a,LidarSensor (&lt;15cm),ferrousMetals,O,e-m,0.0415,%,1
OBS,2020,EU27+4,WEEE_generatedDedicated,WEEE_Cat4a,LidarSensor (&lt;15cm),ferrousMetals,Sm,e-m,0.0132,%,1
OBS,2020,EU27+4,WEEE_generatedDedicated,WEEE_Cat4a,LidarSensor (&lt;15cm),ferrousMetals,n/a,m-c,0.315,%,1
OBS,2020,EU27+4,WEEE_generatedDedicated,WEEE_Cat4a,LidarSensor (&lt;15cm),glass,Ag,e-m,0.0108,%,1
OBS,2020,EU27+4,WEEE_generatedDedicated,WEEE_Cat4a,LidarSensor (&lt;15cm),glass,Pd,e-m,0.265,%,1
OBS,2020,EU27+4,WEEE_generatedDedicated,WEEE_Cat4a,LidarSensor (&lt;15cm),glass,Sc,e-m,0.00196,%,1
OBS,2020,EU27+4,WEEE_generatedDedicated,WEEE_Cat4a,LidarSensor (&lt;15cm),glass,Zr,e-m,0.000708,%,1
OBS,2020,EU27+4,WEEE_generatedDedicated,WEEE_Cat4a,LidarSensor (&lt;15cm),glass,n/a,m-c,0.0115,%,1
OBS,2020,EU27+4,WEEE_generatedDedicated,WEEE_Cat4a,LidarSensor (&lt;15cm),n/a,n/a,c-p,0.265,%,1
OBS,2020,EU27+4,WEEE_generatedDedicated,WEEE_Cat4a,LidarSensor (&lt;15cm),plastics,Ag,e-m,0.493,%,1
OBS,2020,EU27+4,WEEE_generatedDedicated,WEEE_Cat4a,LidarSensor (&lt;15cm),plastics,n/a,m-c,0.525,%,1
OBS,2020,EU27+4,WEEE_generatedDedicated,WEEE_Cat4a,MagnetSensor,CuAndCuAlloys,Ag,e-m,0.109,%,1
OBS,2020,EU27+4,WEEE_generatedDedicated,WEEE_Cat4a,MagnetSensor,CuAndCuAlloys,Dy,e-m,0.75,%,1
OBS,2020,EU27+4,WEEE_generatedDedicated,WEEE_Cat4a,MagnetSensor,CuAndCuAlloys,Zr,e-m,0.25,%,1
OBS,2020,EU27+4,WEEE_generatedDedicated,WEEE_Cat4a,MagnetSensor,CuAndCuAlloys,n/a,m-c,0.0595,%,1
OBS,2020,EU27+4,WEEE_generatedDedicated,WEEE_Cat4a,MagnetSensor,ferrousMetals,Ag,e-m,0.688,%,1
OBS,2020,EU27+4,WEEE_generatedDedicated,WEEE_Cat4a,MagnetSensor,ferrousMetals,Ca,e-m,0.033,%,1
OBS,2020,EU27+4,WEEE_generatedDedicated,WEEE_Cat4a,MagnetSensor,ferrousMetals,Ga,e-m,0.938,%,1
OBS,2020,EU27+4,WEEE_generatedDedicated,WEEE_Cat4a,MagnetSensor,ferrousMetals,Mo,e-m,0.0075,%,1
OBS,2020,EU27+4,WEEE_generatedDedicated,WEEE_Cat4a,MagnetSensor,ferrousMetals,Sm,e-m,0.022,%,1
OBS,2020,EU27+4,WEEE_generatedDedicated,WEEE_Cat4a,MagnetSensor,ferrousMetals,n/a,m-c,0.376,%,1
OBS,2020,EU27+4,WEEE_generatedDedicated,WEEE_Cat4a,MagnetSensor,n/a,n/a,c-p,0.000551,%,1
OBS,2020,EU27+4,WEEE_generatedDedicated,WEEE_Cat4a,MagnetSensor,plastics,Ag,e-m,0.125,%,1
OBS,2020,EU27+4,WEEE_generatedDedicated,WEEE_Cat4a,MagnetSensor,plastics,n/a,m-c,0.0683,%,1
OBS,2020,EU27+4,WEEE_generatedDedicated,WEEE_Cat4a,PCBWEEECat,n/a,n/a,c-p,0.0008,%,1
OBS,2020,EU27+4,WEEE_generatedDedicated,WEEE_Cat4a,PCBWEEECat,otherOrUndefinedMaterials,Ag,e-m,1,%,1
OBS,2020,EU27+4,WEEE_generatedDedicated,WEEE_Cat4a,PCBWEEECat,otherOrUndefinedMaterials,n/a,m-c,1,%,1
OBS,2020,EU27+4,WEEE_generatedDedicated,WEEE_Cat4a,PCBunspecified,ferrousMetals,Ag,e-m,1,%,2
OBS,2020,EU27+4,WEEE_generatedDedicated,WEEE_Cat4a,PCBunspecified,ferrousMetals,Cu,e-m,0.18,%,2
OBS,2020,EU27+4,WEEE_generatedDedicated,WEEE_Cat4a,PCBunspecified,ferrousMetals,Ga,e-m,0.725,%,2
OBS,2020,EU27+4,WEEE_generatedDedicated,WEEE_Cat4a,PCBunspecified,ferrousMetals,Mo,e-m,0.01,%,2
OBS,2020,EU27+4,WEEE_generatedDedicated,WEEE_Cat4a,PCBunspecified,ferrousMetals,O,e-m,0.08,%,2
OBS,2020,EU27+4,WEEE_generatedDedicated,WEEE_Cat4a,PCBunspecified,ferrousMetals,Sm,e-m,0.005,%,2
OBS,2020,EU27+4,WEEE_generatedDedicated,WEEE_Cat4a,PCBunspecified,ferrousMetals,n/a,m-c,1,%,2
OBS,2020,EU27+4,WEEE_generatedDedicated,WEEE_Cat4a,PCBunspecified,n/a,n/a,c-p,0.00499,%,2
OBS,2020,EU27+4,WEEE_generatedDedicated,WEEE_Cat4a,PVBacksheet,n/a,n/a,c-p,0.0065,%,1
OBS,2020,EU27+4,WEEE_generatedDedicated,WEEE_Cat4a,PVBacksheet,plasticComposites,Ag,e-m,1,%,1
OBS,2020,EU27+4,WEEE_generatedDedicated,WEEE_Cat4a,PVBacksheet,plasticComposites,n/a,m-c,0.5,%,1
OBS,2020,EU27+4,WEEE_generatedDedicated,WEEE_Cat4a,PVBacksheet,plastics,Ag,e-m,1,%,1
OBS,2020,EU27+4,WEEE_generatedDedicated,WEEE_Cat4a,PVBacksheet,plastics,n/a,m-c,0.5,%,1
OBS,2020,EU27+4,WEEE_generatedDedicated,WEEE_Cat4a,PVEncapsulationEVA,n/a,n/a,c-p,0.0711,%,1
OBS,2020,EU27+4,WEEE_generatedDedicated,WEEE_Cat4a,PVEncapsulationEVA,plastics,Ag,e-m,1,%,1
OBS,2020,EU27+4,WEEE_generatedDedicated,WEEE_Cat4a,PVEncapsulationEVA,plastics,n/a,m-c,1,%,1
OBS,2020,EU27+4,WEEE_generatedDedicated,WEEE_Cat4a,PVFrameAl,CuAndCuAlloys,Ag,e-m,1,%,1
OBS,2020,EU27+4,WEEE_generatedDedicated,WEEE_Cat4a,PVFrameAl,CuAndCuAlloys,As,e-m,0.97,%,1
OBS,2020,EU27+4,WEEE_generatedDedicated,WEEE_Cat4a,PVFrameAl,CuAndCuAlloys,Cu,e-m,0.002,%,1
OBS,2020,EU27+4,WEEE_generatedDedicated,WEEE_Cat4a,PVFrameAl,CuAndCuAlloys,Ga,e-m,0.001,%,1
OBS,2020,EU27+4,WEEE_generatedDedicated,WEEE_Cat4a,PVFrameAl,CuAndCuAlloys,Mn,e-m,0.0248,%,1
OBS,2020,EU27+4,WEEE_generatedDedicated,WEEE_Cat4a,PVFrameAl,CuAndCuAlloys,Mo,e-m,0.002,%,1
OBS,2020,EU27+4,WEEE_generatedDedicated,WEEE_Cat4a,PVFrameAl,CuAndCuAlloys,Sm,e-m,0.0003,%,1
OBS,2020,EU27+4,WEEE_generatedDedicated,WEEE_Cat4a,PVFrameAl,CuAndCuAlloys,n/a,m-c,1,%,1
OBS,2020,EU27+4,WEEE_generatedDedicated,WEEE_Cat4a,PVFrameAl,n/a,n/a,c-p,0.122,%,1
OBS,2020,EU27+4,WEEE_generatedDedicated,WEEE_Cat4a,PVSolarGlass,glass,Ag,e-m,1,%,1
OBS,2020,EU27+4,WEEE_generatedDedicated,WEEE_Cat4a,PVSolarGlass,glass,Pd,e-m,0.265,%,1
OBS,2020,EU27+4,WEEE_generatedDedicated,WEEE_Cat4a,PVSolarGlass,glass,Sc,e-m,0.00196,%,1
OBS,2020,EU27+4,WEEE_generatedDedicated,WEEE_Cat4a,PVSolarGlass,glass,Zr,e-m,0.000708,%,1
OBS,2020,EU27+4,WEEE_generatedDedicated,WEEE_Cat4a,PVSolarGlass,glass,n/a,m-c,1,%,1
OBS,2020,EU27+4,WEEE_generatedDedicated,WEEE_Cat4a,PVSolarGlass,n/a,n/a,c-p,0.698,%,1
OBS,2020,EU27+4,WEEE_generatedDedicated,WEEE_Cat4a,PVcellSi,n/a,n/a,c-p,0.0332,%,1
OBS,2020,EU27+4,WEEE_generatedDedicated,WEEE_Cat4a,PVcellSi,otherOrUndefinedMaterials,Ag,e-m,1,%,1
OBS,2020,EU27+4,WEEE_generatedDedicated,WEEE_Cat4a,PVcellSi,otherOrUndefinedMaterials,n/a,m-c,1,%,1
OBS,2020,EU27+4,WEEE_generatedDedicated,WEEE_Cat4a,WEEEEvaporator,CuAndCuAlloys,Ag,e-m,0.844,%,1
OBS,2020,EU27+4,WEEE_generatedDedicated,WEEE_Cat4a,WEEEEvaporator,CuAndCuAlloys,Dy,e-m,0.75,%,1
OBS,2020,EU27+4,WEEE_generatedDedicated,WEEE_Cat4a,WEEEEvaporator,CuAndCuAlloys,Zr,e-m,0.25,%,1
OBS,2020,EU27+4,WEEE_generatedDedicated,WEEE_Cat4a,WEEEEvaporator,CuAndCuAlloys,n/a,m-c,0.844,%,1
OBS,2020,EU27+4,WEEE_generatedDedicated,WEEE_Cat4a,WEEEEvaporator,n/a,n/a,c-p,0.324,%,1
OBS,2020,EU27+4,WEEE_generatedDedicated,WEEE_Cat4a,WEEEEvaporator,steelAndSteelAlloys,Ag,e-m,0.156,%,1
OBS,2020,EU27+4,WEEE_generatedDedicated,WEEE_Cat4a,WEEEEvaporator,steelAndSteelAlloys,Cu,e-m,0.18,%,1
OBS,2020,EU27+4,WEEE_generatedDedicated,WEEE_Cat4a,WEEEEvaporator,steelAndSteelAlloys,Ga,e-m,0.725,%,1
OBS,2020,EU27+4,WEEE_generatedDedicated,WEEE_Cat4a,WEEEEvaporator,steelAndSteelAlloys,Mo,e-m,0.01,%,1
OBS,2020,EU27+4,WEEE_generatedDedicated,WEEE_Cat4a,WEEEEvaporator,steelAndSteelAlloys,O,e-m,0.08,%,1
OBS,2020,EU27+4,WEEE_generatedDedicated,WEEE_Cat4a,WEEEEvaporator,steelAndSteelAlloys,Sm,e-m,0.005,%,1
OBS,2020,EU27+4,WEEE_generatedDedicated,WEEE_Cat4a,WEEEEvaporator,steelAndSteelAlloys,n/a,m-c,0.156,%,1
OBS,2020,EU27+4,WEEE_generatedDedicated,WEEE_Cat4a,brush,AlAndAlAlloys,Ag,e-m,0.0179,%,1
OBS,2020,EU27+4,WEEE_generatedDedicated,WEEE_Cat4a,brush,AlAndAlAlloys,As,e-m,0.97,%,1
OBS,2020,EU27+4,WEEE_generatedDedicated,WEEE_Cat4a,brush,AlAndAlAlloys,Cu,e-m,0.002,%,1
OBS,2020,EU27+4,WEEE_generatedDedicated,WEEE_Cat4a,brush,AlAndAlAlloys,Ga,e-m,0.001,%,1
OBS,2020,EU27+4,WEEE_generatedDedicated,WEEE_Cat4a,brush,AlAndAlAlloys,Mn,e-m,0.0248,%,1
OBS,2020,EU27+4,WEEE_generatedDedicated,WEEE_Cat4a,brush,AlAndAlAlloys,Mo,e-m,0.002,%,1
OBS,2020,EU27+4,WEEE_generatedDedicated,WEEE_Cat4a,brush,AlAndAlAlloys,Sm,e-m,0.0003,%,1
OBS,2020,EU27+4,WEEE_generatedDedicated,WEEE_Cat4a,brush,AlAndAlAlloys,n/a,m-c,0.0179,%,1
OBS,2020,EU27+4,WEEE_generatedDedicated,WEEE_Cat4a,brush,ferrousMetals,Ag,e-m,0.286,%,1
OBS,2020,EU27+4,WEEE_generatedDedicated,WEEE_Cat4a,brush,ferrousMetals,Ca,e-m,0.033,%,1
OBS,2020,EU27+4,WEEE_generatedDedicated,WEEE_Cat4a,brush,ferrousMetals,Ga,e-m,0.938,%,1
OBS,2020,EU27+4,WEEE_generatedDedicated,WEEE_Cat4a,brush,ferrousMetals,Mo,e-m,0.0075,%,1
OBS,2020,EU27+4,WEEE_generatedDedicated,WEEE_Cat4a,brush,ferrousMetals,Sm,e-m,0.022,%,1
OBS,2020,EU27+4,WEEE_generatedDedicated,WEEE_Cat4a,brush,ferrousMetals,n/a,m-c,0.286,%,1
OBS,2020,EU27+4,WEEE_generatedDedicated,WEEE_Cat4a,brush,n/a,n/a,c-p,0.00464,%,1
OBS,2020,EU27+4,WEEE_generatedDedicated,WEEE_Cat4a,brush,plastics,Ag,e-m,0.696,%,1
OBS,2020,EU27+4,WEEE_generatedDedicated,WEEE_Cat4a,brush,plastics,n/a,m-c,0.696,%,1
OBS,2020,EU27+4,WEEE_generatedDedicated,WEEE_Cat4a,cableUnspecified,AlAndAlAlloys,Ag,e-m,0.103,%,2
OBS,2020,EU27+4,WEEE_generatedDedicated,WEEE_Cat4a,cableUnspecified,AlAndAlAlloys,As,e-m,0.97,%,2
OBS,2020,EU27+4,WEEE_generatedDedicated,WEEE_Cat4a,cableUnspecified,AlAndAlAlloys,Cu,e-m,0.002,%,2
OBS,2020,EU27+4,WEEE_generatedDedicated,WEEE_Cat4a,cableUnspecified,AlAndAlAlloys,Ga,e-m,0.001,%,2
OBS,2020,EU27+4,WEEE_generatedDedicated,WEEE_Cat4a,cableUnspecified,AlAndAlAlloys,Mn,e-m,0.0248,%,2
OBS,2020,EU27+4,WEEE_generatedDedicated,WEEE_Cat4a,cableUnspecified,AlAndAlAlloys,Mo,e-m,0.002,%,2
OBS,2020,EU27+4,WEEE_generatedDedicated,WEEE_Cat4a,cableUnspecified,AlAndAlAlloys,Sm,e-m,0.0003,%,2
OBS,2020,EU27+4,WEEE_generatedDedicated,WEEE_Cat4a,cableUnspecified,AlAndAlAlloys,n/a,m-c,0.103,%,2
OBS,2020,EU27+4,WEEE_generatedDedicated,WEEE_Cat4a,cableUnspecified,CuAndCuAlloys,Ag,e-m,0.166,%,2
OBS,2020,EU27+4,WEEE_generatedDedicated,WEEE_Cat4a,cableUnspecified,CuAndCuAlloys,Dy,e-m,0.75,%,2
OBS,2020,EU27+4,WEEE_generatedDedicated,WEEE_Cat4a,cableUnspecified,CuAndCuAlloys,Zr,e-m,0.25,%,2
OBS,2020,EU27+4,WEEE_generatedDedicated,WEEE_Cat4a,cableUnspecified,CuAndCuAlloys,n/a,m-c,0.166,%,2
OBS,2020,EU27+4,WEEE_generatedDedicated,WEEE_Cat4a,cableUnspecified,ferrousMetals,Ag,e-m,0.296,%,2
OBS,2020,EU27+4,WEEE_generatedDedicated,WEEE_Cat4a,cableUnspecified,ferrousMetals,Cu,e-m,0.18,%,2
OBS,2020,EU27+4,WEEE_generatedDedicated,WEEE_Cat4a,cableUnspecified,ferrousMetals,Ga,e-m,0.725,%,2
OBS,2020,EU27+4,WEEE_generatedDedicated,WEEE_Cat4a,cableUnspecified,ferrousMetals,Mo,e-m,0.01,%,2
OBS,2020,EU27+4,WEEE_generatedDedicated,WEEE_Cat4a,cableUnspecified,ferrousMetals,O,e-m,0.08,%,2
OBS,2020,EU27+4,WEEE_generatedDedicated,WEEE_Cat4a,cableUnspecified,ferrousMetals,Sm,e-m,0.005,%,2
OBS,2020,EU27+4,WEEE_generatedDedicated,WEEE_Cat4a,cableUnspecified,ferrousMetals,n/a,m-c,0.296,%,2
OBS,2020,EU27+4,WEEE_generatedDedicated,WEEE_Cat4a,cableUnspecified,n/a,n/a,c-p,0.00307,%,1
OBS,2020,EU27+4,WEEE_generatedDedicated,WEEE_Cat4a,cableUnspecified,plastics,Ag,e-m,0.435,%,2
OBS,2020,EU27+4,WEEE_generatedDedicated,WEEE_Cat4a,cableUnspecified,plastics,n/a,m-c,0.435,%,2
OBS,2020,EU27+4,WEEE_generatedDedicated,WEEE_Cat4a,cableWOPlug,n/a,n/a,c-p,0.000926,%,1
OBS,2020,EU27+4,WEEE_generatedDedicated,WEEE_Cat4a,cableWPlug,AlAndAlAlloys,n/a,m-c,0.137,%,2
OBS,2020,EU27+4,WEEE_generatedDedicated,WEEE_Cat4a,cableWPlug,ferrousMetals,n/a,m-c,0.305,%,2
OBS,2020,EU27+4,WEEE_generatedDedicated,WEEE_Cat4a,cableWPlug,n/a,n/a,c-p,0.000532,%,1
OBS,2020,EU27+4,WEEE_generatedDedicated,WEEE_Cat4a,cableWPlug,plastics,Ag,e-m,0.654,%,2
OBS,2020,EU27+4,WEEE_generatedDedicated,WEEE_Cat4a,cableWPlug,plastics,n/a,m-c,0.558,%,2
OBS,2020,EU27+4,WEEE_generatedDedicated,WEEE_Cat4a,cableWithConnector,CuAndCuAlloys,Ag,e-m,0.346,%,2
OBS,2020,EU27+4,WEEE_generatedDedicated,WEEE_Cat4a,cableWithConnector,CuAndCuAlloys,Dy,e-m,0.75,%,2
OBS,2020,EU27+4,WEEE_generatedDedicated,WEEE_Cat4a,cableWithConnector,CuAndCuAlloys,Zr,e-m,0.25,%,2
OBS,2020,EU27+4,WEEE_generatedDedicated,WEEE_Cat4a,cableWithConnector,CuAndCuAlloys,n/a,m-c,1,%,2
OBS,2020,EU27+4,WEEE_generatedDedicated,WEEE_Cat4a,cables,n/a,n/a,c-p,0.0152,%,1
OBS,2020,EU27+4,WEEE_generatedDedicated,WEEE_Cat4a,cables,otherOrUndefinedMaterials,Ag,e-m,1,%,1
OBS,2020,EU27+4,WEEE_generatedDedicated,WEEE_Cat4a,cables,otherOrUndefinedMaterials,n/a,m-c,1,%,1
OBS,2020,EU27+4,WEEE_generatedDedicated,WEEE_Cat4a,cablewire,AlAndAlAlloys,Ag,e-m,0.0385,%,1
OBS,2020,EU27+4,WEEE_generatedDedicated,WEEE_Cat4a,cablewire,AlAndAlAlloys,As,e-m,0.97,%,1
OBS,2020,EU27+4,WEEE_generatedDedicated,WEEE_Cat4a,cablewire,AlAndAlAlloys,Cu,e-m,0.002,%,1
OBS,2020,EU27+4,WEEE_generatedDedicated,WEEE_Cat4a,cablewire,AlAndAlAlloys,Ga,e-m,0.001,%,1
OBS,2020,EU27+4,WEEE_generatedDedicated,WEEE_Cat4a,cablewire,AlAndAlAlloys,Mn,e-m,0.0248,%,1
OBS,2020,EU27+4,WEEE_generatedDedicated,WEEE_Cat4a,cablewire,AlAndAlAlloys,Mo,e-m,0.002,%,1
OBS,2020,EU27+4,WEEE_generatedDedicated,WEEE_Cat4a,cablewire,AlAndAlAlloys,Sm,e-m,0.0003,%,1
OBS,2020,EU27+4,WEEE_generatedDedicated,WEEE_Cat4a,cablewire,AlAndAlAlloys,n/a,m-c,0.0277,%,1
OBS,2020,EU27+4,WEEE_generatedDedicated,WEEE_Cat4a,cablewire,CuAndCuAlloys,Ag,e-m,0.195,%,1
OBS,2020,EU27+4,WEEE_generatedDedicated,WEEE_Cat4a,cablewire,CuAndCuAlloys,Dy,e-m,0.75,%,1
OBS,2020,EU27+4,WEEE_generatedDedicated,WEEE_Cat4a,cablewire,CuAndCuAlloys,Zr,e-m,0.25,%,1
OBS,2020,EU27+4,WEEE_generatedDedicated,WEEE_Cat4a,cablewire,CuAndCuAlloys,n/a,m-c,0.141,%,1
OBS,2020,EU27+4,WEEE_generatedDedicated,WEEE_Cat4a,cablewire,ferrousMetals,Ag,e-m,0.488,%,1
OBS,2020,EU27+4,WEEE_generatedDedicated,WEEE_Cat4a,cablewire,ferrousMetals,Ca,e-m,0.033,%,1
OBS,2020,EU27+4,WEEE_generatedDedicated,WEEE_Cat4a,cablewire,ferrousMetals,Ga,e-m,0.938,%,1
OBS,2020,EU27+4,WEEE_generatedDedicated,WEEE_Cat4a,cablewire,ferrousMetals,Mo,e-m,0.0075,%,1
OBS,2020,EU27+4,WEEE_generatedDedicated,WEEE_Cat4a,cablewire,ferrousMetals,Sm,e-m,0.022,%,1
OBS,2020,EU27+4,WEEE_generatedDedicated,WEEE_Cat4a,cablewire,ferrousMetals,n/a,m-c,0.352,%,1
OBS,2020,EU27+4,WEEE_generatedDedicated,WEEE_Cat4a,cablewire,n/a,n/a,c-p,0.0000652,%,1
OBS,2020,EU27+4,WEEE_generatedDedicated,WEEE_Cat4a,cablewire,plastics,Ag,e-m,0.667,%,1
OBS,2020,EU27+4,WEEE_generatedDedicated,WEEE_Cat4a,cablewire,plastics,n/a,m-c,0.48,%,1
OBS,2020,EU27+4,WEEE_generatedDedicated,WEEE_Cat4a,capElectrolytic,CuAndCuAlloys,Ag,e-m,0.666,%,2
OBS,2020,EU27+4,WEEE_generatedDedicated,WEEE_Cat4a,capElectrolytic,CuAndCuAlloys,Dy,e-m,0.75,%,2
OBS,2020,EU27+4,WEEE_generatedDedicated,WEEE_Cat4a,capElectrolytic,CuAndCuAlloys,Zr,e-m,0.25,%,2
OBS,2020,EU27+4,WEEE_generatedDedicated,WEEE_Cat4a,capElectrolytic,CuAndCuAlloys,n/a,m-c,0.666,%,2
OBS,2020,EU27+4,WEEE_generatedDedicated,WEEE_Cat4a,capElectrolytic,n/a,n/a,c-p,0.00598,%,2
OBS,2020,EU27+4,WEEE_generatedDedicated,WEEE_Cat4a,capElectrolytic,undefinedAndMixedMaterials,Ag,e-m,0.334,%,2
OBS,2020,EU27+4,WEEE_generatedDedicated,WEEE_Cat4a,capElectrolytic,undefinedAndMixedMaterials,n/a,m-c,0.334,%,2
OBS,2020,EU27+4,WEEE_generatedDedicated,WEEE_Cat4a,casingPlasticBased,AlAndAlAlloys,Ag,e-m,0.00456,%,1
OBS,2020,EU27+4,WEEE_generatedDedicated,WEEE_Cat4a,casingPlasticBased,AlAndAlAlloys,As,e-m,0.97,%,1
OBS,2020,EU27+4,WEEE_generatedDedicated,WEEE_Cat4a,casingPlasticBased,AlAndAlAlloys,Cu,e-m,0.002,%,1
OBS,2020,EU27+4,WEEE_generatedDedicated,WEEE_Cat4a,casingPlasticBased,AlAndAlAlloys,Ga,e-m,0.001,%,1
OBS,2020,EU27+4,WEEE_generatedDedicated,WEEE_Cat4a,casingPlasticBased,AlAndAlAlloys,Mn,e-m,0.0248,%,1
OBS,2020,EU27+4,WEEE_generatedDedicated,WEEE_Cat4a,casingPlasticBased,AlAndAlAlloys,Mo,e-m,0.002,%,1
OBS,2020,EU27+4,WEEE_generatedDedicated,WEEE_Cat4a,casingPlasticBased,AlAndAlAlloys,Sm,e-m,0.0003,%,1
OBS,2020,EU27+4,WEEE_generatedDedicated,WEEE_Cat4a,casingPlasticBased,AlAndAlAlloys,n/a,m-c,0.00351,%,1
OBS,2020,EU27+4,WEEE_generatedDedicated,WEEE_Cat4a,casingPlasticBased,CuAndCuAlloys,Ag,e-m,0.0154,%,1
OBS,2020,EU27+4,WEEE_generatedDedicated,WEEE_Cat4a,casingPlasticBased,CuAndCuAlloys,Dy,e-m,0.75,%,1
OBS,2020,EU27+4,WEEE_generatedDedicated,WEEE_Cat4a,casingPlasticBased,CuAndCuAlloys,Zr,e-m,0.25,%,1
OBS,2020,EU27+4,WEEE_generatedDedicated,WEEE_Cat4a,casingPlasticBased,CuAndCuAlloys,n/a,m-c,0.0154,%,1
OBS,2020,EU27+4,WEEE_generatedDedicated,WEEE_Cat4a,casingPlasticBased,ferrousMetals,Ag,e-m,0.045,%,1
OBS,2020,EU27+4,WEEE_generatedDedicated,WEEE_Cat4a,casingPlasticBased,ferrousMetals,Ca,e-m,0.0303,%,1
OBS,2020,EU27+4,WEEE_generatedDedicated,WEEE_Cat4a,casingPlasticBased,ferrousMetals,Cu,e-m,0.015,%,1
OBS,2020,EU27+4,WEEE_generatedDedicated,WEEE_Cat4a,casingPlasticBased,ferrousMetals,Ga,e-m,0.92,%,1
OBS,2020,EU27+4,WEEE_generatedDedicated,WEEE_Cat4a,casingPlasticBased,ferrousMetals,Mo,e-m,0.0075,%,1
OBS,2020,EU27+4,WEEE_generatedDedicated,WEEE_Cat4a,casingPlasticBased,ferrousMetals,O,e-m,0.00667,%,1
OBS,2020,EU27+4,WEEE_generatedDedicated,WEEE_Cat4a,casingPlasticBased,ferrousMetals,Sm,e-m,0.0206,%,1
OBS,2020,EU27+4,WEEE_generatedDedicated,WEEE_Cat4a,casingPlasticBased,ferrousMetals,n/a,m-c,0.0239,%,1
OBS,2020,EU27+4,WEEE_generatedDedicated,WEEE_Cat4a,casingPlasticBased,n/a,n/a,c-p,0.00512,%,1
OBS,2020,EU27+4,WEEE_generatedDedicated,WEEE_Cat4a,casingPlasticBased,otherOrganics,Ag,e-m,0.0741,%,1
OBS,2020,EU27+4,WEEE_generatedDedicated,WEEE_Cat4a,casingPlasticBased,otherOrganics,n/a,m-c,0.0393,%,1
OBS,2020,EU27+4,WEEE_generatedDedicated,WEEE_Cat4a,casingPlasticBased,plastics,Ag,e-m,0.231,%,1
OBS,2020,EU27+4,WEEE_generatedDedicated,WEEE_Cat4a,casingPlasticBased,plastics,n/a,m-c,0.521,%,1
OBS,2020,EU27+4,WEEE_generatedDedicated,WEEE_Cat4a,casingPlasticBased,polymerPA6GF30,Ag,e-m,0.0414,%,1
OBS,2020,EU27+4,WEEE_generatedDedicated,WEEE_Cat4a,casingPlasticBased,polymerPA6GF30,n/a,m-c,0.022,%,1
OBS,2020,EU27+4,WEEE_generatedDedicated,WEEE_Cat4a,casingPlasticBased,polymerPPGF30,Ag,e-m,0.0134,%,1
OBS,2020,EU27+4,WEEE_generatedDedicated,WEEE_Cat4a,casingPlasticBased,polymerPPGF30,n/a,m-c,0.00713,%,1
OBS,2020,EU27+4,WEEE_generatedDedicated,WEEE_Cat4a,casingPlasticBased,polymerPPTF30,Ag,e-m,0.722,%,1
OBS,2020,EU27+4,WEEE_generatedDedicated,WEEE_Cat4a,casingPlasticBased,polymerPPTF30,n/a,m-c,0.383,%,1
OBS,2020,EU27+4,WEEE_generatedDedicated,WEEE_Cat4a,casingPlasticBased,undefinedAndMixedMaterials,n/a,m-c,0.265,%,1
OBS,2020,EU27+4,WEEE_generatedDedicated,WEEE_Cat4a,casingSteelBased,ferrousMetals,Ag,e-m,0.0409,%,2
OBS,2020,EU27+4,WEEE_generatedDedicated,WEEE_Cat4a,casingSteelBased,ferrousMetals,Cu,e-m,0.18,%,2
OBS,2020,EU27+4,WEEE_generatedDedicated,WEEE_Cat4a,casingSteelBased,ferrousMetals,Ga,e-m,0.725,%,2
OBS,2020,EU27+4,WEEE_generatedDedicated,WEEE_Cat4a,casingSteelBased,ferrousMetals,Mo,e-m,0.01,%,2
OBS,2020,EU27+4,WEEE_generatedDedicated,WEEE_Cat4a,casingSteelBased,ferrousMetals,O,e-m,0.08,%,2
OBS,2020,EU27+4,WEEE_generatedDedicated,WEEE_Cat4a,casingSteelBased,ferrousMetals,Sm,e-m,0.005,%,2
OBS,2020,EU27+4,WEEE_generatedDedicated,WEEE_Cat4a,casingSteelBased,ferrousMetals,n/a,m-c,1,%,2
OBS,2020,EU27+4,WEEE_generatedDedicated,WEEE_Cat4a,casingSteelBased,n/a,n/a,c-p,0.0172,%,2
OBS,2020,EU27+4,WEEE_generatedDedicated,WEEE_Cat4a,casingUnspecified,AlAndAlAlloys,Ag,e-m,0.00935,%,2
OBS,2020,EU27+4,WEEE_generatedDedicated,WEEE_Cat4a,casingUnspecified,AlAndAlAlloys,As,e-m,0.97,%,2
OBS,2020,EU27+4,WEEE_generatedDedicated,WEEE_Cat4a,casingUnspecified,AlAndAlAlloys,Cu,e-m,0.002,%,2
OBS,2020,EU27+4,WEEE_generatedDedicated,WEEE_Cat4a,casingUnspecified,AlAndAlAlloys,Ga,e-m,0.001,%,2
OBS,2020,EU27+4,WEEE_generatedDedicated,WEEE_Cat4a,casingUnspecified,AlAndAlAlloys,Mn,e-m,0.0248,%,2
OBS,2020,EU27+4,WEEE_generatedDedicated,WEEE_Cat4a,casingUnspecified,AlAndAlAlloys,Mo,e-m,0.002,%,2
OBS,2020,EU27+4,WEEE_generatedDedicated,WEEE_Cat4a,casingUnspecified,AlAndAlAlloys,Sm,e-m,0.0003,%,2
OBS,2020,EU27+4,WEEE_generatedDedicated,WEEE_Cat4a,casingUnspecified,AlAndAlAlloys,n/a,m-c,0.000774,%,2
OBS,2020,EU27+4,WEEE_generatedDedicated,WEEE_Cat4a,casingUnspecified,CuAndCuAlloys,Ag,e-m,0.000715,%,2
OBS,2020,EU27+4,WEEE_generatedDedicated,WEEE_Cat4a,casingUnspecified,CuAndCuAlloys,Dy,e-m,0.75,%,2
OBS,2020,EU27+4,WEEE_generatedDedicated,WEEE_Cat4a,casingUnspecified,CuAndCuAlloys,Zr,e-m,0.25,%,2
OBS,2020,EU27+4,WEEE_generatedDedicated,WEEE_Cat4a,casingUnspecified,CuAndCuAlloys,n/a,m-c,0.000715,%,2
OBS,2020,EU27+4,WEEE_generatedDedicated,WEEE_Cat4a,casingUnspecified,ferrousMetals,Ag,e-m,0.00784,%,2
OBS,2020,EU27+4,WEEE_generatedDedicated,WEEE_Cat4a,casingUnspecified,ferrousMetals,Cu,e-m,0.18,%,2
OBS,2020,EU27+4,WEEE_generatedDedicated,WEEE_Cat4a,casingUnspecified,ferrousMetals,Ga,e-m,0.725,%,2
OBS,2020,EU27+4,WEEE_generatedDedicated,WEEE_Cat4a,casingUnspecified,ferrousMetals,Mo,e-m,0.01,%,2
OBS,2020,EU27+4,WEEE_generatedDedicated,WEEE_Cat4a,casingUnspecified,ferrousMetals,O,e-m,0.08,%,2
OBS,2020,EU27+4,WEEE_generatedDedicated,WEEE_Cat4a,casingUnspecified,ferrousMetals,Sm,e-m,0.005,%,2
OBS,2020,EU27+4,WEEE_generatedDedicated,WEEE_Cat4a,casingUnspecified,ferrousMetals,n/a,m-c,0.00653,%,2
OBS,2020,EU27+4,WEEE_generatedDedicated,WEEE_Cat4a,casingUnspecified,glass,Ag,e-m,0.143,%,2
OBS,2020,EU27+4,WEEE_generatedDedicated,WEEE_Cat4a,casingUnspecified,glass,Pd,e-m,0.265,%,2
OBS,2020,EU27+4,WEEE_generatedDedicated,WEEE_Cat4a,casingUnspecified,glass,Sc,e-m,0.00196,%,2
OBS,2020,EU27+4,WEEE_generatedDedicated,WEEE_Cat4a,casingUnspecified,glass,Zr,e-m,0.000708,%,2
OBS,2020,EU27+4,WEEE_generatedDedicated,WEEE_Cat4a,casingUnspecified,glass,n/a,m-c,0.126,%,2
OBS,2020,EU27+4,WEEE_generatedDedicated,WEEE_Cat4a,casingUnspecified,n/a,n/a,c-p,0.0325,%,2
OBS,2020,EU27+4,WEEE_generatedDedicated,WEEE_Cat4a,casingUnspecified,otherMetalsAndMetalAlloys,Ag,e-m,0.00152,%,2
OBS,2020,EU27+4,WEEE_generatedDedicated,WEEE_Cat4a,casingUnspecified,otherMetalsAndMetalAlloys,Al,e-m,0.9,%,2
OBS,2020,EU27+4,WEEE_generatedDedicated,WEEE_Cat4a,casingUnspecified,otherMetalsAndMetalAlloys,Dy,e-m,0.1,%,2
OBS,2020,EU27+4,WEEE_generatedDedicated,WEEE_Cat4a,casingUnspecified,otherMetalsAndMetalAlloys,n/a,m-c,0.00115,%,2
OBS,2020,EU27+4,WEEE_generatedDedicated,WEEE_Cat4a,casingUnspecified,plastics,Ag,e-m,0.000408,%,2
OBS,2020,EU27+4,WEEE_generatedDedicated,WEEE_Cat4a,casingUnspecified,plastics,n/a,m-c,0.00217,%,2
OBS,2020,EU27+4,WEEE_generatedDedicated,WEEE_Cat4a,casingUnspecified,undefinedAndMixedMaterials,Ag,e-m,0.000378,%,2
OBS,2020,EU27+4,WEEE_generatedDedicated,WEEE_Cat4a,casingUnspecified,undefinedAndMixedMaterials,n/a,m-c,0.000378,%,2
OBS,2020,EU27+4,WEEE_generatedDedicated,WEEE_Cat4a,coldCathodeLamp,n/a,n/a,c-p,0.0108,%,1
OBS,2020,EU27+4,WEEE_generatedDedicated,WEEE_Cat4a,compContainHazardSubst,n/a,n/a,c-p,0.000661,%,1
OBS,2020,EU27+4,WEEE_generatedDedicated,WEEE_Cat4a,compressor,CuAndCuAlloys,Ag,e-m,0.596,%,1
OBS,2020,EU27+4,WEEE_generatedDedicated,WEEE_Cat4a,compressor,CuAndCuAlloys,As,e-m,0.404,%,1
OBS,2020,EU27+4,WEEE_generatedDedicated,WEEE_Cat4a,compressor,CuAndCuAlloys,Cu,e-m,0.000833,%,1
OBS,2020,EU27+4,WEEE_generatedDedicated,WEEE_Cat4a,compressor,CuAndCuAlloys,Dy,e-m,0.438,%,1
OBS,2020,EU27+4,WEEE_generatedDedicated,WEEE_Cat4a,compressor,CuAndCuAlloys,Ga,e-m,0.000417,%,1
OBS,2020,EU27+4,WEEE_generatedDedicated,WEEE_Cat4a,compressor,CuAndCuAlloys,Mn,e-m,0.0103,%,1
OBS,2020,EU27+4,WEEE_generatedDedicated,WEEE_Cat4a,compressor,CuAndCuAlloys,Mo,e-m,0.000833,%,1
OBS,2020,EU27+4,WEEE_generatedDedicated,WEEE_Cat4a,compressor,CuAndCuAlloys,Sm,e-m,0.000125,%,1
OBS,2020,EU27+4,WEEE_generatedDedicated,WEEE_Cat4a,compressor,CuAndCuAlloys,Zr,e-m,0.146,%,1
OBS,2020,EU27+4,WEEE_generatedDedicated,WEEE_Cat4a,compressor,CuAndCuAlloys,n/a,m-c,0.573,%,1
OBS,2020,EU27+4,WEEE_generatedDedicated,WEEE_Cat4a,compressor,glass,Ag,e-m,0.0367,%,1
OBS,2020,EU27+4,WEEE_generatedDedicated,WEEE_Cat4a,compressor,glass,Pd,e-m,0.265,%,1
OBS,2020,EU27+4,WEEE_generatedDedicated,WEEE_Cat4a,compressor,glass,Sc,e-m,0.00196,%,1
OBS,2020,EU27+4,WEEE_generatedDedicated,WEEE_Cat4a,compressor,glass,Zr,e-m,0.000708,%,1
OBS,2020,EU27+4,WEEE_generatedDedicated,WEEE_Cat4a,compressor,glass,n/a,m-c,0.0353,%,1
OBS,2020,EU27+4,WEEE_generatedDedicated,WEEE_Cat4a,compressor,n/a,n/a,c-p,0.0000345,%,1
OBS,2020,EU27+4,WEEE_generatedDedicated,WEEE_Cat4a,compressor,otherFerrousAlloys,Ag,e-m,0.0156,%,1
OBS,2020,EU27+4,WEEE_generatedDedicated,WEEE_Cat4a,compressor,otherFerrousAlloys,Ca,e-m,0.033,%,1
OBS,2020,EU27+4,WEEE_generatedDedicated,WEEE_Cat4a,compressor,otherFerrousAlloys,Ga,e-m,0.938,%,1
OBS,2020,EU27+4,WEEE_generatedDedicated,WEEE_Cat4a,compressor,otherFerrousAlloys,Mo,e-m,0.0075,%,1
OBS,2020,EU27+4,WEEE_generatedDedicated,WEEE_Cat4a,compressor,otherFerrousAlloys,Sm,e-m,0.022,%,1
OBS,2020,EU27+4,WEEE_generatedDedicated,WEEE_Cat4a,compressor,otherFerrousAlloys,n/a,m-c,0.015,%,1
OBS,2020,EU27+4,WEEE_generatedDedicated,WEEE_Cat4a,compressor,otherOrUndefinedMaterials,Ag,e-m,0.133,%,1
OBS,2020,EU27+4,WEEE_generatedDedicated,WEEE_Cat4a,compressor,otherOrUndefinedMaterials,n/a,m-c,0.128,%,1
OBS,2020,EU27+4,WEEE_generatedDedicated,WEEE_Cat4a,compressor,plastics,Ag,e-m,0.0266,%,1
OBS,2020,EU27+4,WEEE_generatedDedicated,WEEE_Cat4a,compressor,plastics,n/a,m-c,0.0256,%,1
OBS,2020,EU27+4,WEEE_generatedDedicated,WEEE_Cat4a,compressor,steelAndSteelAlloys,Ag,e-m,0.232,%,1
OBS,2020,EU27+4,WEEE_generatedDedicated,WEEE_Cat4a,compressor,steelAndSteelAlloys,Cu,e-m,0.18,%,1
OBS,2020,EU27+4,WEEE_generatedDedicated,WEEE_Cat4a,compressor,steelAndSteelAlloys,Ga,e-m,0.725,%,1
OBS,2020,EU27+4,WEEE_generatedDedicated,WEEE_Cat4a,compressor,steelAndSteelAlloys,Mo,e-m,0.01,%,1
OBS,2020,EU27+4,WEEE_generatedDedicated,WEEE_Cat4a,compressor,steelAndSteelAlloys,O,e-m,0.08,%,1
OBS,2020,EU27+4,WEEE_generatedDedicated,WEEE_Cat4a,compressor,steelAndSteelAlloys,Sm,e-m,0.005,%,1
OBS,2020,EU27+4,WEEE_generatedDedicated,WEEE_Cat4a,compressor,steelAndSteelAlloys,n/a,m-c,0.223,%,1
OBS,2020,EU27+4,WEEE_generatedDedicated,WEEE_Cat4a,condensator,n/a,n/a,c-p,0.00683,%,1
OBS,2020,EU27+4,WEEE_generatedDedicated,WEEE_Cat4a,contactor,n/a,n/a,c-p,0.0000702,%,1
OBS,2020,EU27+4,WEEE_generatedDedicated,WEEE_Cat4a,displayCRT,AlAndAlAlloys,Ag,e-m,0.00569,%,2
OBS,2020,EU27+4,WEEE_generatedDedicated,WEEE_Cat4a,displayCRT,AlAndAlAlloys,As,e-m,0.97,%,2
OBS,2020,EU27+4,WEEE_generatedDedicated,WEEE_Cat4a,displayCRT,AlAndAlAlloys,Cu,e-m,0.002,%,2
OBS,2020,EU27+4,WEEE_generatedDedicated,WEEE_Cat4a,displayCRT,AlAndAlAlloys,Ga,e-m,0.001,%,2
OBS,2020,EU27+4,WEEE_generatedDedicated,WEEE_Cat4a,displayCRT,AlAndAlAlloys,Mn,e-m,0.0248,%,2
OBS,2020,EU27+4,WEEE_generatedDedicated,WEEE_Cat4a,displayCRT,AlAndAlAlloys,Mo,e-m,0.002,%,2
OBS,2020,EU27+4,WEEE_generatedDedicated,WEEE_Cat4a,displayCRT,AlAndAlAlloys,Sm,e-m,0.0003,%,2
OBS,2020,EU27+4,WEEE_generatedDedicated,WEEE_Cat4a,displayCRT,AlAndAlAlloys,n/a,m-c,0.00782,%,2
OBS,2020,EU27+4,WEEE_generatedDedicated,WEEE_Cat4a,displayCRT,glass,Ag,e-m,0.722,%,2
OBS,2020,EU27+4,WEEE_generatedDedicated,WEEE_Cat4a,displayCRT,glass,Pd,e-m,0.265,%,2
OBS,2020,EU27+4,WEEE_generatedDedicated,WEEE_Cat4a,displayCRT,glass,Sc,e-m,0.00196,%,2
OBS,2020,EU27+4,WEEE_generatedDedicated,WEEE_Cat4a,displayCRT,glass,Zr,e-m,0.000708,%,2
OBS,2020,EU27+4,WEEE_generatedDedicated,WEEE_Cat4a,displayCRT,glass,n/a,m-c,0.992,%,2
OBS,2020,EU27+4,WEEE_generatedDedicated,WEEE_Cat4a,displayCRT,n/a,n/a,c-p,0.303,%,2
OBS,2020,EU27+4,WEEE_generatedDedicated,WEEE_Cat4a,displayLCD,AlAndAlAlloys,Ag,e-m,0.301,%,2
OBS,2020,EU27+4,WEEE_generatedDedicated,WEEE_Cat4a,displayLCD,AlAndAlAlloys,As,e-m,0.97,%,2
OBS,2020,EU27+4,WEEE_generatedDedicated,WEEE_Cat4a,displayLCD,AlAndAlAlloys,Cu,e-m,0.002,%,2
OBS,2020,EU27+4,WEEE_generatedDedicated,WEEE_Cat4a,displayLCD,AlAndAlAlloys,Ga,e-m,0.001,%,2
OBS,2020,EU27+4,WEEE_generatedDedicated,WEEE_Cat4a,displayLCD,AlAndAlAlloys,Mn,e-m,0.0248,%,2
OBS,2020,EU27+4,WEEE_generatedDedicated,WEEE_Cat4a,displayLCD,AlAndAlAlloys,Mo,e-m,0.002,%,2
OBS,2020,EU27+4,WEEE_generatedDedicated,WEEE_Cat4a,displayLCD,AlAndAlAlloys,Sm,e-m,0.0003,%,2
OBS,2020,EU27+4,WEEE_generatedDedicated,WEEE_Cat4a,displayLCD,AlAndAlAlloys,n/a,m-c,0.257,%,2
OBS,2020,EU27+4,WEEE_generatedDedicated,WEEE_Cat4a,displayLCD,CuAndCuAlloys,Ag,e-m,0.00985,%,2
OBS,2020,EU27+4,WEEE_generatedDedicated,WEEE_Cat4a,displayLCD,CuAndCuAlloys,Dy,e-m,0.75,%,2
OBS,2020,EU27+4,WEEE_generatedDedicated,WEEE_Cat4a,displayLCD,CuAndCuAlloys,Zr,e-m,0.25,%,2
OBS,2020,EU27+4,WEEE_generatedDedicated,WEEE_Cat4a,displayLCD,CuAndCuAlloys,n/a,m-c,0.00839,%,2
OBS,2020,EU27+4,WEEE_generatedDedicated,WEEE_Cat4a,displayLCD,ferrousMetals,Ag,e-m,0.132,%,2
OBS,2020,EU27+4,WEEE_generatedDedicated,WEEE_Cat4a,displayLCD,ferrousMetals,Cu,e-m,0.18,%,2
OBS,2020,EU27+4,WEEE_generatedDedicated,WEEE_Cat4a,displayLCD,ferrousMetals,Ga,e-m,0.725,%,2
OBS,2020,EU27+4,WEEE_generatedDedicated,WEEE_Cat4a,displayLCD,ferrousMetals,Mo,e-m,0.01,%,2
OBS,2020,EU27+4,WEEE_generatedDedicated,WEEE_Cat4a,displayLCD,ferrousMetals,O,e-m,0.08,%,2
OBS,2020,EU27+4,WEEE_generatedDedicated,WEEE_Cat4a,displayLCD,ferrousMetals,Sm,e-m,0.005,%,2
OBS,2020,EU27+4,WEEE_generatedDedicated,WEEE_Cat4a,displayLCD,ferrousMetals,n/a,m-c,0.11,%,2
OBS,2020,EU27+4,WEEE_generatedDedicated,WEEE_Cat4a,displayLCD,glass,Ag,e-m,0.392,%,2
OBS,2020,EU27+4,WEEE_generatedDedicated,WEEE_Cat4a,displayLCD,glass,Pd,e-m,0.265,%,2
OBS,2020,EU27+4,WEEE_generatedDedicated,WEEE_Cat4a,displayLCD,glass,Sc,e-m,0.00196,%,2
OBS,2020,EU27+4,WEEE_generatedDedicated,WEEE_Cat4a,displayLCD,glass,Zr,e-m,0.000708,%,2
OBS,2020,EU27+4,WEEE_generatedDedicated,WEEE_Cat4a,displayLCD,glass,n/a,m-c,0.329,%,2
OBS,2020,EU27+4,WEEE_generatedDedicated,WEEE_Cat4a,displayLCD,n/a,n/a,c-p,0.000449,%,1
OBS,2020,EU27+4,WEEE_generatedDedicated,WEEE_Cat4a,displayLCD,plastics,Ag,e-m,0.176,%,2
OBS,2020,EU27+4,WEEE_generatedDedicated,WEEE_Cat4a,displayLCD,plastics,n/a,m-c,0.176,%,2
OBS,2020,EU27+4,WEEE_generatedDedicated,WEEE_Cat4a,displayLCD,undefinedAndMixedMaterials,Ag,e-m,0.0714,%,2
OBS,2020,EU27+4,WEEE_generatedDedicated,WEEE_Cat4a,displayLCD,undefinedAndMixedMaterials,n/a,m-c,0.06,%,2
OBS,2020,EU27+4,WEEE_generatedDedicated,WEEE_Cat4a,displayLCDunder100cm2,n/a,n/a,c-p,0.000553,%,1
OBS,2020,EU27+4,WEEE_generatedDedicated,WEEE_Cat4a,displayOther,AlAndAlAlloys,Ag,e-m,0.00706,%,2
OBS,2020,EU27+4,WEEE_generatedDedicated,WEEE_Cat4a,displayOther,AlAndAlAlloys,As,e-m,0.97,%,2
OBS,2020,EU27+4,WEEE_generatedDedicated,WEEE_Cat4a,displayOther,AlAndAlAlloys,Cu,e-m,0.002,%,2
OBS,2020,EU27+4,WEEE_generatedDedicated,WEEE_Cat4a,displayOther,AlAndAlAlloys,Ga,e-m,0.001,%,2
OBS,2020,EU27+4,WEEE_generatedDedicated,WEEE_Cat4a,displayOther,AlAndAlAlloys,Mn,e-m,0.0248,%,2
OBS,2020,EU27+4,WEEE_generatedDedicated,WEEE_Cat4a,displayOther,AlAndAlAlloys,Mo,e-m,0.002,%,2
OBS,2020,EU27+4,WEEE_generatedDedicated,WEEE_Cat4a,displayOther,AlAndAlAlloys,Sm,e-m,0.0003,%,2
OBS,2020,EU27+4,WEEE_generatedDedicated,WEEE_Cat4a,displayOther,AlAndAlAlloys,n/a,m-c,0.00703,%,2
OBS,2020,EU27+4,WEEE_generatedDedicated,WEEE_Cat4a,displayOther,CuAndCuAlloys,Ag,e-m,0.000388,%,2
OBS,2020,EU27+4,WEEE_generatedDedicated,WEEE_Cat4a,displayOther,CuAndCuAlloys,Dy,e-m,0.75,%,2
OBS,2020,EU27+4,WEEE_generatedDedicated,WEEE_Cat4a,displayOther,CuAndCuAlloys,Zr,e-m,0.25,%,2
OBS,2020,EU27+4,WEEE_generatedDedicated,WEEE_Cat4a,displayOther,CuAndCuAlloys,n/a,m-c,0.000388,%,2
OBS,2020,EU27+4,WEEE_generatedDedicated,WEEE_Cat4a,displayOther,ferrousMetals,Ag,e-m,0.0127,%,2
OBS,2020,EU27+4,WEEE_generatedDedicated,WEEE_Cat4a,displayOther,ferrousMetals,Cu,e-m,0.18,%,2
OBS,2020,EU27+4,WEEE_generatedDedicated,WEEE_Cat4a,displayOther,ferrousMetals,Ga,e-m,0.725,%,2
OBS,2020,EU27+4,WEEE_generatedDedicated,WEEE_Cat4a,displayOther,ferrousMetals,Mo,e-m,0.01,%,2
OBS,2020,EU27+4,WEEE_generatedDedicated,WEEE_Cat4a,displayOther,ferrousMetals,O,e-m,0.08,%,2
OBS,2020,EU27+4,WEEE_generatedDedicated,WEEE_Cat4a,displayOther,ferrousMetals,Sm,e-m,0.005,%,2
OBS,2020,EU27+4,WEEE_generatedDedicated,WEEE_Cat4a,displayOther,ferrousMetals,n/a,m-c,0.00941,%,2
OBS,2020,EU27+4,WEEE_generatedDedicated,WEEE_Cat4a,displayOther,glass,Ag,e-m,0.276,%,2
OBS,2020,EU27+4,WEEE_generatedDedicated,WEEE_Cat4a,displayOther,glass,Pd,e-m,0.265,%,2
OBS,2020,EU27+4,WEEE_generatedDedicated,WEEE_Cat4a,displayOther,glass,Sc,e-m,0.00196,%,2
OBS,2020,EU27+4,WEEE_generatedDedicated,WEEE_Cat4a,displayOther,glass,Zr,e-m,0.000708,%,2
OBS,2020,EU27+4,WEEE_generatedDedicated,WEEE_Cat4a,displayOther,glass,n/a,m-c,0.0538,%,2
OBS,2020,EU27+4,WEEE_generatedDedicated,WEEE_Cat4a,displayOther,n/a,n/a,c-p,0.00367,%,2
OBS,2020,EU27+4,WEEE_generatedDedicated,WEEE_Cat4a,displayOther,otherMetalsAndMetalAlloys,Ag,e-m,0.00231,%,2
OBS,2020,EU27+4,WEEE_generatedDedicated,WEEE_Cat4a,displayOther,otherMetalsAndMetalAlloys,Al,e-m,0.9,%,2
OBS,2020,EU27+4,WEEE_generatedDedicated,WEEE_Cat4a,displayOther,otherMetalsAndMetalAlloys,Dy,e-m,0.1,%,2
OBS,2020,EU27+4,WEEE_generatedDedicated,WEEE_Cat4a,displayOther,otherMetalsAndMetalAlloys,n/a,m-c,0.00237,%,2
OBS,2020,EU27+4,WEEE_generatedDedicated,WEEE_Cat4a,displayOther,plastics,Ag,e-m,0.0125,%,2
OBS,2020,EU27+4,WEEE_generatedDedicated,WEEE_Cat4a,displayOther,plastics,n/a,m-c,0.0125,%,2
OBS,2020,EU27+4,WEEE_generatedDedicated,WEEE_Cat4a,displayOther,undefinedAndMixedMaterials,Ag,e-m,0.0000891,%,2
OBS,2020,EU27+4,WEEE_generatedDedicated,WEEE_Cat4a,displayOther,undefinedAndMixedMaterials,n/a,m-c,0.0000891,%,2
OBS,2020,EU27+4,WEEE_generatedDedicated,WEEE_Cat4a,displayPlasma,n/a,n/a,c-p,0.152,%,1
OBS,2020,EU27+4,WEEE_generatedDedicated,WEEE_Cat4a,driveCDDExt,n/a,n/a,c-p,0.00561,%,1
OBS,2020,EU27+4,WEEE_generatedDedicated,WEEE_Cat4a,driveCDDInt,AlAndAlAlloys,Ag,e-m,0.0324,%,2
OBS,2020,EU27+4,WEEE_generatedDedicated,WEEE_Cat4a,driveCDDInt,AlAndAlAlloys,As,e-m,0.97,%,2
OBS,2020,EU27+4,WEEE_generatedDedicated,WEEE_Cat4a,driveCDDInt,AlAndAlAlloys,Cu,e-m,0.002,%,2
OBS,2020,EU27+4,WEEE_generatedDedicated,WEEE_Cat4a,driveCDDInt,AlAndAlAlloys,Ga,e-m,0.001,%,2
OBS,2020,EU27+4,WEEE_generatedDedicated,WEEE_Cat4a,driveCDDInt,AlAndAlAlloys,Mn,e-m,0.0248,%,2
OBS,2020,EU27+4,WEEE_generatedDedicated,WEEE_Cat4a,driveCDDInt,AlAndAlAlloys,Mo,e-m,0.002,%,2
OBS,2020,EU27+4,WEEE_generatedDedicated,WEEE_Cat4a,driveCDDInt,AlAndAlAlloys,Sm,e-m,0.0003,%,2
OBS,2020,EU27+4,WEEE_generatedDedicated,WEEE_Cat4a,driveCDDInt,AlAndAlAlloys,n/a,m-c,0.0248,%,2
OBS,2020,EU27+4,WEEE_generatedDedicated,WEEE_Cat4a,driveCDDInt,CuAndCuAlloys,Ag,e-m,0.00564,%,2
OBS,2020,EU27+4,WEEE_generatedDedicated,WEEE_Cat4a,driveCDDInt,CuAndCuAlloys,Dy,e-m,0.75,%,2
OBS,2020,EU27+4,WEEE_generatedDedicated,WEEE_Cat4a,driveCDDInt,CuAndCuAlloys,Zr,e-m,0.25,%,2
OBS,2020,EU27+4,WEEE_generatedDedicated,WEEE_Cat4a,driveCDDInt,CuAndCuAlloys,n/a,m-c,0.00637,%,2
OBS,2020,EU27+4,WEEE_generatedDedicated,WEEE_Cat4a,driveCDDInt,ferrousMetals,Ag,e-m,0.103,%,2
OBS,2020,EU27+4,WEEE_generatedDedicated,WEEE_Cat4a,driveCDDInt,ferrousMetals,Cu,e-m,0.18,%,2
OBS,2020,EU27+4,WEEE_generatedDedicated,WEEE_Cat4a,driveCDDInt,ferrousMetals,Ga,e-m,0.725,%,2
OBS,2020,EU27+4,WEEE_generatedDedicated,WEEE_Cat4a,driveCDDInt,ferrousMetals,Mo,e-m,0.01,%,2
OBS,2020,EU27+4,WEEE_generatedDedicated,WEEE_Cat4a,driveCDDInt,ferrousMetals,O,e-m,0.08,%,2
OBS,2020,EU27+4,WEEE_generatedDedicated,WEEE_Cat4a,driveCDDInt,ferrousMetals,Sm,e-m,0.005,%,2
OBS,2020,EU27+4,WEEE_generatedDedicated,WEEE_Cat4a,driveCDDInt,ferrousMetals,n/a,m-c,0.127,%,2
OBS,2020,EU27+4,WEEE_generatedDedicated,WEEE_Cat4a,driveCDDInt,n/a,n/a,c-p,0.01,%,2
OBS,2020,EU27+4,WEEE_generatedDedicated,WEEE_Cat4a,driveCDDInt,otherMetalsAndMetalAlloys,Ag,e-m,0.0161,%,2
OBS,2020,EU27+4,WEEE_generatedDedicated,WEEE_Cat4a,driveCDDInt,otherMetalsAndMetalAlloys,Al,e-m,0.9,%,2
OBS,2020,EU27+4,WEEE_generatedDedicated,WEEE_Cat4a,driveCDDInt,otherMetalsAndMetalAlloys,Dy,e-m,0.1,%,2
OBS,2020,EU27+4,WEEE_generatedDedicated,WEEE_Cat4a,driveCDDInt,otherMetalsAndMetalAlloys,n/a,m-c,0.00441,%,2
OBS,2020,EU27+4,WEEE_generatedDedicated,WEEE_Cat4a,driveCDDInt,plastics,Ag,e-m,0.0254,%,2
OBS,2020,EU27+4,WEEE_generatedDedicated,WEEE_Cat4a,driveCDDInt,plastics,n/a,m-c,0.0254,%,2
OBS,2020,EU27+4,WEEE_generatedDedicated,WEEE_Cat4a,driveCDDInt,undefinedAndMixedMaterials,Ag,e-m,0.000808,%,2
OBS,2020,EU27+4,WEEE_generatedDedicated,WEEE_Cat4a,driveCDDInt,undefinedAndMixedMaterials,n/a,m-c,0.000808,%,2
OBS,2020,EU27+4,WEEE_generatedDedicated,WEEE_Cat4a,driveFDD,AlAndAlAlloys,Ag,e-m,0.387,%,2
OBS,2020,EU27+4,WEEE_generatedDedicated,WEEE_Cat4a,driveFDD,AlAndAlAlloys,As,e-m,0.97,%,2
OBS,2020,EU27+4,WEEE_generatedDedicated,WEEE_Cat4a,driveFDD,AlAndAlAlloys,Cu,e-m,0.002,%,2
OBS,2020,EU27+4,WEEE_generatedDedicated,WEEE_Cat4a,driveFDD,AlAndAlAlloys,Ga,e-m,0.001,%,2
OBS,2020,EU27+4,WEEE_generatedDedicated,WEEE_Cat4a,driveFDD,AlAndAlAlloys,Mn,e-m,0.0248,%,2
OBS,2020,EU27+4,WEEE_generatedDedicated,WEEE_Cat4a,driveFDD,AlAndAlAlloys,Mo,e-m,0.002,%,2
OBS,2020,EU27+4,WEEE_generatedDedicated,WEEE_Cat4a,driveFDD,AlAndAlAlloys,Sm,e-m,0.0003,%,2
OBS,2020,EU27+4,WEEE_generatedDedicated,WEEE_Cat4a,driveFDD,AlAndAlAlloys,n/a,m-c,0.634,%,2
OBS,2020,EU27+4,WEEE_generatedDedicated,WEEE_Cat4a,driveFDD,ferrousMetals,Ag,e-m,0.223,%,2
OBS,2020,EU27+4,WEEE_generatedDedicated,WEEE_Cat4a,driveFDD,ferrousMetals,Cu,e-m,0.18,%,2
OBS,2020,EU27+4,WEEE_generatedDedicated,WEEE_Cat4a,driveFDD,ferrousMetals,Ga,e-m,0.725,%,2
OBS,2020,EU27+4,WEEE_generatedDedicated,WEEE_Cat4a,driveFDD,ferrousMetals,Mo,e-m,0.01,%,2
OBS,2020,EU27+4,WEEE_generatedDedicated,WEEE_Cat4a,driveFDD,ferrousMetals,O,e-m,0.08,%,2
OBS,2020,EU27+4,WEEE_generatedDedicated,WEEE_Cat4a,driveFDD,ferrousMetals,Sm,e-m,0.005,%,2
OBS,2020,EU27+4,WEEE_generatedDedicated,WEEE_Cat4a,driveFDD,ferrousMetals,n/a,m-c,0.366,%,2
OBS,2020,EU27+4,WEEE_generatedDedicated,WEEE_Cat4a,driveFDD,n/a,n/a,c-p,0.021,%,1
OBS,2020,EU27+4,WEEE_generatedDedicated,WEEE_Cat4a,driveHDD,AlAndAlAlloys,Ag,e-m,0.0345,%,2
OBS,2020,EU27+4,WEEE_generatedDedicated,WEEE_Cat4a,driveHDD,AlAndAlAlloys,As,e-m,0.97,%,2
OBS,2020,EU27+4,WEEE_generatedDedicated,WEEE_Cat4a,driveHDD,AlAndAlAlloys,Cu,e-m,0.002,%,2
OBS,2020,EU27+4,WEEE_generatedDedicated,WEEE_Cat4a,driveHDD,AlAndAlAlloys,Ga,e-m,0.001,%,2
OBS,2020,EU27+4,WEEE_generatedDedicated,WEEE_Cat4a,driveHDD,AlAndAlAlloys,Mn,e-m,0.0248,%,2
OBS,2020,EU27+4,WEEE_generatedDedicated,WEEE_Cat4a,driveHDD,AlAndAlAlloys,Mo,e-m,0.002,%,2
OBS,2020,EU27+4,WEEE_generatedDedicated,WEEE_Cat4a,driveHDD,AlAndAlAlloys,Sm,e-m,0.0003,%,2
OBS,2020,EU27+4,WEEE_generatedDedicated,WEEE_Cat4a,driveHDD,AlAndAlAlloys,n/a,m-c,0.0297,%,2
OBS,2020,EU27+4,WEEE_generatedDedicated,WEEE_Cat4a,driveHDD,CuAndCuAlloys,Ag,e-m,0.00548,%,2
OBS,2020,EU27+4,WEEE_generatedDedicated,WEEE_Cat4a,driveHDD,CuAndCuAlloys,Dy,e-m,0.75,%,2
OBS,2020,EU27+4,WEEE_generatedDedicated,WEEE_Cat4a,driveHDD,CuAndCuAlloys,Zr,e-m,0.25,%,2
OBS,2020,EU27+4,WEEE_generatedDedicated,WEEE_Cat4a,driveHDD,CuAndCuAlloys,n/a,m-c,0.00471,%,2
OBS,2020,EU27+4,WEEE_generatedDedicated,WEEE_Cat4a,driveHDD,ferrousMetals,Ag,e-m,0.129,%,2
OBS,2020,EU27+4,WEEE_generatedDedicated,WEEE_Cat4a,driveHDD,ferrousMetals,Cu,e-m,0.18,%,2
OBS,2020,EU27+4,WEEE_generatedDedicated,WEEE_Cat4a,driveHDD,ferrousMetals,Ga,e-m,0.725,%,2
OBS,2020,EU27+4,WEEE_generatedDedicated,WEEE_Cat4a,driveHDD,ferrousMetals,Mo,e-m,0.01,%,2
OBS,2020,EU27+4,WEEE_generatedDedicated,WEEE_Cat4a,driveHDD,ferrousMetals,O,e-m,0.08,%,2
OBS,2020,EU27+4,WEEE_generatedDedicated,WEEE_Cat4a,driveHDD,ferrousMetals,Sm,e-m,0.005,%,2
OBS,2020,EU27+4,WEEE_generatedDedicated,WEEE_Cat4a,driveHDD,ferrousMetals,n/a,m-c,0.129,%,2
OBS,2020,EU27+4,WEEE_generatedDedicated,WEEE_Cat4a,driveHDD,n/a,n/a,c-p,0.00492,%,1
OBS,2020,EU27+4,WEEE_generatedDedicated,WEEE_Cat4a,driveHDD,otherMetalsAndMetalAlloys,Ag,e-m,0.242,%,2
OBS,2020,EU27+4,WEEE_generatedDedicated,WEEE_Cat4a,driveHDD,otherMetalsAndMetalAlloys,Al,e-m,0.9,%,2
OBS,2020,EU27+4,WEEE_generatedDedicated,WEEE_Cat4a,driveHDD,otherMetalsAndMetalAlloys,Dy,e-m,0.1,%,2
OBS,2020,EU27+4,WEEE_generatedDedicated,WEEE_Cat4a,driveHDD,otherMetalsAndMetalAlloys,n/a,m-c,0.242,%,2
OBS,2020,EU27+4,WEEE_generatedDedicated,WEEE_Cat4a,driveHDD,plastics,Ag,e-m,0.00853,%,2
OBS,2020,EU27+4,WEEE_generatedDedicated,WEEE_Cat4a,driveHDD,plastics,n/a,m-c,0.00853,%,2
OBS,2020,EU27+4,WEEE_generatedDedicated,WEEE_Cat4a,driveHDD,undefinedAndMixedMaterials,Ag,e-m,0.0459,%,2
OBS,2020,EU27+4,WEEE_generatedDedicated,WEEE_Cat4a,driveHDD,undefinedAndMixedMaterials,n/a,m-c,0.00271,%,2
OBS,2020,EU27+4,WEEE_generatedDedicated,WEEE_Cat4a,driveUnspecified,CuAndCuAlloys,Ag,e-m,0.0226,%,2
OBS,2020,EU27+4,WEEE_generatedDedicated,WEEE_Cat4a,driveUnspecified,CuAndCuAlloys,Dy,e-m,0.75,%,2
OBS,2020,EU27+4,WEEE_generatedDedicated,WEEE_Cat4a,driveUnspecified,CuAndCuAlloys,Zr,e-m,0.25,%,2
OBS,2020,EU27+4,WEEE_generatedDedicated,WEEE_Cat4a,driveUnspecified,CuAndCuAlloys,n/a,m-c,0.0226,%,2
OBS,2020,EU27+4,WEEE_generatedDedicated,WEEE_Cat4a,driveUnspecified,ferrousMetals,Ag,e-m,0.316,%,2
OBS,2020,EU27+4,WEEE_generatedDedicated,WEEE_Cat4a,driveUnspecified,ferrousMetals,Cu,e-m,0.18,%,2
OBS,2020,EU27+4,WEEE_generatedDedicated,WEEE_Cat4a,driveUnspecified,ferrousMetals,Ga,e-m,0.725,%,2
OBS,2020,EU27+4,WEEE_generatedDedicated,WEEE_Cat4a,driveUnspecified,ferrousMetals,Mo,e-m,0.01,%,2
OBS,2020,EU27+4,WEEE_generatedDedicated,WEEE_Cat4a,driveUnspecified,ferrousMetals,O,e-m,0.08,%,2
OBS,2020,EU27+4,WEEE_generatedDedicated,WEEE_Cat4a,driveUnspecified,ferrousMetals,Sm,e-m,0.005,%,2
OBS,2020,EU27+4,WEEE_generatedDedicated,WEEE_Cat4a,driveUnspecified,ferrousMetals,n/a,m-c,0.316,%,2
OBS,2020,EU27+4,WEEE_generatedDedicated,WEEE_Cat4a,driveUnspecified,n/a,n/a,c-p,0.0822,%,2
OBS,2020,EU27+4,WEEE_generatedDedicated,WEEE_Cat4a,driveUnspecified,plastics,Ag,e-m,0.188,%,2
OBS,2020,EU27+4,WEEE_generatedDedicated,WEEE_Cat4a,driveUnspecified,plastics,n/a,m-c,0.188,%,2
OBS,2020,EU27+4,WEEE_generatedDedicated,WEEE_Cat4a,driveUnspecified,undefinedAndMixedMaterials,Ag,e-m,0.0136,%,2
OBS,2020,EU27+4,WEEE_generatedDedicated,WEEE_Cat4a,driveUnspecified,undefinedAndMixedMaterials,n/a,m-c,0.0136,%,2
OBS,2020,EU27+4,WEEE_generatedDedicated,WEEE_Cat4a,electricEngine,AlAndAlAlloys,Ag,e-m,0.0268,%,1
OBS,2020,EU27+4,WEEE_generatedDedicated,WEEE_Cat4a,electricEngine,AlAndAlAlloys,As,e-m,0.97,%,1
OBS,2020,EU27+4,WEEE_generatedDedicated,WEEE_Cat4a,electricEngine,AlAndAlAlloys,Cu,e-m,0.002,%,1
OBS,2020,EU27+4,WEEE_generatedDedicated,WEEE_Cat4a,electricEngine,AlAndAlAlloys,Ga,e-m,0.001,%,1
OBS,2020,EU27+4,WEEE_generatedDedicated,WEEE_Cat4a,electricEngine,AlAndAlAlloys,Mn,e-m,0.0248,%,1
OBS,2020,EU27+4,WEEE_generatedDedicated,WEEE_Cat4a,electricEngine,AlAndAlAlloys,Mo,e-m,0.002,%,1
OBS,2020,EU27+4,WEEE_generatedDedicated,WEEE_Cat4a,electricEngine,AlAndAlAlloys,Sm,e-m,0.0003,%,1
OBS,2020,EU27+4,WEEE_generatedDedicated,WEEE_Cat4a,electricEngine,AlAndAlAlloys,n/a,m-c,0.0219,%,1
OBS,2020,EU27+4,WEEE_generatedDedicated,WEEE_Cat4a,electricEngine,CuAndCuAlloys,Ag,e-m,0.186,%,1
OBS,2020,EU27+4,WEEE_generatedDedicated,WEEE_Cat4a,electricEngine,CuAndCuAlloys,Dy,e-m,0.75,%,1
OBS,2020,EU27+4,WEEE_generatedDedicated,WEEE_Cat4a,electricEngine,CuAndCuAlloys,Zr,e-m,0.25,%,1
OBS,2020,EU27+4,WEEE_generatedDedicated,WEEE_Cat4a,electricEngine,CuAndCuAlloys,n/a,m-c,0.127,%,1
OBS,2020,EU27+4,WEEE_generatedDedicated,WEEE_Cat4a,electricEngine,carbon,Ag,e-m,0.194,%,1
OBS,2020,EU27+4,WEEE_generatedDedicated,WEEE_Cat4a,electricEngine,carbon,Pd,e-m,0.265,%,1
OBS,2020,EU27+4,WEEE_generatedDedicated,WEEE_Cat4a,electricEngine,carbon,Sc,e-m,0.00196,%,1
OBS,2020,EU27+4,WEEE_generatedDedicated,WEEE_Cat4a,electricEngine,carbon,Zr,e-m,0.000708,%,1
OBS,2020,EU27+4,WEEE_generatedDedicated,WEEE_Cat4a,electricEngine,carbon,n/a,m-c,0.159,%,1
OBS,2020,EU27+4,WEEE_generatedDedicated,WEEE_Cat4a,electricEngine,ferrousMetals,Ag,e-m,0.734,%,1
OBS,2020,EU27+4,WEEE_generatedDedicated,WEEE_Cat4a,electricEngine,ferrousMetals,Ca,e-m,0.0198,%,1
OBS,2020,EU27+4,WEEE_generatedDedicated,WEEE_Cat4a,electricEngine,ferrousMetals,Cu,e-m,0.072,%,1
OBS,2020,EU27+4,WEEE_generatedDedicated,WEEE_Cat4a,electricEngine,ferrousMetals,Ga,e-m,0.853,%,1
OBS,2020,EU27+4,WEEE_generatedDedicated,WEEE_Cat4a,electricEngine,ferrousMetals,Mo,e-m,0.0085,%,1
OBS,2020,EU27+4,WEEE_generatedDedicated,WEEE_Cat4a,electricEngine,ferrousMetals,O,e-m,0.032,%,1
OBS,2020,EU27+4,WEEE_generatedDedicated,WEEE_Cat4a,electricEngine,ferrousMetals,Sm,e-m,0.0152,%,1
OBS,2020,EU27+4,WEEE_generatedDedicated,WEEE_Cat4a,electricEngine,ferrousMetals,n/a,m-c,0.601,%,1
OBS,2020,EU27+4,WEEE_generatedDedicated,WEEE_Cat4a,electricEngine,n/a,n/a,c-p,0.00863,%,1
OBS,2020,EU27+4,WEEE_generatedDedicated,WEEE_Cat4a,electricEngine,otherOrganics,Ag,e-m,0.00321,%,1
OBS,2020,EU27+4,WEEE_generatedDedicated,WEEE_Cat4a,electricEngine,otherOrganics,n/a,m-c,0.00263,%,1
OBS,2020,EU27+4,WEEE_generatedDedicated,WEEE_Cat4a,electricEngine,plastics,Ag,e-m,0.077,%,1
OBS,2020,EU27+4,WEEE_generatedDedicated,WEEE_Cat4a,electricEngine,plastics,n/a,m-c,0.0584,%,1
OBS,2020,EU27+4,WEEE_generatedDedicated,WEEE_Cat4a,filterFoamBased,n/a,n/a,c-p,0.00157,%,1
OBS,2020,EU27+4,WEEE_generatedDedicated,WEEE_Cat4a,filterFoamBased,plastics,Ag,e-m,1,%,1
OBS,2020,EU27+4,WEEE_generatedDedicated,WEEE_Cat4a,filterFoamBased,plastics,n/a,m-c,1,%,1
OBS,2020,EU27+4,WEEE_generatedDedicated,WEEE_Cat4a,fuse,n/a,n/a,c-p,0.0000501,%,1
OBS,2020,EU27+4,WEEE_generatedDedicated,WEEE_Cat4a,gear,n/a,n/a,c-p,0.000996,%,1
OBS,2020,EU27+4,WEEE_generatedDedicated,WEEE_Cat4a,gear,plastics,Ag,e-m,1,%,1
OBS,2020,EU27+4,WEEE_generatedDedicated,WEEE_Cat4a,gear,plastics,n/a,m-c,1,%,1
OBS,2020,EU27+4,WEEE_generatedDedicated,WEEE_Cat4a,heatingCoolingEEEairCondenser,CuAndCuAlloys,Ag,e-m,0.749,%,1
OBS,2020,EU27+4,WEEE_generatedDedicated,WEEE_Cat4a,heatingCoolingEEEairCondenser,CuAndCuAlloys,Dy,e-m,0.75,%,1
OBS,2020,EU27+4,WEEE_generatedDedicated,WEEE_Cat4a,heatingCoolingEEEairCondenser,CuAndCuAlloys,Zr,e-m,0.25,%,1
OBS,2020,EU27+4,WEEE_generatedDedicated,WEEE_Cat4a,heatingCoolingEEEairCondenser,CuAndCuAlloys,n/a,m-c,0.743,%,1
OBS,2020,EU27+4,WEEE_generatedDedicated,WEEE_Cat4a,heatingCoolingEEEairCondenser,n/a,n/a,c-p,0.000985,%,1
OBS,2020,EU27+4,WEEE_generatedDedicated,WEEE_Cat4a,heatingCoolingEEEairCondenser,otherOrUndefinedMaterials,Ag,e-m,0.00803,%,1
OBS,2020,EU27+4,WEEE_generatedDedicated,WEEE_Cat4a,heatingCoolingEEEairCondenser,otherOrUndefinedMaterials,n/a,m-c,0.00797,%,1
OBS,2020,EU27+4,WEEE_generatedDedicated,WEEE_Cat4a,heatingCoolingEEEairCondenser,plastics,Ag,e-m,0.00803,%,1
OBS,2020,EU27+4,WEEE_generatedDedicated,WEEE_Cat4a,heatingCoolingEEEairCondenser,plastics,n/a,m-c,0.00797,%,1
OBS,2020,EU27+4,WEEE_generatedDedicated,WEEE_Cat4a,heatingCoolingEEEairCondenser,steelAndSteelAlloys,Ag,e-m,0.243,%,1
OBS,2020,EU27+4,WEEE_generatedDedicated,WEEE_Cat4a,heatingCoolingEEEairCondenser,steelAndSteelAlloys,Cu,e-m,0.18,%,1
OBS,2020,EU27+4,WEEE_generatedDedicated,WEEE_Cat4a,heatingCoolingEEEairCondenser,steelAndSteelAlloys,Ga,e-m,0.725,%,1
OBS,2020,EU27+4,WEEE_generatedDedicated,WEEE_Cat4a,heatingCoolingEEEairCondenser,steelAndSteelAlloys,Mo,e-m,0.01,%,1
OBS,2020,EU27+4,WEEE_generatedDedicated,WEEE_Cat4a,heatingCoolingEEEairCondenser,steelAndSteelAlloys,O,e-m,0.08,%,1
OBS,2020,EU27+4,WEEE_generatedDedicated,WEEE_Cat4a,heatingCoolingEEEairCondenser,steelAndSteelAlloys,Sm,e-m,0.005,%,1
OBS,2020,EU27+4,WEEE_generatedDedicated,WEEE_Cat4a,heatingCoolingEEEairCondenser,steelAndSteelAlloys,n/a,m-c,0.241,%,1
OBS,2020,EU27+4,WEEE_generatedDedicated,WEEE_Cat4a,heatingCoolingEEEfan,AlAndAlAlloys,Ag,e-m,0.011,%,1
OBS,2020,EU27+4,WEEE_generatedDedicated,WEEE_Cat4a,heatingCoolingEEEfan,AlAndAlAlloys,As,e-m,0.97,%,1
OBS,2020,EU27+4,WEEE_generatedDedicated,WEEE_Cat4a,heatingCoolingEEEfan,AlAndAlAlloys,Cu,e-m,0.002,%,1
OBS,2020,EU27+4,WEEE_generatedDedicated,WEEE_Cat4a,heatingCoolingEEEfan,AlAndAlAlloys,Ga,e-m,0.001,%,1
OBS,2020,EU27+4,WEEE_generatedDedicated,WEEE_Cat4a,heatingCoolingEEEfan,AlAndAlAlloys,Mn,e-m,0.0248,%,1
OBS,2020,EU27+4,WEEE_generatedDedicated,WEEE_Cat4a,heatingCoolingEEEfan,AlAndAlAlloys,Mo,e-m,0.002,%,1
OBS,2020,EU27+4,WEEE_generatedDedicated,WEEE_Cat4a,heatingCoolingEEEfan,AlAndAlAlloys,Sm,e-m,0.0003,%,1
OBS,2020,EU27+4,WEEE_generatedDedicated,WEEE_Cat4a,heatingCoolingEEEfan,AlAndAlAlloys,n/a,m-c,0.011,%,1
OBS,2020,EU27+4,WEEE_generatedDedicated,WEEE_Cat4a,heatingCoolingEEEfan,CuAndCuAlloys,Ag,e-m,0.00766,%,1
OBS,2020,EU27+4,WEEE_generatedDedicated,WEEE_Cat4a,heatingCoolingEEEfan,CuAndCuAlloys,Dy,e-m,0.75,%,1
OBS,2020,EU27+4,WEEE_generatedDedicated,WEEE_Cat4a,heatingCoolingEEEfan,CuAndCuAlloys,Zr,e-m,0.25,%,1
OBS,2020,EU27+4,WEEE_generatedDedicated,WEEE_Cat4a,heatingCoolingEEEfan,CuAndCuAlloys,n/a,m-c,0.00766,%,1
OBS,2020,EU27+4,WEEE_generatedDedicated,WEEE_Cat4a,heatingCoolingEEEfan,ferrousMetals,Ag,e-m,0.039,%,1
OBS,2020,EU27+4,WEEE_generatedDedicated,WEEE_Cat4a,heatingCoolingEEEfan,ferrousMetals,Ca,e-m,0.033,%,1
OBS,2020,EU27+4,WEEE_generatedDedicated,WEEE_Cat4a,heatingCoolingEEEfan,ferrousMetals,Cu,e-m,0.18,%,2
OBS,2020,EU27+4,WEEE_generatedDedicated,WEEE_Cat4a,heatingCoolingEEEfan,ferrousMetals,Ga,e-m,0.725,%,1
OBS,2020,EU27+4,WEEE_generatedDedicated,WEEE_Cat4a,heatingCoolingEEEfan,ferrousMetals,Mo,e-m,0.0075,%,1
OBS,2020,EU27+4,WEEE_generatedDedicated,WEEE_Cat4a,heatingCoolingEEEfan,ferrousMetals,O,e-m,0.08,%,2
OBS,2020,EU27+4,WEEE_generatedDedicated,WEEE_Cat4a,heatingCoolingEEEfan,ferrousMetals,Sm,e-m,0.005,%,1
OBS,2020,EU27+4,WEEE_generatedDedicated,WEEE_Cat4a,heatingCoolingEEEfan,ferrousMetals,n/a,m-c,0.039,%,1
OBS,2020,EU27+4,WEEE_generatedDedicated,WEEE_Cat4a,heatingCoolingEEEfan,n/a,n/a,c-p,0.00144,%,1
OBS,2020,EU27+4,WEEE_generatedDedicated,WEEE_Cat4a,heatingCoolingEEEfan,otherMetalsAndMetalAlloys,n/a,m-c,0.000408,%,2
OBS,2020,EU27+4,WEEE_generatedDedicated,WEEE_Cat4a,heatingCoolingEEEfan,plastics,Ag,e-m,0.0544,%,1
OBS,2020,EU27+4,WEEE_generatedDedicated,WEEE_Cat4a,heatingCoolingEEEfan,plastics,n/a,m-c,0.0544,%,1
OBS,2020,EU27+4,WEEE_generatedDedicated,WEEE_Cat4a,heatingCoolingEEEfan,steelAndSteelAlloys,Ag,e-m,0.648,%,1
OBS,2020,EU27+4,WEEE_generatedDedicated,WEEE_Cat4a,heatingCoolingEEEfan,steelAndSteelAlloys,Cu,e-m,0.18,%,1
OBS,2020,EU27+4,WEEE_generatedDedicated,WEEE_Cat4a,heatingCoolingEEEfan,steelAndSteelAlloys,Ga,e-m,0.725,%,1
OBS,2020,EU27+4,WEEE_generatedDedicated,WEEE_Cat4a,heatingCoolingEEEfan,steelAndSteelAlloys,Mo,e-m,0.01,%,1
OBS,2020,EU27+4,WEEE_generatedDedicated,WEEE_Cat4a,heatingCoolingEEEfan,steelAndSteelAlloys,O,e-m,0.08,%,1
OBS,2020,EU27+4,WEEE_generatedDedicated,WEEE_Cat4a,heatingCoolingEEEfan,steelAndSteelAlloys,Sm,e-m,0.005,%,1
OBS,2020,EU27+4,WEEE_generatedDedicated,WEEE_Cat4a,heatingCoolingEEEfan,steelAndSteelAlloys,n/a,m-c,0.648,%,1
OBS,2020,EU27+4,WEEE_generatedDedicated,WEEE_Cat4a,heatingCoolingEEEfan,undefinedAndMixedMaterials,Ag,e-m,0.00671,%,2
OBS,2020,EU27+4,WEEE_generatedDedicated,WEEE_Cat4a,heatingCoolingEEEfan,undefinedAndMixedMaterials,n/a,m-c,0.00245,%,2
OBS,2020,EU27+4,WEEE_generatedDedicated,WEEE_Cat4a,heatingCoolingEEEheatSink,AlAndAlAlloys,Ag,e-m,0.27,%,2
OBS,2020,EU27+4,WEEE_generatedDedicated,WEEE_Cat4a,heatingCoolingEEEheatSink,AlAndAlAlloys,As,e-m,0.97,%,2
OBS,2020,EU27+4,WEEE_generatedDedicated,WEEE_Cat4a,heatingCoolingEEEheatSink,AlAndAlAlloys,Cu,e-m,0.002,%,2
OBS,2020,EU27+4,WEEE_generatedDedicated,WEEE_Cat4a,heatingCoolingEEEheatSink,AlAndAlAlloys,Ga,e-m,0.001,%,2
OBS,2020,EU27+4,WEEE_generatedDedicated,WEEE_Cat4a,heatingCoolingEEEheatSink,AlAndAlAlloys,Mn,e-m,0.0248,%,2
OBS,2020,EU27+4,WEEE_generatedDedicated,WEEE_Cat4a,heatingCoolingEEEheatSink,AlAndAlAlloys,Mo,e-m,0.002,%,2
OBS,2020,EU27+4,WEEE_generatedDedicated,WEEE_Cat4a,heatingCoolingEEEheatSink,AlAndAlAlloys,Sm,e-m,0.0003,%,2
OBS,2020,EU27+4,WEEE_generatedDedicated,WEEE_Cat4a,heatingCoolingEEEheatSink,AlAndAlAlloys,n/a,m-c,0.27,%,2
OBS,2020,EU27+4,WEEE_generatedDedicated,WEEE_Cat4a,heatingCoolingEEEheatSink,CuAndCuAlloys,Ag,e-m,0.0988,%,2
OBS,2020,EU27+4,WEEE_generatedDedicated,WEEE_Cat4a,heatingCoolingEEEheatSink,CuAndCuAlloys,Dy,e-m,0.75,%,2
OBS,2020,EU27+4,WEEE_generatedDedicated,WEEE_Cat4a,heatingCoolingEEEheatSink,CuAndCuAlloys,Zr,e-m,0.25,%,2
OBS,2020,EU27+4,WEEE_generatedDedicated,WEEE_Cat4a,heatingCoolingEEEheatSink,CuAndCuAlloys,n/a,m-c,0.0988,%,2
OBS,2020,EU27+4,WEEE_generatedDedicated,WEEE_Cat4a,heatingCoolingEEEheatSink,ferrousMetals,Ag,e-m,0.0403,%,2
OBS,2020,EU27+4,WEEE_generatedDedicated,WEEE_Cat4a,heatingCoolingEEEheatSink,ferrousMetals,Cu,e-m,0.18,%,2
OBS,2020,EU27+4,WEEE_generatedDedicated,WEEE_Cat4a,heatingCoolingEEEheatSink,ferrousMetals,Ga,e-m,0.725,%,2
OBS,2020,EU27+4,WEEE_generatedDedicated,WEEE_Cat4a,heatingCoolingEEEheatSink,ferrousMetals,Mo,e-m,0.01,%,2
OBS,2020,EU27+4,WEEE_generatedDedicated,WEEE_Cat4a,heatingCoolingEEEheatSink,ferrousMetals,O,e-m,0.08,%,2
OBS,2020,EU27+4,WEEE_generatedDedicated,WEEE_Cat4a,heatingCoolingEEEheatSink,ferrousMetals,Sm,e-m,0.005,%,2
OBS,2020,EU27+4,WEEE_generatedDedicated,WEEE_Cat4a,heatingCoolingEEEheatSink,ferrousMetals,n/a,m-c,0.0403,%,2
OBS,2020,EU27+4,WEEE_generatedDedicated,WEEE_Cat4a,heatingCoolingEEEheatSink,n/a,n/a,c-p,0.00147,%,1
OBS,2020,EU27+4,WEEE_generatedDedicated,WEEE_Cat4a,heatingCoolingEEEheatSink,otherMetalsAndMetalAlloys,Ag,e-m,0.27,%,2
OBS,2020,EU27+4,WEEE_generatedDedicated,WEEE_Cat4a,heatingCoolingEEEheatSink,otherMetalsAndMetalAlloys,Al,e-m,0.9,%,2
OBS,2020,EU27+4,WEEE_generatedDedicated,WEEE_Cat4a,heatingCoolingEEEheatSink,otherMetalsAndMetalAlloys,Dy,e-m,0.1,%,2
OBS,2020,EU27+4,WEEE_generatedDedicated,WEEE_Cat4a,heatingCoolingEEEheatSink,otherMetalsAndMetalAlloys,n/a,m-c,0.27,%,2
OBS,2020,EU27+4,WEEE_generatedDedicated,WEEE_Cat4a,heatingCoolingEEEheatSink,plastics,Ag,e-m,0.00748,%,2
OBS,2020,EU27+4,WEEE_generatedDedicated,WEEE_Cat4a,heatingCoolingEEEheatSink,plastics,n/a,m-c,0.0068,%,2
OBS,2020,EU27+4,WEEE_generatedDedicated,WEEE_Cat4a,heatingCoolingEEEheatSink,undefinedAndMixedMaterials,Ag,e-m,0.0174,%,2
OBS,2020,EU27+4,WEEE_generatedDedicated,WEEE_Cat4a,heatingCoolingEEEheatSink,undefinedAndMixedMaterials,n/a,m-c,0.0158,%,2
OBS,2020,EU27+4,WEEE_generatedDedicated,WEEE_Cat4a,inductor,CuAndCuAlloys,Ag,e-m,0.0622,%,2
OBS,2020,EU27+4,WEEE_generatedDedicated,WEEE_Cat4a,inductor,CuAndCuAlloys,Dy,e-m,0.75,%,2
OBS,2020,EU27+4,WEEE_generatedDedicated,WEEE_Cat4a,inductor,CuAndCuAlloys,Zr,e-m,0.25,%,2
OBS,2020,EU27+4,WEEE_generatedDedicated,WEEE_Cat4a,inductor,CuAndCuAlloys,n/a,m-c,0.4,%,2
OBS,2020,EU27+4,WEEE_generatedDedicated,WEEE_Cat4a,inductor,ferrousMetals,Ag,e-m,0.0622,%,2
OBS,2020,EU27+4,WEEE_generatedDedicated,WEEE_Cat4a,inductor,ferrousMetals,Cu,e-m,0.18,%,2
OBS,2020,EU27+4,WEEE_generatedDedicated,WEEE_Cat4a,inductor,ferrousMetals,Ga,e-m,0.725,%,2
OBS,2020,EU27+4,WEEE_generatedDedicated,WEEE_Cat4a,inductor,ferrousMetals,Mo,e-m,0.01,%,2
OBS,2020,EU27+4,WEEE_generatedDedicated,WEEE_Cat4a,inductor,ferrousMetals,O,e-m,0.08,%,2
OBS,2020,EU27+4,WEEE_generatedDedicated,WEEE_Cat4a,inductor,ferrousMetals,Sm,e-m,0.005,%,2
OBS,2020,EU27+4,WEEE_generatedDedicated,WEEE_Cat4a,inductor,ferrousMetals,n/a,m-c,0.4,%,2
OBS,2020,EU27+4,WEEE_generatedDedicated,WEEE_Cat4a,inductor,n/a,n/a,c-p,0.00367,%,1
OBS,2020,EU27+4,WEEE_generatedDedicated,WEEE_Cat4a,inductor,plastics,Ag,e-m,0.0312,%,2
OBS,2020,EU27+4,WEEE_generatedDedicated,WEEE_Cat4a,inductor,plastics,n/a,m-c,0.2,%,2
OBS,2020,EU27+4,WEEE_generatedDedicated,WEEE_Cat4a,insulation,n/a,n/a,c-p,0.000905,%,1
OBS,2020,EU27+4,WEEE_generatedDedicated,WEEE_Cat4a,keyboard,AlAndAlAlloys,Ag,e-m,0.425,%,2
OBS,2020,EU27+4,WEEE_generatedDedicated,WEEE_Cat4a,keyboard,AlAndAlAlloys,As,e-m,0.97,%,2
OBS,2020,EU27+4,WEEE_generatedDedicated,WEEE_Cat4a,keyboard,AlAndAlAlloys,Cu,e-m,0.002,%,2
OBS,2020,EU27+4,WEEE_generatedDedicated,WEEE_Cat4a,keyboard,AlAndAlAlloys,Ga,e-m,0.001,%,2
OBS,2020,EU27+4,WEEE_generatedDedicated,WEEE_Cat4a,keyboard,AlAndAlAlloys,Mn,e-m,0.0248,%,2
OBS,2020,EU27+4,WEEE_generatedDedicated,WEEE_Cat4a,keyboard,AlAndAlAlloys,Mo,e-m,0.002,%,2
OBS,2020,EU27+4,WEEE_generatedDedicated,WEEE_Cat4a,keyboard,AlAndAlAlloys,Sm,e-m,0.0003,%,2
OBS,2020,EU27+4,WEEE_generatedDedicated,WEEE_Cat4a,keyboard,AlAndAlAlloys,n/a,m-c,0.298,%,2
OBS,2020,EU27+4,WEEE_generatedDedicated,WEEE_Cat4a,keyboard,CuAndCuAlloys,Ag,e-m,0.00512,%,2
OBS,2020,EU27+4,WEEE_generatedDedicated,WEEE_Cat4a,keyboard,CuAndCuAlloys,Dy,e-m,0.75,%,2
OBS,2020,EU27+4,WEEE_generatedDedicated,WEEE_Cat4a,keyboard,CuAndCuAlloys,Zr,e-m,0.25,%,2
OBS,2020,EU27+4,WEEE_generatedDedicated,WEEE_Cat4a,keyboard,CuAndCuAlloys,n/a,m-c,0.00485,%,2
OBS,2020,EU27+4,WEEE_generatedDedicated,WEEE_Cat4a,keyboard,ferrousMetals,Ag,e-m,0.0108,%,2
OBS,2020,EU27+4,WEEE_generatedDedicated,WEEE_Cat4a,keyboard,ferrousMetals,Cu,e-m,0.18,%,2
OBS,2020,EU27+4,WEEE_generatedDedicated,WEEE_Cat4a,keyboard,ferrousMetals,Ga,e-m,0.725,%,2
OBS,2020,EU27+4,WEEE_generatedDedicated,WEEE_Cat4a,keyboard,ferrousMetals,Mo,e-m,0.01,%,2
OBS,2020,EU27+4,WEEE_generatedDedicated,WEEE_Cat4a,keyboard,ferrousMetals,O,e-m,0.08,%,2
OBS,2020,EU27+4,WEEE_generatedDedicated,WEEE_Cat4a,keyboard,ferrousMetals,Sm,e-m,0.005,%,2
OBS,2020,EU27+4,WEEE_generatedDedicated,WEEE_Cat4a,keyboard,ferrousMetals,n/a,m-c,0.0107,%,2
OBS,2020,EU27+4,WEEE_generatedDedicated,WEEE_Cat4a,keyboard,n/a,n/a,c-p,0.0013,%,1
OBS,2020,EU27+4,WEEE_generatedDedicated,WEEE_Cat4a,keyboard,otherMetalsAndMetalAlloys,Ag,e-m,0.0599,%,2
OBS,2020,EU27+4,WEEE_generatedDedicated,WEEE_Cat4a,keyboard,otherMetalsAndMetalAlloys,Al,e-m,0.9,%,2
OBS,2020,EU27+4,WEEE_generatedDedicated,WEEE_Cat4a,keyboard,otherMetalsAndMetalAlloys,Dy,e-m,0.1,%,2
OBS,2020,EU27+4,WEEE_generatedDedicated,WEEE_Cat4a,keyboard,otherMetalsAndMetalAlloys,n/a,m-c,0.0576,%,2
OBS,2020,EU27+4,WEEE_generatedDedicated,WEEE_Cat4a,keyboard,plastics,Ag,e-m,0.338,%,2
OBS,2020,EU27+4,WEEE_generatedDedicated,WEEE_Cat4a,keyboard,plastics,n/a,m-c,0.237,%,2
OBS,2020,EU27+4,WEEE_generatedDedicated,WEEE_Cat4a,keyboard,undefinedAndMixedMaterials,Ag,e-m,0.0189,%,2
OBS,2020,EU27+4,WEEE_generatedDedicated,WEEE_Cat4a,keyboard,undefinedAndMixedMaterials,n/a,m-c,0.0182,%,2
OBS,2020,EU27+4,WEEE_generatedDedicated,WEEE_Cat4a,knob,AlAndAlAlloys,Ag,e-m,0.0208,%,1
OBS,2020,EU27+4,WEEE_generatedDedicated,WEEE_Cat4a,knob,AlAndAlAlloys,As,e-m,0.97,%,1
OBS,2020,EU27+4,WEEE_generatedDedicated,WEEE_Cat4a,knob,AlAndAlAlloys,Cu,e-m,0.002,%,1
OBS,2020,EU27+4,WEEE_generatedDedicated,WEEE_Cat4a,knob,AlAndAlAlloys,Ga,e-m,0.001,%,1
OBS,2020,EU27+4,WEEE_generatedDedicated,WEEE_Cat4a,knob,AlAndAlAlloys,Mn,e-m,0.0248,%,1
OBS,2020,EU27+4,WEEE_generatedDedicated,WEEE_Cat4a,knob,AlAndAlAlloys,Mo,e-m,0.002,%,1
OBS,2020,EU27+4,WEEE_generatedDedicated,WEEE_Cat4a,knob,AlAndAlAlloys,Sm,e-m,0.0003,%,1
OBS,2020,EU27+4,WEEE_generatedDedicated,WEEE_Cat4a,knob,AlAndAlAlloys,n/a,m-c,0.0208,%,1
OBS,2020,EU27+4,WEEE_generatedDedicated,WEEE_Cat4a,knob,ferrousMetals,Ag,e-m,0.104,%,1
OBS,2020,EU27+4,WEEE_generatedDedicated,WEEE_Cat4a,knob,ferrousMetals,Ca,e-m,0.033,%,1
OBS,2020,EU27+4,WEEE_generatedDedicated,WEEE_Cat4a,knob,ferrousMetals,Ga,e-m,0.938,%,1
OBS,2020,EU27+4,WEEE_generatedDedicated,WEEE_Cat4a,knob,ferrousMetals,Mo,e-m,0.0075,%,1
OBS,2020,EU27+4,WEEE_generatedDedicated,WEEE_Cat4a,knob,ferrousMetals,Sm,e-m,0.022,%,1
OBS,2020,EU27+4,WEEE_generatedDedicated,WEEE_Cat4a,knob,ferrousMetals,n/a,m-c,0.104,%,1
OBS,2020,EU27+4,WEEE_generatedDedicated,WEEE_Cat4a,knob,n/a,n/a,c-p,0.00378,%,1
OBS,2020,EU27+4,WEEE_generatedDedicated,WEEE_Cat4a,knob,plastics,Ag,e-m,0.875,%,1
OBS,2020,EU27+4,WEEE_generatedDedicated,WEEE_Cat4a,knob,plastics,n/a,m-c,0.875,%,1
OBS,2020,EU27+4,WEEE_generatedDedicated,WEEE_Cat4a,lenseAssembly,AlAndAlAlloys,Ag,e-m,0.0932,%,2
OBS,2020,EU27+4,WEEE_generatedDedicated,WEEE_Cat4a,lenseAssembly,AlAndAlAlloys,As,e-m,0.97,%,2
OBS,2020,EU27+4,WEEE_generatedDedicated,WEEE_Cat4a,lenseAssembly,AlAndAlAlloys,Cu,e-m,0.002,%,2
OBS,2020,EU27+4,WEEE_generatedDedicated,WEEE_Cat4a,lenseAssembly,AlAndAlAlloys,Ga,e-m,0.001,%,2
OBS,2020,EU27+4,WEEE_generatedDedicated,WEEE_Cat4a,lenseAssembly,AlAndAlAlloys,Mn,e-m,0.0248,%,2
OBS,2020,EU27+4,WEEE_generatedDedicated,WEEE_Cat4a,lenseAssembly,AlAndAlAlloys,Mo,e-m,0.002,%,2
OBS,2020,EU27+4,WEEE_generatedDedicated,WEEE_Cat4a,lenseAssembly,AlAndAlAlloys,Sm,e-m,0.0003,%,2
OBS,2020,EU27+4,WEEE_generatedDedicated,WEEE_Cat4a,lenseAssembly,AlAndAlAlloys,n/a,m-c,0.0861,%,2
OBS,2020,EU27+4,WEEE_generatedDedicated,WEEE_Cat4a,lenseAssembly,CuAndCuAlloys,Ag,e-m,0.00734,%,2
OBS,2020,EU27+4,WEEE_generatedDedicated,WEEE_Cat4a,lenseAssembly,CuAndCuAlloys,Dy,e-m,0.75,%,2
OBS,2020,EU27+4,WEEE_generatedDedicated,WEEE_Cat4a,lenseAssembly,CuAndCuAlloys,Zr,e-m,0.25,%,2
OBS,2020,EU27+4,WEEE_generatedDedicated,WEEE_Cat4a,lenseAssembly,CuAndCuAlloys,n/a,m-c,0.0069,%,2
OBS,2020,EU27+4,WEEE_generatedDedicated,WEEE_Cat4a,lenseAssembly,ferrousMetals,Ag,e-m,0.191,%,2
OBS,2020,EU27+4,WEEE_generatedDedicated,WEEE_Cat4a,lenseAssembly,ferrousMetals,Cu,e-m,0.18,%,2
OBS,2020,EU27+4,WEEE_generatedDedicated,WEEE_Cat4a,lenseAssembly,ferrousMetals,Ga,e-m,0.725,%,2
OBS,2020,EU27+4,WEEE_generatedDedicated,WEEE_Cat4a,lenseAssembly,ferrousMetals,Mo,e-m,0.01,%,2
OBS,2020,EU27+4,WEEE_generatedDedicated,WEEE_Cat4a,lenseAssembly,ferrousMetals,O,e-m,0.08,%,2
OBS,2020,EU27+4,WEEE_generatedDedicated,WEEE_Cat4a,lenseAssembly,ferrousMetals,Sm,e-m,0.005,%,2
OBS,2020,EU27+4,WEEE_generatedDedicated,WEEE_Cat4a,lenseAssembly,ferrousMetals,n/a,m-c,0.191,%,2
OBS,2020,EU27+4,WEEE_generatedDedicated,WEEE_Cat4a,lenseAssembly,glass,Ag,e-m,0.016,%,2
OBS,2020,EU27+4,WEEE_generatedDedicated,WEEE_Cat4a,lenseAssembly,glass,Pd,e-m,0.265,%,2
OBS,2020,EU27+4,WEEE_generatedDedicated,WEEE_Cat4a,lenseAssembly,glass,Sc,e-m,0.00196,%,2
OBS,2020,EU27+4,WEEE_generatedDedicated,WEEE_Cat4a,lenseAssembly,glass,Zr,e-m,0.000708,%,2
OBS,2020,EU27+4,WEEE_generatedDedicated,WEEE_Cat4a,lenseAssembly,glass,n/a,m-c,0.016,%,2
OBS,2020,EU27+4,WEEE_generatedDedicated,WEEE_Cat4a,lenseAssembly,n/a,n/a,c-p,0.0478,%,2
OBS,2020,EU27+4,WEEE_generatedDedicated,WEEE_Cat4a,lenseAssembly,plastics,Ag,e-m,0.289,%,2
OBS,2020,EU27+4,WEEE_generatedDedicated,WEEE_Cat4a,lenseAssembly,plastics,n/a,m-c,0.272,%,2
OBS,2020,EU27+4,WEEE_generatedDedicated,WEEE_Cat4a,lenseAssembly,undefinedAndMixedMaterials,Ag,e-m,0.0419,%,2
OBS,2020,EU27+4,WEEE_generatedDedicated,WEEE_Cat4a,lenseAssembly,undefinedAndMixedMaterials,n/a,m-c,0.0419,%,2
OBS,2020,EU27+4,WEEE_generatedDedicated,WEEE_Cat4a,lighting,n/a,n/a,c-p,0.00000463,%,1
OBS,2020,EU27+4,WEEE_generatedDedicated,WEEE_Cat4a,lightingFlash,AlAndAlAlloys,Ag,e-m,0.0804,%,2
OBS,2020,EU27+4,WEEE_generatedDedicated,WEEE_Cat4a,lightingFlash,AlAndAlAlloys,As,e-m,0.97,%,2
OBS,2020,EU27+4,WEEE_generatedDedicated,WEEE_Cat4a,lightingFlash,AlAndAlAlloys,Cu,e-m,0.002,%,2
OBS,2020,EU27+4,WEEE_generatedDedicated,WEEE_Cat4a,lightingFlash,AlAndAlAlloys,Ga,e-m,0.001,%,2
OBS,2020,EU27+4,WEEE_generatedDedicated,WEEE_Cat4a,lightingFlash,AlAndAlAlloys,Mn,e-m,0.0248,%,2
OBS,2020,EU27+4,WEEE_generatedDedicated,WEEE_Cat4a,lightingFlash,AlAndAlAlloys,Mo,e-m,0.002,%,2
OBS,2020,EU27+4,WEEE_generatedDedicated,WEEE_Cat4a,lightingFlash,AlAndAlAlloys,Sm,e-m,0.0003,%,2
OBS,2020,EU27+4,WEEE_generatedDedicated,WEEE_Cat4a,lightingFlash,AlAndAlAlloys,n/a,m-c,0.141,%,2
OBS,2020,EU27+4,WEEE_generatedDedicated,WEEE_Cat4a,lightingFlash,CuAndCuAlloys,Ag,e-m,0.0295,%,2
OBS,2020,EU27+4,WEEE_generatedDedicated,WEEE_Cat4a,lightingFlash,CuAndCuAlloys,Dy,e-m,0.75,%,2
OBS,2020,EU27+4,WEEE_generatedDedicated,WEEE_Cat4a,lightingFlash,CuAndCuAlloys,Zr,e-m,0.25,%,2
OBS,2020,EU27+4,WEEE_generatedDedicated,WEEE_Cat4a,lightingFlash,CuAndCuAlloys,n/a,m-c,0.0498,%,2
OBS,2020,EU27+4,WEEE_generatedDedicated,WEEE_Cat4a,lightingFlash,ferrousMetals,Ag,e-m,0.125,%,2
OBS,2020,EU27+4,WEEE_generatedDedicated,WEEE_Cat4a,lightingFlash,ferrousMetals,Cu,e-m,0.18,%,2
OBS,2020,EU27+4,WEEE_generatedDedicated,WEEE_Cat4a,lightingFlash,ferrousMetals,Ga,e-m,0.725,%,2
OBS,2020,EU27+4,WEEE_generatedDedicated,WEEE_Cat4a,lightingFlash,ferrousMetals,Mo,e-m,0.01,%,2
OBS,2020,EU27+4,WEEE_generatedDedicated,WEEE_Cat4a,lightingFlash,ferrousMetals,O,e-m,0.08,%,2
OBS,2020,EU27+4,WEEE_generatedDedicated,WEEE_Cat4a,lightingFlash,ferrousMetals,Sm,e-m,0.005,%,2
OBS,2020,EU27+4,WEEE_generatedDedicated,WEEE_Cat4a,lightingFlash,ferrousMetals,n/a,m-c,0.22,%,2
OBS,2020,EU27+4,WEEE_generatedDedicated,WEEE_Cat4a,lightingFlash,glass,Ag,e-m,0.0136,%,2
OBS,2020,EU27+4,WEEE_generatedDedicated,WEEE_Cat4a,lightingFlash,glass,Pd,e-m,0.265,%,2
OBS,2020,EU27+4,WEEE_generatedDedicated,WEEE_Cat4a,lightingFlash,glass,Sc,e-m,0.00196,%,2
OBS,2020,EU27+4,WEEE_generatedDedicated,WEEE_Cat4a,lightingFlash,glass,Zr,e-m,0.000708,%,2
OBS,2020,EU27+4,WEEE_generatedDedicated,WEEE_Cat4a,lightingFlash,glass,n/a,m-c,0.0125,%,2
OBS,2020,EU27+4,WEEE_generatedDedicated,WEEE_Cat4a,lightingFlash,n/a,n/a,c-p,0.0592,%,2
OBS,2020,EU27+4,WEEE_generatedDedicated,WEEE_Cat4a,lightingFlash,plastics,Ag,e-m,0.125,%,2
OBS,2020,EU27+4,WEEE_generatedDedicated,WEEE_Cat4a,lightingFlash,plastics,n/a,m-c,0.22,%,2
OBS,2020,EU27+4,WEEE_generatedDedicated,WEEE_Cat4a,lightingFlash,undefinedAndMixedMaterials,Ag,e-m,0.132,%,2
OBS,2020,EU27+4,WEEE_generatedDedicated,WEEE_Cat4a,lightingFlash,undefinedAndMixedMaterials,n/a,m-c,0.132,%,2
OBS,2020,EU27+4,WEEE_generatedDedicated,WEEE_Cat4a,magnetPermanent,n/a,n/a,c-p,0.0000743,%,1
OBS,2020,EU27+4,WEEE_generatedDedicated,WEEE_Cat4a,magnetPermanent,otherOrUndefinedMaterials,Ag,e-m,1,%,1
OBS,2020,EU27+4,WEEE_generatedDedicated,WEEE_Cat4a,magnetPermanent,otherOrUndefinedMaterials,n/a,m-c,1,%,1
OBS,2020,EU27+4,WEEE_generatedDedicated,WEEE_Cat4a,magnetron,n/a,n/a,c-p,0.0149,%,1
OBS,2020,EU27+4,WEEE_generatedDedicated,WEEE_Cat4a,mainboardInclCPUgpu,AlAndAlAlloys,Ag,e-m,0.0403,%,2
OBS,2020,EU27+4,WEEE_generatedDedicated,WEEE_Cat4a,mainboardInclCPUgpu,AlAndAlAlloys,As,e-m,0.97,%,2
OBS,2020,EU27+4,WEEE_generatedDedicated,WEEE_Cat4a,mainboardInclCPUgpu,AlAndAlAlloys,Cu,e-m,0.002,%,2
OBS,2020,EU27+4,WEEE_generatedDedicated,WEEE_Cat4a,mainboardInclCPUgpu,AlAndAlAlloys,Ga,e-m,0.001,%,2
OBS,2020,EU27+4,WEEE_generatedDedicated,WEEE_Cat4a,mainboardInclCPUgpu,AlAndAlAlloys,Mn,e-m,0.0248,%,2
OBS,2020,EU27+4,WEEE_generatedDedicated,WEEE_Cat4a,mainboardInclCPUgpu,AlAndAlAlloys,Mo,e-m,0.002,%,2
OBS,2020,EU27+4,WEEE_generatedDedicated,WEEE_Cat4a,mainboardInclCPUgpu,AlAndAlAlloys,Sm,e-m,0.0003,%,2
OBS,2020,EU27+4,WEEE_generatedDedicated,WEEE_Cat4a,mainboardInclCPUgpu,AlAndAlAlloys,n/a,m-c,0.0403,%,2
OBS,2020,EU27+4,WEEE_generatedDedicated,WEEE_Cat4a,mainboardInclCPUgpu,CuAndCuAlloys,Ag,e-m,0.0133,%,2
OBS,2020,EU27+4,WEEE_generatedDedicated,WEEE_Cat4a,mainboardInclCPUgpu,CuAndCuAlloys,Dy,e-m,0.75,%,2
OBS,2020,EU27+4,WEEE_generatedDedicated,WEEE_Cat4a,mainboardInclCPUgpu,CuAndCuAlloys,Zr,e-m,0.25,%,2
OBS,2020,EU27+4,WEEE_generatedDedicated,WEEE_Cat4a,mainboardInclCPUgpu,CuAndCuAlloys,n/a,m-c,0.005,%,2
OBS,2020,EU27+4,WEEE_generatedDedicated,WEEE_Cat4a,mainboardInclCPUgpu,ferrousMetals,Ag,e-m,0.0246,%,2
OBS,2020,EU27+4,WEEE_generatedDedicated,WEEE_Cat4a,mainboardInclCPUgpu,ferrousMetals,Cu,e-m,0.18,%,2
OBS,2020,EU27+4,WEEE_generatedDedicated,WEEE_Cat4a,mainboardInclCPUgpu,ferrousMetals,Ga,e-m,0.725,%,2
OBS,2020,EU27+4,WEEE_generatedDedicated,WEEE_Cat4a,mainboardInclCPUgpu,ferrousMetals,Mo,e-m,0.01,%,2
OBS,2020,EU27+4,WEEE_generatedDedicated,WEEE_Cat4a,mainboardInclCPUgpu,ferrousMetals,O,e-m,0.08,%,2
OBS,2020,EU27+4,WEEE_generatedDedicated,WEEE_Cat4a,mainboardInclCPUgpu,ferrousMetals,Sm,e-m,0.005,%,2
OBS,2020,EU27+4,WEEE_generatedDedicated,WEEE_Cat4a,mainboardInclCPUgpu,ferrousMetals,n/a,m-c,0.0439,%,2
OBS,2020,EU27+4,WEEE_generatedDedicated,WEEE_Cat4a,mainboardInclCPUgpu,n/a,n/a,c-p,0.00051,%,2
OBS,2020,EU27+4,WEEE_generatedDedicated,WEEE_Cat4a,mainboardInclCPUgpu,otherMetalsAndMetalAlloys,Ag,e-m,0.187,%,2
OBS,2020,EU27+4,WEEE_generatedDedicated,WEEE_Cat4a,mainboardInclCPUgpu,otherMetalsAndMetalAlloys,Al,e-m,0.9,%,2
OBS,2020,EU27+4,WEEE_generatedDedicated,WEEE_Cat4a,mainboardInclCPUgpu,otherMetalsAndMetalAlloys,Dy,e-m,0.1,%,2
OBS,2020,EU27+4,WEEE_generatedDedicated,WEEE_Cat4a,mainboardInclCPUgpu,otherMetalsAndMetalAlloys,n/a,m-c,0.00732,%,2
OBS,2020,EU27+4,WEEE_generatedDedicated,WEEE_Cat4a,mainboardInclCPUgpu,plastics,Ag,e-m,0.00146,%,2
OBS,2020,EU27+4,WEEE_generatedDedicated,WEEE_Cat4a,mainboardInclCPUgpu,plastics,n/a,m-c,0.00146,%,2
OBS,2020,EU27+4,WEEE_generatedDedicated,WEEE_Cat4a,mainboardInclCPUgpu,undefinedAndMixedMaterials,Ag,e-m,0.0286,%,2
OBS,2020,EU27+4,WEEE_generatedDedicated,WEEE_Cat4a,mainboardInclCPUgpu,undefinedAndMixedMaterials,n/a,m-c,0.0333,%,2
OBS,2020,EU27+4,WEEE_generatedDedicated,WEEE_Cat4a,n/a,n/a,n/a,c-p,0.385,%,2
OBS,2020,EU27+4,WEEE_generatedDedicated,WEEE_Cat4a,non-electricCoil,AlAndAlAlloys,Ag,e-m,0.0189,%,1
OBS,2020,EU27+4,WEEE_generatedDedicated,WEEE_Cat4a,non-electricCoil,AlAndAlAlloys,As,e-m,0.97,%,1
OBS,2020,EU27+4,WEEE_generatedDedicated,WEEE_Cat4a,non-electricCoil,AlAndAlAlloys,Cu,e-m,0.002,%,1
OBS,2020,EU27+4,WEEE_generatedDedicated,WEEE_Cat4a,non-electricCoil,AlAndAlAlloys,Ga,e-m,0.001,%,1
OBS,2020,EU27+4,WEEE_generatedDedicated,WEEE_Cat4a,non-electricCoil,AlAndAlAlloys,Mn,e-m,0.0248,%,1
OBS,2020,EU27+4,WEEE_generatedDedicated,WEEE_Cat4a,non-electricCoil,AlAndAlAlloys,Mo,e-m,0.002,%,1
OBS,2020,EU27+4,WEEE_generatedDedicated,WEEE_Cat4a,non-electricCoil,AlAndAlAlloys,Sm,e-m,0.0003,%,1
OBS,2020,EU27+4,WEEE_generatedDedicated,WEEE_Cat4a,non-electricCoil,AlAndAlAlloys,n/a,m-c,0.0189,%,1
OBS,2020,EU27+4,WEEE_generatedDedicated,WEEE_Cat4a,non-electricCoil,ferrousMetals,Ag,e-m,0.264,%,1
OBS,2020,EU27+4,WEEE_generatedDedicated,WEEE_Cat4a,non-electricCoil,ferrousMetals,Ca,e-m,0.033,%,1
OBS,2020,EU27+4,WEEE_generatedDedicated,WEEE_Cat4a,non-electricCoil,ferrousMetals,Ga,e-m,0.938,%,1
OBS,2020,EU27+4,WEEE_generatedDedicated,WEEE_Cat4a,non-electricCoil,ferrousMetals,Mo,e-m,0.0075,%,1
OBS,2020,EU27+4,WEEE_generatedDedicated,WEEE_Cat4a,non-electricCoil,ferrousMetals,Sm,e-m,0.022,%,1
OBS,2020,EU27+4,WEEE_generatedDedicated,WEEE_Cat4a,non-electricCoil,ferrousMetals,n/a,m-c,0.264,%,1
OBS,2020,EU27+4,WEEE_generatedDedicated,WEEE_Cat4a,non-electricCoil,n/a,n/a,c-p,0.00209,%,1
OBS,2020,EU27+4,WEEE_generatedDedicated,WEEE_Cat4a,non-electricCoil,plastics,Ag,e-m,0.717,%,1
OBS,2020,EU27+4,WEEE_generatedDedicated,WEEE_Cat4a,non-electricCoil,plastics,n/a,m-c,0.717,%,1
OBS,2020,EU27+4,WEEE_generatedDedicated,WEEE_Cat4a,nonElectricCoil,n/a,n/a,c-p,0.000261,%,1
OBS,2020,EU27+4,WEEE_generatedDedicated,WEEE_Cat4a,onOffSwitch,CuAndCuAlloys,Ag,e-m,0.16,%,2
OBS,2020,EU27+4,WEEE_generatedDedicated,WEEE_Cat4a,onOffSwitch,CuAndCuAlloys,Dy,e-m,0.75,%,2
OBS,2020,EU27+4,WEEE_generatedDedicated,WEEE_Cat4a,onOffSwitch,CuAndCuAlloys,Zr,e-m,0.25,%,2
OBS,2020,EU27+4,WEEE_generatedDedicated,WEEE_Cat4a,onOffSwitch,CuAndCuAlloys,n/a,m-c,0.16,%,2
OBS,2020,EU27+4,WEEE_generatedDedicated,WEEE_Cat4a,onOffSwitch,n/a,n/a,c-p,0.000584,%,2
OBS,2020,EU27+4,WEEE_generatedDedicated,WEEE_Cat4a,onOffSwitch,plastics,Ag,e-m,0.84,%,2
OBS,2020,EU27+4,WEEE_generatedDedicated,WEEE_Cat4a,onOffSwitch,plastics,n/a,m-c,0.84,%,2
OBS,2020,EU27+4,WEEE_generatedDedicated,WEEE_Cat4a,otherElectricCompUnspecified,AlAndAlAlloys,Ag,e-m,0.000538,%,2
OBS,2020,EU27+4,WEEE_generatedDedicated,WEEE_Cat4a,otherElectricCompUnspecified,AlAndAlAlloys,As,e-m,0.97,%,2
OBS,2020,EU27+4,WEEE_generatedDedicated,WEEE_Cat4a,otherElectricCompUnspecified,AlAndAlAlloys,Cu,e-m,0.002,%,2
OBS,2020,EU27+4,WEEE_generatedDedicated,WEEE_Cat4a,otherElectricCompUnspecified,AlAndAlAlloys,Ga,e-m,0.001,%,2
OBS,2020,EU27+4,WEEE_generatedDedicated,WEEE_Cat4a,otherElectricCompUnspecified,AlAndAlAlloys,Mn,e-m,0.0248,%,2
OBS,2020,EU27+4,WEEE_generatedDedicated,WEEE_Cat4a,otherElectricCompUnspecified,AlAndAlAlloys,Mo,e-m,0.002,%,2
OBS,2020,EU27+4,WEEE_generatedDedicated,WEEE_Cat4a,otherElectricCompUnspecified,AlAndAlAlloys,Sm,e-m,0.0003,%,2
OBS,2020,EU27+4,WEEE_generatedDedicated,WEEE_Cat4a,otherElectricCompUnspecified,AlAndAlAlloys,n/a,m-c,0.000538,%,2
OBS,2020,EU27+4,WEEE_generatedDedicated,WEEE_Cat4a,otherElectricCompUnspecified,CuAndCuAlloys,Ag,e-m,0.0113,%,2
OBS,2020,EU27+4,WEEE_generatedDedicated,WEEE_Cat4a,otherElectricCompUnspecified,CuAndCuAlloys,Dy,e-m,0.75,%,2
OBS,2020,EU27+4,WEEE_generatedDedicated,WEEE_Cat4a,otherElectricCompUnspecified,CuAndCuAlloys,Zr,e-m,0.25,%,2
OBS,2020,EU27+4,WEEE_generatedDedicated,WEEE_Cat4a,otherElectricCompUnspecified,CuAndCuAlloys,n/a,m-c,0.0113,%,2
OBS,2020,EU27+4,WEEE_generatedDedicated,WEEE_Cat4a,otherElectricCompUnspecified,ferrousMetals,Ag,e-m,0.0453,%,2
OBS,2020,EU27+4,WEEE_generatedDedicated,WEEE_Cat4a,otherElectricCompUnspecified,ferrousMetals,Cu,e-m,0.18,%,2
OBS,2020,EU27+4,WEEE_generatedDedicated,WEEE_Cat4a,otherElectricCompUnspecified,ferrousMetals,Ga,e-m,0.725,%,2
OBS,2020,EU27+4,WEEE_generatedDedicated,WEEE_Cat4a,otherElectricCompUnspecified,ferrousMetals,Mo,e-m,0.01,%,2
OBS,2020,EU27+4,WEEE_generatedDedicated,WEEE_Cat4a,otherElectricCompUnspecified,ferrousMetals,O,e-m,0.08,%,2
OBS,2020,EU27+4,WEEE_generatedDedicated,WEEE_Cat4a,otherElectricCompUnspecified,ferrousMetals,Sm,e-m,0.005,%,2
OBS,2020,EU27+4,WEEE_generatedDedicated,WEEE_Cat4a,otherElectricCompUnspecified,ferrousMetals,n/a,m-c,0.0772,%,2
OBS,2020,EU27+4,WEEE_generatedDedicated,WEEE_Cat4a,otherElectricCompUnspecified,glass,Ag,e-m,0.082,%,2
OBS,2020,EU27+4,WEEE_generatedDedicated,WEEE_Cat4a,otherElectricCompUnspecified,glass,Pd,e-m,0.265,%,2
OBS,2020,EU27+4,WEEE_generatedDedicated,WEEE_Cat4a,otherElectricCompUnspecified,glass,Sc,e-m,0.00196,%,2
OBS,2020,EU27+4,WEEE_generatedDedicated,WEEE_Cat4a,otherElectricCompUnspecified,glass,Zr,e-m,0.000708,%,2
OBS,2020,EU27+4,WEEE_generatedDedicated,WEEE_Cat4a,otherElectricCompUnspecified,glass,n/a,m-c,0.082,%,2
OBS,2020,EU27+4,WEEE_generatedDedicated,WEEE_Cat4a,otherElectricCompUnspecified,n/a,n/a,c-p,0.00859,%,1
OBS,2020,EU27+4,WEEE_generatedDedicated,WEEE_Cat4a,otherElectricCompUnspecified,otherMetalsAndMetalAlloys,Ag,e-m,0.000882,%,2
OBS,2020,EU27+4,WEEE_generatedDedicated,WEEE_Cat4a,otherElectricCompUnspecified,otherMetalsAndMetalAlloys,Al,e-m,0.9,%,2
OBS,2020,EU27+4,WEEE_generatedDedicated,WEEE_Cat4a,otherElectricCompUnspecified,otherMetalsAndMetalAlloys,Dy,e-m,0.1,%,2
OBS,2020,EU27+4,WEEE_generatedDedicated,WEEE_Cat4a,otherElectricCompUnspecified,otherMetalsAndMetalAlloys,n/a,m-c,0.00095,%,2
OBS,2020,EU27+4,WEEE_generatedDedicated,WEEE_Cat4a,otherElectricCompUnspecified,otherOrUndefinedMaterials,Ag,e-m,1,%,1
OBS,2020,EU27+4,WEEE_generatedDedicated,WEEE_Cat4a,otherElectricCompUnspecified,otherOrUndefinedMaterials,n/a,m-c,1,%,1
OBS,2020,EU27+4,WEEE_generatedDedicated,WEEE_Cat4a,otherElectricCompUnspecified,plastics,Ag,e-m,0.111,%,2
OBS,2020,EU27+4,WEEE_generatedDedicated,WEEE_Cat4a,otherElectricCompUnspecified,plastics,n/a,m-c,0.243,%,2
OBS,2020,EU27+4,WEEE_generatedDedicated,WEEE_Cat4a,otherElectricCompUnspecified,undefinedAndMixedMaterials,Ag,e-m,0.0002,%,2
OBS,2020,EU27+4,WEEE_generatedDedicated,WEEE_Cat4a,otherElectricCompUnspecified,undefinedAndMixedMaterials,n/a,m-c,0.0002,%,2
OBS,2020,EU27+4,WEEE_generatedDedicated,WEEE_Cat4a,otherNonElectricCompUnspecified,AlAndAlAlloys,Ag,e-m,0.0205,%,1
OBS,2020,EU27+4,WEEE_generatedDedicated,WEEE_Cat4a,otherNonElectricCompUnspecified,AlAndAlAlloys,As,e-m,0.97,%,1
OBS,2020,EU27+4,WEEE_generatedDedicated,WEEE_Cat4a,otherNonElectricCompUnspecified,AlAndAlAlloys,Cu,e-m,0.002,%,1
OBS,2020,EU27+4,WEEE_generatedDedicated,WEEE_Cat4a,otherNonElectricCompUnspecified,AlAndAlAlloys,Ga,e-m,0.001,%,1
OBS,2020,EU27+4,WEEE_generatedDedicated,WEEE_Cat4a,otherNonElectricCompUnspecified,AlAndAlAlloys,Mn,e-m,0.0248,%,1
OBS,2020,EU27+4,WEEE_generatedDedicated,WEEE_Cat4a,otherNonElectricCompUnspecified,AlAndAlAlloys,Mo,e-m,0.002,%,1
OBS,2020,EU27+4,WEEE_generatedDedicated,WEEE_Cat4a,otherNonElectricCompUnspecified,AlAndAlAlloys,Sm,e-m,0.0003,%,1
OBS,2020,EU27+4,WEEE_generatedDedicated,WEEE_Cat4a,otherNonElectricCompUnspecified,AlAndAlAlloys,n/a,m-c,0.0112,%,1
OBS,2020,EU27+4,WEEE_generatedDedicated,WEEE_Cat4a,otherNonElectricCompUnspecified,CuAndCuAlloys,Ag,e-m,0.00302,%,1
OBS,2020,EU27+4,WEEE_generatedDedicated,WEEE_Cat4a,otherNonElectricCompUnspecified,CuAndCuAlloys,As,e-m,0.97,%,1
OBS,2020,EU27+4,WEEE_generatedDedicated,WEEE_Cat4a,otherNonElectricCompUnspecified,CuAndCuAlloys,Cu,e-m,0.002,%,1
OBS,2020,EU27+4,WEEE_generatedDedicated,WEEE_Cat4a,otherNonElectricCompUnspecified,CuAndCuAlloys,Dy,e-m,0.75,%,1
OBS,2020,EU27+4,WEEE_generatedDedicated,WEEE_Cat4a,otherNonElectricCompUnspecified,CuAndCuAlloys,Ga,e-m,0.001,%,1
OBS,2020,EU27+4,WEEE_generatedDedicated,WEEE_Cat4a,otherNonElectricCompUnspecified,CuAndCuAlloys,Mn,e-m,0.0248,%,1
OBS,2020,EU27+4,WEEE_generatedDedicated,WEEE_Cat4a,otherNonElectricCompUnspecified,CuAndCuAlloys,Mo,e-m,0.002,%,1
OBS,2020,EU27+4,WEEE_generatedDedicated,WEEE_Cat4a,otherNonElectricCompUnspecified,CuAndCuAlloys,Sm,e-m,0.0003,%,1
OBS,2020,EU27+4,WEEE_generatedDedicated,WEEE_Cat4a,otherNonElectricCompUnspecified,CuAndCuAlloys,Zr,e-m,0.25,%,1
OBS,2020,EU27+4,WEEE_generatedDedicated,WEEE_Cat4a,otherNonElectricCompUnspecified,CuAndCuAlloys,n/a,m-c,0.00302,%,1
OBS,2020,EU27+4,WEEE_generatedDedicated,WEEE_Cat4a,otherNonElectricCompUnspecified,ferrousMetals,Ag,e-m,0.0343,%,1
OBS,2020,EU27+4,WEEE_generatedDedicated,WEEE_Cat4a,otherNonElectricCompUnspecified,ferrousMetals,Ca,e-m,0.033,%,1
OBS,2020,EU27+4,WEEE_generatedDedicated,WEEE_Cat4a,otherNonElectricCompUnspecified,ferrousMetals,Cu,e-m,0.18,%,2
OBS,2020,EU27+4,WEEE_generatedDedicated,WEEE_Cat4a,otherNonElectricCompUnspecified,ferrousMetals,Ga,e-m,0.725,%,1
OBS,2020,EU27+4,WEEE_generatedDedicated,WEEE_Cat4a,otherNonElectricCompUnspecified,ferrousMetals,Mo,e-m,0.0075,%,1
OBS,2020,EU27+4,WEEE_generatedDedicated,WEEE_Cat4a,otherNonElectricCompUnspecified,ferrousMetals,O,e-m,0.08,%,2
OBS,2020,EU27+4,WEEE_generatedDedicated,WEEE_Cat4a,otherNonElectricCompUnspecified,ferrousMetals,Sm,e-m,0.005,%,1
OBS,2020,EU27+4,WEEE_generatedDedicated,WEEE_Cat4a,otherNonElectricCompUnspecified,ferrousMetals,n/a,m-c,0.0343,%,1
OBS,2020,EU27+4,WEEE_generatedDedicated,WEEE_Cat4a,otherNonElectricCompUnspecified,n/a,n/a,c-p,0.000287,%,1
OBS,2020,EU27+4,WEEE_generatedDedicated,WEEE_Cat4a,otherNonElectricCompUnspecified,plastics,Ag,e-m,0.0777,%,1
OBS,2020,EU27+4,WEEE_generatedDedicated,WEEE_Cat4a,otherNonElectricCompUnspecified,plastics,n/a,m-c,0.0777,%,1
OBS,2020,EU27+4,WEEE_generatedDedicated,WEEE_Cat4a,otherNonElectricCompUnspecified,steelAndSteelAlloys,Ag,e-m,0.95,%,1
OBS,2020,EU27+4,WEEE_generatedDedicated,WEEE_Cat4a,otherNonElectricCompUnspecified,steelAndSteelAlloys,Cu,e-m,0.18,%,1
OBS,2020,EU27+4,WEEE_generatedDedicated,WEEE_Cat4a,otherNonElectricCompUnspecified,steelAndSteelAlloys,Ga,e-m,0.725,%,1
OBS,2020,EU27+4,WEEE_generatedDedicated,WEEE_Cat4a,otherNonElectricCompUnspecified,steelAndSteelAlloys,Mo,e-m,0.01,%,1
OBS,2020,EU27+4,WEEE_generatedDedicated,WEEE_Cat4a,otherNonElectricCompUnspecified,steelAndSteelAlloys,O,e-m,0.08,%,1
OBS,2020,EU27+4,WEEE_generatedDedicated,WEEE_Cat4a,otherNonElectricCompUnspecified,steelAndSteelAlloys,Sm,e-m,0.005,%,1
OBS,2020,EU27+4,WEEE_generatedDedicated,WEEE_Cat4a,otherNonElectricCompUnspecified,steelAndSteelAlloys,n/a,m-c,0.906,%,1
OBS,2020,EU27+4,WEEE_generatedDedicated,WEEE_Cat4a,otherNonElectricCompUnspecified,undefinedAndMixedMaterials,Ag,e-m,0.00041,%,2
OBS,2020,EU27+4,WEEE_generatedDedicated,WEEE_Cat4a,otherNonElectricCompUnspecified,undefinedAndMixedMaterials,n/a,m-c,0.000411,%,2
OBS,2020,EU27+4,WEEE_generatedDedicated,WEEE_Cat4a,passiveJunctionBox,CuAndCuAlloys,Ag,e-m,0.477,%,1
OBS,2020,EU27+4,WEEE_generatedDedicated,WEEE_Cat4a,passiveJunctionBox,CuAndCuAlloys,Dy,e-m,0.75,%,1
OBS,2020,EU27+4,WEEE_generatedDedicated,WEEE_Cat4a,passiveJunctionBox,CuAndCuAlloys,Sr,e-m,0.016,%,1
OBS,2020,EU27+4,WEEE_generatedDedicated,WEEE_Cat4a,passiveJunctionBox,CuAndCuAlloys,Zr,e-m,0.208,%,1
OBS,2020,EU27+4,WEEE_generatedDedicated,WEEE_Cat4a,passiveJunctionBox,CuAndCuAlloys,n/a,m-c,0.477,%,1
OBS,2020,EU27+4,WEEE_generatedDedicated,WEEE_Cat4a,passiveJunctionBox,n/a,n/a,c-p,0.0226,%,1
OBS,2020,EU27+4,WEEE_generatedDedicated,WEEE_Cat4a,passiveJunctionBox,otherOrUndefinedMaterials,Ag,e-m,0.0073,%,1
OBS,2020,EU27+4,WEEE_generatedDedicated,WEEE_Cat4a,passiveJunctionBox,otherOrUndefinedMaterials,n/a,m-c,0.00725,%,1
OBS,2020,EU27+4,WEEE_generatedDedicated,WEEE_Cat4a,passiveJunctionBox,plastics,Ag,e-m,0.466,%,1
OBS,2020,EU27+4,WEEE_generatedDedicated,WEEE_Cat4a,passiveJunctionBox,plastics,n/a,m-c,0.463,%,1
OBS,2020,EU27+4,WEEE_generatedDedicated,WEEE_Cat4a,pcbWEEECat,n/a,n/a,c-p,0.0000873,%,1
OBS,2020,EU27+4,WEEE_generatedDedicated,WEEE_Cat4a,pcbWEEECat,plastics,Ag,e-m,0.0278,%,1
OBS,2020,EU27+4,WEEE_generatedDedicated,WEEE_Cat4a,pcbWEEECat,plastics,n/a,m-c,1,%,1
OBS,2020,EU27+4,WEEE_generatedDedicated,WEEE_Cat4a,plug,n/a,n/a,c-p,0.00064,%,1
OBS,2020,EU27+4,WEEE_generatedDedicated,WEEE_Cat4a,powerSupply,AlAndAlAlloys,Ag,e-m,0.0289,%,2
OBS,2020,EU27+4,WEEE_generatedDedicated,WEEE_Cat4a,powerSupply,AlAndAlAlloys,As,e-m,0.97,%,2
OBS,2020,EU27+4,WEEE_generatedDedicated,WEEE_Cat4a,powerSupply,AlAndAlAlloys,Cu,e-m,0.002,%,2
OBS,2020,EU27+4,WEEE_generatedDedicated,WEEE_Cat4a,powerSupply,AlAndAlAlloys,Ga,e-m,0.001,%,2
OBS,2020,EU27+4,WEEE_generatedDedicated,WEEE_Cat4a,powerSupply,AlAndAlAlloys,Mn,e-m,0.0248,%,2
OBS,2020,EU27+4,WEEE_generatedDedicated,WEEE_Cat4a,powerSupply,AlAndAlAlloys,Mo,e-m,0.002,%,2
OBS,2020,EU27+4,WEEE_generatedDedicated,WEEE_Cat4a,powerSupply,AlAndAlAlloys,Sm,e-m,0.0003,%,2
OBS,2020,EU27+4,WEEE_generatedDedicated,WEEE_Cat4a,powerSupply,AlAndAlAlloys,n/a,m-c,0.0289,%,2
OBS,2020,EU27+4,WEEE_generatedDedicated,WEEE_Cat4a,powerSupply,CuAndCuAlloys,Ag,e-m,0.0147,%,2
OBS,2020,EU27+4,WEEE_generatedDedicated,WEEE_Cat4a,powerSupply,CuAndCuAlloys,Dy,e-m,0.75,%,2
OBS,2020,EU27+4,WEEE_generatedDedicated,WEEE_Cat4a,powerSupply,CuAndCuAlloys,Zr,e-m,0.25,%,2
OBS,2020,EU27+4,WEEE_generatedDedicated,WEEE_Cat4a,powerSupply,CuAndCuAlloys,n/a,m-c,0.0147,%,2
OBS,2020,EU27+4,WEEE_generatedDedicated,WEEE_Cat4a,powerSupply,ferrousMetals,Ag,e-m,0.0293,%,2
OBS,2020,EU27+4,WEEE_generatedDedicated,WEEE_Cat4a,powerSupply,ferrousMetals,Cu,e-m,0.18,%,2
OBS,2020,EU27+4,WEEE_generatedDedicated,WEEE_Cat4a,powerSupply,ferrousMetals,Ga,e-m,0.725,%,2
OBS,2020,EU27+4,WEEE_generatedDedicated,WEEE_Cat4a,powerSupply,ferrousMetals,Mo,e-m,0.01,%,2
OBS,2020,EU27+4,WEEE_generatedDedicated,WEEE_Cat4a,powerSupply,ferrousMetals,O,e-m,0.08,%,2
OBS,2020,EU27+4,WEEE_generatedDedicated,WEEE_Cat4a,powerSupply,ferrousMetals,Sm,e-m,0.005,%,2
OBS,2020,EU27+4,WEEE_generatedDedicated,WEEE_Cat4a,powerSupply,ferrousMetals,n/a,m-c,0.0157,%,2
OBS,2020,EU27+4,WEEE_generatedDedicated,WEEE_Cat4a,powerSupply,n/a,n/a,c-p,0.00195,%,1
OBS,2020,EU27+4,WEEE_generatedDedicated,WEEE_Cat4a,powerSupply,otherMetalsAndMetalAlloys,Ag,e-m,0.994,%,2
OBS,2020,EU27+4,WEEE_generatedDedicated,WEEE_Cat4a,powerSupply,otherMetalsAndMetalAlloys,Al,e-m,0.9,%,2
OBS,2020,EU27+4,WEEE_generatedDedicated,WEEE_Cat4a,powerSupply,otherMetalsAndMetalAlloys,Dy,e-m,0.1,%,2
OBS,2020,EU27+4,WEEE_generatedDedicated,WEEE_Cat4a,powerSupply,otherMetalsAndMetalAlloys,n/a,m-c,0.994,%,2
OBS,2020,EU27+4,WEEE_generatedDedicated,WEEE_Cat4a,powerSupply,plastics,Ag,e-m,0.0158,%,2
OBS,2020,EU27+4,WEEE_generatedDedicated,WEEE_Cat4a,powerSupply,plastics,n/a,m-c,0.0158,%,2
OBS,2020,EU27+4,WEEE_generatedDedicated,WEEE_Cat4a,powerSupply,undefinedAndMixedMaterials,Ag,e-m,0.00504,%,2
OBS,2020,EU27+4,WEEE_generatedDedicated,WEEE_Cat4a,powerSupply,undefinedAndMixedMaterials,n/a,m-c,0.00504,%,2
OBS,2020,EU27+4,WEEE_generatedDedicated,WEEE_Cat4a,printedCircuitBoard,n/a,n/a,c-p,0.0000429,%,1
OBS,2020,EU27+4,WEEE_generatedDedicated,WEEE_Cat4a,pump,ironWroughtAndCast,Ag,e-m,0.419,%,1
OBS,2020,EU27+4,WEEE_generatedDedicated,WEEE_Cat4a,pump,ironWroughtAndCast,Ca,e-m,0.033,%,1
OBS,2020,EU27+4,WEEE_generatedDedicated,WEEE_Cat4a,pump,ironWroughtAndCast,Ga,e-m,0.938,%,1
OBS,2020,EU27+4,WEEE_generatedDedicated,WEEE_Cat4a,pump,ironWroughtAndCast,Mo,e-m,0.0075,%,1
OBS,2020,EU27+4,WEEE_generatedDedicated,WEEE_Cat4a,pump,ironWroughtAndCast,Sm,e-m,0.022,%,1
OBS,2020,EU27+4,WEEE_generatedDedicated,WEEE_Cat4a,pump,ironWroughtAndCast,n/a,m-c,0.419,%,1
OBS,2020,EU27+4,WEEE_generatedDedicated,WEEE_Cat4a,pump,n/a,n/a,c-p,0.0013,%,1
OBS,2020,EU27+4,WEEE_generatedDedicated,WEEE_Cat4a,pump,steelAndSteelAlloys,Ag,e-m,0.581,%,1
OBS,2020,EU27+4,WEEE_generatedDedicated,WEEE_Cat4a,pump,steelAndSteelAlloys,Cu,e-m,0.18,%,1
OBS,2020,EU27+4,WEEE_generatedDedicated,WEEE_Cat4a,pump,steelAndSteelAlloys,Ga,e-m,0.725,%,1
OBS,2020,EU27+4,WEEE_generatedDedicated,WEEE_Cat4a,pump,steelAndSteelAlloys,Mo,e-m,0.01,%,1
OBS,2020,EU27+4,WEEE_generatedDedicated,WEEE_Cat4a,pump,steelAndSteelAlloys,O,e-m,0.08,%,1
OBS,2020,EU27+4,WEEE_generatedDedicated,WEEE_Cat4a,pump,steelAndSteelAlloys,Sm,e-m,0.005,%,1
OBS,2020,EU27+4,WEEE_generatedDedicated,WEEE_Cat4a,pump,steelAndSteelAlloys,n/a,m-c,0.581,%,1
OBS,2020,EU27+4,WEEE_generatedDedicated,WEEE_Cat4a,refrigerant,n/a,n/a,c-p,0.0089,%,1
OBS,2020,EU27+4,WEEE_generatedDedicated,WEEE_Cat4a,refrigerant,otherOrUndefinedMaterials,Ag,e-m,1,%,1
OBS,2020,EU27+4,WEEE_generatedDedicated,WEEE_Cat4a,refrigerant,otherOrUndefinedMaterials,n/a,m-c,1,%,1
OBS,2020,EU27+4,WEEE_generatedDedicated,WEEE_Cat4a,remoteControl,AlAndAlAlloys,Ag,e-m,0.00684,%,2
OBS,2020,EU27+4,WEEE_generatedDedicated,WEEE_Cat4a,remoteControl,AlAndAlAlloys,As,e-m,0.97,%,2
OBS,2020,EU27+4,WEEE_generatedDedicated,WEEE_Cat4a,remoteControl,AlAndAlAlloys,Cu,e-m,0.002,%,2
OBS,2020,EU27+4,WEEE_generatedDedicated,WEEE_Cat4a,remoteControl,AlAndAlAlloys,Ga,e-m,0.001,%,2
OBS,2020,EU27+4,WEEE_generatedDedicated,WEEE_Cat4a,remoteControl,AlAndAlAlloys,Mn,e-m,0.0248,%,2
OBS,2020,EU27+4,WEEE_generatedDedicated,WEEE_Cat4a,remoteControl,AlAndAlAlloys,Mo,e-m,0.002,%,2
OBS,2020,EU27+4,WEEE_generatedDedicated,WEEE_Cat4a,remoteControl,AlAndAlAlloys,Sm,e-m,0.0003,%,2
OBS,2020,EU27+4,WEEE_generatedDedicated,WEEE_Cat4a,remoteControl,AlAndAlAlloys,n/a,m-c,0.0068,%,2
OBS,2020,EU27+4,WEEE_generatedDedicated,WEEE_Cat4a,remoteControl,CuAndCuAlloys,Ag,e-m,0.00964,%,2
OBS,2020,EU27+4,WEEE_generatedDedicated,WEEE_Cat4a,remoteControl,CuAndCuAlloys,Dy,e-m,0.75,%,2
OBS,2020,EU27+4,WEEE_generatedDedicated,WEEE_Cat4a,remoteControl,CuAndCuAlloys,Zr,e-m,0.25,%,2
OBS,2020,EU27+4,WEEE_generatedDedicated,WEEE_Cat4a,remoteControl,CuAndCuAlloys,n/a,m-c,0.00956,%,2
OBS,2020,EU27+4,WEEE_generatedDedicated,WEEE_Cat4a,remoteControl,ferrousMetals,Ag,e-m,0.0506,%,2
OBS,2020,EU27+4,WEEE_generatedDedicated,WEEE_Cat4a,remoteControl,ferrousMetals,Cu,e-m,0.18,%,2
OBS,2020,EU27+4,WEEE_generatedDedicated,WEEE_Cat4a,remoteControl,ferrousMetals,Ga,e-m,0.725,%,2
OBS,2020,EU27+4,WEEE_generatedDedicated,WEEE_Cat4a,remoteControl,ferrousMetals,Mo,e-m,0.01,%,2
OBS,2020,EU27+4,WEEE_generatedDedicated,WEEE_Cat4a,remoteControl,ferrousMetals,O,e-m,0.08,%,2
OBS,2020,EU27+4,WEEE_generatedDedicated,WEEE_Cat4a,remoteControl,ferrousMetals,Sm,e-m,0.005,%,2
OBS,2020,EU27+4,WEEE_generatedDedicated,WEEE_Cat4a,remoteControl,ferrousMetals,n/a,m-c,0.0503,%,2
OBS,2020,EU27+4,WEEE_generatedDedicated,WEEE_Cat4a,remoteControl,n/a,n/a,c-p,0.0016,%,1
OBS,2020,EU27+4,WEEE_generatedDedicated,WEEE_Cat4a,remoteControl,otherOrUndefinedMaterials,Ag,e-m,1,%,1
OBS,2020,EU27+4,WEEE_generatedDedicated,WEEE_Cat4a,remoteControl,otherOrUndefinedMaterials,n/a,m-c,1,%,1
OBS,2020,EU27+4,WEEE_generatedDedicated,WEEE_Cat4a,remoteControl,plastics,Ag,e-m,0.583,%,2
OBS,2020,EU27+4,WEEE_generatedDedicated,WEEE_Cat4a,remoteControl,plastics,n/a,m-c,0.583,%,2
OBS,2020,EU27+4,WEEE_generatedDedicated,WEEE_Cat4a,remoteControl,undefinedAndMixedMaterials,Ag,e-m,0.000907,%,2
OBS,2020,EU27+4,WEEE_generatedDedicated,WEEE_Cat4a,remoteControl,undefinedAndMixedMaterials,n/a,m-c,0.000899,%,2
OBS,2020,EU27+4,WEEE_generatedDedicated,WEEE_Cat4a,resistor,n/a,n/a,c-p,0.000847,%,1
OBS,2020,EU27+4,WEEE_generatedDedicated,WEEE_Cat4a,rotor,ferrousMetals,Ag,e-m,0.0325,%,1
OBS,2020,EU27+4,WEEE_generatedDedicated,WEEE_Cat4a,rotor,ferrousMetals,Cu,e-m,0.18,%,1
OBS,2020,EU27+4,WEEE_generatedDedicated,WEEE_Cat4a,rotor,ferrousMetals,Ga,e-m,0.725,%,1
OBS,2020,EU27+4,WEEE_generatedDedicated,WEEE_Cat4a,rotor,ferrousMetals,Mo,e-m,0.01,%,1
OBS,2020,EU27+4,WEEE_generatedDedicated,WEEE_Cat4a,rotor,ferrousMetals,O,e-m,0.08,%,1
OBS,2020,EU27+4,WEEE_generatedDedicated,WEEE_Cat4a,rotor,ferrousMetals,Sm,e-m,0.005,%,1
OBS,2020,EU27+4,WEEE_generatedDedicated,WEEE_Cat4a,rotor,ferrousMetals,n/a,m-c,0.032,%,1
OBS,2020,EU27+4,WEEE_generatedDedicated,WEEE_Cat4a,rotor,n/a,n/a,c-p,0.00184,%,1
OBS,2020,EU27+4,WEEE_generatedDedicated,WEEE_Cat4a,rotor,plastics,Ag,e-m,0.984,%,1
OBS,2020,EU27+4,WEEE_generatedDedicated,WEEE_Cat4a,rotor,plastics,n/a,m-c,0.804,%,1
OBS,2020,EU27+4,WEEE_generatedDedicated,WEEE_Cat4a,screw,CuAndCuAlloys,Ag,e-m,1,%,1
OBS,2020,EU27+4,WEEE_generatedDedicated,WEEE_Cat4a,screw,CuAndCuAlloys,Dy,e-m,0.75,%,1
OBS,2020,EU27+4,WEEE_generatedDedicated,WEEE_Cat4a,screw,CuAndCuAlloys,Zr,e-m,0.25,%,1
OBS,2020,EU27+4,WEEE_generatedDedicated,WEEE_Cat4a,screw,CuAndCuAlloys,n/a,m-c,0.5,%,1
OBS,2020,EU27+4,WEEE_generatedDedicated,WEEE_Cat4a,screw,ferrousMetals,Ag,e-m,1,%,1
OBS,2020,EU27+4,WEEE_generatedDedicated,WEEE_Cat4a,screw,ferrousMetals,Ca,e-m,0.033,%,1
OBS,2020,EU27+4,WEEE_generatedDedicated,WEEE_Cat4a,screw,ferrousMetals,Ga,e-m,0.938,%,1
OBS,2020,EU27+4,WEEE_generatedDedicated,WEEE_Cat4a,screw,ferrousMetals,Mo,e-m,0.0075,%,1
OBS,2020,EU27+4,WEEE_generatedDedicated,WEEE_Cat4a,screw,ferrousMetals,Sm,e-m,0.022,%,1
OBS,2020,EU27+4,WEEE_generatedDedicated,WEEE_Cat4a,screw,ferrousMetals,n/a,m-c,0.5,%,1
OBS,2020,EU27+4,WEEE_generatedDedicated,WEEE_Cat4a,screw,n/a,n/a,c-p,0.00049,%,1
OBS,2020,EU27+4,WEEE_generatedDedicated,WEEE_Cat4a,sensorUnspecified,ferrousMetals,n/a,m-c,0.109,%,2
OBS,2020,EU27+4,WEEE_generatedDedicated,WEEE_Cat4a,sensorUnspecified,n/a,n/a,c-p,0.000116,%,1
OBS,2020,EU27+4,WEEE_generatedDedicated,WEEE_Cat4a,sensorUnspecified,plastics,n/a,m-c,0.891,%,2
OBS,2020,EU27+4,WEEE_generatedDedicated,WEEE_Cat4a,shadowComponentWEEE,CuAndCuAlloys,Ag,e-m,0.0011,%,1
OBS,2020,EU27+4,WEEE_generatedDedicated,WEEE_Cat4a,shadowComponentWEEE,CuAndCuAlloys,As,e-m,0.233,%,1
OBS,2020,EU27+4,WEEE_generatedDedicated,WEEE_Cat4a,shadowComponentWEEE,CuAndCuAlloys,Cu,e-m,0.000481,%,1
OBS,2020,EU27+4,WEEE_generatedDedicated,WEEE_Cat4a,shadowComponentWEEE,CuAndCuAlloys,Dy,e-m,0.375,%,1
OBS,2020,EU27+4,WEEE_generatedDedicated,WEEE_Cat4a,shadowComponentWEEE,CuAndCuAlloys,Ga,e-m,0.000241,%,1
OBS,2020,EU27+4,WEEE_generatedDedicated,WEEE_Cat4a,shadowComponentWEEE,CuAndCuAlloys,Mn,e-m,0.00597,%,1
OBS,2020,EU27+4,WEEE_generatedDedicated,WEEE_Cat4a,shadowComponentWEEE,CuAndCuAlloys,Mo,e-m,0.000481,%,1
OBS,2020,EU27+4,WEEE_generatedDedicated,WEEE_Cat4a,shadowComponentWEEE,CuAndCuAlloys,Sm,e-m,0.0000722,%,1
OBS,2020,EU27+4,WEEE_generatedDedicated,WEEE_Cat4a,shadowComponentWEEE,CuAndCuAlloys,Sr,e-m,0.12,%,1
OBS,2020,EU27+4,WEEE_generatedDedicated,WEEE_Cat4a,shadowComponentWEEE,CuAndCuAlloys,Zr,e-m,0.125,%,1
OBS,2020,EU27+4,WEEE_generatedDedicated,WEEE_Cat4a,shadowComponentWEEE,CuAndCuAlloys,n/a,m-c,0.000675,%,1
OBS,2020,EU27+4,WEEE_generatedDedicated,WEEE_Cat4a,shadowComponentWEEE,bitumen,Ag,e-m,0.0218,%,1
OBS,2020,EU27+4,WEEE_generatedDedicated,WEEE_Cat4a,shadowComponentWEEE,bitumen,n/a,m-c,0.0141,%,1
OBS,2020,EU27+4,WEEE_generatedDedicated,WEEE_Cat4a,shadowComponentWEEE,ceramicComposites,Ag,e-m,0.00843,%,1
OBS,2020,EU27+4,WEEE_generatedDedicated,WEEE_Cat4a,shadowComponentWEEE,ceramicComposites,n/a,m-c,0.00769,%,1
OBS,2020,EU27+4,WEEE_generatedDedicated,WEEE_Cat4a,shadowComponentWEEE,concrete,Ag,e-m,0.474,%,1
OBS,2020,EU27+4,WEEE_generatedDedicated,WEEE_Cat4a,shadowComponentWEEE,concrete,n/a,m-c,0.308,%,1
OBS,2020,EU27+4,WEEE_generatedDedicated,WEEE_Cat4a,shadowComponentWEEE,glass,Ag,e-m,0.0011,%,1
OBS,2020,EU27+4,WEEE_generatedDedicated,WEEE_Cat4a,shadowComponentWEEE,glass,Pd,e-m,0.265,%,1
OBS,2020,EU27+4,WEEE_generatedDedicated,WEEE_Cat4a,shadowComponentWEEE,glass,Sc,e-m,0.00196,%,1
OBS,2020,EU27+4,WEEE_generatedDedicated,WEEE_Cat4a,shadowComponentWEEE,glass,Zr,e-m,0.000708,%,1
OBS,2020,EU27+4,WEEE_generatedDedicated,WEEE_Cat4a,shadowComponentWEEE,glass,n/a,m-c,0.000675,%,1
OBS,2020,EU27+4,WEEE_generatedDedicated,WEEE_Cat4a,shadowComponentWEEE,ironWroughtAndCast,Ag,e-m,0.027,%,1
OBS,2020,EU27+4,WEEE_generatedDedicated,WEEE_Cat4a,shadowComponentWEEE,ironWroughtAndCast,Ca,e-m,0.033,%,1
OBS,2020,EU27+4,WEEE_generatedDedicated,WEEE_Cat4a,shadowComponentWEEE,ironWroughtAndCast,Ga,e-m,0.938,%,1
OBS,2020,EU27+4,WEEE_generatedDedicated,WEEE_Cat4a,shadowComponentWEEE,ironWroughtAndCast,Mo,e-m,0.0075,%,1
OBS,2020,EU27+4,WEEE_generatedDedicated,WEEE_Cat4a,shadowComponentWEEE,ironWroughtAndCast,Sm,e-m,0.022,%,1
OBS,2020,EU27+4,WEEE_generatedDedicated,WEEE_Cat4a,shadowComponentWEEE,ironWroughtAndCast,n/a,m-c,0.027,%,1
OBS,2020,EU27+4,WEEE_generatedDedicated,WEEE_Cat4a,shadowComponentWEEE,n/a,n/a,c-p,0.001,%,1
OBS,2020,EU27+4,WEEE_generatedDedicated,WEEE_Cat4a,shadowComponentWEEE,oil4,Ag,e-m,0.00329,%,1
OBS,2020,EU27+4,WEEE_generatedDedicated,WEEE_Cat4a,shadowComponentWEEE,oil4,n/a,m-c,0.00293,%,1
OBS,2020,EU27+4,WEEE_generatedDedicated,WEEE_Cat4a,shadowComponentWEEE,otherMetalsAndMetalAlloys,Ag,e-m,0.0011,%,1
OBS,2020,EU27+4,WEEE_generatedDedicated,WEEE_Cat4a,shadowComponentWEEE,otherMetalsAndMetalAlloys,Al,e-m,0.517,%,1
OBS,2020,EU27+4,WEEE_generatedDedicated,WEEE_Cat4a,shadowComponentWEEE,otherMetalsAndMetalAlloys,As,e-m,0.00413,%,1
OBS,2020,EU27+4,WEEE_generatedDedicated,WEEE_Cat4a,shadowComponentWEEE,otherMetalsAndMetalAlloys,Bi,e-m,0.000000741,%,1
OBS,2020,EU27+4,WEEE_generatedDedicated,WEEE_Cat4a,shadowComponentWEEE,otherMetalsAndMetalAlloys,Ca,e-m,0.000111,%,1
OBS,2020,EU27+4,WEEE_generatedDedicated,WEEE_Cat4a,shadowComponentWEEE,otherMetalsAndMetalAlloys,Cl,e-m,0.000222,%,1
OBS,2020,EU27+4,WEEE_generatedDedicated,WEEE_Cat4a,shadowComponentWEEE,otherMetalsAndMetalAlloys,Dy,e-m,0.0576,%,1
OBS,2020,EU27+4,WEEE_generatedDedicated,WEEE_Cat4a,shadowComponentWEEE,otherMetalsAndMetalAlloys,Ga,e-m,0.000007,%,1
OBS,2020,EU27+4,WEEE_generatedDedicated,WEEE_Cat4a,shadowComponentWEEE,otherMetalsAndMetalAlloys,Mn,e-m,0.0336,%,1
OBS,2020,EU27+4,WEEE_generatedDedicated,WEEE_Cat4a,shadowComponentWEEE,otherMetalsAndMetalAlloys,Mo,e-m,0.00011,%,1
OBS,2020,EU27+4,WEEE_generatedDedicated,WEEE_Cat4a,shadowComponentWEEE,otherMetalsAndMetalAlloys,O,e-m,0.11,%,1
OBS,2020,EU27+4,WEEE_generatedDedicated,WEEE_Cat4a,shadowComponentWEEE,otherMetalsAndMetalAlloys,Sm,e-m,0.0000175,%,1
OBS,2020,EU27+4,WEEE_generatedDedicated,WEEE_Cat4a,shadowComponentWEEE,otherMetalsAndMetalAlloys,Zr,e-m,0.000315,%,1
OBS,2020,EU27+4,WEEE_generatedDedicated,WEEE_Cat4a,shadowComponentWEEE,otherMetalsAndMetalAlloys,n/a,m-c,0.000675,%,1
OBS,2020,EU27+4,WEEE_generatedDedicated,WEEE_Cat4a,shadowComponentWEEE,otherOrUndefinedMaterials,Ag,e-m,0.000548,%,1
OBS,2020,EU27+4,WEEE_generatedDedicated,WEEE_Cat4a,shadowComponentWEEE,otherOrUndefinedMaterials,n/a,m-c,0.000488,%,1
OBS,2020,EU27+4,WEEE_generatedDedicated,WEEE_Cat4a,shadowComponentWEEE,otherOrganics,Ag,e-m,0.011,%,1
OBS,2020,EU27+4,WEEE_generatedDedicated,WEEE_Cat4a,shadowComponentWEEE,otherOrganics,n/a,m-c,0.00905,%,1
OBS,2020,EU27+4,WEEE_generatedDedicated,WEEE_Cat4a,shadowComponentWEEE,plasticComposites,Ag,e-m,0.0034,%,1
OBS,2020,EU27+4,WEEE_generatedDedicated,WEEE_Cat4a,shadowComponentWEEE,plasticComposites,n/a,m-c,0.00311,%,1
OBS,2020,EU27+4,WEEE_generatedDedicated,WEEE_Cat4a,shadowComponentWEEE,plastics,Ag,e-m,0.0179,%,1
OBS,2020,EU27+4,WEEE_generatedDedicated,WEEE_Cat4a,shadowComponentWEEE,plastics,n/a,m-c,0.011,%,1
OBS,2020,EU27+4,WEEE_generatedDedicated,WEEE_Cat4a,shadowComponentWEEE,reinforcedPlastics,Ag,e-m,0.00849,%,1
OBS,2020,EU27+4,WEEE_generatedDedicated,WEEE_Cat4a,shadowComponentWEEE,reinforcedPlastics,n/a,m-c,0.00551,%,1
OBS,2020,EU27+4,WEEE_generatedDedicated,WEEE_Cat4a,shadowComponentWEEE,sand,Ag,e-m,0.0103,%,1
OBS,2020,EU27+4,WEEE_generatedDedicated,WEEE_Cat4a,shadowComponentWEEE,sand,Pd,e-m,0.265,%,1
OBS,2020,EU27+4,WEEE_generatedDedicated,WEEE_Cat4a,shadowComponentWEEE,sand,Sc,e-m,0.00196,%,1
OBS,2020,EU27+4,WEEE_generatedDedicated,WEEE_Cat4a,shadowComponentWEEE,sand,Zr,e-m,0.000708,%,1
OBS,2020,EU27+4,WEEE_generatedDedicated,WEEE_Cat4a,shadowComponentWEEE,sand,n/a,m-c,0.00665,%,1
OBS,2020,EU27+4,WEEE_generatedDedicated,WEEE_Cat4a,shadowComponentWEEE,steelAndSteelAlloys,Ag,e-m,0.0952,%,1
OBS,2020,EU27+4,WEEE_generatedDedicated,WEEE_Cat4a,shadowComponentWEEE,steelAndSteelAlloys,Cu,e-m,0.09,%,1
OBS,2020,EU27+4,WEEE_generatedDedicated,WEEE_Cat4a,shadowComponentWEEE,steelAndSteelAlloys,Ga,e-m,0.725,%,1
OBS,2020,EU27+4,WEEE_generatedDedicated,WEEE_Cat4a,shadowComponentWEEE,steelAndSteelAlloys,Mo,e-m,0.01,%,1
OBS,2020,EU27+4,WEEE_generatedDedicated,WEEE_Cat4a,shadowComponentWEEE,steelAndSteelAlloys,O,e-m,0.04,%,1
OBS,2020,EU27+4,WEEE_generatedDedicated,WEEE_Cat4a,shadowComponentWEEE,steelAndSteelAlloys,Sm,e-m,0.003,%,1
OBS,2020,EU27+4,WEEE_generatedDedicated,WEEE_Cat4a,shadowComponentWEEE,steelAndSteelAlloys,n/a,m-c,0.0735,%,1
OBS,2020,EU27+4,WEEE_generatedDedicated,WEEE_Cat4a,solenoidValve,n/a,n/a,c-p,0.0016,%,1
OBS,2020,EU27+4,WEEE_generatedDedicated,WEEE_Cat4a,speakerEEE2,AlAndAlAlloys,Ag,e-m,0.0405,%,2
OBS,2020,EU27+4,WEEE_generatedDedicated,WEEE_Cat4a,speakerEEE2,AlAndAlAlloys,As,e-m,0.97,%,2
OBS,2020,EU27+4,WEEE_generatedDedicated,WEEE_Cat4a,speakerEEE2,AlAndAlAlloys,Cu,e-m,0.002,%,2
OBS,2020,EU27+4,WEEE_generatedDedicated,WEEE_Cat4a,speakerEEE2,AlAndAlAlloys,Ga,e-m,0.001,%,2
OBS,2020,EU27+4,WEEE_generatedDedicated,WEEE_Cat4a,speakerEEE2,AlAndAlAlloys,Mn,e-m,0.0248,%,2
OBS,2020,EU27+4,WEEE_generatedDedicated,WEEE_Cat4a,speakerEEE2,AlAndAlAlloys,Mo,e-m,0.002,%,2
OBS,2020,EU27+4,WEEE_generatedDedicated,WEEE_Cat4a,speakerEEE2,AlAndAlAlloys,Sm,e-m,0.0003,%,2
OBS,2020,EU27+4,WEEE_generatedDedicated,WEEE_Cat4a,speakerEEE2,AlAndAlAlloys,n/a,m-c,0.0437,%,2
OBS,2020,EU27+4,WEEE_generatedDedicated,WEEE_Cat4a,speakerEEE2,CuAndCuAlloys,Ag,e-m,0.00833,%,2
OBS,2020,EU27+4,WEEE_generatedDedicated,WEEE_Cat4a,speakerEEE2,CuAndCuAlloys,Dy,e-m,0.75,%,2
OBS,2020,EU27+4,WEEE_generatedDedicated,WEEE_Cat4a,speakerEEE2,CuAndCuAlloys,Zr,e-m,0.25,%,2
OBS,2020,EU27+4,WEEE_generatedDedicated,WEEE_Cat4a,speakerEEE2,CuAndCuAlloys,n/a,m-c,0.00898,%,2
OBS,2020,EU27+4,WEEE_generatedDedicated,WEEE_Cat4a,speakerEEE2,ferrousMetals,Ag,e-m,0.0347,%,2
OBS,2020,EU27+4,WEEE_generatedDedicated,WEEE_Cat4a,speakerEEE2,ferrousMetals,Cu,e-m,0.18,%,2
OBS,2020,EU27+4,WEEE_generatedDedicated,WEEE_Cat4a,speakerEEE2,ferrousMetals,Ga,e-m,0.725,%,2
OBS,2020,EU27+4,WEEE_generatedDedicated,WEEE_Cat4a,speakerEEE2,ferrousMetals,Mo,e-m,0.01,%,2
OBS,2020,EU27+4,WEEE_generatedDedicated,WEEE_Cat4a,speakerEEE2,ferrousMetals,O,e-m,0.08,%,2
OBS,2020,EU27+4,WEEE_generatedDedicated,WEEE_Cat4a,speakerEEE2,ferrousMetals,Sm,e-m,0.005,%,2
OBS,2020,EU27+4,WEEE_generatedDedicated,WEEE_Cat4a,speakerEEE2,ferrousMetals,n/a,m-c,0.0341,%,2
OBS,2020,EU27+4,WEEE_generatedDedicated,WEEE_Cat4a,speakerEEE2,n/a,n/a,c-p,0.000478,%,1
OBS,2020,EU27+4,WEEE_generatedDedicated,WEEE_Cat4a,speakerEEE2,otherMetalsAndMetalAlloys,Ag,e-m,0.0875,%,2
OBS,2020,EU27+4,WEEE_generatedDedicated,WEEE_Cat4a,speakerEEE2,otherMetalsAndMetalAlloys,Al,e-m,0.9,%,2
OBS,2020,EU27+4,WEEE_generatedDedicated,WEEE_Cat4a,speakerEEE2,otherMetalsAndMetalAlloys,Dy,e-m,0.1,%,2
OBS,2020,EU27+4,WEEE_generatedDedicated,WEEE_Cat4a,speakerEEE2,otherMetalsAndMetalAlloys,n/a,m-c,0.0583,%,2
OBS,2020,EU27+4,WEEE_generatedDedicated,WEEE_Cat4a,speakerEEE2,plastics,Ag,e-m,0.179,%,2
OBS,2020,EU27+4,WEEE_generatedDedicated,WEEE_Cat4a,speakerEEE2,plastics,n/a,m-c,0.179,%,2
OBS,2020,EU27+4,WEEE_generatedDedicated,WEEE_Cat4a,speakerEEE2,undefinedAndMixedMaterials,Ag,e-m,0.0127,%,2
OBS,2020,EU27+4,WEEE_generatedDedicated,WEEE_Cat4a,speakerEEE2,undefinedAndMixedMaterials,n/a,m-c,0.0127,%,2
OBS,2020,EU27+4,WEEE_generatedDedicated,WEEE_Cat4a,switch,n/a,n/a,c-p,0.0000955,%,1
OBS,2020,EU27+4,WEEE_generatedDedicated,WEEE_Cat4a,tonerCartridge,n/a,n/a,c-p,0.0266,%,1
OBS,2020,EU27+4,WEEE_generatedDedicated,WEEE_Cat4a,transformator,CuAndCuAlloys,Ag,e-m,0.422,%,2
OBS,2020,EU27+4,WEEE_generatedDedicated,WEEE_Cat4a,transformator,CuAndCuAlloys,Dy,e-m,0.75,%,2
OBS,2020,EU27+4,WEEE_generatedDedicated,WEEE_Cat4a,transformator,CuAndCuAlloys,Zr,e-m,0.25,%,2
OBS,2020,EU27+4,WEEE_generatedDedicated,WEEE_Cat4a,transformator,CuAndCuAlloys,n/a,m-c,0.5,%,2
OBS,2020,EU27+4,WEEE_generatedDedicated,WEEE_Cat4a,transformator,ferrousMetals,Ag,e-m,0.422,%,2
OBS,2020,EU27+4,WEEE_generatedDedicated,WEEE_Cat4a,transformator,ferrousMetals,Cu,e-m,0.18,%,2
OBS,2020,EU27+4,WEEE_generatedDedicated,WEEE_Cat4a,transformator,ferrousMetals,Ga,e-m,0.725,%,2
OBS,2020,EU27+4,WEEE_generatedDedicated,WEEE_Cat4a,transformator,ferrousMetals,Mo,e-m,0.01,%,2
OBS,2020,EU27+4,WEEE_generatedDedicated,WEEE_Cat4a,transformator,ferrousMetals,O,e-m,0.08,%,2
OBS,2020,EU27+4,WEEE_generatedDedicated,WEEE_Cat4a,transformator,ferrousMetals,Sm,e-m,0.005,%,2
OBS,2020,EU27+4,WEEE_generatedDedicated,WEEE_Cat4a,transformator,ferrousMetals,n/a,m-c,0.5,%,2
OBS,2020,EU27+4,WEEE_generatedDedicated,WEEE_Cat4a,transformator,n/a,n/a,c-p,0.00201,%,1
OBS,2020,EU27+4,WEEE_generatedDedicated,WEEE_Cat4a,transmission,AlAndAlAlloys,n/a,m-c,0.5,%,1
OBS,2020,EU27+4,WEEE_generatedDedicated,WEEE_Cat4a,transmission,ferrousMetals,Ag,e-m,0.714,%,1
OBS,2020,EU27+4,WEEE_generatedDedicated,WEEE_Cat4a,transmission,ferrousMetals,Cu,e-m,0.18,%,1
OBS,2020,EU27+4,WEEE_generatedDedicated,WEEE_Cat4a,transmission,ferrousMetals,Ga,e-m,0.725,%,1
OBS,2020,EU27+4,WEEE_generatedDedicated,WEEE_Cat4a,transmission,ferrousMetals,Mo,e-m,0.01,%,1
OBS,2020,EU27+4,WEEE_generatedDedicated,WEEE_Cat4a,transmission,ferrousMetals,O,e-m,0.08,%,1
OBS,2020,EU27+4,WEEE_generatedDedicated,WEEE_Cat4a,transmission,ferrousMetals,Sm,e-m,0.005,%,1
OBS,2020,EU27+4,WEEE_generatedDedicated,WEEE_Cat4a,transmission,ferrousMetals,n/a,m-c,0.444,%,1
OBS,2020,EU27+4,WEEE_generatedDedicated,WEEE_Cat4a,transmission,n/a,n/a,c-p,0.00692,%,1
OBS,2020,EU27+4,WEEE_generatedDedicated,WEEE_Cat4a,transmission,plastics,Ag,e-m,0.286,%,1
OBS,2020,EU27+4,WEEE_generatedDedicated,WEEE_Cat4a,transmission,plastics,n/a,m-c,0.0563,%,1
OBS,2020,EU27+4,WEEE_generatedDedicated,WEEE_Cat4a,transmitter,CuAndCuAlloys,Ag,e-m,0.0625,%,1
OBS,2020,EU27+4,WEEE_generatedDedicated,WEEE_Cat4a,transmitter,CuAndCuAlloys,Dy,e-m,0.75,%,1
OBS,2020,EU27+4,WEEE_generatedDedicated,WEEE_Cat4a,transmitter,CuAndCuAlloys,Zr,e-m,0.25,%,1
OBS,2020,EU27+4,WEEE_generatedDedicated,WEEE_Cat4a,transmitter,CuAndCuAlloys,n/a,m-c,0.0625,%,1
OBS,2020,EU27+4,WEEE_generatedDedicated,WEEE_Cat4a,transmitter,ferrousMetals,Ag,e-m,0.25,%,1
OBS,2020,EU27+4,WEEE_generatedDedicated,WEEE_Cat4a,transmitter,ferrousMetals,Ca,e-m,0.033,%,1
OBS,2020,EU27+4,WEEE_generatedDedicated,WEEE_Cat4a,transmitter,ferrousMetals,Ga,e-m,0.938,%,1
OBS,2020,EU27+4,WEEE_generatedDedicated,WEEE_Cat4a,transmitter,ferrousMetals,Mo,e-m,0.0075,%,1
OBS,2020,EU27+4,WEEE_generatedDedicated,WEEE_Cat4a,transmitter,ferrousMetals,Sm,e-m,0.022,%,1
OBS,2020,EU27+4,WEEE_generatedDedicated,WEEE_Cat4a,transmitter,ferrousMetals,n/a,m-c,0.25,%,1
OBS,2020,EU27+4,WEEE_generatedDedicated,WEEE_Cat4a,transmitter,n/a,n/a,c-p,0.000277,%,1
OBS,2020,EU27+4,WEEE_generatedDedicated,WEEE_Cat4a,transmitter,plastics,Ag,e-m,0.313,%,1
OBS,2020,EU27+4,WEEE_generatedDedicated,WEEE_Cat4a,transmitter,plastics,n/a,m-c,0.313,%,1
OBS,2020,EU27+4,WEEE_generatedDedicated,WEEE_Cat4a,wheel,ferrousMetals,Ag,e-m,0.287,%,1
OBS,2020,EU27+4,WEEE_generatedDedicated,WEEE_Cat4a,wheel,ferrousMetals,Cu,e-m,0.18,%,1
OBS,2020,EU27+4,WEEE_generatedDedicated,WEEE_Cat4a,wheel,ferrousMetals,Ga,e-m,0.725,%,1
OBS,2020,EU27+4,WEEE_generatedDedicated,WEEE_Cat4a,wheel,ferrousMetals,Mo,e-m,0.01,%,1
OBS,2020,EU27+4,WEEE_generatedDedicated,WEEE_Cat4a,wheel,ferrousMetals,O,e-m,0.08,%,1
OBS,2020,EU27+4,WEEE_generatedDedicated,WEEE_Cat4a,wheel,ferrousMetals,Sm,e-m,0.005,%,1
OBS,2020,EU27+4,WEEE_generatedDedicated,WEEE_Cat4a,wheel,ferrousMetals,n/a,m-c,0.126,%,1
OBS,2020,EU27+4,WEEE_generatedDedicated,WEEE_Cat4a,wheel,n/a,n/a,c-p,0.00919,%,1
OBS,2020,EU27+4,WEEE_generatedDedicated,WEEE_Cat4a,wheel,plastics,Ag,e-m,0.278,%,1
OBS,2020,EU27+4,WEEE_generatedDedicated,WEEE_Cat4a,wheel,plastics,n/a,m-c,0.151,%,1
OBS,2020,EU27+4,WEEE_generatedDedicated,WEEE_Cat4a,wheel,polymerPA6GF30,Ag,e-m,0.546,%,1
OBS,2020,EU27+4,WEEE_generatedDedicated,WEEE_Cat4a,wheel,polymerPA6GF30,n/a,m-c,0.298,%,1
OBS,2020,EU27+4,WEEE_generatedDedicated,WEEE_Cat4a,wheel,polymerPPTF20,Ag,e-m,0.546,%,1
OBS,2020,EU27+4,WEEE_generatedDedicated,WEEE_Cat4a,wheel,polymerPPTF20,n/a,m-c,0.298,%,1
OBS,2020,EU27+4,WEEE_generatedDedicated,WEEE_Cat4a,wheel,polymerPPTF30,Ag,e-m,0.177,%,1
OBS,2020,EU27+4,WEEE_generatedDedicated,WEEE_Cat4a,wheel,polymerPPTF30,n/a,m-c,0.0963,%,1
OBS,2020,EU27+4,WEEE_generatedDedicated,WEEE_Cat4b,ComponentShadowWEEE,AlAndAlAlloys,Ag,e-m,0.000522,%,2
OBS,2020,EU27+4,WEEE_generatedDedicated,WEEE_Cat4b,ComponentShadowWEEE,AlAndAlAlloys,As,e-m,0.97,%,2
OBS,2020,EU27+4,WEEE_generatedDedicated,WEEE_Cat4b,ComponentShadowWEEE,AlAndAlAlloys,Cu,e-m,0.002,%,2
OBS,2020,EU27+4,WEEE_generatedDedicated,WEEE_Cat4b,ComponentShadowWEEE,AlAndAlAlloys,Ga,e-m,0.001,%,2
OBS,2020,EU27+4,WEEE_generatedDedicated,WEEE_Cat4b,ComponentShadowWEEE,AlAndAlAlloys,Mn,e-m,0.0248,%,2
OBS,2020,EU27+4,WEEE_generatedDedicated,WEEE_Cat4b,ComponentShadowWEEE,AlAndAlAlloys,Mo,e-m,0.002,%,2
OBS,2020,EU27+4,WEEE_generatedDedicated,WEEE_Cat4b,ComponentShadowWEEE,AlAndAlAlloys,Sm,e-m,0.0003,%,2
OBS,2020,EU27+4,WEEE_generatedDedicated,WEEE_Cat4b,ComponentShadowWEEE,AlAndAlAlloys,n/a,m-c,0.000501,%,2
OBS,2020,EU27+4,WEEE_generatedDedicated,WEEE_Cat4b,ComponentShadowWEEE,CuAndCuAlloys,Ag,e-m,0.000843,%,2
OBS,2020,EU27+4,WEEE_generatedDedicated,WEEE_Cat4b,ComponentShadowWEEE,CuAndCuAlloys,Dy,e-m,0.75,%,2
OBS,2020,EU27+4,WEEE_generatedDedicated,WEEE_Cat4b,ComponentShadowWEEE,CuAndCuAlloys,Zr,e-m,0.25,%,2
OBS,2020,EU27+4,WEEE_generatedDedicated,WEEE_Cat4b,ComponentShadowWEEE,CuAndCuAlloys,n/a,m-c,0.000444,%,2
OBS,2020,EU27+4,WEEE_generatedDedicated,WEEE_Cat4b,ComponentShadowWEEE,MaterialShadowWEEE,n/a,m-c,0.5,%,2
OBS,2020,EU27+4,WEEE_generatedDedicated,WEEE_Cat4b,ComponentShadowWEEE,aggregateBinderMixedMaterials,Ag,e-m,0.00743,%,1
OBS,2020,EU27+4,WEEE_generatedDedicated,WEEE_Cat4b,ComponentShadowWEEE,aggregateBinderMixedMaterials,n/a,m-c,0.00549,%,1
OBS,2020,EU27+4,WEEE_generatedDedicated,WEEE_Cat4b,ComponentShadowWEEE,ferrousMetals,Ag,e-m,0.0087,%,1
OBS,2020,EU27+4,WEEE_generatedDedicated,WEEE_Cat4b,ComponentShadowWEEE,ferrousMetals,Ca,e-m,0.0000373,%,1
OBS,2020,EU27+4,WEEE_generatedDedicated,WEEE_Cat4b,ComponentShadowWEEE,ferrousMetals,Cu,e-m,0.0171,%,1
OBS,2020,EU27+4,WEEE_generatedDedicated,WEEE_Cat4b,ComponentShadowWEEE,ferrousMetals,Ga,e-m,0.725,%,1
OBS,2020,EU27+4,WEEE_generatedDedicated,WEEE_Cat4b,ComponentShadowWEEE,ferrousMetals,Mo,e-m,0.0075,%,1
OBS,2020,EU27+4,WEEE_generatedDedicated,WEEE_Cat4b,ComponentShadowWEEE,ferrousMetals,O,e-m,0.00762,%,1
OBS,2020,EU27+4,WEEE_generatedDedicated,WEEE_Cat4b,ComponentShadowWEEE,ferrousMetals,Sm,e-m,0.005,%,1
OBS,2020,EU27+4,WEEE_generatedDedicated,WEEE_Cat4b,ComponentShadowWEEE,ferrousMetals,n/a,m-c,0.00171,%,1
OBS,2020,EU27+4,WEEE_generatedDedicated,WEEE_Cat4b,ComponentShadowWEEE,glass,Ag,e-m,0.00692,%,2
OBS,2020,EU27+4,WEEE_generatedDedicated,WEEE_Cat4b,ComponentShadowWEEE,glass,Pd,e-m,0.265,%,2
OBS,2020,EU27+4,WEEE_generatedDedicated,WEEE_Cat4b,ComponentShadowWEEE,glass,Sc,e-m,0.00196,%,2
OBS,2020,EU27+4,WEEE_generatedDedicated,WEEE_Cat4b,ComponentShadowWEEE,glass,Zr,e-m,0.000708,%,2
OBS,2020,EU27+4,WEEE_generatedDedicated,WEEE_Cat4b,ComponentShadowWEEE,glass,n/a,m-c,0.00702,%,2
OBS,2020,EU27+4,WEEE_generatedDedicated,WEEE_Cat4b,ComponentShadowWEEE,glassAndCeramics,Ag,e-m,0.00761,%,1
OBS,2020,EU27+4,WEEE_generatedDedicated,WEEE_Cat4b,ComponentShadowWEEE,glassAndCeramics,Pd,e-m,0.265,%,1
OBS,2020,EU27+4,WEEE_generatedDedicated,WEEE_Cat4b,ComponentShadowWEEE,glassAndCeramics,Sc,e-m,0.00196,%,1
OBS,2020,EU27+4,WEEE_generatedDedicated,WEEE_Cat4b,ComponentShadowWEEE,glassAndCeramics,Zr,e-m,0.000708,%,1
OBS,2020,EU27+4,WEEE_generatedDedicated,WEEE_Cat4b,ComponentShadowWEEE,glassAndCeramics,n/a,m-c,0.000941,%,1
OBS,2020,EU27+4,WEEE_generatedDedicated,WEEE_Cat4b,ComponentShadowWEEE,n/a,Ag,e-m,0.6,%,2
OBS,2020,EU27+4,WEEE_generatedDedicated,WEEE_Cat4b,ComponentShadowWEEE,n/a,n/a,c-p,0.148,%,1
OBS,2020,EU27+4,WEEE_generatedDedicated,WEEE_Cat4b,ComponentShadowWEEE,n/a,n/a,m-c,0.25,%,2
OBS,2020,EU27+4,WEEE_generatedDedicated,WEEE_Cat4b,ComponentShadowWEEE,non-ferrousMetals,Ag,e-m,0.00141,%,1
OBS,2020,EU27+4,WEEE_generatedDedicated,WEEE_Cat4b,ComponentShadowWEEE,non-ferrousMetals,Al,e-m,0.00724,%,1
OBS,2020,EU27+4,WEEE_generatedDedicated,WEEE_Cat4b,ComponentShadowWEEE,non-ferrousMetals,As,e-m,0.0285,%,1
OBS,2020,EU27+4,WEEE_generatedDedicated,WEEE_Cat4b,ComponentShadowWEEE,non-ferrousMetals,Ca,e-m,0.0000227,%,1
OBS,2020,EU27+4,WEEE_generatedDedicated,WEEE_Cat4b,ComponentShadowWEEE,non-ferrousMetals,Cl,e-m,0.0000455,%,1
OBS,2020,EU27+4,WEEE_generatedDedicated,WEEE_Cat4b,ComponentShadowWEEE,non-ferrousMetals,Cu,e-m,0.0000588,%,1
OBS,2020,EU27+4,WEEE_generatedDedicated,WEEE_Cat4b,ComponentShadowWEEE,non-ferrousMetals,Dy,e-m,0.0005,%,1
OBS,2020,EU27+4,WEEE_generatedDedicated,WEEE_Cat4b,ComponentShadowWEEE,non-ferrousMetals,Ga,e-m,0.0000294,%,1
OBS,2020,EU27+4,WEEE_generatedDedicated,WEEE_Cat4b,ComponentShadowWEEE,non-ferrousMetals,Mn,e-m,0.000729,%,1
OBS,2020,EU27+4,WEEE_generatedDedicated,WEEE_Cat4b,ComponentShadowWEEE,non-ferrousMetals,Mo,e-m,0.0000588,%,1
OBS,2020,EU27+4,WEEE_generatedDedicated,WEEE_Cat4b,ComponentShadowWEEE,non-ferrousMetals,O,e-m,0.0225,%,1
OBS,2020,EU27+4,WEEE_generatedDedicated,WEEE_Cat4b,ComponentShadowWEEE,non-ferrousMetals,Pd,e-m,0.00893,%,1
OBS,2020,EU27+4,WEEE_generatedDedicated,WEEE_Cat4b,ComponentShadowWEEE,non-ferrousMetals,Sm,e-m,0.00000882,%,1
OBS,2020,EU27+4,WEEE_generatedDedicated,WEEE_Cat4b,ComponentShadowWEEE,non-ferrousMetals,Sr,e-m,0.00171,%,1
OBS,2020,EU27+4,WEEE_generatedDedicated,WEEE_Cat4b,ComponentShadowWEEE,non-ferrousMetals,Zr,e-m,0.00299,%,1
OBS,2020,EU27+4,WEEE_generatedDedicated,WEEE_Cat4b,ComponentShadowWEEE,non-ferrousMetals,n/a,m-c,0.00203,%,1
OBS,2020,EU27+4,WEEE_generatedDedicated,WEEE_Cat4b,ComponentShadowWEEE,otherMetalsAndMetalAlloys,Ag,e-m,0.000479,%,2
OBS,2020,EU27+4,WEEE_generatedDedicated,WEEE_Cat4b,ComponentShadowWEEE,otherMetalsAndMetalAlloys,Al,e-m,0.9,%,2
OBS,2020,EU27+4,WEEE_generatedDedicated,WEEE_Cat4b,ComponentShadowWEEE,otherMetalsAndMetalAlloys,Dy,e-m,0.1,%,2
OBS,2020,EU27+4,WEEE_generatedDedicated,WEEE_Cat4b,ComponentShadowWEEE,otherMetalsAndMetalAlloys,n/a,m-c,0.000459,%,2
OBS,2020,EU27+4,WEEE_generatedDedicated,WEEE_Cat4b,ComponentShadowWEEE,otherMinerals,Ag,e-m,0.00387,%,1
OBS,2020,EU27+4,WEEE_generatedDedicated,WEEE_Cat4b,ComponentShadowWEEE,otherMinerals,Pd,e-m,0.265,%,1
OBS,2020,EU27+4,WEEE_generatedDedicated,WEEE_Cat4b,ComponentShadowWEEE,otherMinerals,Sc,e-m,0.00196,%,1
OBS,2020,EU27+4,WEEE_generatedDedicated,WEEE_Cat4b,ComponentShadowWEEE,otherMinerals,Zr,e-m,0.000708,%,1
OBS,2020,EU27+4,WEEE_generatedDedicated,WEEE_Cat4b,ComponentShadowWEEE,otherMinerals,n/a,m-c,0.00367,%,1
OBS,2020,EU27+4,WEEE_generatedDedicated,WEEE_Cat4b,ComponentShadowWEEE,otherOrUndefinedMaterials,Ag,e-m,0.0012,%,1
OBS,2020,EU27+4,WEEE_generatedDedicated,WEEE_Cat4b,ComponentShadowWEEE,otherOrUndefinedMaterials,n/a,m-c,0.00101,%,1
OBS,2020,EU27+4,WEEE_generatedDedicated,WEEE_Cat4b,ComponentShadowWEEE,otherOrganics,Ag,e-m,0.00116,%,1
OBS,2020,EU27+4,WEEE_generatedDedicated,WEEE_Cat4b,ComponentShadowWEEE,otherOrganics,n/a,m-c,0.000464,%,1
OBS,2020,EU27+4,WEEE_generatedDedicated,WEEE_Cat4b,ComponentShadowWEEE,plastics,Ag,e-m,0.00343,%,1
OBS,2020,EU27+4,WEEE_generatedDedicated,WEEE_Cat4b,ComponentShadowWEEE,plastics,n/a,m-c,0.00343,%,1
OBS,2020,EU27+4,WEEE_generatedDedicated,WEEE_Cat4b,ComponentShadowWEEE,undefinedAndMixedMaterials,Ag,e-m,0.00037,%,1
OBS,2020,EU27+4,WEEE_generatedDedicated,WEEE_Cat4b,ComponentShadowWEEE,undefinedAndMixedMaterials,n/a,m-c,0.00037,%,1
OBS,2020,EU27+4,WEEE_generatedDedicated,WEEE_Cat4b,ComponentShadowWEEE,wood,Ag,e-m,0.00648,%,1
OBS,2020,EU27+4,WEEE_generatedDedicated,WEEE_Cat4b,ComponentShadowWEEE,wood,n/a,m-c,0.00603,%,1
OBS,2020,EU27+4,WEEE_generatedDedicated,WEEE_Cat4b,ConductivitySensor,CuAndCuAlloys,n/a,m-c,0.087,%,1
OBS,2020,EU27+4,WEEE_generatedDedicated,WEEE_Cat4b,ConductivitySensor,ferrousMetals,n/a,m-c,0.913,%,1
OBS,2020,EU27+4,WEEE_generatedDedicated,WEEE_Cat4b,ConductivitySensor,n/a,n/a,c-p,0.000785,%,1
OBS,2020,EU27+4,WEEE_generatedDedicated,WEEE_Cat4b,LED,n/a,n/a,c-p,0.0000513,%,1
OBS,2020,EU27+4,WEEE_generatedDedicated,WEEE_Cat4b,LidarSensor (&lt;15cm),AlAndAlAlloys,Ag,e-m,0.00541,%,1
OBS,2020,EU27+4,WEEE_generatedDedicated,WEEE_Cat4b,LidarSensor (&lt;15cm),AlAndAlAlloys,As,e-m,0.97,%,1
OBS,2020,EU27+4,WEEE_generatedDedicated,WEEE_Cat4b,LidarSensor (&lt;15cm),AlAndAlAlloys,Cu,e-m,0.002,%,1
OBS,2020,EU27+4,WEEE_generatedDedicated,WEEE_Cat4b,LidarSensor (&lt;15cm),AlAndAlAlloys,Ga,e-m,0.001,%,1
OBS,2020,EU27+4,WEEE_generatedDedicated,WEEE_Cat4b,LidarSensor (&lt;15cm),AlAndAlAlloys,Mn,e-m,0.0248,%,1
OBS,2020,EU27+4,WEEE_generatedDedicated,WEEE_Cat4b,LidarSensor (&lt;15cm),AlAndAlAlloys,Mo,e-m,0.002,%,1
OBS,2020,EU27+4,WEEE_generatedDedicated,WEEE_Cat4b,LidarSensor (&lt;15cm),AlAndAlAlloys,Sm,e-m,0.0003,%,1
OBS,2020,EU27+4,WEEE_generatedDedicated,WEEE_Cat4b,LidarSensor (&lt;15cm),AlAndAlAlloys,n/a,m-c,0.00576,%,1
OBS,2020,EU27+4,WEEE_generatedDedicated,WEEE_Cat4b,LidarSensor (&lt;15cm),CuAndCuAlloys,Ag,e-m,0.0459,%,1
OBS,2020,EU27+4,WEEE_generatedDedicated,WEEE_Cat4b,LidarSensor (&lt;15cm),CuAndCuAlloys,Dy,e-m,0.75,%,1
OBS,2020,EU27+4,WEEE_generatedDedicated,WEEE_Cat4b,LidarSensor (&lt;15cm),CuAndCuAlloys,Zr,e-m,0.25,%,1
OBS,2020,EU27+4,WEEE_generatedDedicated,WEEE_Cat4b,LidarSensor (&lt;15cm),CuAndCuAlloys,n/a,m-c,0.0489,%,1
OBS,2020,EU27+4,WEEE_generatedDedicated,WEEE_Cat4b,LidarSensor (&lt;15cm),ferrousMetals,Ag,e-m,0.296,%,1
OBS,2020,EU27+4,WEEE_generatedDedicated,WEEE_Cat4b,LidarSensor (&lt;15cm),ferrousMetals,Ca,e-m,0.0159,%,1
OBS,2020,EU27+4,WEEE_generatedDedicated,WEEE_Cat4b,LidarSensor (&lt;15cm),ferrousMetals,Cu,e-m,0.0933,%,1
OBS,2020,EU27+4,WEEE_generatedDedicated,WEEE_Cat4b,LidarSensor (&lt;15cm),ferrousMetals,Ga,e-m,0.827,%,1
OBS,2020,EU27+4,WEEE_generatedDedicated,WEEE_Cat4b,LidarSensor (&lt;15cm),ferrousMetals,Mo,e-m,0.0088,%,1
OBS,2020,EU27+4,WEEE_generatedDedicated,WEEE_Cat4b,LidarSensor (&lt;15cm),ferrousMetals,O,e-m,0.0415,%,1
OBS,2020,EU27+4,WEEE_generatedDedicated,WEEE_Cat4b,LidarSensor (&lt;15cm),ferrousMetals,Sm,e-m,0.0132,%,1
OBS,2020,EU27+4,WEEE_generatedDedicated,WEEE_Cat4b,LidarSensor (&lt;15cm),ferrousMetals,n/a,m-c,0.315,%,1
OBS,2020,EU27+4,WEEE_generatedDedicated,WEEE_Cat4b,LidarSensor (&lt;15cm),glass,Ag,e-m,0.0108,%,1
OBS,2020,EU27+4,WEEE_generatedDedicated,WEEE_Cat4b,LidarSensor (&lt;15cm),glass,Pd,e-m,0.265,%,1
OBS,2020,EU27+4,WEEE_generatedDedicated,WEEE_Cat4b,LidarSensor (&lt;15cm),glass,Sc,e-m,0.00196,%,1
OBS,2020,EU27+4,WEEE_generatedDedicated,WEEE_Cat4b,LidarSensor (&lt;15cm),glass,Zr,e-m,0.000708,%,1
OBS,2020,EU27+4,WEEE_generatedDedicated,WEEE_Cat4b,LidarSensor (&lt;15cm),glass,n/a,m-c,0.0115,%,1
OBS,2020,EU27+4,WEEE_generatedDedicated,WEEE_Cat4b,LidarSensor (&lt;15cm),n/a,n/a,c-p,0.265,%,1
OBS,2020,EU27+4,WEEE_generatedDedicated,WEEE_Cat4b,LidarSensor (&lt;15cm),plastics,Ag,e-m,0.493,%,1
OBS,2020,EU27+4,WEEE_generatedDedicated,WEEE_Cat4b,LidarSensor (&lt;15cm),plastics,n/a,m-c,0.525,%,1
OBS,2020,EU27+4,WEEE_generatedDedicated,WEEE_Cat4b,MagnetSensor,CuAndCuAlloys,Ag,e-m,0.109,%,1
OBS,2020,EU27+4,WEEE_generatedDedicated,WEEE_Cat4b,MagnetSensor,CuAndCuAlloys,Dy,e-m,0.75,%,1
OBS,2020,EU27+4,WEEE_generatedDedicated,WEEE_Cat4b,MagnetSensor,CuAndCuAlloys,Zr,e-m,0.25,%,1
OBS,2020,EU27+4,WEEE_generatedDedicated,WEEE_Cat4b,MagnetSensor,CuAndCuAlloys,n/a,m-c,0.0595,%,1
OBS,2020,EU27+4,WEEE_generatedDedicated,WEEE_Cat4b,MagnetSensor,ferrousMetals,Ag,e-m,0.688,%,1
OBS,2020,EU27+4,WEEE_generatedDedicated,WEEE_Cat4b,MagnetSensor,ferrousMetals,Ca,e-m,0.033,%,1
OBS,2020,EU27+4,WEEE_generatedDedicated,WEEE_Cat4b,MagnetSensor,ferrousMetals,Ga,e-m,0.938,%,1
OBS,2020,EU27+4,WEEE_generatedDedicated,WEEE_Cat4b,MagnetSensor,ferrousMetals,Mo,e-m,0.0075,%,1
OBS,2020,EU27+4,WEEE_generatedDedicated,WEEE_Cat4b,MagnetSensor,ferrousMetals,Sm,e-m,0.022,%,1
OBS,2020,EU27+4,WEEE_generatedDedicated,WEEE_Cat4b,MagnetSensor,ferrousMetals,n/a,m-c,0.376,%,1
OBS,2020,EU27+4,WEEE_generatedDedicated,WEEE_Cat4b,MagnetSensor,n/a,n/a,c-p,0.000551,%,1
OBS,2020,EU27+4,WEEE_generatedDedicated,WEEE_Cat4b,MagnetSensor,plastics,Ag,e-m,0.125,%,1
OBS,2020,EU27+4,WEEE_generatedDedicated,WEEE_Cat4b,MagnetSensor,plastics,n/a,m-c,0.0683,%,1
OBS,2020,EU27+4,WEEE_generatedDedicated,WEEE_Cat4b,PCBWEEECat,n/a,n/a,c-p,0.0008,%,1
OBS,2020,EU27+4,WEEE_generatedDedicated,WEEE_Cat4b,PCBWEEECat,otherOrUndefinedMaterials,Ag,e-m,1,%,1
OBS,2020,EU27+4,WEEE_generatedDedicated,WEEE_Cat4b,PCBWEEECat,otherOrUndefinedMaterials,n/a,m-c,1,%,1
OBS,2020,EU27+4,WEEE_generatedDedicated,WEEE_Cat4b,PCBunspecified,ferrousMetals,Ag,e-m,1,%,2
OBS,2020,EU27+4,WEEE_generatedDedicated,WEEE_Cat4b,PCBunspecified,ferrousMetals,Cu,e-m,0.18,%,2
OBS,2020,EU27+4,WEEE_generatedDedicated,WEEE_Cat4b,PCBunspecified,ferrousMetals,Ga,e-m,0.725,%,2
OBS,2020,EU27+4,WEEE_generatedDedicated,WEEE_Cat4b,PCBunspecified,ferrousMetals,Mo,e-m,0.01,%,2
OBS,2020,EU27+4,WEEE_generatedDedicated,WEEE_Cat4b,PCBunspecified,ferrousMetals,O,e-m,0.08,%,2
OBS,2020,EU27+4,WEEE_generatedDedicated,WEEE_Cat4b,PCBunspecified,ferrousMetals,Sm,e-m,0.005,%,2
OBS,2020,EU27+4,WEEE_generatedDedicated,WEEE_Cat4b,PCBunspecified,ferrousMetals,n/a,m-c,1,%,2
OBS,2020,EU27+4,WEEE_generatedDedicated,WEEE_Cat4b,PCBunspecified,n/a,n/a,c-p,0.00499,%,2
OBS,2020,EU27+4,WEEE_generatedDedicated,WEEE_Cat4b,PVBacksheet,n/a,n/a,c-p,0.0065,%,1
OBS,2020,EU27+4,WEEE_generatedDedicated,WEEE_Cat4b,PVBacksheet,plasticComposites,Ag,e-m,1,%,1
OBS,2020,EU27+4,WEEE_generatedDedicated,WEEE_Cat4b,PVBacksheet,plasticComposites,n/a,m-c,0.5,%,1
OBS,2020,EU27+4,WEEE_generatedDedicated,WEEE_Cat4b,PVBacksheet,plastics,Ag,e-m,1,%,1
OBS,2020,EU27+4,WEEE_generatedDedicated,WEEE_Cat4b,PVBacksheet,plastics,n/a,m-c,0.5,%,1
OBS,2020,EU27+4,WEEE_generatedDedicated,WEEE_Cat4b,PVEncapsulationEVA,n/a,n/a,c-p,0.0711,%,1
OBS,2020,EU27+4,WEEE_generatedDedicated,WEEE_Cat4b,PVEncapsulationEVA,plastics,Ag,e-m,1,%,1
OBS,2020,EU27+4,WEEE_generatedDedicated,WEEE_Cat4b,PVEncapsulationEVA,plastics,n/a,m-c,1,%,1
OBS,2020,EU27+4,WEEE_generatedDedicated,WEEE_Cat4b,PVFrameAl,CuAndCuAlloys,Ag,e-m,1,%,1
OBS,2020,EU27+4,WEEE_generatedDedicated,WEEE_Cat4b,PVFrameAl,CuAndCuAlloys,As,e-m,0.97,%,1
OBS,2020,EU27+4,WEEE_generatedDedicated,WEEE_Cat4b,PVFrameAl,CuAndCuAlloys,Cu,e-m,0.002,%,1
OBS,2020,EU27+4,WEEE_generatedDedicated,WEEE_Cat4b,PVFrameAl,CuAndCuAlloys,Ga,e-m,0.001,%,1
OBS,2020,EU27+4,WEEE_generatedDedicated,WEEE_Cat4b,PVFrameAl,CuAndCuAlloys,Mn,e-m,0.0248,%,1
OBS,2020,EU27+4,WEEE_generatedDedicated,WEEE_Cat4b,PVFrameAl,CuAndCuAlloys,Mo,e-m,0.002,%,1
OBS,2020,EU27+4,WEEE_generatedDedicated,WEEE_Cat4b,PVFrameAl,CuAndCuAlloys,Sm,e-m,0.0003,%,1
OBS,2020,EU27+4,WEEE_generatedDedicated,WEEE_Cat4b,PVFrameAl,CuAndCuAlloys,n/a,m-c,1,%,1
OBS,2020,EU27+4,WEEE_generatedDedicated,WEEE_Cat4b,PVFrameAl,n/a,n/a,c-p,0.122,%,1
OBS,2020,EU27+4,WEEE_generatedDedicated,WEEE_Cat4b,PVSolarGlass,glass,Ag,e-m,1,%,1
OBS,2020,EU27+4,WEEE_generatedDedicated,WEEE_Cat4b,PVSolarGlass,glass,Pd,e-m,0.265,%,1
OBS,2020,EU27+4,WEEE_generatedDedicated,WEEE_Cat4b,PVSolarGlass,glass,Sc,e-m,0.00196,%,1
OBS,2020,EU27+4,WEEE_generatedDedicated,WEEE_Cat4b,PVSolarGlass,glass,Zr,e-m,0.000708,%,1
OBS,2020,EU27+4,WEEE_generatedDedicated,WEEE_Cat4b,PVSolarGlass,glass,n/a,m-c,1,%,1
OBS,2020,EU27+4,WEEE_generatedDedicated,WEEE_Cat4b,PVSolarGlass,n/a,n/a,c-p,0.698,%,1
OBS,2020,EU27+4,WEEE_generatedDedicated,WEEE_Cat4b,PVcellSi,n/a,n/a,c-p,0.0332,%,1
OBS,2020,EU27+4,WEEE_generatedDedicated,WEEE_Cat4b,PVcellSi,otherOrUndefinedMaterials,Ag,e-m,1,%,1
OBS,2020,EU27+4,WEEE_generatedDedicated,WEEE_Cat4b,PVcellSi,otherOrUndefinedMaterials,n/a,m-c,1,%,1
OBS,2020,EU27+4,WEEE_generatedDedicated,WEEE_Cat4b,WEEEEvaporator,CuAndCuAlloys,Ag,e-m,0.844,%,1
OBS,2020,EU27+4,WEEE_generatedDedicated,WEEE_Cat4b,WEEEEvaporator,CuAndCuAlloys,Dy,e-m,0.75,%,1
OBS,2020,EU27+4,WEEE_generatedDedicated,WEEE_Cat4b,WEEEEvaporator,CuAndCuAlloys,Zr,e-m,0.25,%,1
OBS,2020,EU27+4,WEEE_generatedDedicated,WEEE_Cat4b,WEEEEvaporator,CuAndCuAlloys,n/a,m-c,0.844,%,1
OBS,2020,EU27+4,WEEE_generatedDedicated,WEEE_Cat4b,WEEEEvaporator,n/a,n/a,c-p,0.324,%,1
OBS,2020,EU27+4,WEEE_generatedDedicated,WEEE_Cat4b,WEEEEvaporator,steelAndSteelAlloys,Ag,e-m,0.156,%,1
OBS,2020,EU27+4,WEEE_generatedDedicated,WEEE_Cat4b,WEEEEvaporator,steelAndSteelAlloys,Cu,e-m,0.18,%,1
OBS,2020,EU27+4,WEEE_generatedDedicated,WEEE_Cat4b,WEEEEvaporator,steelAndSteelAlloys,Ga,e-m,0.725,%,1
OBS,2020,EU27+4,WEEE_generatedDedicated,WEEE_Cat4b,WEEEEvaporator,steelAndSteelAlloys,Mo,e-m,0.01,%,1
OBS,2020,EU27+4,WEEE_generatedDedicated,WEEE_Cat4b,WEEEEvaporator,steelAndSteelAlloys,O,e-m,0.08,%,1
OBS,2020,EU27+4,WEEE_generatedDedicated,WEEE_Cat4b,WEEEEvaporator,steelAndSteelAlloys,Sm,e-m,0.005,%,1
OBS,2020,EU27+4,WEEE_generatedDedicated,WEEE_Cat4b,WEEEEvaporator,steelAndSteelAlloys,n/a,m-c,0.156,%,1
OBS,2020,EU27+4,WEEE_generatedDedicated,WEEE_Cat4b,brush,AlAndAlAlloys,Ag,e-m,0.0179,%,1
OBS,2020,EU27+4,WEEE_generatedDedicated,WEEE_Cat4b,brush,AlAndAlAlloys,As,e-m,0.97,%,1
OBS,2020,EU27+4,WEEE_generatedDedicated,WEEE_Cat4b,brush,AlAndAlAlloys,Cu,e-m,0.002,%,1
OBS,2020,EU27+4,WEEE_generatedDedicated,WEEE_Cat4b,brush,AlAndAlAlloys,Ga,e-m,0.001,%,1
OBS,2020,EU27+4,WEEE_generatedDedicated,WEEE_Cat4b,brush,AlAndAlAlloys,Mn,e-m,0.0248,%,1
OBS,2020,EU27+4,WEEE_generatedDedicated,WEEE_Cat4b,brush,AlAndAlAlloys,Mo,e-m,0.002,%,1
OBS,2020,EU27+4,WEEE_generatedDedicated,WEEE_Cat4b,brush,AlAndAlAlloys,Sm,e-m,0.0003,%,1
OBS,2020,EU27+4,WEEE_generatedDedicated,WEEE_Cat4b,brush,AlAndAlAlloys,n/a,m-c,0.0179,%,1
OBS,2020,EU27+4,WEEE_generatedDedicated,WEEE_Cat4b,brush,ferrousMetals,Ag,e-m,0.286,%,1
OBS,2020,EU27+4,WEEE_generatedDedicated,WEEE_Cat4b,brush,ferrousMetals,Ca,e-m,0.033,%,1
OBS,2020,EU27+4,WEEE_generatedDedicated,WEEE_Cat4b,brush,ferrousMetals,Ga,e-m,0.938,%,1
OBS,2020,EU27+4,WEEE_generatedDedicated,WEEE_Cat4b,brush,ferrousMetals,Mo,e-m,0.0075,%,1
OBS,2020,EU27+4,WEEE_generatedDedicated,WEEE_Cat4b,brush,ferrousMetals,Sm,e-m,0.022,%,1
OBS,2020,EU27+4,WEEE_generatedDedicated,WEEE_Cat4b,brush,ferrousMetals,n/a,m-c,0.286,%,1
OBS,2020,EU27+4,WEEE_generatedDedicated,WEEE_Cat4b,brush,n/a,n/a,c-p,0.00464,%,1
OBS,2020,EU27+4,WEEE_generatedDedicated,WEEE_Cat4b,brush,plastics,Ag,e-m,0.696,%,1
OBS,2020,EU27+4,WEEE_generatedDedicated,WEEE_Cat4b,brush,plastics,n/a,m-c,0.696,%,1
OBS,2020,EU27+4,WEEE_generatedDedicated,WEEE_Cat4b,cableUnspecified,AlAndAlAlloys,Ag,e-m,0.103,%,2
OBS,2020,EU27+4,WEEE_generatedDedicated,WEEE_Cat4b,cableUnspecified,AlAndAlAlloys,As,e-m,0.97,%,2
OBS,2020,EU27+4,WEEE_generatedDedicated,WEEE_Cat4b,cableUnspecified,AlAndAlAlloys,Cu,e-m,0.002,%,2
OBS,2020,EU27+4,WEEE_generatedDedicated,WEEE_Cat4b,cableUnspecified,AlAndAlAlloys,Ga,e-m,0.001,%,2
OBS,2020,EU27+4,WEEE_generatedDedicated,WEEE_Cat4b,cableUnspecified,AlAndAlAlloys,Mn,e-m,0.0248,%,2
OBS,2020,EU27+4,WEEE_generatedDedicated,WEEE_Cat4b,cableUnspecified,AlAndAlAlloys,Mo,e-m,0.002,%,2
OBS,2020,EU27+4,WEEE_generatedDedicated,WEEE_Cat4b,cableUnspecified,AlAndAlAlloys,Sm,e-m,0.0003,%,2
OBS,2020,EU27+4,WEEE_generatedDedicated,WEEE_Cat4b,cableUnspecified,AlAndAlAlloys,n/a,m-c,0.103,%,2
OBS,2020,EU27+4,WEEE_generatedDedicated,WEEE_Cat4b,cableUnspecified,CuAndCuAlloys,Ag,e-m,0.166,%,2
OBS,2020,EU27+4,WEEE_generatedDedicated,WEEE_Cat4b,cableUnspecified,CuAndCuAlloys,Dy,e-m,0.75,%,2
OBS,2020,EU27+4,WEEE_generatedDedicated,WEEE_Cat4b,cableUnspecified,CuAndCuAlloys,Zr,e-m,0.25,%,2
OBS,2020,EU27+4,WEEE_generatedDedicated,WEEE_Cat4b,cableUnspecified,CuAndCuAlloys,n/a,m-c,0.166,%,2
OBS,2020,EU27+4,WEEE_generatedDedicated,WEEE_Cat4b,cableUnspecified,ferrousMetals,Ag,e-m,0.296,%,2
OBS,2020,EU27+4,WEEE_generatedDedicated,WEEE_Cat4b,cableUnspecified,ferrousMetals,Cu,e-m,0.18,%,2
OBS,2020,EU27+4,WEEE_generatedDedicated,WEEE_Cat4b,cableUnspecified,ferrousMetals,Ga,e-m,0.725,%,2
OBS,2020,EU27+4,WEEE_generatedDedicated,WEEE_Cat4b,cableUnspecified,ferrousMetals,Mo,e-m,0.01,%,2
OBS,2020,EU27+4,WEEE_generatedDedicated,WEEE_Cat4b,cableUnspecified,ferrousMetals,O,e-m,0.08,%,2
OBS,2020,EU27+4,WEEE_generatedDedicated,WEEE_Cat4b,cableUnspecified,ferrousMetals,Sm,e-m,0.005,%,2
OBS,2020,EU27+4,WEEE_generatedDedicated,WEEE_Cat4b,cableUnspecified,ferrousMetals,n/a,m-c,0.296,%,2
OBS,2020,EU27+4,WEEE_generatedDedicated,WEEE_Cat4b,cableUnspecified,n/a,n/a,c-p,0.00307,%,1
OBS,2020,EU27+4,WEEE_generatedDedicated,WEEE_Cat4b,cableUnspecified,plastics,Ag,e-m,0.435,%,2
OBS,2020,EU27+4,WEEE_generatedDedicated,WEEE_Cat4b,cableUnspecified,plastics,n/a,m-c,0.435,%,2
OBS,2020,EU27+4,WEEE_generatedDedicated,WEEE_Cat4b,cableWOPlug,n/a,n/a,c-p,0.000926,%,1
OBS,2020,EU27+4,WEEE_generatedDedicated,WEEE_Cat4b,cableWPlug,AlAndAlAlloys,n/a,m-c,0.137,%,2
OBS,2020,EU27+4,WEEE_generatedDedicated,WEEE_Cat4b,cableWPlug,ferrousMetals,n/a,m-c,0.305,%,2
OBS,2020,EU27+4,WEEE_generatedDedicated,WEEE_Cat4b,cableWPlug,n/a,n/a,c-p,0.000532,%,1
OBS,2020,EU27+4,WEEE_generatedDedicated,WEEE_Cat4b,cableWPlug,plastics,Ag,e-m,0.654,%,2
OBS,2020,EU27+4,WEEE_generatedDedicated,WEEE_Cat4b,cableWPlug,plastics,n/a,m-c,0.558,%,2
OBS,2020,EU27+4,WEEE_generatedDedicated,WEEE_Cat4b,cableWithConnector,CuAndCuAlloys,Ag,e-m,0.346,%,2
OBS,2020,EU27+4,WEEE_generatedDedicated,WEEE_Cat4b,cableWithConnector,CuAndCuAlloys,Dy,e-m,0.75,%,2
OBS,2020,EU27+4,WEEE_generatedDedicated,WEEE_Cat4b,cableWithConnector,CuAndCuAlloys,Zr,e-m,0.25,%,2
OBS,2020,EU27+4,WEEE_generatedDedicated,WEEE_Cat4b,cableWithConnector,CuAndCuAlloys,n/a,m-c,1,%,2
OBS,2020,EU27+4,WEEE_generatedDedicated,WEEE_Cat4b,cables,n/a,n/a,c-p,0.0152,%,1
OBS,2020,EU27+4,WEEE_generatedDedicated,WEEE_Cat4b,cables,otherOrUndefinedMaterials,Ag,e-m,1,%,1
OBS,2020,EU27+4,WEEE_generatedDedicated,WEEE_Cat4b,cables,otherOrUndefinedMaterials,n/a,m-c,1,%,1
OBS,2020,EU27+4,WEEE_generatedDedicated,WEEE_Cat4b,cablewire,AlAndAlAlloys,Ag,e-m,0.0385,%,1
OBS,2020,EU27+4,WEEE_generatedDedicated,WEEE_Cat4b,cablewire,AlAndAlAlloys,As,e-m,0.97,%,1
OBS,2020,EU27+4,WEEE_generatedDedicated,WEEE_Cat4b,cablewire,AlAndAlAlloys,Cu,e-m,0.002,%,1
OBS,2020,EU27+4,WEEE_generatedDedicated,WEEE_Cat4b,cablewire,AlAndAlAlloys,Ga,e-m,0.001,%,1
OBS,2020,EU27+4,WEEE_generatedDedicated,WEEE_Cat4b,cablewire,AlAndAlAlloys,Mn,e-m,0.0248,%,1
OBS,2020,EU27+4,WEEE_generatedDedicated,WEEE_Cat4b,cablewire,AlAndAlAlloys,Mo,e-m,0.002,%,1
OBS,2020,EU27+4,WEEE_generatedDedicated,WEEE_Cat4b,cablewire,AlAndAlAlloys,Sm,e-m,0.0003,%,1
OBS,2020,EU27+4,WEEE_generatedDedicated,WEEE_Cat4b,cablewire,AlAndAlAlloys,n/a,m-c,0.0277,%,1
OBS,2020,EU27+4,WEEE_generatedDedicated,WEEE_Cat4b,cablewire,CuAndCuAlloys,Ag,e-m,0.195,%,1
OBS,2020,EU27+4,WEEE_generatedDedicated,WEEE_Cat4b,cablewire,CuAndCuAlloys,Dy,e-m,0.75,%,1
OBS,2020,EU27+4,WEEE_generatedDedicated,WEEE_Cat4b,cablewire,CuAndCuAlloys,Zr,e-m,0.25,%,1
OBS,2020,EU27+4,WEEE_generatedDedicated,WEEE_Cat4b,cablewire,CuAndCuAlloys,n/a,m-c,0.141,%,1
OBS,2020,EU27+4,WEEE_generatedDedicated,WEEE_Cat4b,cablewire,ferrousMetals,Ag,e-m,0.488,%,1
OBS,2020,EU27+4,WEEE_generatedDedicated,WEEE_Cat4b,cablewire,ferrousMetals,Ca,e-m,0.033,%,1
OBS,2020,EU27+4,WEEE_generatedDedicated,WEEE_Cat4b,cablewire,ferrousMetals,Ga,e-m,0.938,%,1
OBS,2020,EU27+4,WEEE_generatedDedicated,WEEE_Cat4b,cablewire,ferrousMetals,Mo,e-m,0.0075,%,1
OBS,2020,EU27+4,WEEE_generatedDedicated,WEEE_Cat4b,cablewire,ferrousMetals,Sm,e-m,0.022,%,1
OBS,2020,EU27+4,WEEE_generatedDedicated,WEEE_Cat4b,cablewire,ferrousMetals,n/a,m-c,0.352,%,1
OBS,2020,EU27+4,WEEE_generatedDedicated,WEEE_Cat4b,cablewire,n/a,n/a,c-p,0.0000652,%,1
OBS,2020,EU27+4,WEEE_generatedDedicated,WEEE_Cat4b,cablewire,plastics,Ag,e-m,0.667,%,1
OBS,2020,EU27+4,WEEE_generatedDedicated,WEEE_Cat4b,cablewire,plastics,n/a,m-c,0.48,%,1
OBS,2020,EU27+4,WEEE_generatedDedicated,WEEE_Cat4b,capElectrolytic,CuAndCuAlloys,Ag,e-m,0.666,%,2
OBS,2020,EU27+4,WEEE_generatedDedicated,WEEE_Cat4b,capElectrolytic,CuAndCuAlloys,Dy,e-m,0.75,%,2
OBS,2020,EU27+4,WEEE_generatedDedicated,WEEE_Cat4b,capElectrolytic,CuAndCuAlloys,Zr,e-m,0.25,%,2
OBS,2020,EU27+4,WEEE_generatedDedicated,WEEE_Cat4b,capElectrolytic,CuAndCuAlloys,n/a,m-c,0.666,%,2
OBS,2020,EU27+4,WEEE_generatedDedicated,WEEE_Cat4b,capElectrolytic,n/a,n/a,c-p,0.00598,%,2
OBS,2020,EU27+4,WEEE_generatedDedicated,WEEE_Cat4b,capElectrolytic,undefinedAndMixedMaterials,Ag,e-m,0.334,%,2
OBS,2020,EU27+4,WEEE_generatedDedicated,WEEE_Cat4b,capElectrolytic,undefinedAndMixedMaterials,n/a,m-c,0.334,%,2
OBS,2020,EU27+4,WEEE_generatedDedicated,WEEE_Cat4b,casingPlasticBased,AlAndAlAlloys,Ag,e-m,0.00456,%,1
OBS,2020,EU27+4,WEEE_generatedDedicated,WEEE_Cat4b,casingPlasticBased,AlAndAlAlloys,As,e-m,0.97,%,1
OBS,2020,EU27+4,WEEE_generatedDedicated,WEEE_Cat4b,casingPlasticBased,AlAndAlAlloys,Cu,e-m,0.002,%,1
OBS,2020,EU27+4,WEEE_generatedDedicated,WEEE_Cat4b,casingPlasticBased,AlAndAlAlloys,Ga,e-m,0.001,%,1
OBS,2020,EU27+4,WEEE_generatedDedicated,WEEE_Cat4b,casingPlasticBased,AlAndAlAlloys,Mn,e-m,0.0248,%,1
OBS,2020,EU27+4,WEEE_generatedDedicated,WEEE_Cat4b,casingPlasticBased,AlAndAlAlloys,Mo,e-m,0.002,%,1
OBS,2020,EU27+4,WEEE_generatedDedicated,WEEE_Cat4b,casingPlasticBased,AlAndAlAlloys,Sm,e-m,0.0003,%,1
OBS,2020,EU27+4,WEEE_generatedDedicated,WEEE_Cat4b,casingPlasticBased,AlAndAlAlloys,n/a,m-c,0.00351,%,1
OBS,2020,EU27+4,WEEE_generatedDedicated,WEEE_Cat4b,casingPlasticBased,CuAndCuAlloys,Ag,e-m,0.0154,%,1
OBS,2020,EU27+4,WEEE_generatedDedicated,WEEE_Cat4b,casingPlasticBased,CuAndCuAlloys,Dy,e-m,0.75,%,1
OBS,2020,EU27+4,WEEE_generatedDedicated,WEEE_Cat4b,casingPlasticBased,CuAndCuAlloys,Zr,e-m,0.25,%,1
OBS,2020,EU27+4,WEEE_generatedDedicated,WEEE_Cat4b,casingPlasticBased,CuAndCuAlloys,n/a,m-c,0.0154,%,1
OBS,2020,EU27+4,WEEE_generatedDedicated,WEEE_Cat4b,casingPlasticBased,ferrousMetals,Ag,e-m,0.045,%,1
OBS,2020,EU27+4,WEEE_generatedDedicated,WEEE_Cat4b,casingPlasticBased,ferrousMetals,Ca,e-m,0.0303,%,1
OBS,2020,EU27+4,WEEE_generatedDedicated,WEEE_Cat4b,casingPlasticBased,ferrousMetals,Cu,e-m,0.015,%,1
OBS,2020,EU27+4,WEEE_generatedDedicated,WEEE_Cat4b,casingPlasticBased,ferrousMetals,Ga,e-m,0.92,%,1
OBS,2020,EU27+4,WEEE_generatedDedicated,WEEE_Cat4b,casingPlasticBased,ferrousMetals,Mo,e-m,0.0075,%,1
OBS,2020,EU27+4,WEEE_generatedDedicated,WEEE_Cat4b,casingPlasticBased,ferrousMetals,O,e-m,0.00667,%,1
OBS,2020,EU27+4,WEEE_generatedDedicated,WEEE_Cat4b,casingPlasticBased,ferrousMetals,Sm,e-m,0.0206,%,1
OBS,2020,EU27+4,WEEE_generatedDedicated,WEEE_Cat4b,casingPlasticBased,ferrousMetals,n/a,m-c,0.0239,%,1
OBS,2020,EU27+4,WEEE_generatedDedicated,WEEE_Cat4b,casingPlasticBased,n/a,n/a,c-p,0.00512,%,1
OBS,2020,EU27+4,WEEE_generatedDedicated,WEEE_Cat4b,casingPlasticBased,otherOrganics,Ag,e-m,0.0741,%,1
OBS,2020,EU27+4,WEEE_generatedDedicated,WEEE_Cat4b,casingPlasticBased,otherOrganics,n/a,m-c,0.0393,%,1
OBS,2020,EU27+4,WEEE_generatedDedicated,WEEE_Cat4b,casingPlasticBased,plastics,Ag,e-m,0.231,%,1
OBS,2020,EU27+4,WEEE_generatedDedicated,WEEE_Cat4b,casingPlasticBased,plastics,n/a,m-c,0.521,%,1
OBS,2020,EU27+4,WEEE_generatedDedicated,WEEE_Cat4b,casingPlasticBased,polymerPA6GF30,Ag,e-m,0.0414,%,1
OBS,2020,EU27+4,WEEE_generatedDedicated,WEEE_Cat4b,casingPlasticBased,polymerPA6GF30,n/a,m-c,0.022,%,1
OBS,2020,EU27+4,WEEE_generatedDedicated,WEEE_Cat4b,casingPlasticBased,polymerPPGF30,Ag,e-m,0.0134,%,1
OBS,2020,EU27+4,WEEE_generatedDedicated,WEEE_Cat4b,casingPlasticBased,polymerPPGF30,n/a,m-c,0.00713,%,1
OBS,2020,EU27+4,WEEE_generatedDedicated,WEEE_Cat4b,casingPlasticBased,polymerPPTF30,Ag,e-m,0.722,%,1
OBS,2020,EU27+4,WEEE_generatedDedicated,WEEE_Cat4b,casingPlasticBased,polymerPPTF30,n/a,m-c,0.383,%,1
OBS,2020,EU27+4,WEEE_generatedDedicated,WEEE_Cat4b,casingPlasticBased,undefinedAndMixedMaterials,n/a,m-c,0.265,%,1
OBS,2020,EU27+4,WEEE_generatedDedicated,WEEE_Cat4b,casingSteelBased,ferrousMetals,Ag,e-m,0.0409,%,2
OBS,2020,EU27+4,WEEE_generatedDedicated,WEEE_Cat4b,casingSteelBased,ferrousMetals,Cu,e-m,0.18,%,2
OBS,2020,EU27+4,WEEE_generatedDedicated,WEEE_Cat4b,casingSteelBased,ferrousMetals,Ga,e-m,0.725,%,2
OBS,2020,EU27+4,WEEE_generatedDedicated,WEEE_Cat4b,casingSteelBased,ferrousMetals,Mo,e-m,0.01,%,2
OBS,2020,EU27+4,WEEE_generatedDedicated,WEEE_Cat4b,casingSteelBased,ferrousMetals,O,e-m,0.08,%,2
OBS,2020,EU27+4,WEEE_generatedDedicated,WEEE_Cat4b,casingSteelBased,ferrousMetals,Sm,e-m,0.005,%,2
OBS,2020,EU27+4,WEEE_generatedDedicated,WEEE_Cat4b,casingSteelBased,ferrousMetals,n/a,m-c,1,%,2
OBS,2020,EU27+4,WEEE_generatedDedicated,WEEE_Cat4b,casingSteelBased,n/a,n/a,c-p,0.0172,%,2
OBS,2020,EU27+4,WEEE_generatedDedicated,WEEE_Cat4b,casingUnspecified,AlAndAlAlloys,Ag,e-m,0.00935,%,2
OBS,2020,EU27+4,WEEE_generatedDedicated,WEEE_Cat4b,casingUnspecified,AlAndAlAlloys,As,e-m,0.97,%,2
OBS,2020,EU27+4,WEEE_generatedDedicated,WEEE_Cat4b,casingUnspecified,AlAndAlAlloys,Cu,e-m,0.002,%,2
OBS,2020,EU27+4,WEEE_generatedDedicated,WEEE_Cat4b,casingUnspecified,AlAndAlAlloys,Ga,e-m,0.001,%,2
OBS,2020,EU27+4,WEEE_generatedDedicated,WEEE_Cat4b,casingUnspecified,AlAndAlAlloys,Mn,e-m,0.0248,%,2
OBS,2020,EU27+4,WEEE_generatedDedicated,WEEE_Cat4b,casingUnspecified,AlAndAlAlloys,Mo,e-m,0.002,%,2
OBS,2020,EU27+4,WEEE_generatedDedicated,WEEE_Cat4b,casingUnspecified,AlAndAlAlloys,Sm,e-m,0.0003,%,2
OBS,2020,EU27+4,WEEE_generatedDedicated,WEEE_Cat4b,casingUnspecified,AlAndAlAlloys,n/a,m-c,0.000774,%,2
OBS,2020,EU27+4,WEEE_generatedDedicated,WEEE_Cat4b,casingUnspecified,CuAndCuAlloys,Ag,e-m,0.000715,%,2
OBS,2020,EU27+4,WEEE_generatedDedicated,WEEE_Cat4b,casingUnspecified,CuAndCuAlloys,Dy,e-m,0.75,%,2
OBS,2020,EU27+4,WEEE_generatedDedicated,WEEE_Cat4b,casingUnspecified,CuAndCuAlloys,Zr,e-m,0.25,%,2
OBS,2020,EU27+4,WEEE_generatedDedicated,WEEE_Cat4b,casingUnspecified,CuAndCuAlloys,n/a,m-c,0.000715,%,2
OBS,2020,EU27+4,WEEE_generatedDedicated,WEEE_Cat4b,casingUnspecified,ferrousMetals,Ag,e-m,0.00784,%,2
OBS,2020,EU27+4,WEEE_generatedDedicated,WEEE_Cat4b,casingUnspecified,ferrousMetals,Cu,e-m,0.18,%,2
OBS,2020,EU27+4,WEEE_generatedDedicated,WEEE_Cat4b,casingUnspecified,ferrousMetals,Ga,e-m,0.725,%,2
OBS,2020,EU27+4,WEEE_generatedDedicated,WEEE_Cat4b,casingUnspecified,ferrousMetals,Mo,e-m,0.01,%,2
OBS,2020,EU27+4,WEEE_generatedDedicated,WEEE_Cat4b,casingUnspecified,ferrousMetals,O,e-m,0.08,%,2
OBS,2020,EU27+4,WEEE_generatedDedicated,WEEE_Cat4b,casingUnspecified,ferrousMetals,Sm,e-m,0.005,%,2
OBS,2020,EU27+4,WEEE_generatedDedicated,WEEE_Cat4b,casingUnspecified,ferrousMetals,n/a,m-c,0.00653,%,2
OBS,2020,EU27+4,WEEE_generatedDedicated,WEEE_Cat4b,casingUnspecified,glass,Ag,e-m,0.143,%,2
OBS,2020,EU27+4,WEEE_generatedDedicated,WEEE_Cat4b,casingUnspecified,glass,Pd,e-m,0.265,%,2
OBS,2020,EU27+4,WEEE_generatedDedicated,WEEE_Cat4b,casingUnspecified,glass,Sc,e-m,0.00196,%,2
OBS,2020,EU27+4,WEEE_generatedDedicated,WEEE_Cat4b,casingUnspecified,glass,Zr,e-m,0.000708,%,2
OBS,2020,EU27+4,WEEE_generatedDedicated,WEEE_Cat4b,casingUnspecified,glass,n/a,m-c,0.126,%,2
OBS,2020,EU27+4,WEEE_generatedDedicated,WEEE_Cat4b,casingUnspecified,n/a,n/a,c-p,0.0325,%,2
OBS,2020,EU27+4,WEEE_generatedDedicated,WEEE_Cat4b,casingUnspecified,otherMetalsAndMetalAlloys,Ag,e-m,0.00152,%,2
OBS,2020,EU27+4,WEEE_generatedDedicated,WEEE_Cat4b,casingUnspecified,otherMetalsAndMetalAlloys,Al,e-m,0.9,%,2
OBS,2020,EU27+4,WEEE_generatedDedicated,WEEE_Cat4b,casingUnspecified,otherMetalsAndMetalAlloys,Dy,e-m,0.1,%,2
OBS,2020,EU27+4,WEEE_generatedDedicated,WEEE_Cat4b,casingUnspecified,otherMetalsAndMetalAlloys,n/a,m-c,0.00115,%,2
OBS,2020,EU27+4,WEEE_generatedDedicated,WEEE_Cat4b,casingUnspecified,plastics,Ag,e-m,0.000408,%,2
OBS,2020,EU27+4,WEEE_generatedDedicated,WEEE_Cat4b,casingUnspecified,plastics,n/a,m-c,0.00217,%,2
OBS,2020,EU27+4,WEEE_generatedDedicated,WEEE_Cat4b,casingUnspecified,undefinedAndMixedMaterials,Ag,e-m,0.000378,%,2
OBS,2020,EU27+4,WEEE_generatedDedicated,WEEE_Cat4b,casingUnspecified,undefinedAndMixedMaterials,n/a,m-c,0.000378,%,2
OBS,2020,EU27+4,WEEE_generatedDedicated,WEEE_Cat4b,coldCathodeLamp,n/a,n/a,c-p,0.0108,%,1
OBS,2020,EU27+4,WEEE_generatedDedicated,WEEE_Cat4b,compContainHazardSubst,n/a,n/a,c-p,0.000661,%,1
OBS,2020,EU27+4,WEEE_generatedDedicated,WEEE_Cat4b,compressor,CuAndCuAlloys,Ag,e-m,0.596,%,1
OBS,2020,EU27+4,WEEE_generatedDedicated,WEEE_Cat4b,compressor,CuAndCuAlloys,As,e-m,0.404,%,1
OBS,2020,EU27+4,WEEE_generatedDedicated,WEEE_Cat4b,compressor,CuAndCuAlloys,Cu,e-m,0.000833,%,1
OBS,2020,EU27+4,WEEE_generatedDedicated,WEEE_Cat4b,compressor,CuAndCuAlloys,Dy,e-m,0.438,%,1
OBS,2020,EU27+4,WEEE_generatedDedicated,WEEE_Cat4b,compressor,CuAndCuAlloys,Ga,e-m,0.000417,%,1
OBS,2020,EU27+4,WEEE_generatedDedicated,WEEE_Cat4b,compressor,CuAndCuAlloys,Mn,e-m,0.0103,%,1
OBS,2020,EU27+4,WEEE_generatedDedicated,WEEE_Cat4b,compressor,CuAndCuAlloys,Mo,e-m,0.000833,%,1
OBS,2020,EU27+4,WEEE_generatedDedicated,WEEE_Cat4b,compressor,CuAndCuAlloys,Sm,e-m,0.000125,%,1
OBS,2020,EU27+4,WEEE_generatedDedicated,WEEE_Cat4b,compressor,CuAndCuAlloys,Zr,e-m,0.146,%,1
OBS,2020,EU27+4,WEEE_generatedDedicated,WEEE_Cat4b,compressor,CuAndCuAlloys,n/a,m-c,0.573,%,1
OBS,2020,EU27+4,WEEE_generatedDedicated,WEEE_Cat4b,compressor,glass,Ag,e-m,0.0367,%,1
OBS,2020,EU27+4,WEEE_generatedDedicated,WEEE_Cat4b,compressor,glass,Pd,e-m,0.265,%,1
OBS,2020,EU27+4,WEEE_generatedDedicated,WEEE_Cat4b,compressor,glass,Sc,e-m,0.00196,%,1
OBS,2020,EU27+4,WEEE_generatedDedicated,WEEE_Cat4b,compressor,glass,Zr,e-m,0.000708,%,1
OBS,2020,EU27+4,WEEE_generatedDedicated,WEEE_Cat4b,compressor,glass,n/a,m-c,0.0353,%,1
OBS,2020,EU27+4,WEEE_generatedDedicated,WEEE_Cat4b,compressor,n/a,n/a,c-p,0.0000345,%,1
OBS,2020,EU27+4,WEEE_generatedDedicated,WEEE_Cat4b,compressor,otherFerrousAlloys,Ag,e-m,0.0156,%,1
OBS,2020,EU27+4,WEEE_generatedDedicated,WEEE_Cat4b,compressor,otherFerrousAlloys,Ca,e-m,0.033,%,1
OBS,2020,EU27+4,WEEE_generatedDedicated,WEEE_Cat4b,compressor,otherFerrousAlloys,Ga,e-m,0.938,%,1
OBS,2020,EU27+4,WEEE_generatedDedicated,WEEE_Cat4b,compressor,otherFerrousAlloys,Mo,e-m,0.0075,%,1
OBS,2020,EU27+4,WEEE_generatedDedicated,WEEE_Cat4b,compressor,otherFerrousAlloys,Sm,e-m,0.022,%,1
OBS,2020,EU27+4,WEEE_generatedDedicated,WEEE_Cat4b,compressor,otherFerrousAlloys,n/a,m-c,0.015,%,1
OBS,2020,EU27+4,WEEE_generatedDedicated,WEEE_Cat4b,compressor,otherOrUndefinedMaterials,Ag,e-m,0.133,%,1
OBS,2020,EU27+4,WEEE_generatedDedicated,WEEE_Cat4b,compressor,otherOrUndefinedMaterials,n/a,m-c,0.128,%,1
OBS,2020,EU27+4,WEEE_generatedDedicated,WEEE_Cat4b,compressor,plastics,Ag,e-m,0.0266,%,1
OBS,2020,EU27+4,WEEE_generatedDedicated,WEEE_Cat4b,compressor,plastics,n/a,m-c,0.0256,%,1
OBS,2020,EU27+4,WEEE_generatedDedicated,WEEE_Cat4b,compressor,steelAndSteelAlloys,Ag,e-m,0.232,%,1
OBS,2020,EU27+4,WEEE_generatedDedicated,WEEE_Cat4b,compressor,steelAndSteelAlloys,Cu,e-m,0.18,%,1
OBS,2020,EU27+4,WEEE_generatedDedicated,WEEE_Cat4b,compressor,steelAndSteelAlloys,Ga,e-m,0.725,%,1
OBS,2020,EU27+4,WEEE_generatedDedicated,WEEE_Cat4b,compressor,steelAndSteelAlloys,Mo,e-m,0.01,%,1
OBS,2020,EU27+4,WEEE_generatedDedicated,WEEE_Cat4b,compressor,steelAndSteelAlloys,O,e-m,0.08,%,1
OBS,2020,EU27+4,WEEE_generatedDedicated,WEEE_Cat4b,compressor,steelAndSteelAlloys,Sm,e-m,0.005,%,1
OBS,2020,EU27+4,WEEE_generatedDedicated,WEEE_Cat4b,compressor,steelAndSteelAlloys,n/a,m-c,0.223,%,1
OBS,2020,EU27+4,WEEE_generatedDedicated,WEEE_Cat4b,condensator,n/a,n/a,c-p,0.00683,%,1
OBS,2020,EU27+4,WEEE_generatedDedicated,WEEE_Cat4b,contactor,n/a,n/a,c-p,0.0000702,%,1
OBS,2020,EU27+4,WEEE_generatedDedicated,WEEE_Cat4b,displayCRT,AlAndAlAlloys,Ag,e-m,0.00569,%,2
OBS,2020,EU27+4,WEEE_generatedDedicated,WEEE_Cat4b,displayCRT,AlAndAlAlloys,As,e-m,0.97,%,2
OBS,2020,EU27+4,WEEE_generatedDedicated,WEEE_Cat4b,displayCRT,AlAndAlAlloys,Cu,e-m,0.002,%,2
OBS,2020,EU27+4,WEEE_generatedDedicated,WEEE_Cat4b,displayCRT,AlAndAlAlloys,Ga,e-m,0.001,%,2
OBS,2020,EU27+4,WEEE_generatedDedicated,WEEE_Cat4b,displayCRT,AlAndAlAlloys,Mn,e-m,0.0248,%,2
OBS,2020,EU27+4,WEEE_generatedDedicated,WEEE_Cat4b,displayCRT,AlAndAlAlloys,Mo,e-m,0.002,%,2
OBS,2020,EU27+4,WEEE_generatedDedicated,WEEE_Cat4b,displayCRT,AlAndAlAlloys,Sm,e-m,0.0003,%,2
OBS,2020,EU27+4,WEEE_generatedDedicated,WEEE_Cat4b,displayCRT,AlAndAlAlloys,n/a,m-c,0.00782,%,2
OBS,2020,EU27+4,WEEE_generatedDedicated,WEEE_Cat4b,displayCRT,glass,Ag,e-m,0.722,%,2
OBS,2020,EU27+4,WEEE_generatedDedicated,WEEE_Cat4b,displayCRT,glass,Pd,e-m,0.265,%,2
OBS,2020,EU27+4,WEEE_generatedDedicated,WEEE_Cat4b,displayCRT,glass,Sc,e-m,0.00196,%,2
OBS,2020,EU27+4,WEEE_generatedDedicated,WEEE_Cat4b,displayCRT,glass,Zr,e-m,0.000708,%,2
OBS,2020,EU27+4,WEEE_generatedDedicated,WEEE_Cat4b,displayCRT,glass,n/a,m-c,0.992,%,2
OBS,2020,EU27+4,WEEE_generatedDedicated,WEEE_Cat4b,displayCRT,n/a,n/a,c-p,0.303,%,2
OBS,2020,EU27+4,WEEE_generatedDedicated,WEEE_Cat4b,displayLCD,AlAndAlAlloys,Ag,e-m,0.301,%,2
OBS,2020,EU27+4,WEEE_generatedDedicated,WEEE_Cat4b,displayLCD,AlAndAlAlloys,As,e-m,0.97,%,2
OBS,2020,EU27+4,WEEE_generatedDedicated,WEEE_Cat4b,displayLCD,AlAndAlAlloys,Cu,e-m,0.002,%,2
OBS,2020,EU27+4,WEEE_generatedDedicated,WEEE_Cat4b,displayLCD,AlAndAlAlloys,Ga,e-m,0.001,%,2
OBS,2020,EU27+4,WEEE_generatedDedicated,WEEE_Cat4b,displayLCD,AlAndAlAlloys,Mn,e-m,0.0248,%,2
OBS,2020,EU27+4,WEEE_generatedDedicated,WEEE_Cat4b,displayLCD,AlAndAlAlloys,Mo,e-m,0.002,%,2
OBS,2020,EU27+4,WEEE_generatedDedicated,WEEE_Cat4b,displayLCD,AlAndAlAlloys,Sm,e-m,0.0003,%,2
OBS,2020,EU27+4,WEEE_generatedDedicated,WEEE_Cat4b,displayLCD,AlAndAlAlloys,n/a,m-c,0.257,%,2
OBS,2020,EU27+4,WEEE_generatedDedicated,WEEE_Cat4b,displayLCD,CuAndCuAlloys,Ag,e-m,0.00985,%,2
OBS,2020,EU27+4,WEEE_generatedDedicated,WEEE_Cat4b,displayLCD,CuAndCuAlloys,Dy,e-m,0.75,%,2
OBS,2020,EU27+4,WEEE_generatedDedicated,WEEE_Cat4b,displayLCD,CuAndCuAlloys,Zr,e-m,0.25,%,2
OBS,2020,EU27+4,WEEE_generatedDedicated,WEEE_Cat4b,displayLCD,CuAndCuAlloys,n/a,m-c,0.00839,%,2
OBS,2020,EU27+4,WEEE_generatedDedicated,WEEE_Cat4b,displayLCD,ferrousMetals,Ag,e-m,0.132,%,2
OBS,2020,EU27+4,WEEE_generatedDedicated,WEEE_Cat4b,displayLCD,ferrousMetals,Cu,e-m,0.18,%,2
OBS,2020,EU27+4,WEEE_generatedDedicated,WEEE_Cat4b,displayLCD,ferrousMetals,Ga,e-m,0.725,%,2
OBS,2020,EU27+4,WEEE_generatedDedicated,WEEE_Cat4b,displayLCD,ferrousMetals,Mo,e-m,0.01,%,2
OBS,2020,EU27+4,WEEE_generatedDedicated,WEEE_Cat4b,displayLCD,ferrousMetals,O,e-m,0.08,%,2
OBS,2020,EU27+4,WEEE_generatedDedicated,WEEE_Cat4b,displayLCD,ferrousMetals,Sm,e-m,0.005,%,2
OBS,2020,EU27+4,WEEE_generatedDedicated,WEEE_Cat4b,displayLCD,ferrousMetals,n/a,m-c,0.11,%,2
OBS,2020,EU27+4,WEEE_generatedDedicated,WEEE_Cat4b,displayLCD,glass,Ag,e-m,0.392,%,2
OBS,2020,EU27+4,WEEE_generatedDedicated,WEEE_Cat4b,displayLCD,glass,Pd,e-m,0.265,%,2
OBS,2020,EU27+4,WEEE_generatedDedicated,WEEE_Cat4b,displayLCD,glass,Sc,e-m,0.00196,%,2
OBS,2020,EU27+4,WEEE_generatedDedicated,WEEE_Cat4b,displayLCD,glass,Zr,e-m,0.000708,%,2
OBS,2020,EU27+4,WEEE_generatedDedicated,WEEE_Cat4b,displayLCD,glass,n/a,m-c,0.329,%,2
OBS,2020,EU27+4,WEEE_generatedDedicated,WEEE_Cat4b,displayLCD,n/a,n/a,c-p,0.000449,%,1
OBS,2020,EU27+4,WEEE_generatedDedicated,WEEE_Cat4b,displayLCD,plastics,Ag,e-m,0.176,%,2
OBS,2020,EU27+4,WEEE_generatedDedicated,WEEE_Cat4b,displayLCD,plastics,n/a,m-c,0.176,%,2
OBS,2020,EU27+4,WEEE_generatedDedicated,WEEE_Cat4b,displayLCD,undefinedAndMixedMaterials,Ag,e-m,0.0714,%,2
OBS,2020,EU27+4,WEEE_generatedDedicated,WEEE_Cat4b,displayLCD,undefinedAndMixedMaterials,n/a,m-c,0.06,%,2
OBS,2020,EU27+4,WEEE_generatedDedicated,WEEE_Cat4b,displayLCDunder100cm2,n/a,n/a,c-p,0.000553,%,1
OBS,2020,EU27+4,WEEE_generatedDedicated,WEEE_Cat4b,displayOther,AlAndAlAlloys,Ag,e-m,0.00706,%,2
OBS,2020,EU27+4,WEEE_generatedDedicated,WEEE_Cat4b,displayOther,AlAndAlAlloys,As,e-m,0.97,%,2
OBS,2020,EU27+4,WEEE_generatedDedicated,WEEE_Cat4b,displayOther,AlAndAlAlloys,Cu,e-m,0.002,%,2
OBS,2020,EU27+4,WEEE_generatedDedicated,WEEE_Cat4b,displayOther,AlAndAlAlloys,Ga,e-m,0.001,%,2
OBS,2020,EU27+4,WEEE_generatedDedicated,WEEE_Cat4b,displayOther,AlAndAlAlloys,Mn,e-m,0.0248,%,2
OBS,2020,EU27+4,WEEE_generatedDedicated,WEEE_Cat4b,displayOther,AlAndAlAlloys,Mo,e-m,0.002,%,2
OBS,2020,EU27+4,WEEE_generatedDedicated,WEEE_Cat4b,displayOther,AlAndAlAlloys,Sm,e-m,0.0003,%,2
OBS,2020,EU27+4,WEEE_generatedDedicated,WEEE_Cat4b,displayOther,AlAndAlAlloys,n/a,m-c,0.00703,%,2
OBS,2020,EU27+4,WEEE_generatedDedicated,WEEE_Cat4b,displayOther,CuAndCuAlloys,Ag,e-m,0.000388,%,2
OBS,2020,EU27+4,WEEE_generatedDedicated,WEEE_Cat4b,displayOther,CuAndCuAlloys,Dy,e-m,0.75,%,2
OBS,2020,EU27+4,WEEE_generatedDedicated,WEEE_Cat4b,displayOther,CuAndCuAlloys,Zr,e-m,0.25,%,2
OBS,2020,EU27+4,WEEE_generatedDedicated,WEEE_Cat4b,displayOther,CuAndCuAlloys,n/a,m-c,0.000388,%,2
OBS,2020,EU27+4,WEEE_generatedDedicated,WEEE_Cat4b,displayOther,ferrousMetals,Ag,e-m,0.0127,%,2
OBS,2020,EU27+4,WEEE_generatedDedicated,WEEE_Cat4b,displayOther,ferrousMetals,Cu,e-m,0.18,%,2
OBS,2020,EU27+4,WEEE_generatedDedicated,WEEE_Cat4b,displayOther,ferrousMetals,Ga,e-m,0.725,%,2
OBS,2020,EU27+4,WEEE_generatedDedicated,WEEE_Cat4b,displayOther,ferrousMetals,Mo,e-m,0.01,%,2
OBS,2020,EU27+4,WEEE_generatedDedicated,WEEE_Cat4b,displayOther,ferrousMetals,O,e-m,0.08,%,2
OBS,2020,EU27+4,WEEE_generatedDedicated,WEEE_Cat4b,displayOther,ferrousMetals,Sm,e-m,0.005,%,2
OBS,2020,EU27+4,WEEE_generatedDedicated,WEEE_Cat4b,displayOther,ferrousMetals,n/a,m-c,0.00941,%,2
OBS,2020,EU27+4,WEEE_generatedDedicated,WEEE_Cat4b,displayOther,glass,Ag,e-m,0.276,%,2
OBS,2020,EU27+4,WEEE_generatedDedicated,WEEE_Cat4b,displayOther,glass,Pd,e-m,0.265,%,2
OBS,2020,EU27+4,WEEE_generatedDedicated,WEEE_Cat4b,displayOther,glass,Sc,e-m,0.00196,%,2
OBS,2020,EU27+4,WEEE_generatedDedicated,WEEE_Cat4b,displayOther,glass,Zr,e-m,0.000708,%,2
OBS,2020,EU27+4,WEEE_generatedDedicated,WEEE_Cat4b,displayOther,glass,n/a,m-c,0.0538,%,2
OBS,2020,EU27+4,WEEE_generatedDedicated,WEEE_Cat4b,displayOther,n/a,n/a,c-p,0.00367,%,2
OBS,2020,EU27+4,WEEE_generatedDedicated,WEEE_Cat4b,displayOther,otherMetalsAndMetalAlloys,Ag,e-m,0.00231,%,2
OBS,2020,EU27+4,WEEE_generatedDedicated,WEEE_Cat4b,displayOther,otherMetalsAndMetalAlloys,Al,e-m,0.9,%,2
OBS,2020,EU27+4,WEEE_generatedDedicated,WEEE_Cat4b,displayOther,otherMetalsAndMetalAlloys,Dy,e-m,0.1,%,2
OBS,2020,EU27+4,WEEE_generatedDedicated,WEEE_Cat4b,displayOther,otherMetalsAndMetalAlloys,n/a,m-c,0.00237,%,2
OBS,2020,EU27+4,WEEE_generatedDedicated,WEEE_Cat4b,displayOther,plastics,Ag,e-m,0.0125,%,2
OBS,2020,EU27+4,WEEE_generatedDedicated,WEEE_Cat4b,displayOther,plastics,n/a,m-c,0.0125,%,2
OBS,2020,EU27+4,WEEE_generatedDedicated,WEEE_Cat4b,displayOther,undefinedAndMixedMaterials,Ag,e-m,0.0000891,%,2
OBS,2020,EU27+4,WEEE_generatedDedicated,WEEE_Cat4b,displayOther,undefinedAndMixedMaterials,n/a,m-c,0.0000891,%,2
OBS,2020,EU27+4,WEEE_generatedDedicated,WEEE_Cat4b,displayPlasma,n/a,n/a,c-p,0.152,%,1
OBS,2020,EU27+4,WEEE_generatedDedicated,WEEE_Cat4b,driveCDDExt,n/a,n/a,c-p,0.00561,%,1
OBS,2020,EU27+4,WEEE_generatedDedicated,WEEE_Cat4b,driveCDDInt,AlAndAlAlloys,Ag,e-m,0.0324,%,2
OBS,2020,EU27+4,WEEE_generatedDedicated,WEEE_Cat4b,driveCDDInt,AlAndAlAlloys,As,e-m,0.97,%,2
OBS,2020,EU27+4,WEEE_generatedDedicated,WEEE_Cat4b,driveCDDInt,AlAndAlAlloys,Cu,e-m,0.002,%,2
OBS,2020,EU27+4,WEEE_generatedDedicated,WEEE_Cat4b,driveCDDInt,AlAndAlAlloys,Ga,e-m,0.001,%,2
OBS,2020,EU27+4,WEEE_generatedDedicated,WEEE_Cat4b,driveCDDInt,AlAndAlAlloys,Mn,e-m,0.0248,%,2
OBS,2020,EU27+4,WEEE_generatedDedicated,WEEE_Cat4b,driveCDDInt,AlAndAlAlloys,Mo,e-m,0.002,%,2
OBS,2020,EU27+4,WEEE_generatedDedicated,WEEE_Cat4b,driveCDDInt,AlAndAlAlloys,Sm,e-m,0.0003,%,2
OBS,2020,EU27+4,WEEE_generatedDedicated,WEEE_Cat4b,driveCDDInt,AlAndAlAlloys,n/a,m-c,0.0248,%,2
OBS,2020,EU27+4,WEEE_generatedDedicated,WEEE_Cat4b,driveCDDInt,CuAndCuAlloys,Ag,e-m,0.00564,%,2
OBS,2020,EU27+4,WEEE_generatedDedicated,WEEE_Cat4b,driveCDDInt,CuAndCuAlloys,Dy,e-m,0.75,%,2
OBS,2020,EU27+4,WEEE_generatedDedicated,WEEE_Cat4b,driveCDDInt,CuAndCuAlloys,Zr,e-m,0.25,%,2
OBS,2020,EU27+4,WEEE_generatedDedicated,WEEE_Cat4b,driveCDDInt,CuAndCuAlloys,n/a,m-c,0.00637,%,2
OBS,2020,EU27+4,WEEE_generatedDedicated,WEEE_Cat4b,driveCDDInt,ferrousMetals,Ag,e-m,0.103,%,2
OBS,2020,EU27+4,WEEE_generatedDedicated,WEEE_Cat4b,driveCDDInt,ferrousMetals,Cu,e-m,0.18,%,2
OBS,2020,EU27+4,WEEE_generatedDedicated,WEEE_Cat4b,driveCDDInt,ferrousMetals,Ga,e-m,0.725,%,2
OBS,2020,EU27+4,WEEE_generatedDedicated,WEEE_Cat4b,driveCDDInt,ferrousMetals,Mo,e-m,0.01,%,2
OBS,2020,EU27+4,WEEE_generatedDedicated,WEEE_Cat4b,driveCDDInt,ferrousMetals,O,e-m,0.08,%,2
OBS,2020,EU27+4,WEEE_generatedDedicated,WEEE_Cat4b,driveCDDInt,ferrousMetals,Sm,e-m,0.005,%,2
OBS,2020,EU27+4,WEEE_generatedDedicated,WEEE_Cat4b,driveCDDInt,ferrousMetals,n/a,m-c,0.127,%,2
OBS,2020,EU27+4,WEEE_generatedDedicated,WEEE_Cat4b,driveCDDInt,n/a,n/a,c-p,0.01,%,2
OBS,2020,EU27+4,WEEE_generatedDedicated,WEEE_Cat4b,driveCDDInt,otherMetalsAndMetalAlloys,Ag,e-m,0.0161,%,2
OBS,2020,EU27+4,WEEE_generatedDedicated,WEEE_Cat4b,driveCDDInt,otherMetalsAndMetalAlloys,Al,e-m,0.9,%,2
OBS,2020,EU27+4,WEEE_generatedDedicated,WEEE_Cat4b,driveCDDInt,otherMetalsAndMetalAlloys,Dy,e-m,0.1,%,2
OBS,2020,EU27+4,WEEE_generatedDedicated,WEEE_Cat4b,driveCDDInt,otherMetalsAndMetalAlloys,n/a,m-c,0.00441,%,2
OBS,2020,EU27+4,WEEE_generatedDedicated,WEEE_Cat4b,driveCDDInt,plastics,Ag,e-m,0.0254,%,2
OBS,2020,EU27+4,WEEE_generatedDedicated,WEEE_Cat4b,driveCDDInt,plastics,n/a,m-c,0.0254,%,2
OBS,2020,EU27+4,WEEE_generatedDedicated,WEEE_Cat4b,driveCDDInt,undefinedAndMixedMaterials,Ag,e-m,0.000808,%,2
OBS,2020,EU27+4,WEEE_generatedDedicated,WEEE_Cat4b,driveCDDInt,undefinedAndMixedMaterials,n/a,m-c,0.000808,%,2
OBS,2020,EU27+4,WEEE_generatedDedicated,WEEE_Cat4b,driveFDD,AlAndAlAlloys,Ag,e-m,0.387,%,2
OBS,2020,EU27+4,WEEE_generatedDedicated,WEEE_Cat4b,driveFDD,AlAndAlAlloys,As,e-m,0.97,%,2
OBS,2020,EU27+4,WEEE_generatedDedicated,WEEE_Cat4b,driveFDD,AlAndAlAlloys,Cu,e-m,0.002,%,2
OBS,2020,EU27+4,WEEE_generatedDedicated,WEEE_Cat4b,driveFDD,AlAndAlAlloys,Ga,e-m,0.001,%,2
OBS,2020,EU27+4,WEEE_generatedDedicated,WEEE_Cat4b,driveFDD,AlAndAlAlloys,Mn,e-m,0.0248,%,2
OBS,2020,EU27+4,WEEE_generatedDedicated,WEEE_Cat4b,driveFDD,AlAndAlAlloys,Mo,e-m,0.002,%,2
OBS,2020,EU27+4,WEEE_generatedDedicated,WEEE_Cat4b,driveFDD,AlAndAlAlloys,Sm,e-m,0.0003,%,2
OBS,2020,EU27+4,WEEE_generatedDedicated,WEEE_Cat4b,driveFDD,AlAndAlAlloys,n/a,m-c,0.634,%,2
OBS,2020,EU27+4,WEEE_generatedDedicated,WEEE_Cat4b,driveFDD,ferrousMetals,Ag,e-m,0.223,%,2
OBS,2020,EU27+4,WEEE_generatedDedicated,WEEE_Cat4b,driveFDD,ferrousMetals,Cu,e-m,0.18,%,2
OBS,2020,EU27+4,WEEE_generatedDedicated,WEEE_Cat4b,driveFDD,ferrousMetals,Ga,e-m,0.725,%,2
OBS,2020,EU27+4,WEEE_generatedDedicated,WEEE_Cat4b,driveFDD,ferrousMetals,Mo,e-m,0.01,%,2
OBS,2020,EU27+4,WEEE_generatedDedicated,WEEE_Cat4b,driveFDD,ferrousMetals,O,e-m,0.08,%,2
OBS,2020,EU27+4,WEEE_generatedDedicated,WEEE_Cat4b,driveFDD,ferrousMetals,Sm,e-m,0.005,%,2
OBS,2020,EU27+4,WEEE_generatedDedicated,WEEE_Cat4b,driveFDD,ferrousMetals,n/a,m-c,0.366,%,2
OBS,2020,EU27+4,WEEE_generatedDedicated,WEEE_Cat4b,driveFDD,n/a,n/a,c-p,0.021,%,1
OBS,2020,EU27+4,WEEE_generatedDedicated,WEEE_Cat4b,driveHDD,AlAndAlAlloys,Ag,e-m,0.0345,%,2
OBS,2020,EU27+4,WEEE_generatedDedicated,WEEE_Cat4b,driveHDD,AlAndAlAlloys,As,e-m,0.97,%,2
OBS,2020,EU27+4,WEEE_generatedDedicated,WEEE_Cat4b,driveHDD,AlAndAlAlloys,Cu,e-m,0.002,%,2
OBS,2020,EU27+4,WEEE_generatedDedicated,WEEE_Cat4b,driveHDD,AlAndAlAlloys,Ga,e-m,0.001,%,2
OBS,2020,EU27+4,WEEE_generatedDedicated,WEEE_Cat4b,driveHDD,AlAndAlAlloys,Mn,e-m,0.0248,%,2
OBS,2020,EU27+4,WEEE_generatedDedicated,WEEE_Cat4b,driveHDD,AlAndAlAlloys,Mo,e-m,0.002,%,2
OBS,2020,EU27+4,WEEE_generatedDedicated,WEEE_Cat4b,driveHDD,AlAndAlAlloys,Sm,e-m,0.0003,%,2
OBS,2020,EU27+4,WEEE_generatedDedicated,WEEE_Cat4b,driveHDD,AlAndAlAlloys,n/a,m-c,0.0297,%,2
OBS,2020,EU27+4,WEEE_generatedDedicated,WEEE_Cat4b,driveHDD,CuAndCuAlloys,Ag,e-m,0.00548,%,2
OBS,2020,EU27+4,WEEE_generatedDedicated,WEEE_Cat4b,driveHDD,CuAndCuAlloys,Dy,e-m,0.75,%,2
OBS,2020,EU27+4,WEEE_generatedDedicated,WEEE_Cat4b,driveHDD,CuAndCuAlloys,Zr,e-m,0.25,%,2
OBS,2020,EU27+4,WEEE_generatedDedicated,WEEE_Cat4b,driveHDD,CuAndCuAlloys,n/a,m-c,0.00471,%,2
OBS,2020,EU27+4,WEEE_generatedDedicated,WEEE_Cat4b,driveHDD,ferrousMetals,Ag,e-m,0.129,%,2
OBS,2020,EU27+4,WEEE_generatedDedicated,WEEE_Cat4b,driveHDD,ferrousMetals,Cu,e-m,0.18,%,2
OBS,2020,EU27+4,WEEE_generatedDedicated,WEEE_Cat4b,driveHDD,ferrousMetals,Ga,e-m,0.725,%,2
OBS,2020,EU27+4,WEEE_generatedDedicated,WEEE_Cat4b,driveHDD,ferrousMetals,Mo,e-m,0.01,%,2
OBS,2020,EU27+4,WEEE_generatedDedicated,WEEE_Cat4b,driveHDD,ferrousMetals,O,e-m,0.08,%,2
OBS,2020,EU27+4,WEEE_generatedDedicated,WEEE_Cat4b,driveHDD,ferrousMetals,Sm,e-m,0.005,%,2
OBS,2020,EU27+4,WEEE_generatedDedicated,WEEE_Cat4b,driveHDD,ferrousMetals,n/a,m-c,0.129,%,2
OBS,2020,EU27+4,WEEE_generatedDedicated,WEEE_Cat4b,driveHDD,n/a,n/a,c-p,0.00492,%,1
OBS,2020,EU27+4,WEEE_generatedDedicated,WEEE_Cat4b,driveHDD,otherMetalsAndMetalAlloys,Ag,e-m,0.242,%,2
OBS,2020,EU27+4,WEEE_generatedDedicated,WEEE_Cat4b,driveHDD,otherMetalsAndMetalAlloys,Al,e-m,0.9,%,2
OBS,2020,EU27+4,WEEE_generatedDedicated,WEEE_Cat4b,driveHDD,otherMetalsAndMetalAlloys,Dy,e-m,0.1,%,2
OBS,2020,EU27+4,WEEE_generatedDedicated,WEEE_Cat4b,driveHDD,otherMetalsAndMetalAlloys,n/a,m-c,0.242,%,2
OBS,2020,EU27+4,WEEE_generatedDedicated,WEEE_Cat4b,driveHDD,plastics,Ag,e-m,0.00853,%,2
OBS,2020,EU27+4,WEEE_generatedDedicated,WEEE_Cat4b,driveHDD,plastics,n/a,m-c,0.00853,%,2
OBS,2020,EU27+4,WEEE_generatedDedicated,WEEE_Cat4b,driveHDD,undefinedAndMixedMaterials,Ag,e-m,0.0459,%,2
OBS,2020,EU27+4,WEEE_generatedDedicated,WEEE_Cat4b,driveHDD,undefinedAndMixedMaterials,n/a,m-c,0.00271,%,2
OBS,2020,EU27+4,WEEE_generatedDedicated,WEEE_Cat4b,driveUnspecified,CuAndCuAlloys,Ag,e-m,0.0226,%,2
OBS,2020,EU27+4,WEEE_generatedDedicated,WEEE_Cat4b,driveUnspecified,CuAndCuAlloys,Dy,e-m,0.75,%,2
OBS,2020,EU27+4,WEEE_generatedDedicated,WEEE_Cat4b,driveUnspecified,CuAndCuAlloys,Zr,e-m,0.25,%,2
OBS,2020,EU27+4,WEEE_generatedDedicated,WEEE_Cat4b,driveUnspecified,CuAndCuAlloys,n/a,m-c,0.0226,%,2
OBS,2020,EU27+4,WEEE_generatedDedicated,WEEE_Cat4b,driveUnspecified,ferrousMetals,Ag,e-m,0.316,%,2
OBS,2020,EU27+4,WEEE_generatedDedicated,WEEE_Cat4b,driveUnspecified,ferrousMetals,Cu,e-m,0.18,%,2
OBS,2020,EU27+4,WEEE_generatedDedicated,WEEE_Cat4b,driveUnspecified,ferrousMetals,Ga,e-m,0.725,%,2
OBS,2020,EU27+4,WEEE_generatedDedicated,WEEE_Cat4b,driveUnspecified,ferrousMetals,Mo,e-m,0.01,%,2
OBS,2020,EU27+4,WEEE_generatedDedicated,WEEE_Cat4b,driveUnspecified,ferrousMetals,O,e-m,0.08,%,2
OBS,2020,EU27+4,WEEE_generatedDedicated,WEEE_Cat4b,driveUnspecified,ferrousMetals,Sm,e-m,0.005,%,2
OBS,2020,EU27+4,WEEE_generatedDedicated,WEEE_Cat4b,driveUnspecified,ferrousMetals,n/a,m-c,0.316,%,2
OBS,2020,EU27+4,WEEE_generatedDedicated,WEEE_Cat4b,driveUnspecified,n/a,n/a,c-p,0.0822,%,2
OBS,2020,EU27+4,WEEE_generatedDedicated,WEEE_Cat4b,driveUnspecified,plastics,Ag,e-m,0.188,%,2
OBS,2020,EU27+4,WEEE_generatedDedicated,WEEE_Cat4b,driveUnspecified,plastics,n/a,m-c,0.188,%,2
OBS,2020,EU27+4,WEEE_generatedDedicated,WEEE_Cat4b,driveUnspecified,undefinedAndMixedMaterials,Ag,e-m,0.0136,%,2
OBS,2020,EU27+4,WEEE_generatedDedicated,WEEE_Cat4b,driveUnspecified,undefinedAndMixedMaterials,n/a,m-c,0.0136,%,2
OBS,2020,EU27+4,WEEE_generatedDedicated,WEEE_Cat4b,electricEngine,AlAndAlAlloys,Ag,e-m,0.0268,%,1
OBS,2020,EU27+4,WEEE_generatedDedicated,WEEE_Cat4b,electricEngine,AlAndAlAlloys,As,e-m,0.97,%,1
OBS,2020,EU27+4,WEEE_generatedDedicated,WEEE_Cat4b,electricEngine,AlAndAlAlloys,Cu,e-m,0.002,%,1
OBS,2020,EU27+4,WEEE_generatedDedicated,WEEE_Cat4b,electricEngine,AlAndAlAlloys,Ga,e-m,0.001,%,1
OBS,2020,EU27+4,WEEE_generatedDedicated,WEEE_Cat4b,electricEngine,AlAndAlAlloys,Mn,e-m,0.0248,%,1
OBS,2020,EU27+4,WEEE_generatedDedicated,WEEE_Cat4b,electricEngine,AlAndAlAlloys,Mo,e-m,0.002,%,1
OBS,2020,EU27+4,WEEE_generatedDedicated,WEEE_Cat4b,electricEngine,AlAndAlAlloys,Sm,e-m,0.0003,%,1
OBS,2020,EU27+4,WEEE_generatedDedicated,WEEE_Cat4b,electricEngine,AlAndAlAlloys,n/a,m-c,0.0219,%,1
OBS,2020,EU27+4,WEEE_generatedDedicated,WEEE_Cat4b,electricEngine,CuAndCuAlloys,Ag,e-m,0.186,%,1
OBS,2020,EU27+4,WEEE_generatedDedicated,WEEE_Cat4b,electricEngine,CuAndCuAlloys,Dy,e-m,0.75,%,1
OBS,2020,EU27+4,WEEE_generatedDedicated,WEEE_Cat4b,electricEngine,CuAndCuAlloys,Zr,e-m,0.25,%,1
OBS,2020,EU27+4,WEEE_generatedDedicated,WEEE_Cat4b,electricEngine,CuAndCuAlloys,n/a,m-c,0.127,%,1
OBS,2020,EU27+4,WEEE_generatedDedicated,WEEE_Cat4b,electricEngine,carbon,Ag,e-m,0.194,%,1
OBS,2020,EU27+4,WEEE_generatedDedicated,WEEE_Cat4b,electricEngine,carbon,Pd,e-m,0.265,%,1
OBS,2020,EU27+4,WEEE_generatedDedicated,WEEE_Cat4b,electricEngine,carbon,Sc,e-m,0.00196,%,1
OBS,2020,EU27+4,WEEE_generatedDedicated,WEEE_Cat4b,electricEngine,carbon,Zr,e-m,0.000708,%,1
OBS,2020,EU27+4,WEEE_generatedDedicated,WEEE_Cat4b,electricEngine,carbon,n/a,m-c,0.159,%,1
OBS,2020,EU27+4,WEEE_generatedDedicated,WEEE_Cat4b,electricEngine,ferrousMetals,Ag,e-m,0.734,%,1
OBS,2020,EU27+4,WEEE_generatedDedicated,WEEE_Cat4b,electricEngine,ferrousMetals,Ca,e-m,0.0198,%,1
OBS,2020,EU27+4,WEEE_generatedDedicated,WEEE_Cat4b,electricEngine,ferrousMetals,Cu,e-m,0.072,%,1
OBS,2020,EU27+4,WEEE_generatedDedicated,WEEE_Cat4b,electricEngine,ferrousMetals,Ga,e-m,0.853,%,1
OBS,2020,EU27+4,WEEE_generatedDedicated,WEEE_Cat4b,electricEngine,ferrousMetals,Mo,e-m,0.0085,%,1
OBS,2020,EU27+4,WEEE_generatedDedicated,WEEE_Cat4b,electricEngine,ferrousMetals,O,e-m,0.032,%,1
OBS,2020,EU27+4,WEEE_generatedDedicated,WEEE_Cat4b,electricEngine,ferrousMetals,Sm,e-m,0.0152,%,1
OBS,2020,EU27+4,WEEE_generatedDedicated,WEEE_Cat4b,electricEngine,ferrousMetals,n/a,m-c,0.601,%,1
OBS,2020,EU27+4,WEEE_generatedDedicated,WEEE_Cat4b,electricEngine,n/a,n/a,c-p,0.00863,%,1
OBS,2020,EU27+4,WEEE_generatedDedicated,WEEE_Cat4b,electricEngine,otherOrganics,Ag,e-m,0.00321,%,1
OBS,2020,EU27+4,WEEE_generatedDedicated,WEEE_Cat4b,electricEngine,otherOrganics,n/a,m-c,0.00263,%,1
OBS,2020,EU27+4,WEEE_generatedDedicated,WEEE_Cat4b,electricEngine,plastics,Ag,e-m,0.077,%,1
OBS,2020,EU27+4,WEEE_generatedDedicated,WEEE_Cat4b,electricEngine,plastics,n/a,m-c,0.0584,%,1
OBS,2020,EU27+4,WEEE_generatedDedicated,WEEE_Cat4b,filterFoamBased,n/a,n/a,c-p,0.00157,%,1
OBS,2020,EU27+4,WEEE_generatedDedicated,WEEE_Cat4b,filterFoamBased,plastics,Ag,e-m,1,%,1
OBS,2020,EU27+4,WEEE_generatedDedicated,WEEE_Cat4b,filterFoamBased,plastics,n/a,m-c,1,%,1
OBS,2020,EU27+4,WEEE_generatedDedicated,WEEE_Cat4b,fuse,n/a,n/a,c-p,0.0000501,%,1
OBS,2020,EU27+4,WEEE_generatedDedicated,WEEE_Cat4b,gear,n/a,n/a,c-p,0.000996,%,1
OBS,2020,EU27+4,WEEE_generatedDedicated,WEEE_Cat4b,gear,plastics,Ag,e-m,1,%,1
OBS,2020,EU27+4,WEEE_generatedDedicated,WEEE_Cat4b,gear,plastics,n/a,m-c,1,%,1
OBS,2020,EU27+4,WEEE_generatedDedicated,WEEE_Cat4b,heatingCoolingEEEairCondenser,CuAndCuAlloys,Ag,e-m,0.749,%,1
OBS,2020,EU27+4,WEEE_generatedDedicated,WEEE_Cat4b,heatingCoolingEEEairCondenser,CuAndCuAlloys,Dy,e-m,0.75,%,1
OBS,2020,EU27+4,WEEE_generatedDedicated,WEEE_Cat4b,heatingCoolingEEEairCondenser,CuAndCuAlloys,Zr,e-m,0.25,%,1
OBS,2020,EU27+4,WEEE_generatedDedicated,WEEE_Cat4b,heatingCoolingEEEairCondenser,CuAndCuAlloys,n/a,m-c,0.743,%,1
OBS,2020,EU27+4,WEEE_generatedDedicated,WEEE_Cat4b,heatingCoolingEEEairCondenser,n/a,n/a,c-p,0.000985,%,1
OBS,2020,EU27+4,WEEE_generatedDedicated,WEEE_Cat4b,heatingCoolingEEEairCondenser,otherOrUndefinedMaterials,Ag,e-m,0.00803,%,1
OBS,2020,EU27+4,WEEE_generatedDedicated,WEEE_Cat4b,heatingCoolingEEEairCondenser,otherOrUndefinedMaterials,n/a,m-c,0.00797,%,1
OBS,2020,EU27+4,WEEE_generatedDedicated,WEEE_Cat4b,heatingCoolingEEEairCondenser,plastics,Ag,e-m,0.00803,%,1
OBS,2020,EU27+4,WEEE_generatedDedicated,WEEE_Cat4b,heatingCoolingEEEairCondenser,plastics,n/a,m-c,0.00797,%,1
OBS,2020,EU27+4,WEEE_generatedDedicated,WEEE_Cat4b,heatingCoolingEEEairCondenser,steelAndSteelAlloys,Ag,e-m,0.243,%,1
OBS,2020,EU27+4,WEEE_generatedDedicated,WEEE_Cat4b,heatingCoolingEEEairCondenser,steelAndSteelAlloys,Cu,e-m,0.18,%,1
OBS,2020,EU27+4,WEEE_generatedDedicated,WEEE_Cat4b,heatingCoolingEEEairCondenser,steelAndSteelAlloys,Ga,e-m,0.725,%,1
OBS,2020,EU27+4,WEEE_generatedDedicated,WEEE_Cat4b,heatingCoolingEEEairCondenser,steelAndSteelAlloys,Mo,e-m,0.01,%,1
OBS,2020,EU27+4,WEEE_generatedDedicated,WEEE_Cat4b,heatingCoolingEEEairCondenser,steelAndSteelAlloys,O,e-m,0.08,%,1
OBS,2020,EU27+4,WEEE_generatedDedicated,WEEE_Cat4b,heatingCoolingEEEairCondenser,steelAndSteelAlloys,Sm,e-m,0.005,%,1
OBS,2020,EU27+4,WEEE_generatedDedicated,WEEE_Cat4b,heatingCoolingEEEairCondenser,steelAndSteelAlloys,n/a,m-c,0.241,%,1
OBS,2020,EU27+4,WEEE_generatedDedicated,WEEE_Cat4b,heatingCoolingEEEfan,AlAndAlAlloys,Ag,e-m,0.011,%,1
OBS,2020,EU27+4,WEEE_generatedDedicated,WEEE_Cat4b,heatingCoolingEEEfan,AlAndAlAlloys,As,e-m,0.97,%,1
OBS,2020,EU27+4,WEEE_generatedDedicated,WEEE_Cat4b,heatingCoolingEEEfan,AlAndAlAlloys,Cu,e-m,0.002,%,1
OBS,2020,EU27+4,WEEE_generatedDedicated,WEEE_Cat4b,heatingCoolingEEEfan,AlAndAlAlloys,Ga,e-m,0.001,%,1
OBS,2020,EU27+4,WEEE_generatedDedicated,WEEE_Cat4b,heatingCoolingEEEfan,AlAndAlAlloys,Mn,e-m,0.0248,%,1
OBS,2020,EU27+4,WEEE_generatedDedicated,WEEE_Cat4b,heatingCoolingEEEfan,AlAndAlAlloys,Mo,e-m,0.002,%,1
OBS,2020,EU27+4,WEEE_generatedDedicated,WEEE_Cat4b,heatingCoolingEEEfan,AlAndAlAlloys,Sm,e-m,0.0003,%,1
OBS,2020,EU27+4,WEEE_generatedDedicated,WEEE_Cat4b,heatingCoolingEEEfan,AlAndAlAlloys,n/a,m-c,0.011,%,1
OBS,2020,EU27+4,WEEE_generatedDedicated,WEEE_Cat4b,heatingCoolingEEEfan,CuAndCuAlloys,Ag,e-m,0.00766,%,1
OBS,2020,EU27+4,WEEE_generatedDedicated,WEEE_Cat4b,heatingCoolingEEEfan,CuAndCuAlloys,Dy,e-m,0.75,%,1
OBS,2020,EU27+4,WEEE_generatedDedicated,WEEE_Cat4b,heatingCoolingEEEfan,CuAndCuAlloys,Zr,e-m,0.25,%,1
OBS,2020,EU27+4,WEEE_generatedDedicated,WEEE_Cat4b,heatingCoolingEEEfan,CuAndCuAlloys,n/a,m-c,0.00766,%,1
OBS,2020,EU27+4,WEEE_generatedDedicated,WEEE_Cat4b,heatingCoolingEEEfan,ferrousMetals,Ag,e-m,0.039,%,1
OBS,2020,EU27+4,WEEE_generatedDedicated,WEEE_Cat4b,heatingCoolingEEEfan,ferrousMetals,Ca,e-m,0.033,%,1
OBS,2020,EU27+4,WEEE_generatedDedicated,WEEE_Cat4b,heatingCoolingEEEfan,ferrousMetals,Cu,e-m,0.18,%,2
OBS,2020,EU27+4,WEEE_generatedDedicated,WEEE_Cat4b,heatingCoolingEEEfan,ferrousMetals,Ga,e-m,0.725,%,1
OBS,2020,EU27+4,WEEE_generatedDedicated,WEEE_Cat4b,heatingCoolingEEEfan,ferrousMetals,Mo,e-m,0.0075,%,1
OBS,2020,EU27+4,WEEE_generatedDedicated,WEEE_Cat4b,heatingCoolingEEEfan,ferrousMetals,O,e-m,0.08,%,2
OBS,2020,EU27+4,WEEE_generatedDedicated,WEEE_Cat4b,heatingCoolingEEEfan,ferrousMetals,Sm,e-m,0.005,%,1
OBS,2020,EU27+4,WEEE_generatedDedicated,WEEE_Cat4b,heatingCoolingEEEfan,ferrousMetals,n/a,m-c,0.039,%,1
OBS,2020,EU27+4,WEEE_generatedDedicated,WEEE_Cat4b,heatingCoolingEEEfan,n/a,n/a,c-p,0.00144,%,1
OBS,2020,EU27+4,WEEE_generatedDedicated,WEEE_Cat4b,heatingCoolingEEEfan,otherMetalsAndMetalAlloys,n/a,m-c,0.000408,%,2
OBS,2020,EU27+4,WEEE_generatedDedicated,WEEE_Cat4b,heatingCoolingEEEfan,plastics,Ag,e-m,0.0544,%,1
OBS,2020,EU27+4,WEEE_generatedDedicated,WEEE_Cat4b,heatingCoolingEEEfan,plastics,n/a,m-c,0.0544,%,1
OBS,2020,EU27+4,WEEE_generatedDedicated,WEEE_Cat4b,heatingCoolingEEEfan,steelAndSteelAlloys,Ag,e-m,0.648,%,1
OBS,2020,EU27+4,WEEE_generatedDedicated,WEEE_Cat4b,heatingCoolingEEEfan,steelAndSteelAlloys,Cu,e-m,0.18,%,1
OBS,2020,EU27+4,WEEE_generatedDedicated,WEEE_Cat4b,heatingCoolingEEEfan,steelAndSteelAlloys,Ga,e-m,0.725,%,1
OBS,2020,EU27+4,WEEE_generatedDedicated,WEEE_Cat4b,heatingCoolingEEEfan,steelAndSteelAlloys,Mo,e-m,0.01,%,1
OBS,2020,EU27+4,WEEE_generatedDedicated,WEEE_Cat4b,heatingCoolingEEEfan,steelAndSteelAlloys,O,e-m,0.08,%,1
OBS,2020,EU27+4,WEEE_generatedDedicated,WEEE_Cat4b,heatingCoolingEEEfan,steelAndSteelAlloys,Sm,e-m,0.005,%,1
OBS,2020,EU27+4,WEEE_generatedDedicated,WEEE_Cat4b,heatingCoolingEEEfan,steelAndSteelAlloys,n/a,m-c,0.648,%,1
OBS,2020,EU27+4,WEEE_generatedDedicated,WEEE_Cat4b,heatingCoolingEEEfan,undefinedAndMixedMaterials,Ag,e-m,0.00671,%,2
OBS,2020,EU27+4,WEEE_generatedDedicated,WEEE_Cat4b,heatingCoolingEEEfan,undefinedAndMixedMaterials,n/a,m-c,0.00245,%,2
OBS,2020,EU27+4,WEEE_generatedDedicated,WEEE_Cat4b,heatingCoolingEEEheatSink,AlAndAlAlloys,Ag,e-m,0.27,%,2
OBS,2020,EU27+4,WEEE_generatedDedicated,WEEE_Cat4b,heatingCoolingEEEheatSink,AlAndAlAlloys,As,e-m,0.97,%,2
OBS,2020,EU27+4,WEEE_generatedDedicated,WEEE_Cat4b,heatingCoolingEEEheatSink,AlAndAlAlloys,Cu,e-m,0.002,%,2
OBS,2020,EU27+4,WEEE_generatedDedicated,WEEE_Cat4b,heatingCoolingEEEheatSink,AlAndAlAlloys,Ga,e-m,0.001,%,2
OBS,2020,EU27+4,WEEE_generatedDedicated,WEEE_Cat4b,heatingCoolingEEEheatSink,AlAndAlAlloys,Mn,e-m,0.0248,%,2
OBS,2020,EU27+4,WEEE_generatedDedicated,WEEE_Cat4b,heatingCoolingEEEheatSink,AlAndAlAlloys,Mo,e-m,0.002,%,2
OBS,2020,EU27+4,WEEE_generatedDedicated,WEEE_Cat4b,heatingCoolingEEEheatSink,AlAndAlAlloys,Sm,e-m,0.0003,%,2
OBS,2020,EU27+4,WEEE_generatedDedicated,WEEE_Cat4b,heatingCoolingEEEheatSink,AlAndAlAlloys,n/a,m-c,0.27,%,2
OBS,2020,EU27+4,WEEE_generatedDedicated,WEEE_Cat4b,heatingCoolingEEEheatSink,CuAndCuAlloys,Ag,e-m,0.0988,%,2
OBS,2020,EU27+4,WEEE_generatedDedicated,WEEE_Cat4b,heatingCoolingEEEheatSink,CuAndCuAlloys,Dy,e-m,0.75,%,2
OBS,2020,EU27+4,WEEE_generatedDedicated,WEEE_Cat4b,heatingCoolingEEEheatSink,CuAndCuAlloys,Zr,e-m,0.25,%,2
OBS,2020,EU27+4,WEEE_generatedDedicated,WEEE_Cat4b,heatingCoolingEEEheatSink,CuAndCuAlloys,n/a,m-c,0.0988,%,2
OBS,2020,EU27+4,WEEE_generatedDedicated,WEEE_Cat4b,heatingCoolingEEEheatSink,ferrousMetals,Ag,e-m,0.0403,%,2
OBS,2020,EU27+4,WEEE_generatedDedicated,WEEE_Cat4b,heatingCoolingEEEheatSink,ferrousMetals,Cu,e-m,0.18,%,2
OBS,2020,EU27+4,WEEE_generatedDedicated,WEEE_Cat4b,heatingCoolingEEEheatSink,ferrousMetals,Ga,e-m,0.725,%,2
OBS,2020,EU27+4,WEEE_generatedDedicated,WEEE_Cat4b,heatingCoolingEEEheatSink,ferrousMetals,Mo,e-m,0.01,%,2
OBS,2020,EU27+4,WEEE_generatedDedicated,WEEE_Cat4b,heatingCoolingEEEheatSink,ferrousMetals,O,e-m,0.08,%,2
OBS,2020,EU27+4,WEEE_generatedDedicated,WEEE_Cat4b,heatingCoolingEEEheatSink,ferrousMetals,Sm,e-m,0.005,%,2
OBS,2020,EU27+4,WEEE_generatedDedicated,WEEE_Cat4b,heatingCoolingEEEheatSink,ferrousMetals,n/a,m-c,0.0403,%,2
OBS,2020,EU27+4,WEEE_generatedDedicated,WEEE_Cat4b,heatingCoolingEEEheatSink,n/a,n/a,c-p,0.00147,%,1
OBS,2020,EU27+4,WEEE_generatedDedicated,WEEE_Cat4b,heatingCoolingEEEheatSink,otherMetalsAndMetalAlloys,Ag,e-m,0.27,%,2
OBS,2020,EU27+4,WEEE_generatedDedicated,WEEE_Cat4b,heatingCoolingEEEheatSink,otherMetalsAndMetalAlloys,Al,e-m,0.9,%,2
OBS,2020,EU27+4,WEEE_generatedDedicated,WEEE_Cat4b,heatingCoolingEEEheatSink,otherMetalsAndMetalAlloys,Dy,e-m,0.1,%,2
OBS,2020,EU27+4,WEEE_generatedDedicated,WEEE_Cat4b,heatingCoolingEEEheatSink,otherMetalsAndMetalAlloys,n/a,m-c,0.27,%,2
OBS,2020,EU27+4,WEEE_generatedDedicated,WEEE_Cat4b,heatingCoolingEEEheatSink,plastics,Ag,e-m,0.00748,%,2
OBS,2020,EU27+4,WEEE_generatedDedicated,WEEE_Cat4b,heatingCoolingEEEheatSink,plastics,n/a,m-c,0.0068,%,2
OBS,2020,EU27+4,WEEE_generatedDedicated,WEEE_Cat4b,heatingCoolingEEEheatSink,undefinedAndMixedMaterials,Ag,e-m,0.0174,%,2
OBS,2020,EU27+4,WEEE_generatedDedicated,WEEE_Cat4b,heatingCoolingEEEheatSink,undefinedAndMixedMaterials,n/a,m-c,0.0158,%,2
OBS,2020,EU27+4,WEEE_generatedDedicated,WEEE_Cat4b,inductor,CuAndCuAlloys,Ag,e-m,0.0622,%,2
OBS,2020,EU27+4,WEEE_generatedDedicated,WEEE_Cat4b,inductor,CuAndCuAlloys,Dy,e-m,0.75,%,2
OBS,2020,EU27+4,WEEE_generatedDedicated,WEEE_Cat4b,inductor,CuAndCuAlloys,Zr,e-m,0.25,%,2
OBS,2020,EU27+4,WEEE_generatedDedicated,WEEE_Cat4b,inductor,CuAndCuAlloys,n/a,m-c,0.4,%,2
OBS,2020,EU27+4,WEEE_generatedDedicated,WEEE_Cat4b,inductor,ferrousMetals,Ag,e-m,0.0622,%,2
OBS,2020,EU27+4,WEEE_generatedDedicated,WEEE_Cat4b,inductor,ferrousMetals,Cu,e-m,0.18,%,2
OBS,2020,EU27+4,WEEE_generatedDedicated,WEEE_Cat4b,inductor,ferrousMetals,Ga,e-m,0.725,%,2
OBS,2020,EU27+4,WEEE_generatedDedicated,WEEE_Cat4b,inductor,ferrousMetals,Mo,e-m,0.01,%,2
OBS,2020,EU27+4,WEEE_generatedDedicated,WEEE_Cat4b,inductor,ferrousMetals,O,e-m,0.08,%,2
OBS,2020,EU27+4,WEEE_generatedDedicated,WEEE_Cat4b,inductor,ferrousMetals,Sm,e-m,0.005,%,2
OBS,2020,EU27+4,WEEE_generatedDedicated,WEEE_Cat4b,inductor,ferrousMetals,n/a,m-c,0.4,%,2
OBS,2020,EU27+4,WEEE_generatedDedicated,WEEE_Cat4b,inductor,n/a,n/a,c-p,0.00367,%,1
OBS,2020,EU27+4,WEEE_generatedDedicated,WEEE_Cat4b,inductor,plastics,Ag,e-m,0.0312,%,2
OBS,2020,EU27+4,WEEE_generatedDedicated,WEEE_Cat4b,inductor,plastics,n/a,m-c,0.2,%,2
OBS,2020,EU27+4,WEEE_generatedDedicated,WEEE_Cat4b,insulation,n/a,n/a,c-p,0.000905,%,1
OBS,2020,EU27+4,WEEE_generatedDedicated,WEEE_Cat4b,keyboard,AlAndAlAlloys,Ag,e-m,0.425,%,2
OBS,2020,EU27+4,WEEE_generatedDedicated,WEEE_Cat4b,keyboard,AlAndAlAlloys,As,e-m,0.97,%,2
OBS,2020,EU27+4,WEEE_generatedDedicated,WEEE_Cat4b,keyboard,AlAndAlAlloys,Cu,e-m,0.002,%,2
OBS,2020,EU27+4,WEEE_generatedDedicated,WEEE_Cat4b,keyboard,AlAndAlAlloys,Ga,e-m,0.001,%,2
OBS,2020,EU27+4,WEEE_generatedDedicated,WEEE_Cat4b,keyboard,AlAndAlAlloys,Mn,e-m,0.0248,%,2
OBS,2020,EU27+4,WEEE_generatedDedicated,WEEE_Cat4b,keyboard,AlAndAlAlloys,Mo,e-m,0.002,%,2
OBS,2020,EU27+4,WEEE_generatedDedicated,WEEE_Cat4b,keyboard,AlAndAlAlloys,Sm,e-m,0.0003,%,2
OBS,2020,EU27+4,WEEE_generatedDedicated,WEEE_Cat4b,keyboard,AlAndAlAlloys,n/a,m-c,0.298,%,2
OBS,2020,EU27+4,WEEE_generatedDedicated,WEEE_Cat4b,keyboard,CuAndCuAlloys,Ag,e-m,0.00512,%,2
OBS,2020,EU27+4,WEEE_generatedDedicated,WEEE_Cat4b,keyboard,CuAndCuAlloys,Dy,e-m,0.75,%,2
OBS,2020,EU27+4,WEEE_generatedDedicated,WEEE_Cat4b,keyboard,CuAndCuAlloys,Zr,e-m,0.25,%,2
OBS,2020,EU27+4,WEEE_generatedDedicated,WEEE_Cat4b,keyboard,CuAndCuAlloys,n/a,m-c,0.00485,%,2
OBS,2020,EU27+4,WEEE_generatedDedicated,WEEE_Cat4b,keyboard,ferrousMetals,Ag,e-m,0.0108,%,2
OBS,2020,EU27+4,WEEE_generatedDedicated,WEEE_Cat4b,keyboard,ferrousMetals,Cu,e-m,0.18,%,2
OBS,2020,EU27+4,WEEE_generatedDedicated,WEEE_Cat4b,keyboard,ferrousMetals,Ga,e-m,0.725,%,2
OBS,2020,EU27+4,WEEE_generatedDedicated,WEEE_Cat4b,keyboard,ferrousMetals,Mo,e-m,0.01,%,2
OBS,2020,EU27+4,WEEE_generatedDedicated,WEEE_Cat4b,keyboard,ferrousMetals,O,e-m,0.08,%,2
OBS,2020,EU27+4,WEEE_generatedDedicated,WEEE_Cat4b,keyboard,ferrousMetals,Sm,e-m,0.005,%,2
OBS,2020,EU27+4,WEEE_generatedDedicated,WEEE_Cat4b,keyboard,ferrousMetals,n/a,m-c,0.0107,%,2
OBS,2020,EU27+4,WEEE_generatedDedicated,WEEE_Cat4b,keyboard,n/a,n/a,c-p,0.0013,%,1
OBS,2020,EU27+4,WEEE_generatedDedicated,WEEE_Cat4b,keyboard,otherMetalsAndMetalAlloys,Ag,e-m,0.0599,%,2
OBS,2020,EU27+4,WEEE_generatedDedicated,WEEE_Cat4b,keyboard,otherMetalsAndMetalAlloys,Al,e-m,0.9,%,2
OBS,2020,EU27+4,WEEE_generatedDedicated,WEEE_Cat4b,keyboard,otherMetalsAndMetalAlloys,Dy,e-m,0.1,%,2
OBS,2020,EU27+4,WEEE_generatedDedicated,WEEE_Cat4b,keyboard,otherMetalsAndMetalAlloys,n/a,m-c,0.0576,%,2
OBS,2020,EU27+4,WEEE_generatedDedicated,WEEE_Cat4b,keyboard,plastics,Ag,e-m,0.338,%,2
OBS,2020,EU27+4,WEEE_generatedDedicated,WEEE_Cat4b,keyboard,plastics,n/a,m-c,0.237,%,2
OBS,2020,EU27+4,WEEE_generatedDedicated,WEEE_Cat4b,keyboard,undefinedAndMixedMaterials,Ag,e-m,0.0189,%,2
OBS,2020,EU27+4,WEEE_generatedDedicated,WEEE_Cat4b,keyboard,undefinedAndMixedMaterials,n/a,m-c,0.0182,%,2
OBS,2020,EU27+4,WEEE_generatedDedicated,WEEE_Cat4b,knob,AlAndAlAlloys,Ag,e-m,0.0208,%,1
OBS,2020,EU27+4,WEEE_generatedDedicated,WEEE_Cat4b,knob,AlAndAlAlloys,As,e-m,0.97,%,1
OBS,2020,EU27+4,WEEE_generatedDedicated,WEEE_Cat4b,knob,AlAndAlAlloys,Cu,e-m,0.002,%,1
OBS,2020,EU27+4,WEEE_generatedDedicated,WEEE_Cat4b,knob,AlAndAlAlloys,Ga,e-m,0.001,%,1
OBS,2020,EU27+4,WEEE_generatedDedicated,WEEE_Cat4b,knob,AlAndAlAlloys,Mn,e-m,0.0248,%,1
OBS,2020,EU27+4,WEEE_generatedDedicated,WEEE_Cat4b,knob,AlAndAlAlloys,Mo,e-m,0.002,%,1
OBS,2020,EU27+4,WEEE_generatedDedicated,WEEE_Cat4b,knob,AlAndAlAlloys,Sm,e-m,0.0003,%,1
OBS,2020,EU27+4,WEEE_generatedDedicated,WEEE_Cat4b,knob,AlAndAlAlloys,n/a,m-c,0.0208,%,1
OBS,2020,EU27+4,WEEE_generatedDedicated,WEEE_Cat4b,knob,ferrousMetals,Ag,e-m,0.104,%,1
OBS,2020,EU27+4,WEEE_generatedDedicated,WEEE_Cat4b,knob,ferrousMetals,Ca,e-m,0.033,%,1
OBS,2020,EU27+4,WEEE_generatedDedicated,WEEE_Cat4b,knob,ferrousMetals,Ga,e-m,0.938,%,1
OBS,2020,EU27+4,WEEE_generatedDedicated,WEEE_Cat4b,knob,ferrousMetals,Mo,e-m,0.0075,%,1
OBS,2020,EU27+4,WEEE_generatedDedicated,WEEE_Cat4b,knob,ferrousMetals,Sm,e-m,0.022,%,1
OBS,2020,EU27+4,WEEE_generatedDedicated,WEEE_Cat4b,knob,ferrousMetals,n/a,m-c,0.104,%,1
OBS,2020,EU27+4,WEEE_generatedDedicated,WEEE_Cat4b,knob,n/a,n/a,c-p,0.00378,%,1
OBS,2020,EU27+4,WEEE_generatedDedicated,WEEE_Cat4b,knob,plastics,Ag,e-m,0.875,%,1
OBS,2020,EU27+4,WEEE_generatedDedicated,WEEE_Cat4b,knob,plastics,n/a,m-c,0.875,%,1
OBS,2020,EU27+4,WEEE_generatedDedicated,WEEE_Cat4b,lenseAssembly,AlAndAlAlloys,Ag,e-m,0.0932,%,2
OBS,2020,EU27+4,WEEE_generatedDedicated,WEEE_Cat4b,lenseAssembly,AlAndAlAlloys,As,e-m,0.97,%,2
OBS,2020,EU27+4,WEEE_generatedDedicated,WEEE_Cat4b,lenseAssembly,AlAndAlAlloys,Cu,e-m,0.002,%,2
OBS,2020,EU27+4,WEEE_generatedDedicated,WEEE_Cat4b,lenseAssembly,AlAndAlAlloys,Ga,e-m,0.001,%,2
OBS,2020,EU27+4,WEEE_generatedDedicated,WEEE_Cat4b,lenseAssembly,AlAndAlAlloys,Mn,e-m,0.0248,%,2
OBS,2020,EU27+4,WEEE_generatedDedicated,WEEE_Cat4b,lenseAssembly,AlAndAlAlloys,Mo,e-m,0.002,%,2
OBS,2020,EU27+4,WEEE_generatedDedicated,WEEE_Cat4b,lenseAssembly,AlAndAlAlloys,Sm,e-m,0.0003,%,2
OBS,2020,EU27+4,WEEE_generatedDedicated,WEEE_Cat4b,lenseAssembly,AlAndAlAlloys,n/a,m-c,0.0861,%,2
OBS,2020,EU27+4,WEEE_generatedDedicated,WEEE_Cat4b,lenseAssembly,CuAndCuAlloys,Ag,e-m,0.00734,%,2
OBS,2020,EU27+4,WEEE_generatedDedicated,WEEE_Cat4b,lenseAssembly,CuAndCuAlloys,Dy,e-m,0.75,%,2
OBS,2020,EU27+4,WEEE_generatedDedicated,WEEE_Cat4b,lenseAssembly,CuAndCuAlloys,Zr,e-m,0.25,%,2
OBS,2020,EU27+4,WEEE_generatedDedicated,WEEE_Cat4b,lenseAssembly,CuAndCuAlloys,n/a,m-c,0.0069,%,2
OBS,2020,EU27+4,WEEE_generatedDedicated,WEEE_Cat4b,lenseAssembly,ferrousMetals,Ag,e-m,0.191,%,2
OBS,2020,EU27+4,WEEE_generatedDedicated,WEEE_Cat4b,lenseAssembly,ferrousMetals,Cu,e-m,0.18,%,2
OBS,2020,EU27+4,WEEE_generatedDedicated,WEEE_Cat4b,lenseAssembly,ferrousMetals,Ga,e-m,0.725,%,2
OBS,2020,EU27+4,WEEE_generatedDedicated,WEEE_Cat4b,lenseAssembly,ferrousMetals,Mo,e-m,0.01,%,2
OBS,2020,EU27+4,WEEE_generatedDedicated,WEEE_Cat4b,lenseAssembly,ferrousMetals,O,e-m,0.08,%,2
OBS,2020,EU27+4,WEEE_generatedDedicated,WEEE_Cat4b,lenseAssembly,ferrousMetals,Sm,e-m,0.005,%,2
OBS,2020,EU27+4,WEEE_generatedDedicated,WEEE_Cat4b,lenseAssembly,ferrousMetals,n/a,m-c,0.191,%,2
OBS,2020,EU27+4,WEEE_generatedDedicated,WEEE_Cat4b,lenseAssembly,glass,Ag,e-m,0.016,%,2
OBS,2020,EU27+4,WEEE_generatedDedicated,WEEE_Cat4b,lenseAssembly,glass,Pd,e-m,0.265,%,2
OBS,2020,EU27+4,WEEE_generatedDedicated,WEEE_Cat4b,lenseAssembly,glass,Sc,e-m,0.00196,%,2
OBS,2020,EU27+4,WEEE_generatedDedicated,WEEE_Cat4b,lenseAssembly,glass,Zr,e-m,0.000708,%,2
OBS,2020,EU27+4,WEEE_generatedDedicated,WEEE_Cat4b,lenseAssembly,glass,n/a,m-c,0.016,%,2
OBS,2020,EU27+4,WEEE_generatedDedicated,WEEE_Cat4b,lenseAssembly,n/a,n/a,c-p,0.0478,%,2
OBS,2020,EU27+4,WEEE_generatedDedicated,WEEE_Cat4b,lenseAssembly,plastics,Ag,e-m,0.289,%,2
OBS,2020,EU27+4,WEEE_generatedDedicated,WEEE_Cat4b,lenseAssembly,plastics,n/a,m-c,0.272,%,2
OBS,2020,EU27+4,WEEE_generatedDedicated,WEEE_Cat4b,lenseAssembly,undefinedAndMixedMaterials,Ag,e-m,0.0419,%,2
OBS,2020,EU27+4,WEEE_generatedDedicated,WEEE_Cat4b,lenseAssembly,undefinedAndMixedMaterials,n/a,m-c,0.0419,%,2
OBS,2020,EU27+4,WEEE_generatedDedicated,WEEE_Cat4b,lighting,n/a,n/a,c-p,0.00000463,%,1
OBS,2020,EU27+4,WEEE_generatedDedicated,WEEE_Cat4b,lightingFlash,AlAndAlAlloys,Ag,e-m,0.0804,%,2
OBS,2020,EU27+4,WEEE_generatedDedicated,WEEE_Cat4b,lightingFlash,AlAndAlAlloys,As,e-m,0.97,%,2
OBS,2020,EU27+4,WEEE_generatedDedicated,WEEE_Cat4b,lightingFlash,AlAndAlAlloys,Cu,e-m,0.002,%,2
OBS,2020,EU27+4,WEEE_generatedDedicated,WEEE_Cat4b,lightingFlash,AlAndAlAlloys,Ga,e-m,0.001,%,2
OBS,2020,EU27+4,WEEE_generatedDedicated,WEEE_Cat4b,lightingFlash,AlAndAlAlloys,Mn,e-m,0.0248,%,2
OBS,2020,EU27+4,WEEE_generatedDedicated,WEEE_Cat4b,lightingFlash,AlAndAlAlloys,Mo,e-m,0.002,%,2
OBS,2020,EU27+4,WEEE_generatedDedicated,WEEE_Cat4b,lightingFlash,AlAndAlAlloys,Sm,e-m,0.0003,%,2
OBS,2020,EU27+4,WEEE_generatedDedicated,WEEE_Cat4b,lightingFlash,AlAndAlAlloys,n/a,m-c,0.141,%,2
OBS,2020,EU27+4,WEEE_generatedDedicated,WEEE_Cat4b,lightingFlash,CuAndCuAlloys,Ag,e-m,0.0295,%,2
OBS,2020,EU27+4,WEEE_generatedDedicated,WEEE_Cat4b,lightingFlash,CuAndCuAlloys,Dy,e-m,0.75,%,2
OBS,2020,EU27+4,WEEE_generatedDedicated,WEEE_Cat4b,lightingFlash,CuAndCuAlloys,Zr,e-m,0.25,%,2
OBS,2020,EU27+4,WEEE_generatedDedicated,WEEE_Cat4b,lightingFlash,CuAndCuAlloys,n/a,m-c,0.0498,%,2
OBS,2020,EU27+4,WEEE_generatedDedicated,WEEE_Cat4b,lightingFlash,ferrousMetals,Ag,e-m,0.125,%,2
OBS,2020,EU27+4,WEEE_generatedDedicated,WEEE_Cat4b,lightingFlash,ferrousMetals,Cu,e-m,0.18,%,2
OBS,2020,EU27+4,WEEE_generatedDedicated,WEEE_Cat4b,lightingFlash,ferrousMetals,Ga,e-m,0.725,%,2
OBS,2020,EU27+4,WEEE_generatedDedicated,WEEE_Cat4b,lightingFlash,ferrousMetals,Mo,e-m,0.01,%,2
OBS,2020,EU27+4,WEEE_generatedDedicated,WEEE_Cat4b,lightingFlash,ferrousMetals,O,e-m,0.08,%,2
OBS,2020,EU27+4,WEEE_generatedDedicated,WEEE_Cat4b,lightingFlash,ferrousMetals,Sm,e-m,0.005,%,2
OBS,2020,EU27+4,WEEE_generatedDedicated,WEEE_Cat4b,lightingFlash,ferrousMetals,n/a,m-c,0.22,%,2
OBS,2020,EU27+4,WEEE_generatedDedicated,WEEE_Cat4b,lightingFlash,glass,Ag,e-m,0.0136,%,2
OBS,2020,EU27+4,WEEE_generatedDedicated,WEEE_Cat4b,lightingFlash,glass,Pd,e-m,0.265,%,2
OBS,2020,EU27+4,WEEE_generatedDedicated,WEEE_Cat4b,lightingFlash,glass,Sc,e-m,0.00196,%,2
OBS,2020,EU27+4,WEEE_generatedDedicated,WEEE_Cat4b,lightingFlash,glass,Zr,e-m,0.000708,%,2
OBS,2020,EU27+4,WEEE_generatedDedicated,WEEE_Cat4b,lightingFlash,glass,n/a,m-c,0.0125,%,2
OBS,2020,EU27+4,WEEE_generatedDedicated,WEEE_Cat4b,lightingFlash,n/a,n/a,c-p,0.0592,%,2
OBS,2020,EU27+4,WEEE_generatedDedicated,WEEE_Cat4b,lightingFlash,plastics,Ag,e-m,0.125,%,2
OBS,2020,EU27+4,WEEE_generatedDedicated,WEEE_Cat4b,lightingFlash,plastics,n/a,m-c,0.22,%,2
OBS,2020,EU27+4,WEEE_generatedDedicated,WEEE_Cat4b,lightingFlash,undefinedAndMixedMaterials,Ag,e-m,0.132,%,2
OBS,2020,EU27+4,WEEE_generatedDedicated,WEEE_Cat4b,lightingFlash,undefinedAndMixedMaterials,n/a,m-c,0.132,%,2
OBS,2020,EU27+4,WEEE_generatedDedicated,WEEE_Cat4b,magnetPermanent,n/a,n/a,c-p,0.0000743,%,1
OBS,2020,EU27+4,WEEE_generatedDedicated,WEEE_Cat4b,magnetPermanent,otherOrUndefinedMaterials,Ag,e-m,1,%,1
OBS,2020,EU27+4,WEEE_generatedDedicated,WEEE_Cat4b,magnetPermanent,otherOrUndefinedMaterials,n/a,m-c,1,%,1
OBS,2020,EU27+4,WEEE_generatedDedicated,WEEE_Cat4b,magnetron,n/a,n/a,c-p,0.0149,%,1
OBS,2020,EU27+4,WEEE_generatedDedicated,WEEE_Cat4b,mainboardInclCPUgpu,AlAndAlAlloys,Ag,e-m,0.0403,%,2
OBS,2020,EU27+4,WEEE_generatedDedicated,WEEE_Cat4b,mainboardInclCPUgpu,AlAndAlAlloys,As,e-m,0.97,%,2
OBS,2020,EU27+4,WEEE_generatedDedicated,WEEE_Cat4b,mainboardInclCPUgpu,AlAndAlAlloys,Cu,e-m,0.002,%,2
OBS,2020,EU27+4,WEEE_generatedDedicated,WEEE_Cat4b,mainboardInclCPUgpu,AlAndAlAlloys,Ga,e-m,0.001,%,2
OBS,2020,EU27+4,WEEE_generatedDedicated,WEEE_Cat4b,mainboardInclCPUgpu,AlAndAlAlloys,Mn,e-m,0.0248,%,2
OBS,2020,EU27+4,WEEE_generatedDedicated,WEEE_Cat4b,mainboardInclCPUgpu,AlAndAlAlloys,Mo,e-m,0.002,%,2
OBS,2020,EU27+4,WEEE_generatedDedicated,WEEE_Cat4b,mainboardInclCPUgpu,AlAndAlAlloys,Sm,e-m,0.0003,%,2
OBS,2020,EU27+4,WEEE_generatedDedicated,WEEE_Cat4b,mainboardInclCPUgpu,AlAndAlAlloys,n/a,m-c,0.0403,%,2
OBS,2020,EU27+4,WEEE_generatedDedicated,WEEE_Cat4b,mainboardInclCPUgpu,CuAndCuAlloys,Ag,e-m,0.0133,%,2
OBS,2020,EU27+4,WEEE_generatedDedicated,WEEE_Cat4b,mainboardInclCPUgpu,CuAndCuAlloys,Dy,e-m,0.75,%,2
OBS,2020,EU27+4,WEEE_generatedDedicated,WEEE_Cat4b,mainboardInclCPUgpu,CuAndCuAlloys,Zr,e-m,0.25,%,2
OBS,2020,EU27+4,WEEE_generatedDedicated,WEEE_Cat4b,mainboardInclCPUgpu,CuAndCuAlloys,n/a,m-c,0.005,%,2
OBS,2020,EU27+4,WEEE_generatedDedicated,WEEE_Cat4b,mainboardInclCPUgpu,ferrousMetals,Ag,e-m,0.0246,%,2
OBS,2020,EU27+4,WEEE_generatedDedicated,WEEE_Cat4b,mainboardInclCPUgpu,ferrousMetals,Cu,e-m,0.18,%,2
OBS,2020,EU27+4,WEEE_generatedDedicated,WEEE_Cat4b,mainboardInclCPUgpu,ferrousMetals,Ga,e-m,0.725,%,2
OBS,2020,EU27+4,WEEE_generatedDedicated,WEEE_Cat4b,mainboardInclCPUgpu,ferrousMetals,Mo,e-m,0.01,%,2
OBS,2020,EU27+4,WEEE_generatedDedicated,WEEE_Cat4b,mainboardInclCPUgpu,ferrousMetals,O,e-m,0.08,%,2
OBS,2020,EU27+4,WEEE_generatedDedicated,WEEE_Cat4b,mainboardInclCPUgpu,ferrousMetals,Sm,e-m,0.005,%,2
OBS,2020,EU27+4,WEEE_generatedDedicated,WEEE_Cat4b,mainboardInclCPUgpu,ferrousMetals,n/a,m-c,0.0439,%,2
OBS,2020,EU27+4,WEEE_generatedDedicated,WEEE_Cat4b,mainboardInclCPUgpu,n/a,n/a,c-p,0.00051,%,2
OBS,2020,EU27+4,WEEE_generatedDedicated,WEEE_Cat4b,mainboardInclCPUgpu,otherMetalsAndMetalAlloys,Ag,e-m,0.187,%,2
OBS,2020,EU27+4,WEEE_generatedDedicated,WEEE_Cat4b,mainboardInclCPUgpu,otherMetalsAndMetalAlloys,Al,e-m,0.9,%,2
OBS,2020,EU27+4,WEEE_generatedDedicated,WEEE_Cat4b,mainboardInclCPUgpu,otherMetalsAndMetalAlloys,Dy,e-m,0.1,%,2
OBS,2020,EU27+4,WEEE_generatedDedicated,WEEE_Cat4b,mainboardInclCPUgpu,otherMetalsAndMetalAlloys,n/a,m-c,0.00732,%,2
OBS,2020,EU27+4,WEEE_generatedDedicated,WEEE_Cat4b,mainboardInclCPUgpu,plastics,Ag,e-m,0.00146,%,2
OBS,2020,EU27+4,WEEE_generatedDedicated,WEEE_Cat4b,mainboardInclCPUgpu,plastics,n/a,m-c,0.00146,%,2
OBS,2020,EU27+4,WEEE_generatedDedicated,WEEE_Cat4b,mainboardInclCPUgpu,undefinedAndMixedMaterials,Ag,e-m,0.0286,%,2
OBS,2020,EU27+4,WEEE_generatedDedicated,WEEE_Cat4b,mainboardInclCPUgpu,undefinedAndMixedMaterials,n/a,m-c,0.0333,%,2
OBS,2020,EU27+4,WEEE_generatedDedicated,WEEE_Cat4b,n/a,n/a,n/a,c-p,0.385,%,2
OBS,2020,EU27+4,WEEE_generatedDedicated,WEEE_Cat4b,non-electricCoil,AlAndAlAlloys,Ag,e-m,0.0189,%,1
OBS,2020,EU27+4,WEEE_generatedDedicated,WEEE_Cat4b,non-electricCoil,AlAndAlAlloys,As,e-m,0.97,%,1
OBS,2020,EU27+4,WEEE_generatedDedicated,WEEE_Cat4b,non-electricCoil,AlAndAlAlloys,Cu,e-m,0.002,%,1
OBS,2020,EU27+4,WEEE_generatedDedicated,WEEE_Cat4b,non-electricCoil,AlAndAlAlloys,Ga,e-m,0.001,%,1
OBS,2020,EU27+4,WEEE_generatedDedicated,WEEE_Cat4b,non-electricCoil,AlAndAlAlloys,Mn,e-m,0.0248,%,1
OBS,2020,EU27+4,WEEE_generatedDedicated,WEEE_Cat4b,non-electricCoil,AlAndAlAlloys,Mo,e-m,0.002,%,1
OBS,2020,EU27+4,WEEE_generatedDedicated,WEEE_Cat4b,non-electricCoil,AlAndAlAlloys,Sm,e-m,0.0003,%,1
OBS,2020,EU27+4,WEEE_generatedDedicated,WEEE_Cat4b,non-electricCoil,AlAndAlAlloys,n/a,m-c,0.0189,%,1
OBS,2020,EU27+4,WEEE_generatedDedicated,WEEE_Cat4b,non-electricCoil,ferrousMetals,Ag,e-m,0.264,%,1
OBS,2020,EU27+4,WEEE_generatedDedicated,WEEE_Cat4b,non-electricCoil,ferrousMetals,Ca,e-m,0.033,%,1
OBS,2020,EU27+4,WEEE_generatedDedicated,WEEE_Cat4b,non-electricCoil,ferrousMetals,Ga,e-m,0.938,%,1
OBS,2020,EU27+4,WEEE_generatedDedicated,WEEE_Cat4b,non-electricCoil,ferrousMetals,Mo,e-m,0.0075,%,1
OBS,2020,EU27+4,WEEE_generatedDedicated,WEEE_Cat4b,non-electricCoil,ferrousMetals,Sm,e-m,0.022,%,1
OBS,2020,EU27+4,WEEE_generatedDedicated,WEEE_Cat4b,non-electricCoil,ferrousMetals,n/a,m-c,0.264,%,1
OBS,2020,EU27+4,WEEE_generatedDedicated,WEEE_Cat4b,non-electricCoil,n/a,n/a,c-p,0.00209,%,1
OBS,2020,EU27+4,WEEE_generatedDedicated,WEEE_Cat4b,non-electricCoil,plastics,Ag,e-m,0.717,%,1
OBS,2020,EU27+4,WEEE_generatedDedicated,WEEE_Cat4b,non-electricCoil,plastics,n/a,m-c,0.717,%,1
OBS,2020,EU27+4,WEEE_generatedDedicated,WEEE_Cat4b,nonElectricCoil,n/a,n/a,c-p,0.000261,%,1
OBS,2020,EU27+4,WEEE_generatedDedicated,WEEE_Cat4b,onOffSwitch,CuAndCuAlloys,Ag,e-m,0.16,%,2
OBS,2020,EU27+4,WEEE_generatedDedicated,WEEE_Cat4b,onOffSwitch,CuAndCuAlloys,Dy,e-m,0.75,%,2
OBS,2020,EU27+4,WEEE_generatedDedicated,WEEE_Cat4b,onOffSwitch,CuAndCuAlloys,Zr,e-m,0.25,%,2
OBS,2020,EU27+4,WEEE_generatedDedicated,WEEE_Cat4b,onOffSwitch,CuAndCuAlloys,n/a,m-c,0.16,%,2
OBS,2020,EU27+4,WEEE_generatedDedicated,WEEE_Cat4b,onOffSwitch,n/a,n/a,c-p,0.000584,%,2
OBS,2020,EU27+4,WEEE_generatedDedicated,WEEE_Cat4b,onOffSwitch,plastics,Ag,e-m,0.84,%,2
OBS,2020,EU27+4,WEEE_generatedDedicated,WEEE_Cat4b,onOffSwitch,plastics,n/a,m-c,0.84,%,2
OBS,2020,EU27+4,WEEE_generatedDedicated,WEEE_Cat4b,otherElectricCompUnspecified,AlAndAlAlloys,Ag,e-m,0.000538,%,2
OBS,2020,EU27+4,WEEE_generatedDedicated,WEEE_Cat4b,otherElectricCompUnspecified,AlAndAlAlloys,As,e-m,0.97,%,2
OBS,2020,EU27+4,WEEE_generatedDedicated,WEEE_Cat4b,otherElectricCompUnspecified,AlAndAlAlloys,Cu,e-m,0.002,%,2
OBS,2020,EU27+4,WEEE_generatedDedicated,WEEE_Cat4b,otherElectricCompUnspecified,AlAndAlAlloys,Ga,e-m,0.001,%,2
OBS,2020,EU27+4,WEEE_generatedDedicated,WEEE_Cat4b,otherElectricCompUnspecified,AlAndAlAlloys,Mn,e-m,0.0248,%,2
OBS,2020,EU27+4,WEEE_generatedDedicated,WEEE_Cat4b,otherElectricCompUnspecified,AlAndAlAlloys,Mo,e-m,0.002,%,2
OBS,2020,EU27+4,WEEE_generatedDedicated,WEEE_Cat4b,otherElectricCompUnspecified,AlAndAlAlloys,Sm,e-m,0.0003,%,2
OBS,2020,EU27+4,WEEE_generatedDedicated,WEEE_Cat4b,otherElectricCompUnspecified,AlAndAlAlloys,n/a,m-c,0.000538,%,2
OBS,2020,EU27+4,WEEE_generatedDedicated,WEEE_Cat4b,otherElectricCompUnspecified,CuAndCuAlloys,Ag,e-m,0.0113,%,2
OBS,2020,EU27+4,WEEE_generatedDedicated,WEEE_Cat4b,otherElectricCompUnspecified,CuAndCuAlloys,Dy,e-m,0.75,%,2
OBS,2020,EU27+4,WEEE_generatedDedicated,WEEE_Cat4b,otherElectricCompUnspecified,CuAndCuAlloys,Zr,e-m,0.25,%,2
OBS,2020,EU27+4,WEEE_generatedDedicated,WEEE_Cat4b,otherElectricCompUnspecified,CuAndCuAlloys,n/a,m-c,0.0113,%,2
OBS,2020,EU27+4,WEEE_generatedDedicated,WEEE_Cat4b,otherElectricCompUnspecified,ferrousMetals,Ag,e-m,0.0453,%,2
OBS,2020,EU27+4,WEEE_generatedDedicated,WEEE_Cat4b,otherElectricCompUnspecified,ferrousMetals,Cu,e-m,0.18,%,2
OBS,2020,EU27+4,WEEE_generatedDedicated,WEEE_Cat4b,otherElectricCompUnspecified,ferrousMetals,Ga,e-m,0.725,%,2
OBS,2020,EU27+4,WEEE_generatedDedicated,WEEE_Cat4b,otherElectricCompUnspecified,ferrousMetals,Mo,e-m,0.01,%,2
OBS,2020,EU27+4,WEEE_generatedDedicated,WEEE_Cat4b,otherElectricCompUnspecified,ferrousMetals,O,e-m,0.08,%,2
OBS,2020,EU27+4,WEEE_generatedDedicated,WEEE_Cat4b,otherElectricCompUnspecified,ferrousMetals,Sm,e-m,0.005,%,2
OBS,2020,EU27+4,WEEE_generatedDedicated,WEEE_Cat4b,otherElectricCompUnspecified,ferrousMetals,n/a,m-c,0.0772,%,2
OBS,2020,EU27+4,WEEE_generatedDedicated,WEEE_Cat4b,otherElectricCompUnspecified,glass,Ag,e-m,0.082,%,2
OBS,2020,EU27+4,WEEE_generatedDedicated,WEEE_Cat4b,otherElectricCompUnspecified,glass,Pd,e-m,0.265,%,2
OBS,2020,EU27+4,WEEE_generatedDedicated,WEEE_Cat4b,otherElectricCompUnspecified,glass,Sc,e-m,0.00196,%,2
OBS,2020,EU27+4,WEEE_generatedDedicated,WEEE_Cat4b,otherElectricCompUnspecified,glass,Zr,e-m,0.000708,%,2
OBS,2020,EU27+4,WEEE_generatedDedicated,WEEE_Cat4b,otherElectricCompUnspecified,glass,n/a,m-c,0.082,%,2
OBS,2020,EU27+4,WEEE_generatedDedicated,WEEE_Cat4b,otherElectricCompUnspecified,n/a,n/a,c-p,0.00859,%,1
OBS,2020,EU27+4,WEEE_generatedDedicated,WEEE_Cat4b,otherElectricCompUnspecified,otherMetalsAndMetalAlloys,Ag,e-m,0.000882,%,2
OBS,2020,EU27+4,WEEE_generatedDedicated,WEEE_Cat4b,otherElectricCompUnspecified,otherMetalsAndMetalAlloys,Al,e-m,0.9,%,2
OBS,2020,EU27+4,WEEE_generatedDedicated,WEEE_Cat4b,otherElectricCompUnspecified,otherMetalsAndMetalAlloys,Dy,e-m,0.1,%,2
OBS,2020,EU27+4,WEEE_generatedDedicated,WEEE_Cat4b,otherElectricCompUnspecified,otherMetalsAndMetalAlloys,n/a,m-c,0.00095,%,2
OBS,2020,EU27+4,WEEE_generatedDedicated,WEEE_Cat4b,otherElectricCompUnspecified,otherOrUndefinedMaterials,Ag,e-m,1,%,1
OBS,2020,EU27+4,WEEE_generatedDedicated,WEEE_Cat4b,otherElectricCompUnspecified,otherOrUndefinedMaterials,n/a,m-c,1,%,1
OBS,2020,EU27+4,WEEE_generatedDedicated,WEEE_Cat4b,otherElectricCompUnspecified,plastics,Ag,e-m,0.111,%,2
OBS,2020,EU27+4,WEEE_generatedDedicated,WEEE_Cat4b,otherElectricCompUnspecified,plastics,n/a,m-c,0.243,%,2
OBS,2020,EU27+4,WEEE_generatedDedicated,WEEE_Cat4b,otherElectricCompUnspecified,undefinedAndMixedMaterials,Ag,e-m,0.0002,%,2
OBS,2020,EU27+4,WEEE_generatedDedicated,WEEE_Cat4b,otherElectricCompUnspecified,undefinedAndMixedMaterials,n/a,m-c,0.0002,%,2
OBS,2020,EU27+4,WEEE_generatedDedicated,WEEE_Cat4b,otherNonElectricCompUnspecified,AlAndAlAlloys,Ag,e-m,0.0205,%,1
OBS,2020,EU27+4,WEEE_generatedDedicated,WEEE_Cat4b,otherNonElectricCompUnspecified,AlAndAlAlloys,As,e-m,0.97,%,1
OBS,2020,EU27+4,WEEE_generatedDedicated,WEEE_Cat4b,otherNonElectricCompUnspecified,AlAndAlAlloys,Cu,e-m,0.002,%,1
OBS,2020,EU27+4,WEEE_generatedDedicated,WEEE_Cat4b,otherNonElectricCompUnspecified,AlAndAlAlloys,Ga,e-m,0.001,%,1
OBS,2020,EU27+4,WEEE_generatedDedicated,WEEE_Cat4b,otherNonElectricCompUnspecified,AlAndAlAlloys,Mn,e-m,0.0248,%,1
OBS,2020,EU27+4,WEEE_generatedDedicated,WEEE_Cat4b,otherNonElectricCompUnspecified,AlAndAlAlloys,Mo,e-m,0.002,%,1
OBS,2020,EU27+4,WEEE_generatedDedicated,WEEE_Cat4b,otherNonElectricCompUnspecified,AlAndAlAlloys,Sm,e-m,0.0003,%,1
OBS,2020,EU27+4,WEEE_generatedDedicated,WEEE_Cat4b,otherNonElectricCompUnspecified,AlAndAlAlloys,n/a,m-c,0.0112,%,1
OBS,2020,EU27+4,WEEE_generatedDedicated,WEEE_Cat4b,otherNonElectricCompUnspecified,CuAndCuAlloys,Ag,e-m,0.00302,%,1
OBS,2020,EU27+4,WEEE_generatedDedicated,WEEE_Cat4b,otherNonElectricCompUnspecified,CuAndCuAlloys,As,e-m,0.97,%,1
OBS,2020,EU27+4,WEEE_generatedDedicated,WEEE_Cat4b,otherNonElectricCompUnspecified,CuAndCuAlloys,Cu,e-m,0.002,%,1
OBS,2020,EU27+4,WEEE_generatedDedicated,WEEE_Cat4b,otherNonElectricCompUnspecified,CuAndCuAlloys,Dy,e-m,0.75,%,1
OBS,2020,EU27+4,WEEE_generatedDedicated,WEEE_Cat4b,otherNonElectricCompUnspecified,CuAndCuAlloys,Ga,e-m,0.001,%,1
OBS,2020,EU27+4,WEEE_generatedDedicated,WEEE_Cat4b,otherNonElectricCompUnspecified,CuAndCuAlloys,Mn,e-m,0.0248,%,1
OBS,2020,EU27+4,WEEE_generatedDedicated,WEEE_Cat4b,otherNonElectricCompUnspecified,CuAndCuAlloys,Mo,e-m,0.002,%,1
OBS,2020,EU27+4,WEEE_generatedDedicated,WEEE_Cat4b,otherNonElectricCompUnspecified,CuAndCuAlloys,Sm,e-m,0.0003,%,1
OBS,2020,EU27+4,WEEE_generatedDedicated,WEEE_Cat4b,otherNonElectricCompUnspecified,CuAndCuAlloys,Zr,e-m,0.25,%,1
OBS,2020,EU27+4,WEEE_generatedDedicated,WEEE_Cat4b,otherNonElectricCompUnspecified,CuAndCuAlloys,n/a,m-c,0.00302,%,1
OBS,2020,EU27+4,WEEE_generatedDedicated,WEEE_Cat4b,otherNonElectricCompUnspecified,ferrousMetals,Ag,e-m,0.0343,%,1
OBS,2020,EU27+4,WEEE_generatedDedicated,WEEE_Cat4b,otherNonElectricCompUnspecified,ferrousMetals,Ca,e-m,0.033,%,1
OBS,2020,EU27+4,WEEE_generatedDedicated,WEEE_Cat4b,otherNonElectricCompUnspecified,ferrousMetals,Cu,e-m,0.18,%,2
OBS,2020,EU27+4,WEEE_generatedDedicated,WEEE_Cat4b,otherNonElectricCompUnspecified,ferrousMetals,Ga,e-m,0.725,%,1
OBS,2020,EU27+4,WEEE_generatedDedicated,WEEE_Cat4b,otherNonElectricCompUnspecified,ferrousMetals,Mo,e-m,0.0075,%,1
OBS,2020,EU27+4,WEEE_generatedDedicated,WEEE_Cat4b,otherNonElectricCompUnspecified,ferrousMetals,O,e-m,0.08,%,2
OBS,2020,EU27+4,WEEE_generatedDedicated,WEEE_Cat4b,otherNonElectricCompUnspecified,ferrousMetals,Sm,e-m,0.005,%,1
OBS,2020,EU27+4,WEEE_generatedDedicated,WEEE_Cat4b,otherNonElectricCompUnspecified,ferrousMetals,n/a,m-c,0.0343,%,1
OBS,2020,EU27+4,WEEE_generatedDedicated,WEEE_Cat4b,otherNonElectricCompUnspecified,n/a,n/a,c-p,0.000287,%,1
OBS,2020,EU27+4,WEEE_generatedDedicated,WEEE_Cat4b,otherNonElectricCompUnspecified,plastics,Ag,e-m,0.0777,%,1
OBS,2020,EU27+4,WEEE_generatedDedicated,WEEE_Cat4b,otherNonElectricCompUnspecified,plastics,n/a,m-c,0.0777,%,1
OBS,2020,EU27+4,WEEE_generatedDedicated,WEEE_Cat4b,otherNonElectricCompUnspecified,steelAndSteelAlloys,Ag,e-m,0.95,%,1
OBS,2020,EU27+4,WEEE_generatedDedicated,WEEE_Cat4b,otherNonElectricCompUnspecified,steelAndSteelAlloys,Cu,e-m,0.18,%,1
OBS,2020,EU27+4,WEEE_generatedDedicated,WEEE_Cat4b,otherNonElectricCompUnspecified,steelAndSteelAlloys,Ga,e-m,0.725,%,1
OBS,2020,EU27+4,WEEE_generatedDedicated,WEEE_Cat4b,otherNonElectricCompUnspecified,steelAndSteelAlloys,Mo,e-m,0.01,%,1
OBS,2020,EU27+4,WEEE_generatedDedicated,WEEE_Cat4b,otherNonElectricCompUnspecified,steelAndSteelAlloys,O,e-m,0.08,%,1
OBS,2020,EU27+4,WEEE_generatedDedicated,WEEE_Cat4b,otherNonElectricCompUnspecified,steelAndSteelAlloys,Sm,e-m,0.005,%,1
OBS,2020,EU27+4,WEEE_generatedDedicated,WEEE_Cat4b,otherNonElectricCompUnspecified,steelAndSteelAlloys,n/a,m-c,0.906,%,1
OBS,2020,EU27+4,WEEE_generatedDedicated,WEEE_Cat4b,otherNonElectricCompUnspecified,undefinedAndMixedMaterials,Ag,e-m,0.00041,%,2
OBS,2020,EU27+4,WEEE_generatedDedicated,WEEE_Cat4b,otherNonElectricCompUnspecified,undefinedAndMixedMaterials,n/a,m-c,0.000411,%,2
OBS,2020,EU27+4,WEEE_generatedDedicated,WEEE_Cat4b,passiveJunctionBox,CuAndCuAlloys,Ag,e-m,0.477,%,1
OBS,2020,EU27+4,WEEE_generatedDedicated,WEEE_Cat4b,passiveJunctionBox,CuAndCuAlloys,Dy,e-m,0.75,%,1
OBS,2020,EU27+4,WEEE_generatedDedicated,WEEE_Cat4b,passiveJunctionBox,CuAndCuAlloys,Sr,e-m,0.016,%,1
OBS,2020,EU27+4,WEEE_generatedDedicated,WEEE_Cat4b,passiveJunctionBox,CuAndCuAlloys,Zr,e-m,0.208,%,1
OBS,2020,EU27+4,WEEE_generatedDedicated,WEEE_Cat4b,passiveJunctionBox,CuAndCuAlloys,n/a,m-c,0.477,%,1
OBS,2020,EU27+4,WEEE_generatedDedicated,WEEE_Cat4b,passiveJunctionBox,n/a,n/a,c-p,0.0226,%,1
OBS,2020,EU27+4,WEEE_generatedDedicated,WEEE_Cat4b,passiveJunctionBox,otherOrUndefinedMaterials,Ag,e-m,0.0073,%,1
OBS,2020,EU27+4,WEEE_generatedDedicated,WEEE_Cat4b,passiveJunctionBox,otherOrUndefinedMaterials,n/a,m-c,0.00725,%,1
OBS,2020,EU27+4,WEEE_generatedDedicated,WEEE_Cat4b,passiveJunctionBox,plastics,Ag,e-m,0.466,%,1
OBS,2020,EU27+4,WEEE_generatedDedicated,WEEE_Cat4b,passiveJunctionBox,plastics,n/a,m-c,0.463,%,1
OBS,2020,EU27+4,WEEE_generatedDedicated,WEEE_Cat4b,pcbWEEECat,n/a,n/a,c-p,0.0000873,%,1
OBS,2020,EU27+4,WEEE_generatedDedicated,WEEE_Cat4b,pcbWEEECat,plastics,Ag,e-m,0.0278,%,1
OBS,2020,EU27+4,WEEE_generatedDedicated,WEEE_Cat4b,pcbWEEECat,plastics,n/a,m-c,1,%,1
OBS,2020,EU27+4,WEEE_generatedDedicated,WEEE_Cat4b,plug,n/a,n/a,c-p,0.00064,%,1
OBS,2020,EU27+4,WEEE_generatedDedicated,WEEE_Cat4b,powerSupply,AlAndAlAlloys,Ag,e-m,0.0289,%,2
OBS,2020,EU27+4,WEEE_generatedDedicated,WEEE_Cat4b,powerSupply,AlAndAlAlloys,As,e-m,0.97,%,2
OBS,2020,EU27+4,WEEE_generatedDedicated,WEEE_Cat4b,powerSupply,AlAndAlAlloys,Cu,e-m,0.002,%,2
OBS,2020,EU27+4,WEEE_generatedDedicated,WEEE_Cat4b,powerSupply,AlAndAlAlloys,Ga,e-m,0.001,%,2
OBS,2020,EU27+4,WEEE_generatedDedicated,WEEE_Cat4b,powerSupply,AlAndAlAlloys,Mn,e-m,0.0248,%,2
OBS,2020,EU27+4,WEEE_generatedDedicated,WEEE_Cat4b,powerSupply,AlAndAlAlloys,Mo,e-m,0.002,%,2
OBS,2020,EU27+4,WEEE_generatedDedicated,WEEE_Cat4b,powerSupply,AlAndAlAlloys,Sm,e-m,0.0003,%,2
OBS,2020,EU27+4,WEEE_generatedDedicated,WEEE_Cat4b,powerSupply,AlAndAlAlloys,n/a,m-c,0.0289,%,2
OBS,2020,EU27+4,WEEE_generatedDedicated,WEEE_Cat4b,powerSupply,CuAndCuAlloys,Ag,e-m,0.0147,%,2
OBS,2020,EU27+4,WEEE_generatedDedicated,WEEE_Cat4b,powerSupply,CuAndCuAlloys,Dy,e-m,0.75,%,2
OBS,2020,EU27+4,WEEE_generatedDedicated,WEEE_Cat4b,powerSupply,CuAndCuAlloys,Zr,e-m,0.25,%,2
OBS,2020,EU27+4,WEEE_generatedDedicated,WEEE_Cat4b,powerSupply,CuAndCuAlloys,n/a,m-c,0.0147,%,2
OBS,2020,EU27+4,WEEE_generatedDedicated,WEEE_Cat4b,powerSupply,ferrousMetals,Ag,e-m,0.0293,%,2
OBS,2020,EU27+4,WEEE_generatedDedicated,WEEE_Cat4b,powerSupply,ferrousMetals,Cu,e-m,0.18,%,2
OBS,2020,EU27+4,WEEE_generatedDedicated,WEEE_Cat4b,powerSupply,ferrousMetals,Ga,e-m,0.725,%,2
OBS,2020,EU27+4,WEEE_generatedDedicated,WEEE_Cat4b,powerSupply,ferrousMetals,Mo,e-m,0.01,%,2
OBS,2020,EU27+4,WEEE_generatedDedicated,WEEE_Cat4b,powerSupply,ferrousMetals,O,e-m,0.08,%,2
OBS,2020,EU27+4,WEEE_generatedDedicated,WEEE_Cat4b,powerSupply,ferrousMetals,Sm,e-m,0.005,%,2
OBS,2020,EU27+4,WEEE_generatedDedicated,WEEE_Cat4b,powerSupply,ferrousMetals,n/a,m-c,0.0157,%,2
OBS,2020,EU27+4,WEEE_generatedDedicated,WEEE_Cat4b,powerSupply,n/a,n/a,c-p,0.00195,%,1
OBS,2020,EU27+4,WEEE_generatedDedicated,WEEE_Cat4b,powerSupply,otherMetalsAndMetalAlloys,Ag,e-m,0.994,%,2
OBS,2020,EU27+4,WEEE_generatedDedicated,WEEE_Cat4b,powerSupply,otherMetalsAndMetalAlloys,Al,e-m,0.9,%,2
OBS,2020,EU27+4,WEEE_generatedDedicated,WEEE_Cat4b,powerSupply,otherMetalsAndMetalAlloys,Dy,e-m,0.1,%,2
OBS,2020,EU27+4,WEEE_generatedDedicated,WEEE_Cat4b,powerSupply,otherMetalsAndMetalAlloys,n/a,m-c,0.994,%,2
OBS,2020,EU27+4,WEEE_generatedDedicated,WEEE_Cat4b,powerSupply,plastics,Ag,e-m,0.0158,%,2
OBS,2020,EU27+4,WEEE_generatedDedicated,WEEE_Cat4b,powerSupply,plastics,n/a,m-c,0.0158,%,2
OBS,2020,EU27+4,WEEE_generatedDedicated,WEEE_Cat4b,powerSupply,undefinedAndMixedMaterials,Ag,e-m,0.00504,%,2
OBS,2020,EU27+4,WEEE_generatedDedicated,WEEE_Cat4b,powerSupply,undefinedAndMixedMaterials,n/a,m-c,0.00504,%,2
OBS,2020,EU27+4,WEEE_generatedDedicated,WEEE_Cat4b,printedCircuitBoard,n/a,n/a,c-p,0.0000429,%,1
OBS,2020,EU27+4,WEEE_generatedDedicated,WEEE_Cat4b,pump,ironWroughtAndCast,Ag,e-m,0.419,%,1
OBS,2020,EU27+4,WEEE_generatedDedicated,WEEE_Cat4b,pump,ironWroughtAndCast,Ca,e-m,0.033,%,1
OBS,2020,EU27+4,WEEE_generatedDedicated,WEEE_Cat4b,pump,ironWroughtAndCast,Ga,e-m,0.938,%,1
OBS,2020,EU27+4,WEEE_generatedDedicated,WEEE_Cat4b,pump,ironWroughtAndCast,Mo,e-m,0.0075,%,1
OBS,2020,EU27+4,WEEE_generatedDedicated,WEEE_Cat4b,pump,ironWroughtAndCast,Sm,e-m,0.022,%,1
OBS,2020,EU27+4,WEEE_generatedDedicated,WEEE_Cat4b,pump,ironWroughtAndCast,n/a,m-c,0.419,%,1
OBS,2020,EU27+4,WEEE_generatedDedicated,WEEE_Cat4b,pump,n/a,n/a,c-p,0.0013,%,1
OBS,2020,EU27+4,WEEE_generatedDedicated,WEEE_Cat4b,pump,steelAndSteelAlloys,Ag,e-m,0.581,%,1
OBS,2020,EU27+4,WEEE_generatedDedicated,WEEE_Cat4b,pump,steelAndSteelAlloys,Cu,e-m,0.18,%,1
OBS,2020,EU27+4,WEEE_generatedDedicated,WEEE_Cat4b,pump,steelAndSteelAlloys,Ga,e-m,0.725,%,1
OBS,2020,EU27+4,WEEE_generatedDedicated,WEEE_Cat4b,pump,steelAndSteelAlloys,Mo,e-m,0.01,%,1
OBS,2020,EU27+4,WEEE_generatedDedicated,WEEE_Cat4b,pump,steelAndSteelAlloys,O,e-m,0.08,%,1
OBS,2020,EU27+4,WEEE_generatedDedicated,WEEE_Cat4b,pump,steelAndSteelAlloys,Sm,e-m,0.005,%,1
OBS,2020,EU27+4,WEEE_generatedDedicated,WEEE_Cat4b,pump,steelAndSteelAlloys,n/a,m-c,0.581,%,1
OBS,2020,EU27+4,WEEE_generatedDedicated,WEEE_Cat4b,refrigerant,n/a,n/a,c-p,0.0089,%,1
OBS,2020,EU27+4,WEEE_generatedDedicated,WEEE_Cat4b,refrigerant,otherOrUndefinedMaterials,Ag,e-m,1,%,1
OBS,2020,EU27+4,WEEE_generatedDedicated,WEEE_Cat4b,refrigerant,otherOrUndefinedMaterials,n/a,m-c,1,%,1
OBS,2020,EU27+4,WEEE_generatedDedicated,WEEE_Cat4b,remoteControl,AlAndAlAlloys,Ag,e-m,0.00684,%,2
OBS,2020,EU27+4,WEEE_generatedDedicated,WEEE_Cat4b,remoteControl,AlAndAlAlloys,As,e-m,0.97,%,2
OBS,2020,EU27+4,WEEE_generatedDedicated,WEEE_Cat4b,remoteControl,AlAndAlAlloys,Cu,e-m,0.002,%,2
OBS,2020,EU27+4,WEEE_generatedDedicated,WEEE_Cat4b,remoteControl,AlAndAlAlloys,Ga,e-m,0.001,%,2
OBS,2020,EU27+4,WEEE_generatedDedicated,WEEE_Cat4b,remoteControl,AlAndAlAlloys,Mn,e-m,0.0248,%,2
OBS,2020,EU27+4,WEEE_generatedDedicated,WEEE_Cat4b,remoteControl,AlAndAlAlloys,Mo,e-m,0.002,%,2
OBS,2020,EU27+4,WEEE_generatedDedicated,WEEE_Cat4b,remoteControl,AlAndAlAlloys,Sm,e-m,0.0003,%,2
OBS,2020,EU27+4,WEEE_generatedDedicated,WEEE_Cat4b,remoteControl,AlAndAlAlloys,n/a,m-c,0.0068,%,2
OBS,2020,EU27+4,WEEE_generatedDedicated,WEEE_Cat4b,remoteControl,CuAndCuAlloys,Ag,e-m,0.00964,%,2
OBS,2020,EU27+4,WEEE_generatedDedicated,WEEE_Cat4b,remoteControl,CuAndCuAlloys,Dy,e-m,0.75,%,2
OBS,2020,EU27+4,WEEE_generatedDedicated,WEEE_Cat4b,remoteControl,CuAndCuAlloys,Zr,e-m,0.25,%,2
OBS,2020,EU27+4,WEEE_generatedDedicated,WEEE_Cat4b,remoteControl,CuAndCuAlloys,n/a,m-c,0.00956,%,2
OBS,2020,EU27+4,WEEE_generatedDedicated,WEEE_Cat4b,remoteControl,ferrousMetals,Ag,e-m,0.0506,%,2
OBS,2020,EU27+4,WEEE_generatedDedicated,WEEE_Cat4b,remoteControl,ferrousMetals,Cu,e-m,0.18,%,2
OBS,2020,EU27+4,WEEE_generatedDedicated,WEEE_Cat4b,remoteControl,ferrousMetals,Ga,e-m,0.725,%,2
OBS,2020,EU27+4,WEEE_generatedDedicated,WEEE_Cat4b,remoteControl,ferrousMetals,Mo,e-m,0.01,%,2
OBS,2020,EU27+4,WEEE_generatedDedicated,WEEE_Cat4b,remoteControl,ferrousMetals,O,e-m,0.08,%,2
OBS,2020,EU27+4,WEEE_generatedDedicated,WEEE_Cat4b,remoteControl,ferrousMetals,Sm,e-m,0.005,%,2
OBS,2020,EU27+4,WEEE_generatedDedicated,WEEE_Cat4b,remoteControl,ferrousMetals,n/a,m-c,0.0503,%,2
OBS,2020,EU27+4,WEEE_generatedDedicated,WEEE_Cat4b,remoteControl,n/a,n/a,c-p,0.0016,%,1
OBS,2020,EU27+4,WEEE_generatedDedicated,WEEE_Cat4b,remoteControl,otherOrUndefinedMaterials,Ag,e-m,1,%,1
OBS,2020,EU27+4,WEEE_generatedDedicated,WEEE_Cat4b,remoteControl,otherOrUndefinedMaterials,n/a,m-c,1,%,1
OBS,2020,EU27+4,WEEE_generatedDedicated,WEEE_Cat4b,remoteControl,plastics,Ag,e-m,0.583,%,2
OBS,2020,EU27+4,WEEE_generatedDedicated,WEEE_Cat4b,remoteControl,plastics,n/a,m-c,0.583,%,2
OBS,2020,EU27+4,WEEE_generatedDedicated,WEEE_Cat4b,remoteControl,undefinedAndMixedMaterials,Ag,e-m,0.000907,%,2
OBS,2020,EU27+4,WEEE_generatedDedicated,WEEE_Cat4b,remoteControl,undefinedAndMixedMaterials,n/a,m-c,0.000899,%,2
OBS,2020,EU27+4,WEEE_generatedDedicated,WEEE_Cat4b,resistor,n/a,n/a,c-p,0.000847,%,1
OBS,2020,EU27+4,WEEE_generatedDedicated,WEEE_Cat4b,rotor,ferrousMetals,Ag,e-m,0.0325,%,1
OBS,2020,EU27+4,WEEE_generatedDedicated,WEEE_Cat4b,rotor,ferrousMetals,Cu,e-m,0.18,%,1
OBS,2020,EU27+4,WEEE_generatedDedicated,WEEE_Cat4b,rotor,ferrousMetals,Ga,e-m,0.725,%,1
OBS,2020,EU27+4,WEEE_generatedDedicated,WEEE_Cat4b,rotor,ferrousMetals,Mo,e-m,0.01,%,1
OBS,2020,EU27+4,WEEE_generatedDedicated,WEEE_Cat4b,rotor,ferrousMetals,O,e-m,0.08,%,1
OBS,2020,EU27+4,WEEE_generatedDedicated,WEEE_Cat4b,rotor,ferrousMetals,Sm,e-m,0.005,%,1
OBS,2020,EU27+4,WEEE_generatedDedicated,WEEE_Cat4b,rotor,ferrousMetals,n/a,m-c,0.032,%,1
OBS,2020,EU27+4,WEEE_generatedDedicated,WEEE_Cat4b,rotor,n/a,n/a,c-p,0.00184,%,1
OBS,2020,EU27+4,WEEE_generatedDedicated,WEEE_Cat4b,rotor,plastics,Ag,e-m,0.984,%,1
OBS,2020,EU27+4,WEEE_generatedDedicated,WEEE_Cat4b,rotor,plastics,n/a,m-c,0.804,%,1
OBS,2020,EU27+4,WEEE_generatedDedicated,WEEE_Cat4b,screw,CuAndCuAlloys,Ag,e-m,1,%,1
OBS,2020,EU27+4,WEEE_generatedDedicated,WEEE_Cat4b,screw,CuAndCuAlloys,Dy,e-m,0.75,%,1
OBS,2020,EU27+4,WEEE_generatedDedicated,WEEE_Cat4b,screw,CuAndCuAlloys,Zr,e-m,0.25,%,1
OBS,2020,EU27+4,WEEE_generatedDedicated,WEEE_Cat4b,screw,CuAndCuAlloys,n/a,m-c,0.5,%,1
OBS,2020,EU27+4,WEEE_generatedDedicated,WEEE_Cat4b,screw,ferrousMetals,Ag,e-m,1,%,1
OBS,2020,EU27+4,WEEE_generatedDedicated,WEEE_Cat4b,screw,ferrousMetals,Ca,e-m,0.033,%,1
OBS,2020,EU27+4,WEEE_generatedDedicated,WEEE_Cat4b,screw,ferrousMetals,Ga,e-m,0.938,%,1
OBS,2020,EU27+4,WEEE_generatedDedicated,WEEE_Cat4b,screw,ferrousMetals,Mo,e-m,0.0075,%,1
OBS,2020,EU27+4,WEEE_generatedDedicated,WEEE_Cat4b,screw,ferrousMetals,Sm,e-m,0.022,%,1
OBS,2020,EU27+4,WEEE_generatedDedicated,WEEE_Cat4b,screw,ferrousMetals,n/a,m-c,0.5,%,1
OBS,2020,EU27+4,WEEE_generatedDedicated,WEEE_Cat4b,screw,n/a,n/a,c-p,0.00049,%,1
OBS,2020,EU27+4,WEEE_generatedDedicated,WEEE_Cat4b,sensorUnspecified,ferrousMetals,n/a,m-c,0.109,%,2
OBS,2020,EU27+4,WEEE_generatedDedicated,WEEE_Cat4b,sensorUnspecified,n/a,n/a,c-p,0.000116,%,1
OBS,2020,EU27+4,WEEE_generatedDedicated,WEEE_Cat4b,sensorUnspecified,plastics,n/a,m-c,0.891,%,2
OBS,2020,EU27+4,WEEE_generatedDedicated,WEEE_Cat4b,shadowComponentWEEE,CuAndCuAlloys,Ag,e-m,0.0011,%,1
OBS,2020,EU27+4,WEEE_generatedDedicated,WEEE_Cat4b,shadowComponentWEEE,CuAndCuAlloys,As,e-m,0.233,%,1
OBS,2020,EU27+4,WEEE_generatedDedicated,WEEE_Cat4b,shadowComponentWEEE,CuAndCuAlloys,Cu,e-m,0.000481,%,1
OBS,2020,EU27+4,WEEE_generatedDedicated,WEEE_Cat4b,shadowComponentWEEE,CuAndCuAlloys,Dy,e-m,0.375,%,1
OBS,2020,EU27+4,WEEE_generatedDedicated,WEEE_Cat4b,shadowComponentWEEE,CuAndCuAlloys,Ga,e-m,0.000241,%,1
OBS,2020,EU27+4,WEEE_generatedDedicated,WEEE_Cat4b,shadowComponentWEEE,CuAndCuAlloys,Mn,e-m,0.00597,%,1
OBS,2020,EU27+4,WEEE_generatedDedicated,WEEE_Cat4b,shadowComponentWEEE,CuAndCuAlloys,Mo,e-m,0.000481,%,1
OBS,2020,EU27+4,WEEE_generatedDedicated,WEEE_Cat4b,shadowComponentWEEE,CuAndCuAlloys,Sm,e-m,0.0000722,%,1
OBS,2020,EU27+4,WEEE_generatedDedicated,WEEE_Cat4b,shadowComponentWEEE,CuAndCuAlloys,Sr,e-m,0.12,%,1
OBS,2020,EU27+4,WEEE_generatedDedicated,WEEE_Cat4b,shadowComponentWEEE,CuAndCuAlloys,Zr,e-m,0.125,%,1
OBS,2020,EU27+4,WEEE_generatedDedicated,WEEE_Cat4b,shadowComponentWEEE,CuAndCuAlloys,n/a,m-c,0.000675,%,1
OBS,2020,EU27+4,WEEE_generatedDedicated,WEEE_Cat4b,shadowComponentWEEE,bitumen,Ag,e-m,0.0218,%,1
OBS,2020,EU27+4,WEEE_generatedDedicated,WEEE_Cat4b,shadowComponentWEEE,bitumen,n/a,m-c,0.0141,%,1
OBS,2020,EU27+4,WEEE_generatedDedicated,WEEE_Cat4b,shadowComponentWEEE,ceramicComposites,Ag,e-m,0.00843,%,1
OBS,2020,EU27+4,WEEE_generatedDedicated,WEEE_Cat4b,shadowComponentWEEE,ceramicComposites,n/a,m-c,0.00769,%,1
OBS,2020,EU27+4,WEEE_generatedDedicated,WEEE_Cat4b,shadowComponentWEEE,concrete,Ag,e-m,0.474,%,1
OBS,2020,EU27+4,WEEE_generatedDedicated,WEEE_Cat4b,shadowComponentWEEE,concrete,n/a,m-c,0.308,%,1
OBS,2020,EU27+4,WEEE_generatedDedicated,WEEE_Cat4b,shadowComponentWEEE,glass,Ag,e-m,0.0011,%,1
OBS,2020,EU27+4,WEEE_generatedDedicated,WEEE_Cat4b,shadowComponentWEEE,glass,Pd,e-m,0.265,%,1
OBS,2020,EU27+4,WEEE_generatedDedicated,WEEE_Cat4b,shadowComponentWEEE,glass,Sc,e-m,0.00196,%,1
OBS,2020,EU27+4,WEEE_generatedDedicated,WEEE_Cat4b,shadowComponentWEEE,glass,Zr,e-m,0.000708,%,1
OBS,2020,EU27+4,WEEE_generatedDedicated,WEEE_Cat4b,shadowComponentWEEE,glass,n/a,m-c,0.000675,%,1
OBS,2020,EU27+4,WEEE_generatedDedicated,WEEE_Cat4b,shadowComponentWEEE,ironWroughtAndCast,Ag,e-m,0.027,%,1
OBS,2020,EU27+4,WEEE_generatedDedicated,WEEE_Cat4b,shadowComponentWEEE,ironWroughtAndCast,Ca,e-m,0.033,%,1
OBS,2020,EU27+4,WEEE_generatedDedicated,WEEE_Cat4b,shadowComponentWEEE,ironWroughtAndCast,Ga,e-m,0.938,%,1
OBS,2020,EU27+4,WEEE_generatedDedicated,WEEE_Cat4b,shadowComponentWEEE,ironWroughtAndCast,Mo,e-m,0.0075,%,1
OBS,2020,EU27+4,WEEE_generatedDedicated,WEEE_Cat4b,shadowComponentWEEE,ironWroughtAndCast,Sm,e-m,0.022,%,1
OBS,2020,EU27+4,WEEE_generatedDedicated,WEEE_Cat4b,shadowComponentWEEE,ironWroughtAndCast,n/a,m-c,0.027,%,1
OBS,2020,EU27+4,WEEE_generatedDedicated,WEEE_Cat4b,shadowComponentWEEE,n/a,n/a,c-p,0.001,%,1
OBS,2020,EU27+4,WEEE_generatedDedicated,WEEE_Cat4b,shadowComponentWEEE,oil4,Ag,e-m,0.00329,%,1
OBS,2020,EU27+4,WEEE_generatedDedicated,WEEE_Cat4b,shadowComponentWEEE,oil4,n/a,m-c,0.00293,%,1
OBS,2020,EU27+4,WEEE_generatedDedicated,WEEE_Cat4b,shadowComponentWEEE,otherMetalsAndMetalAlloys,Ag,e-m,0.0011,%,1
OBS,2020,EU27+4,WEEE_generatedDedicated,WEEE_Cat4b,shadowComponentWEEE,otherMetalsAndMetalAlloys,Al,e-m,0.517,%,1
OBS,2020,EU27+4,WEEE_generatedDedicated,WEEE_Cat4b,shadowComponentWEEE,otherMetalsAndMetalAlloys,As,e-m,0.00413,%,1
OBS,2020,EU27+4,WEEE_generatedDedicated,WEEE_Cat4b,shadowComponentWEEE,otherMetalsAndMetalAlloys,Bi,e-m,0.000000741,%,1
OBS,2020,EU27+4,WEEE_generatedDedicated,WEEE_Cat4b,shadowComponentWEEE,otherMetalsAndMetalAlloys,Ca,e-m,0.000111,%,1
OBS,2020,EU27+4,WEEE_generatedDedicated,WEEE_Cat4b,shadowComponentWEEE,otherMetalsAndMetalAlloys,Cl,e-m,0.000222,%,1
OBS,2020,EU27+4,WEEE_generatedDedicated,WEEE_Cat4b,shadowComponentWEEE,otherMetalsAndMetalAlloys,Dy,e-m,0.0576,%,1
OBS,2020,EU27+4,WEEE_generatedDedicated,WEEE_Cat4b,shadowComponentWEEE,otherMetalsAndMetalAlloys,Ga,e-m,0.000007,%,1
OBS,2020,EU27+4,WEEE_generatedDedicated,WEEE_Cat4b,shadowComponentWEEE,otherMetalsAndMetalAlloys,Mn,e-m,0.0336,%,1
OBS,2020,EU27+4,WEEE_generatedDedicated,WEEE_Cat4b,shadowComponentWEEE,otherMetalsAndMetalAlloys,Mo,e-m,0.00011,%,1
OBS,2020,EU27+4,WEEE_generatedDedicated,WEEE_Cat4b,shadowComponentWEEE,otherMetalsAndMetalAlloys,O,e-m,0.11,%,1
OBS,2020,EU27+4,WEEE_generatedDedicated,WEEE_Cat4b,shadowComponentWEEE,otherMetalsAndMetalAlloys,Sm,e-m,0.0000175,%,1
OBS,2020,EU27+4,WEEE_generatedDedicated,WEEE_Cat4b,shadowComponentWEEE,otherMetalsAndMetalAlloys,Zr,e-m,0.000315,%,1
OBS,2020,EU27+4,WEEE_generatedDedicated,WEEE_Cat4b,shadowComponentWEEE,otherMetalsAndMetalAlloys,n/a,m-c,0.000675,%,1
OBS,2020,EU27+4,WEEE_generatedDedicated,WEEE_Cat4b,shadowComponentWEEE,otherOrUndefinedMaterials,Ag,e-m,0.000548,%,1
OBS,2020,EU27+4,WEEE_generatedDedicated,WEEE_Cat4b,shadowComponentWEEE,otherOrUndefinedMaterials,n/a,m-c,0.000488,%,1
OBS,2020,EU27+4,WEEE_generatedDedicated,WEEE_Cat4b,shadowComponentWEEE,otherOrganics,Ag,e-m,0.011,%,1
OBS,2020,EU27+4,WEEE_generatedDedicated,WEEE_Cat4b,shadowComponentWEEE,otherOrganics,n/a,m-c,0.00905,%,1
OBS,2020,EU27+4,WEEE_generatedDedicated,WEEE_Cat4b,shadowComponentWEEE,plasticComposites,Ag,e-m,0.0034,%,1
OBS,2020,EU27+4,WEEE_generatedDedicated,WEEE_Cat4b,shadowComponentWEEE,plasticComposites,n/a,m-c,0.00311,%,1
OBS,2020,EU27+4,WEEE_generatedDedicated,WEEE_Cat4b,shadowComponentWEEE,plastics,Ag,e-m,0.0179,%,1
OBS,2020,EU27+4,WEEE_generatedDedicated,WEEE_Cat4b,shadowComponentWEEE,plastics,n/a,m-c,0.011,%,1
OBS,2020,EU27+4,WEEE_generatedDedicated,WEEE_Cat4b,shadowComponentWEEE,reinforcedPlastics,Ag,e-m,0.00849,%,1
OBS,2020,EU27+4,WEEE_generatedDedicated,WEEE_Cat4b,shadowComponentWEEE,reinforcedPlastics,n/a,m-c,0.00551,%,1
OBS,2020,EU27+4,WEEE_generatedDedicated,WEEE_Cat4b,shadowComponentWEEE,sand,Ag,e-m,0.0103,%,1
OBS,2020,EU27+4,WEEE_generatedDedicated,WEEE_Cat4b,shadowComponentWEEE,sand,Pd,e-m,0.265,%,1
OBS,2020,EU27+4,WEEE_generatedDedicated,WEEE_Cat4b,shadowComponentWEEE,sand,Sc,e-m,0.00196,%,1
OBS,2020,EU27+4,WEEE_generatedDedicated,WEEE_Cat4b,shadowComponentWEEE,sand,Zr,e-m,0.000708,%,1
OBS,2020,EU27+4,WEEE_generatedDedicated,WEEE_Cat4b,shadowComponentWEEE,sand,n/a,m-c,0.00665,%,1
OBS,2020,EU27+4,WEEE_generatedDedicated,WEEE_Cat4b,shadowComponentWEEE,steelAndSteelAlloys,Ag,e-m,0.0952,%,1
OBS,2020,EU27+4,WEEE_generatedDedicated,WEEE_Cat4b,shadowComponentWEEE,steelAndSteelAlloys,Cu,e-m,0.09,%,1
OBS,2020,EU27+4,WEEE_generatedDedicated,WEEE_Cat4b,shadowComponentWEEE,steelAndSteelAlloys,Ga,e-m,0.725,%,1
OBS,2020,EU27+4,WEEE_generatedDedicated,WEEE_Cat4b,shadowComponentWEEE,steelAndSteelAlloys,Mo,e-m,0.01,%,1
OBS,2020,EU27+4,WEEE_generatedDedicated,WEEE_Cat4b,shadowComponentWEEE,steelAndSteelAlloys,O,e-m,0.04,%,1
OBS,2020,EU27+4,WEEE_generatedDedicated,WEEE_Cat4b,shadowComponentWEEE,steelAndSteelAlloys,Sm,e-m,0.003,%,1
OBS,2020,EU27+4,WEEE_generatedDedicated,WEEE_Cat4b,shadowComponentWEEE,steelAndSteelAlloys,n/a,m-c,0.0735,%,1
OBS,2020,EU27+4,WEEE_generatedDedicated,WEEE_Cat4b,solenoidValve,n/a,n/a,c-p,0.0016,%,1
OBS,2020,EU27+4,WEEE_generatedDedicated,WEEE_Cat4b,speakerEEE2,AlAndAlAlloys,Ag,e-m,0.0405,%,2
OBS,2020,EU27+4,WEEE_generatedDedicated,WEEE_Cat4b,speakerEEE2,AlAndAlAlloys,As,e-m,0.97,%,2
OBS,2020,EU27+4,WEEE_generatedDedicated,WEEE_Cat4b,speakerEEE2,AlAndAlAlloys,Cu,e-m,0.002,%,2
OBS,2020,EU27+4,WEEE_generatedDedicated,WEEE_Cat4b,speakerEEE2,AlAndAlAlloys,Ga,e-m,0.001,%,2
OBS,2020,EU27+4,WEEE_generatedDedicated,WEEE_Cat4b,speakerEEE2,AlAndAlAlloys,Mn,e-m,0.0248,%,2
OBS,2020,EU27+4,WEEE_generatedDedicated,WEEE_Cat4b,speakerEEE2,AlAndAlAlloys,Mo,e-m,0.002,%,2
OBS,2020,EU27+4,WEEE_generatedDedicated,WEEE_Cat4b,speakerEEE2,AlAndAlAlloys,Sm,e-m,0.0003,%,2
OBS,2020,EU27+4,WEEE_generatedDedicated,WEEE_Cat4b,speakerEEE2,AlAndAlAlloys,n/a,m-c,0.0437,%,2
OBS,2020,EU27+4,WEEE_generatedDedicated,WEEE_Cat4b,speakerEEE2,CuAndCuAlloys,Ag,e-m,0.00833,%,2
OBS,2020,EU27+4,WEEE_generatedDedicated,WEEE_Cat4b,speakerEEE2,CuAndCuAlloys,Dy,e-m,0.75,%,2
OBS,2020,EU27+4,WEEE_generatedDedicated,WEEE_Cat4b,speakerEEE2,CuAndCuAlloys,Zr,e-m,0.25,%,2
OBS,2020,EU27+4,WEEE_generatedDedicated,WEEE_Cat4b,speakerEEE2,CuAndCuAlloys,n/a,m-c,0.00898,%,2
OBS,2020,EU27+4,WEEE_generatedDedicated,WEEE_Cat4b,speakerEEE2,ferrousMetals,Ag,e-m,0.0347,%,2
OBS,2020,EU27+4,WEEE_generatedDedicated,WEEE_Cat4b,speakerEEE2,ferrousMetals,Cu,e-m,0.18,%,2
OBS,2020,EU27+4,WEEE_generatedDedicated,WEEE_Cat4b,speakerEEE2,ferrousMetals,Ga,e-m,0.725,%,2
OBS,2020,EU27+4,WEEE_generatedDedicated,WEEE_Cat4b,speakerEEE2,ferrousMetals,Mo,e-m,0.01,%,2
OBS,2020,EU27+4,WEEE_generatedDedicated,WEEE_Cat4b,speakerEEE2,ferrousMetals,O,e-m,0.08,%,2
OBS,2020,EU27+4,WEEE_generatedDedicated,WEEE_Cat4b,speakerEEE2,ferrousMetals,Sm,e-m,0.005,%,2
OBS,2020,EU27+4,WEEE_generatedDedicated,WEEE_Cat4b,speakerEEE2,ferrousMetals,n/a,m-c,0.0341,%,2
OBS,2020,EU27+4,WEEE_generatedDedicated,WEEE_Cat4b,speakerEEE2,n/a,n/a,c-p,0.000478,%,1
OBS,2020,EU27+4,WEEE_generatedDedicated,WEEE_Cat4b,speakerEEE2,otherMetalsAndMetalAlloys,Ag,e-m,0.0875,%,2
OBS,2020,EU27+4,WEEE_generatedDedicated,WEEE_Cat4b,speakerEEE2,otherMetalsAndMetalAlloys,Al,e-m,0.9,%,2
OBS,2020,EU27+4,WEEE_generatedDedicated,WEEE_Cat4b,speakerEEE2,otherMetalsAndMetalAlloys,Dy,e-m,0.1,%,2
OBS,2020,EU27+4,WEEE_generatedDedicated,WEEE_Cat4b,speakerEEE2,otherMetalsAndMetalAlloys,n/a,m-c,0.0583,%,2
OBS,2020,EU27+4,WEEE_generatedDedicated,WEEE_Cat4b,speakerEEE2,plastics,Ag,e-m,0.179,%,2
OBS,2020,EU27+4,WEEE_generatedDedicated,WEEE_Cat4b,speakerEEE2,plastics,n/a,m-c,0.179,%,2
OBS,2020,EU27+4,WEEE_generatedDedicated,WEEE_Cat4b,speakerEEE2,undefinedAndMixedMaterials,Ag,e-m,0.0127,%,2
OBS,2020,EU27+4,WEEE_generatedDedicated,WEEE_Cat4b,speakerEEE2,undefinedAndMixedMaterials,n/a,m-c,0.0127,%,2
OBS,2020,EU27+4,WEEE_generatedDedicated,WEEE_Cat4b,switch,n/a,n/a,c-p,0.0000955,%,1
OBS,2020,EU27+4,WEEE_generatedDedicated,WEEE_Cat4b,tonerCartridge,n/a,n/a,c-p,0.0266,%,1
OBS,2020,EU27+4,WEEE_generatedDedicated,WEEE_Cat4b,transformator,CuAndCuAlloys,Ag,e-m,0.422,%,2
OBS,2020,EU27+4,WEEE_generatedDedicated,WEEE_Cat4b,transformator,CuAndCuAlloys,Dy,e-m,0.75,%,2
OBS,2020,EU27+4,WEEE_generatedDedicated,WEEE_Cat4b,transformator,CuAndCuAlloys,Zr,e-m,0.25,%,2
OBS,2020,EU27+4,WEEE_generatedDedicated,WEEE_Cat4b,transformator,CuAndCuAlloys,n/a,m-c,0.5,%,2
OBS,2020,EU27+4,WEEE_generatedDedicated,WEEE_Cat4b,transformator,ferrousMetals,Ag,e-m,0.422,%,2
OBS,2020,EU27+4,WEEE_generatedDedicated,WEEE_Cat4b,transformator,ferrousMetals,Cu,e-m,0.18,%,2
OBS,2020,EU27+4,WEEE_generatedDedicated,WEEE_Cat4b,transformator,ferrousMetals,Ga,e-m,0.725,%,2
OBS,2020,EU27+4,WEEE_generatedDedicated,WEEE_Cat4b,transformator,ferrousMetals,Mo,e-m,0.01,%,2
OBS,2020,EU27+4,WEEE_generatedDedicated,WEEE_Cat4b,transformator,ferrousMetals,O,e-m,0.08,%,2
OBS,2020,EU27+4,WEEE_generatedDedicated,WEEE_Cat4b,transformator,ferrousMetals,Sm,e-m,0.005,%,2
OBS,2020,EU27+4,WEEE_generatedDedicated,WEEE_Cat4b,transformator,ferrousMetals,n/a,m-c,0.5,%,2
OBS,2020,EU27+4,WEEE_generatedDedicated,WEEE_Cat4b,transformator,n/a,n/a,c-p,0.00201,%,1
OBS,2020,EU27+4,WEEE_generatedDedicated,WEEE_Cat4b,transmission,AlAndAlAlloys,n/a,m-c,0.5,%,1
OBS,2020,EU27+4,WEEE_generatedDedicated,WEEE_Cat4b,transmission,ferrousMetals,Ag,e-m,0.714,%,1
OBS,2020,EU27+4,WEEE_generatedDedicated,WEEE_Cat4b,transmission,ferrousMetals,Cu,e-m,0.18,%,1
OBS,2020,EU27+4,WEEE_generatedDedicated,WEEE_Cat4b,transmission,ferrousMetals,Ga,e-m,0.725,%,1
OBS,2020,EU27+4,WEEE_generatedDedicated,WEEE_Cat4b,transmission,ferrousMetals,Mo,e-m,0.01,%,1
OBS,2020,EU27+4,WEEE_generatedDedicated,WEEE_Cat4b,transmission,ferrousMetals,O,e-m,0.08,%,1
OBS,2020,EU27+4,WEEE_generatedDedicated,WEEE_Cat4b,transmission,ferrousMetals,Sm,e-m,0.005,%,1
OBS,2020,EU27+4,WEEE_generatedDedicated,WEEE_Cat4b,transmission,ferrousMetals,n/a,m-c,0.444,%,1
OBS,2020,EU27+4,WEEE_generatedDedicated,WEEE_Cat4b,transmission,n/a,n/a,c-p,0.00692,%,1
OBS,2020,EU27+4,WEEE_generatedDedicated,WEEE_Cat4b,transmission,plastics,Ag,e-m,0.286,%,1
OBS,2020,EU27+4,WEEE_generatedDedicated,WEEE_Cat4b,transmission,plastics,n/a,m-c,0.0563,%,1
OBS,2020,EU27+4,WEEE_generatedDedicated,WEEE_Cat4b,transmitter,CuAndCuAlloys,Ag,e-m,0.0625,%,1
OBS,2020,EU27+4,WEEE_generatedDedicated,WEEE_Cat4b,transmitter,CuAndCuAlloys,Dy,e-m,0.75,%,1
OBS,2020,EU27+4,WEEE_generatedDedicated,WEEE_Cat4b,transmitter,CuAndCuAlloys,Zr,e-m,0.25,%,1
OBS,2020,EU27+4,WEEE_generatedDedicated,WEEE_Cat4b,transmitter,CuAndCuAlloys,n/a,m-c,0.0625,%,1
OBS,2020,EU27+4,WEEE_generatedDedicated,WEEE_Cat4b,transmitter,ferrousMetals,Ag,e-m,0.25,%,1
OBS,2020,EU27+4,WEEE_generatedDedicated,WEEE_Cat4b,transmitter,ferrousMetals,Ca,e-m,0.033,%,1
OBS,2020,EU27+4,WEEE_generatedDedicated,WEEE_Cat4b,transmitter,ferrousMetals,Ga,e-m,0.938,%,1
OBS,2020,EU27+4,WEEE_generatedDedicated,WEEE_Cat4b,transmitter,ferrousMetals,Mo,e-m,0.0075,%,1
OBS,2020,EU27+4,WEEE_generatedDedicated,WEEE_Cat4b,transmitter,ferrousMetals,Sm,e-m,0.022,%,1
OBS,2020,EU27+4,WEEE_generatedDedicated,WEEE_Cat4b,transmitter,ferrousMetals,n/a,m-c,0.25,%,1
OBS,2020,EU27+4,WEEE_generatedDedicated,WEEE_Cat4b,transmitter,n/a,n/a,c-p,0.000277,%,1
OBS,2020,EU27+4,WEEE_generatedDedicated,WEEE_Cat4b,transmitter,plastics,Ag,e-m,0.313,%,1
OBS,2020,EU27+4,WEEE_generatedDedicated,WEEE_Cat4b,transmitter,plastics,n/a,m-c,0.313,%,1
OBS,2020,EU27+4,WEEE_generatedDedicated,WEEE_Cat4b,wheel,ferrousMetals,Ag,e-m,0.287,%,1
OBS,2020,EU27+4,WEEE_generatedDedicated,WEEE_Cat4b,wheel,ferrousMetals,Cu,e-m,0.18,%,1
OBS,2020,EU27+4,WEEE_generatedDedicated,WEEE_Cat4b,wheel,ferrousMetals,Ga,e-m,0.725,%,1
OBS,2020,EU27+4,WEEE_generatedDedicated,WEEE_Cat4b,wheel,ferrousMetals,Mo,e-m,0.01,%,1
OBS,2020,EU27+4,WEEE_generatedDedicated,WEEE_Cat4b,wheel,ferrousMetals,O,e-m,0.08,%,1
OBS,2020,EU27+4,WEEE_generatedDedicated,WEEE_Cat4b,wheel,ferrousMetals,Sm,e-m,0.005,%,1
OBS,2020,EU27+4,WEEE_generatedDedicated,WEEE_Cat4b,wheel,ferrousMetals,n/a,m-c,0.126,%,1
OBS,2020,EU27+4,WEEE_generatedDedicated,WEEE_Cat4b,wheel,n/a,n/a,c-p,0.00919,%,1
OBS,2020,EU27+4,WEEE_generatedDedicated,WEEE_Cat4b,wheel,plastics,Ag,e-m,0.278,%,1
OBS,2020,EU27+4,WEEE_generatedDedicated,WEEE_Cat4b,wheel,plastics,n/a,m-c,0.151,%,1
OBS,2020,EU27+4,WEEE_generatedDedicated,WEEE_Cat4b,wheel,polymerPA6GF30,Ag,e-m,0.546,%,1
OBS,2020,EU27+4,WEEE_generatedDedicated,WEEE_Cat4b,wheel,polymerPA6GF30,n/a,m-c,0.298,%,1
OBS,2020,EU27+4,WEEE_generatedDedicated,WEEE_Cat4b,wheel,polymerPPTF20,Ag,e-m,0.546,%,1
OBS,2020,EU27+4,WEEE_generatedDedicated,WEEE_Cat4b,wheel,polymerPPTF20,n/a,m-c,0.298,%,1
OBS,2020,EU27+4,WEEE_generatedDedicated,WEEE_Cat4b,wheel,polymerPPTF30,Ag,e-m,0.177,%,1
OBS,2020,EU27+4,WEEE_generatedDedicated,WEEE_Cat4b,wheel,polymerPPTF30,n/a,m-c,0.0963,%,1
OBS,2020,EU27+4,WEEE_generatedDedicated,WEEE_Cat5,ComponentShadowWEEE,AlAndAlAlloys,Ag,e-m,0.000522,%,2
OBS,2020,EU27+4,WEEE_generatedDedicated,WEEE_Cat5,ComponentShadowWEEE,AlAndAlAlloys,As,e-m,0.97,%,2
OBS,2020,EU27+4,WEEE_generatedDedicated,WEEE_Cat5,ComponentShadowWEEE,AlAndAlAlloys,Cu,e-m,0.002,%,2
OBS,2020,EU27+4,WEEE_generatedDedicated,WEEE_Cat5,ComponentShadowWEEE,AlAndAlAlloys,Ga,e-m,0.001,%,2
OBS,2020,EU27+4,WEEE_generatedDedicated,WEEE_Cat5,ComponentShadowWEEE,AlAndAlAlloys,Mn,e-m,0.0248,%,2
OBS,2020,EU27+4,WEEE_generatedDedicated,WEEE_Cat5,ComponentShadowWEEE,AlAndAlAlloys,Mo,e-m,0.002,%,2
OBS,2020,EU27+4,WEEE_generatedDedicated,WEEE_Cat5,ComponentShadowWEEE,AlAndAlAlloys,Sm,e-m,0.0003,%,2
OBS,2020,EU27+4,WEEE_generatedDedicated,WEEE_Cat5,ComponentShadowWEEE,AlAndAlAlloys,n/a,m-c,0.000501,%,2
OBS,2020,EU27+4,WEEE_generatedDedicated,WEEE_Cat5,ComponentShadowWEEE,CuAndCuAlloys,Ag,e-m,0.000843,%,2
OBS,2020,EU27+4,WEEE_generatedDedicated,WEEE_Cat5,ComponentShadowWEEE,CuAndCuAlloys,Dy,e-m,0.75,%,2
OBS,2020,EU27+4,WEEE_generatedDedicated,WEEE_Cat5,ComponentShadowWEEE,CuAndCuAlloys,Zr,e-m,0.25,%,2
OBS,2020,EU27+4,WEEE_generatedDedicated,WEEE_Cat5,ComponentShadowWEEE,CuAndCuAlloys,n/a,m-c,0.000444,%,2
OBS,2020,EU27+4,WEEE_generatedDedicated,WEEE_Cat5,ComponentShadowWEEE,MaterialShadowWEEE,n/a,m-c,0.5,%,2
OBS,2020,EU27+4,WEEE_generatedDedicated,WEEE_Cat5,ComponentShadowWEEE,aggregateBinderMixedMaterials,Ag,e-m,0.00743,%,1
OBS,2020,EU27+4,WEEE_generatedDedicated,WEEE_Cat5,ComponentShadowWEEE,aggregateBinderMixedMaterials,n/a,m-c,0.00549,%,1
OBS,2020,EU27+4,WEEE_generatedDedicated,WEEE_Cat5,ComponentShadowWEEE,ferrousMetals,Ag,e-m,0.0087,%,1
OBS,2020,EU27+4,WEEE_generatedDedicated,WEEE_Cat5,ComponentShadowWEEE,ferrousMetals,Ca,e-m,0.0000373,%,1
OBS,2020,EU27+4,WEEE_generatedDedicated,WEEE_Cat5,ComponentShadowWEEE,ferrousMetals,Cu,e-m,0.0171,%,1
OBS,2020,EU27+4,WEEE_generatedDedicated,WEEE_Cat5,ComponentShadowWEEE,ferrousMetals,Ga,e-m,0.725,%,1
OBS,2020,EU27+4,WEEE_generatedDedicated,WEEE_Cat5,ComponentShadowWEEE,ferrousMetals,Mo,e-m,0.0075,%,1
OBS,2020,EU27+4,WEEE_generatedDedicated,WEEE_Cat5,ComponentShadowWEEE,ferrousMetals,O,e-m,0.00762,%,1
OBS,2020,EU27+4,WEEE_generatedDedicated,WEEE_Cat5,ComponentShadowWEEE,ferrousMetals,Sm,e-m,0.005,%,1
OBS,2020,EU27+4,WEEE_generatedDedicated,WEEE_Cat5,ComponentShadowWEEE,ferrousMetals,n/a,m-c,0.00171,%,1
OBS,2020,EU27+4,WEEE_generatedDedicated,WEEE_Cat5,ComponentShadowWEEE,glass,Ag,e-m,0.00692,%,2
OBS,2020,EU27+4,WEEE_generatedDedicated,WEEE_Cat5,ComponentShadowWEEE,glass,Pd,e-m,0.265,%,2
OBS,2020,EU27+4,WEEE_generatedDedicated,WEEE_Cat5,ComponentShadowWEEE,glass,Sc,e-m,0.00196,%,2
OBS,2020,EU27+4,WEEE_generatedDedicated,WEEE_Cat5,ComponentShadowWEEE,glass,Zr,e-m,0.000708,%,2
OBS,2020,EU27+4,WEEE_generatedDedicated,WEEE_Cat5,ComponentShadowWEEE,glass,n/a,m-c,0.00702,%,2
OBS,2020,EU27+4,WEEE_generatedDedicated,WEEE_Cat5,ComponentShadowWEEE,glassAndCeramics,Ag,e-m,0.00761,%,1
OBS,2020,EU27+4,WEEE_generatedDedicated,WEEE_Cat5,ComponentShadowWEEE,glassAndCeramics,Pd,e-m,0.265,%,1
OBS,2020,EU27+4,WEEE_generatedDedicated,WEEE_Cat5,ComponentShadowWEEE,glassAndCeramics,Sc,e-m,0.00196,%,1
OBS,2020,EU27+4,WEEE_generatedDedicated,WEEE_Cat5,ComponentShadowWEEE,glassAndCeramics,Zr,e-m,0.000708,%,1
OBS,2020,EU27+4,WEEE_generatedDedicated,WEEE_Cat5,ComponentShadowWEEE,glassAndCeramics,n/a,m-c,0.000941,%,1
OBS,2020,EU27+4,WEEE_generatedDedicated,WEEE_Cat5,ComponentShadowWEEE,n/a,Ag,e-m,0.6,%,2
OBS,2020,EU27+4,WEEE_generatedDedicated,WEEE_Cat5,ComponentShadowWEEE,n/a,n/a,c-p,0.148,%,1
OBS,2020,EU27+4,WEEE_generatedDedicated,WEEE_Cat5,ComponentShadowWEEE,n/a,n/a,m-c,0.25,%,2
OBS,2020,EU27+4,WEEE_generatedDedicated,WEEE_Cat5,ComponentShadowWEEE,non-ferrousMetals,Ag,e-m,0.00141,%,1
OBS,2020,EU27+4,WEEE_generatedDedicated,WEEE_Cat5,ComponentShadowWEEE,non-ferrousMetals,Al,e-m,0.00724,%,1
OBS,2020,EU27+4,WEEE_generatedDedicated,WEEE_Cat5,ComponentShadowWEEE,non-ferrousMetals,As,e-m,0.0285,%,1
OBS,2020,EU27+4,WEEE_generatedDedicated,WEEE_Cat5,ComponentShadowWEEE,non-ferrousMetals,Ca,e-m,0.0000227,%,1
OBS,2020,EU27+4,WEEE_generatedDedicated,WEEE_Cat5,ComponentShadowWEEE,non-ferrousMetals,Cl,e-m,0.0000455,%,1
OBS,2020,EU27+4,WEEE_generatedDedicated,WEEE_Cat5,ComponentShadowWEEE,non-ferrousMetals,Cu,e-m,0.0000588,%,1
OBS,2020,EU27+4,WEEE_generatedDedicated,WEEE_Cat5,ComponentShadowWEEE,non-ferrousMetals,Dy,e-m,0.0005,%,1
OBS,2020,EU27+4,WEEE_generatedDedicated,WEEE_Cat5,ComponentShadowWEEE,non-ferrousMetals,Ga,e-m,0.0000294,%,1
OBS,2020,EU27+4,WEEE_generatedDedicated,WEEE_Cat5,ComponentShadowWEEE,non-ferrousMetals,Mn,e-m,0.000729,%,1
OBS,2020,EU27+4,WEEE_generatedDedicated,WEEE_Cat5,ComponentShadowWEEE,non-ferrousMetals,Mo,e-m,0.0000588,%,1
OBS,2020,EU27+4,WEEE_generatedDedicated,WEEE_Cat5,ComponentShadowWEEE,non-ferrousMetals,O,e-m,0.0225,%,1
OBS,2020,EU27+4,WEEE_generatedDedicated,WEEE_Cat5,ComponentShadowWEEE,non-ferrousMetals,Pd,e-m,0.00893,%,1
OBS,2020,EU27+4,WEEE_generatedDedicated,WEEE_Cat5,ComponentShadowWEEE,non-ferrousMetals,Sm,e-m,0.00000882,%,1
OBS,2020,EU27+4,WEEE_generatedDedicated,WEEE_Cat5,ComponentShadowWEEE,non-ferrousMetals,Sr,e-m,0.00171,%,1
OBS,2020,EU27+4,WEEE_generatedDedicated,WEEE_Cat5,ComponentShadowWEEE,non-ferrousMetals,Zr,e-m,0.00299,%,1
OBS,2020,EU27+4,WEEE_generatedDedicated,WEEE_Cat5,ComponentShadowWEEE,non-ferrousMetals,n/a,m-c,0.00203,%,1
OBS,2020,EU27+4,WEEE_generatedDedicated,WEEE_Cat5,ComponentShadowWEEE,otherMetalsAndMetalAlloys,Ag,e-m,0.000479,%,2
OBS,2020,EU27+4,WEEE_generatedDedicated,WEEE_Cat5,ComponentShadowWEEE,otherMetalsAndMetalAlloys,Al,e-m,0.9,%,2
OBS,2020,EU27+4,WEEE_generatedDedicated,WEEE_Cat5,ComponentShadowWEEE,otherMetalsAndMetalAlloys,Dy,e-m,0.1,%,2
OBS,2020,EU27+4,WEEE_generatedDedicated,WEEE_Cat5,ComponentShadowWEEE,otherMetalsAndMetalAlloys,n/a,m-c,0.000459,%,2
OBS,2020,EU27+4,WEEE_generatedDedicated,WEEE_Cat5,ComponentShadowWEEE,otherMinerals,Ag,e-m,0.00387,%,1
OBS,2020,EU27+4,WEEE_generatedDedicated,WEEE_Cat5,ComponentShadowWEEE,otherMinerals,Pd,e-m,0.265,%,1
OBS,2020,EU27+4,WEEE_generatedDedicated,WEEE_Cat5,ComponentShadowWEEE,otherMinerals,Sc,e-m,0.00196,%,1
OBS,2020,EU27+4,WEEE_generatedDedicated,WEEE_Cat5,ComponentShadowWEEE,otherMinerals,Zr,e-m,0.000708,%,1
OBS,2020,EU27+4,WEEE_generatedDedicated,WEEE_Cat5,ComponentShadowWEEE,otherMinerals,n/a,m-c,0.00367,%,1
OBS,2020,EU27+4,WEEE_generatedDedicated,WEEE_Cat5,ComponentShadowWEEE,otherOrUndefinedMaterials,Ag,e-m,0.0012,%,1
OBS,2020,EU27+4,WEEE_generatedDedicated,WEEE_Cat5,ComponentShadowWEEE,otherOrUndefinedMaterials,n/a,m-c,0.00101,%,1
OBS,2020,EU27+4,WEEE_generatedDedicated,WEEE_Cat5,ComponentShadowWEEE,otherOrganics,Ag,e-m,0.00116,%,1
OBS,2020,EU27+4,WEEE_generatedDedicated,WEEE_Cat5,ComponentShadowWEEE,otherOrganics,n/a,m-c,0.000464,%,1
OBS,2020,EU27+4,WEEE_generatedDedicated,WEEE_Cat5,ComponentShadowWEEE,plastics,Ag,e-m,0.00343,%,1
OBS,2020,EU27+4,WEEE_generatedDedicated,WEEE_Cat5,ComponentShadowWEEE,plastics,n/a,m-c,0.00343,%,1
OBS,2020,EU27+4,WEEE_generatedDedicated,WEEE_Cat5,ComponentShadowWEEE,undefinedAndMixedMaterials,Ag,e-m,0.00037,%,1
OBS,2020,EU27+4,WEEE_generatedDedicated,WEEE_Cat5,ComponentShadowWEEE,undefinedAndMixedMaterials,n/a,m-c,0.00037,%,1
OBS,2020,EU27+4,WEEE_generatedDedicated,WEEE_Cat5,ComponentShadowWEEE,wood,Ag,e-m,0.00648,%,1
OBS,2020,EU27+4,WEEE_generatedDedicated,WEEE_Cat5,ComponentShadowWEEE,wood,n/a,m-c,0.00603,%,1
OBS,2020,EU27+4,WEEE_generatedDedicated,WEEE_Cat5,ConductivitySensor,CuAndCuAlloys,n/a,m-c,0.087,%,1
OBS,2020,EU27+4,WEEE_generatedDedicated,WEEE_Cat5,ConductivitySensor,ferrousMetals,n/a,m-c,0.913,%,1
OBS,2020,EU27+4,WEEE_generatedDedicated,WEEE_Cat5,ConductivitySensor,n/a,n/a,c-p,0.000785,%,1
OBS,2020,EU27+4,WEEE_generatedDedicated,WEEE_Cat5,LED,n/a,n/a,c-p,0.0000513,%,1
OBS,2020,EU27+4,WEEE_generatedDedicated,WEEE_Cat5,LidarSensor (&lt;15cm),AlAndAlAlloys,Ag,e-m,0.00541,%,1
OBS,2020,EU27+4,WEEE_generatedDedicated,WEEE_Cat5,LidarSensor (&lt;15cm),AlAndAlAlloys,As,e-m,0.97,%,1
OBS,2020,EU27+4,WEEE_generatedDedicated,WEEE_Cat5,LidarSensor (&lt;15cm),AlAndAlAlloys,Cu,e-m,0.002,%,1
OBS,2020,EU27+4,WEEE_generatedDedicated,WEEE_Cat5,LidarSensor (&lt;15cm),AlAndAlAlloys,Ga,e-m,0.001,%,1
OBS,2020,EU27+4,WEEE_generatedDedicated,WEEE_Cat5,LidarSensor (&lt;15cm),AlAndAlAlloys,Mn,e-m,0.0248,%,1
OBS,2020,EU27+4,WEEE_generatedDedicated,WEEE_Cat5,LidarSensor (&lt;15cm),AlAndAlAlloys,Mo,e-m,0.002,%,1
OBS,2020,EU27+4,WEEE_generatedDedicated,WEEE_Cat5,LidarSensor (&lt;15cm),AlAndAlAlloys,Sm,e-m,0.0003,%,1
OBS,2020,EU27+4,WEEE_generatedDedicated,WEEE_Cat5,LidarSensor (&lt;15cm),AlAndAlAlloys,n/a,m-c,0.00576,%,1
OBS,2020,EU27+4,WEEE_generatedDedicated,WEEE_Cat5,LidarSensor (&lt;15cm),CuAndCuAlloys,Ag,e-m,0.0459,%,1
OBS,2020,EU27+4,WEEE_generatedDedicated,WEEE_Cat5,LidarSensor (&lt;15cm),CuAndCuAlloys,Dy,e-m,0.75,%,1
OBS,2020,EU27+4,WEEE_generatedDedicated,WEEE_Cat5,LidarSensor (&lt;15cm),CuAndCuAlloys,Zr,e-m,0.25,%,1
OBS,2020,EU27+4,WEEE_generatedDedicated,WEEE_Cat5,LidarSensor (&lt;15cm),CuAndCuAlloys,n/a,m-c,0.0489,%,1
OBS,2020,EU27+4,WEEE_generatedDedicated,WEEE_Cat5,LidarSensor (&lt;15cm),ferrousMetals,Ag,e-m,0.296,%,1
OBS,2020,EU27+4,WEEE_generatedDedicated,WEEE_Cat5,LidarSensor (&lt;15cm),ferrousMetals,Ca,e-m,0.0159,%,1
OBS,2020,EU27+4,WEEE_generatedDedicated,WEEE_Cat5,LidarSensor (&lt;15cm),ferrousMetals,Cu,e-m,0.0933,%,1
OBS,2020,EU27+4,WEEE_generatedDedicated,WEEE_Cat5,LidarSensor (&lt;15cm),ferrousMetals,Ga,e-m,0.827,%,1
OBS,2020,EU27+4,WEEE_generatedDedicated,WEEE_Cat5,LidarSensor (&lt;15cm),ferrousMetals,Mo,e-m,0.0088,%,1
OBS,2020,EU27+4,WEEE_generatedDedicated,WEEE_Cat5,LidarSensor (&lt;15cm),ferrousMetals,O,e-m,0.0415,%,1
OBS,2020,EU27+4,WEEE_generatedDedicated,WEEE_Cat5,LidarSensor (&lt;15cm),ferrousMetals,Sm,e-m,0.0132,%,1
OBS,2020,EU27+4,WEEE_generatedDedicated,WEEE_Cat5,LidarSensor (&lt;15cm),ferrousMetals,n/a,m-c,0.315,%,1
OBS,2020,EU27+4,WEEE_generatedDedicated,WEEE_Cat5,LidarSensor (&lt;15cm),glass,Ag,e-m,0.0108,%,1
OBS,2020,EU27+4,WEEE_generatedDedicated,WEEE_Cat5,LidarSensor (&lt;15cm),glass,Pd,e-m,0.265,%,1
OBS,2020,EU27+4,WEEE_generatedDedicated,WEEE_Cat5,LidarSensor (&lt;15cm),glass,Sc,e-m,0.00196,%,1
OBS,2020,EU27+4,WEEE_generatedDedicated,WEEE_Cat5,LidarSensor (&lt;15cm),glass,Zr,e-m,0.000708,%,1
OBS,2020,EU27+4,WEEE_generatedDedicated,WEEE_Cat5,LidarSensor (&lt;15cm),glass,n/a,m-c,0.0115,%,1
OBS,2020,EU27+4,WEEE_generatedDedicated,WEEE_Cat5,LidarSensor (&lt;15cm),n/a,n/a,c-p,0.265,%,1
OBS,2020,EU27+4,WEEE_generatedDedicated,WEEE_Cat5,LidarSensor (&lt;15cm),plastics,Ag,e-m,0.493,%,1
OBS,2020,EU27+4,WEEE_generatedDedicated,WEEE_Cat5,LidarSensor (&lt;15cm),plastics,n/a,m-c,0.525,%,1
OBS,2020,EU27+4,WEEE_generatedDedicated,WEEE_Cat5,MagnetSensor,CuAndCuAlloys,Ag,e-m,0.109,%,1
OBS,2020,EU27+4,WEEE_generatedDedicated,WEEE_Cat5,MagnetSensor,CuAndCuAlloys,Dy,e-m,0.75,%,1
OBS,2020,EU27+4,WEEE_generatedDedicated,WEEE_Cat5,MagnetSensor,CuAndCuAlloys,Zr,e-m,0.25,%,1
OBS,2020,EU27+4,WEEE_generatedDedicated,WEEE_Cat5,MagnetSensor,CuAndCuAlloys,n/a,m-c,0.0595,%,1
OBS,2020,EU27+4,WEEE_generatedDedicated,WEEE_Cat5,MagnetSensor,ferrousMetals,Ag,e-m,0.688,%,1
OBS,2020,EU27+4,WEEE_generatedDedicated,WEEE_Cat5,MagnetSensor,ferrousMetals,Ca,e-m,0.033,%,1
OBS,2020,EU27+4,WEEE_generatedDedicated,WEEE_Cat5,MagnetSensor,ferrousMetals,Ga,e-m,0.938,%,1
OBS,2020,EU27+4,WEEE_generatedDedicated,WEEE_Cat5,MagnetSensor,ferrousMetals,Mo,e-m,0.0075,%,1
OBS,2020,EU27+4,WEEE_generatedDedicated,WEEE_Cat5,MagnetSensor,ferrousMetals,Sm,e-m,0.022,%,1
OBS,2020,EU27+4,WEEE_generatedDedicated,WEEE_Cat5,MagnetSensor,ferrousMetals,n/a,m-c,0.376,%,1
OBS,2020,EU27+4,WEEE_generatedDedicated,WEEE_Cat5,MagnetSensor,n/a,n/a,c-p,0.000551,%,1
OBS,2020,EU27+4,WEEE_generatedDedicated,WEEE_Cat5,MagnetSensor,plastics,Ag,e-m,0.125,%,1
OBS,2020,EU27+4,WEEE_generatedDedicated,WEEE_Cat5,MagnetSensor,plastics,n/a,m-c,0.0683,%,1
OBS,2020,EU27+4,WEEE_generatedDedicated,WEEE_Cat5,PCBWEEECat,n/a,n/a,c-p,0.0008,%,1
OBS,2020,EU27+4,WEEE_generatedDedicated,WEEE_Cat5,PCBWEEECat,otherOrUndefinedMaterials,Ag,e-m,1,%,1
OBS,2020,EU27+4,WEEE_generatedDedicated,WEEE_Cat5,PCBWEEECat,otherOrUndefinedMaterials,n/a,m-c,1,%,1
OBS,2020,EU27+4,WEEE_generatedDedicated,WEEE_Cat5,PCBunspecified,ferrousMetals,Ag,e-m,1,%,2
OBS,2020,EU27+4,WEEE_generatedDedicated,WEEE_Cat5,PCBunspecified,ferrousMetals,Cu,e-m,0.18,%,2
OBS,2020,EU27+4,WEEE_generatedDedicated,WEEE_Cat5,PCBunspecified,ferrousMetals,Ga,e-m,0.725,%,2
OBS,2020,EU27+4,WEEE_generatedDedicated,WEEE_Cat5,PCBunspecified,ferrousMetals,Mo,e-m,0.01,%,2
OBS,2020,EU27+4,WEEE_generatedDedicated,WEEE_Cat5,PCBunspecified,ferrousMetals,O,e-m,0.08,%,2
OBS,2020,EU27+4,WEEE_generatedDedicated,WEEE_Cat5,PCBunspecified,ferrousMetals,Sm,e-m,0.005,%,2
OBS,2020,EU27+4,WEEE_generatedDedicated,WEEE_Cat5,PCBunspecified,ferrousMetals,n/a,m-c,1,%,2
OBS,2020,EU27+4,WEEE_generatedDedicated,WEEE_Cat5,PCBunspecified,n/a,n/a,c-p,0.00499,%,2
OBS,2020,EU27+4,WEEE_generatedDedicated,WEEE_Cat5,PVBacksheet,n/a,n/a,c-p,0.0065,%,1
OBS,2020,EU27+4,WEEE_generatedDedicated,WEEE_Cat5,PVBacksheet,plasticComposites,Ag,e-m,1,%,1
OBS,2020,EU27+4,WEEE_generatedDedicated,WEEE_Cat5,PVBacksheet,plasticComposites,n/a,m-c,0.5,%,1
OBS,2020,EU27+4,WEEE_generatedDedicated,WEEE_Cat5,PVBacksheet,plastics,Ag,e-m,1,%,1
OBS,2020,EU27+4,WEEE_generatedDedicated,WEEE_Cat5,PVBacksheet,plastics,n/a,m-c,0.5,%,1
OBS,2020,EU27+4,WEEE_generatedDedicated,WEEE_Cat5,PVEncapsulationEVA,n/a,n/a,c-p,0.0711,%,1
OBS,2020,EU27+4,WEEE_generatedDedicated,WEEE_Cat5,PVEncapsulationEVA,plastics,Ag,e-m,1,%,1
OBS,2020,EU27+4,WEEE_generatedDedicated,WEEE_Cat5,PVEncapsulationEVA,plastics,n/a,m-c,1,%,1
OBS,2020,EU27+4,WEEE_generatedDedicated,WEEE_Cat5,PVFrameAl,CuAndCuAlloys,Ag,e-m,1,%,1
OBS,2020,EU27+4,WEEE_generatedDedicated,WEEE_Cat5,PVFrameAl,CuAndCuAlloys,As,e-m,0.97,%,1
OBS,2020,EU27+4,WEEE_generatedDedicated,WEEE_Cat5,PVFrameAl,CuAndCuAlloys,Cu,e-m,0.002,%,1
OBS,2020,EU27+4,WEEE_generatedDedicated,WEEE_Cat5,PVFrameAl,CuAndCuAlloys,Ga,e-m,0.001,%,1
OBS,2020,EU27+4,WEEE_generatedDedicated,WEEE_Cat5,PVFrameAl,CuAndCuAlloys,Mn,e-m,0.0248,%,1
OBS,2020,EU27+4,WEEE_generatedDedicated,WEEE_Cat5,PVFrameAl,CuAndCuAlloys,Mo,e-m,0.002,%,1
OBS,2020,EU27+4,WEEE_generatedDedicated,WEEE_Cat5,PVFrameAl,CuAndCuAlloys,Sm,e-m,0.0003,%,1
OBS,2020,EU27+4,WEEE_generatedDedicated,WEEE_Cat5,PVFrameAl,CuAndCuAlloys,n/a,m-c,1,%,1
OBS,2020,EU27+4,WEEE_generatedDedicated,WEEE_Cat5,PVFrameAl,n/a,n/a,c-p,0.122,%,1
OBS,2020,EU27+4,WEEE_generatedDedicated,WEEE_Cat5,PVSolarGlass,glass,Ag,e-m,1,%,1
OBS,2020,EU27+4,WEEE_generatedDedicated,WEEE_Cat5,PVSolarGlass,glass,Pd,e-m,0.265,%,1
OBS,2020,EU27+4,WEEE_generatedDedicated,WEEE_Cat5,PVSolarGlass,glass,Sc,e-m,0.00196,%,1
OBS,2020,EU27+4,WEEE_generatedDedicated,WEEE_Cat5,PVSolarGlass,glass,Zr,e-m,0.000708,%,1
OBS,2020,EU27+4,WEEE_generatedDedicated,WEEE_Cat5,PVSolarGlass,glass,n/a,m-c,1,%,1
OBS,2020,EU27+4,WEEE_generatedDedicated,WEEE_Cat5,PVSolarGlass,n/a,n/a,c-p,0.698,%,1
OBS,2020,EU27+4,WEEE_generatedDedicated,WEEE_Cat5,PVcellSi,n/a,n/a,c-p,0.0332,%,1
OBS,2020,EU27+4,WEEE_generatedDedicated,WEEE_Cat5,PVcellSi,otherOrUndefinedMaterials,Ag,e-m,1,%,1
OBS,2020,EU27+4,WEEE_generatedDedicated,WEEE_Cat5,PVcellSi,otherOrUndefinedMaterials,n/a,m-c,1,%,1
OBS,2020,EU27+4,WEEE_generatedDedicated,WEEE_Cat5,WEEEEvaporator,CuAndCuAlloys,Ag,e-m,0.844,%,1
OBS,2020,EU27+4,WEEE_generatedDedicated,WEEE_Cat5,WEEEEvaporator,CuAndCuAlloys,Dy,e-m,0.75,%,1
OBS,2020,EU27+4,WEEE_generatedDedicated,WEEE_Cat5,WEEEEvaporator,CuAndCuAlloys,Zr,e-m,0.25,%,1
OBS,2020,EU27+4,WEEE_generatedDedicated,WEEE_Cat5,WEEEEvaporator,CuAndCuAlloys,n/a,m-c,0.844,%,1
OBS,2020,EU27+4,WEEE_generatedDedicated,WEEE_Cat5,WEEEEvaporator,n/a,n/a,c-p,0.324,%,1
OBS,2020,EU27+4,WEEE_generatedDedicated,WEEE_Cat5,WEEEEvaporator,steelAndSteelAlloys,Ag,e-m,0.156,%,1
OBS,2020,EU27+4,WEEE_generatedDedicated,WEEE_Cat5,WEEEEvaporator,steelAndSteelAlloys,Cu,e-m,0.18,%,1
OBS,2020,EU27+4,WEEE_generatedDedicated,WEEE_Cat5,WEEEEvaporator,steelAndSteelAlloys,Ga,e-m,0.725,%,1
OBS,2020,EU27+4,WEEE_generatedDedicated,WEEE_Cat5,WEEEEvaporator,steelAndSteelAlloys,Mo,e-m,0.01,%,1
OBS,2020,EU27+4,WEEE_generatedDedicated,WEEE_Cat5,WEEEEvaporator,steelAndSteelAlloys,O,e-m,0.08,%,1
OBS,2020,EU27+4,WEEE_generatedDedicated,WEEE_Cat5,WEEEEvaporator,steelAndSteelAlloys,Sm,e-m,0.005,%,1
OBS,2020,EU27+4,WEEE_generatedDedicated,WEEE_Cat5,WEEEEvaporator,steelAndSteelAlloys,n/a,m-c,0.156,%,1
OBS,2020,EU27+4,WEEE_generatedDedicated,WEEE_Cat5,brush,AlAndAlAlloys,Ag,e-m,0.0179,%,1
OBS,2020,EU27+4,WEEE_generatedDedicated,WEEE_Cat5,brush,AlAndAlAlloys,As,e-m,0.97,%,1
OBS,2020,EU27+4,WEEE_generatedDedicated,WEEE_Cat5,brush,AlAndAlAlloys,Cu,e-m,0.002,%,1
OBS,2020,EU27+4,WEEE_generatedDedicated,WEEE_Cat5,brush,AlAndAlAlloys,Ga,e-m,0.001,%,1
OBS,2020,EU27+4,WEEE_generatedDedicated,WEEE_Cat5,brush,AlAndAlAlloys,Mn,e-m,0.0248,%,1
OBS,2020,EU27+4,WEEE_generatedDedicated,WEEE_Cat5,brush,AlAndAlAlloys,Mo,e-m,0.002,%,1
OBS,2020,EU27+4,WEEE_generatedDedicated,WEEE_Cat5,brush,AlAndAlAlloys,Sm,e-m,0.0003,%,1
OBS,2020,EU27+4,WEEE_generatedDedicated,WEEE_Cat5,brush,AlAndAlAlloys,n/a,m-c,0.0179,%,1
OBS,2020,EU27+4,WEEE_generatedDedicated,WEEE_Cat5,brush,ferrousMetals,Ag,e-m,0.286,%,1
OBS,2020,EU27+4,WEEE_generatedDedicated,WEEE_Cat5,brush,ferrousMetals,Ca,e-m,0.033,%,1
OBS,2020,EU27+4,WEEE_generatedDedicated,WEEE_Cat5,brush,ferrousMetals,Ga,e-m,0.938,%,1
OBS,2020,EU27+4,WEEE_generatedDedicated,WEEE_Cat5,brush,ferrousMetals,Mo,e-m,0.0075,%,1
OBS,2020,EU27+4,WEEE_generatedDedicated,WEEE_Cat5,brush,ferrousMetals,Sm,e-m,0.022,%,1
OBS,2020,EU27+4,WEEE_generatedDedicated,WEEE_Cat5,brush,ferrousMetals,n/a,m-c,0.286,%,1
OBS,2020,EU27+4,WEEE_generatedDedicated,WEEE_Cat5,brush,n/a,n/a,c-p,0.00464,%,1
OBS,2020,EU27+4,WEEE_generatedDedicated,WEEE_Cat5,brush,plastics,Ag,e-m,0.696,%,1
OBS,2020,EU27+4,WEEE_generatedDedicated,WEEE_Cat5,brush,plastics,n/a,m-c,0.696,%,1
OBS,2020,EU27+4,WEEE_generatedDedicated,WEEE_Cat5,cableUnspecified,AlAndAlAlloys,Ag,e-m,0.103,%,2
OBS,2020,EU27+4,WEEE_generatedDedicated,WEEE_Cat5,cableUnspecified,AlAndAlAlloys,As,e-m,0.97,%,2
OBS,2020,EU27+4,WEEE_generatedDedicated,WEEE_Cat5,cableUnspecified,AlAndAlAlloys,Cu,e-m,0.002,%,2
OBS,2020,EU27+4,WEEE_generatedDedicated,WEEE_Cat5,cableUnspecified,AlAndAlAlloys,Ga,e-m,0.001,%,2
OBS,2020,EU27+4,WEEE_generatedDedicated,WEEE_Cat5,cableUnspecified,AlAndAlAlloys,Mn,e-m,0.0248,%,2
OBS,2020,EU27+4,WEEE_generatedDedicated,WEEE_Cat5,cableUnspecified,AlAndAlAlloys,Mo,e-m,0.002,%,2
OBS,2020,EU27+4,WEEE_generatedDedicated,WEEE_Cat5,cableUnspecified,AlAndAlAlloys,Sm,e-m,0.0003,%,2
OBS,2020,EU27+4,WEEE_generatedDedicated,WEEE_Cat5,cableUnspecified,AlAndAlAlloys,n/a,m-c,0.103,%,2
OBS,2020,EU27+4,WEEE_generatedDedicated,WEEE_Cat5,cableUnspecified,CuAndCuAlloys,Ag,e-m,0.166,%,2
OBS,2020,EU27+4,WEEE_generatedDedicated,WEEE_Cat5,cableUnspecified,CuAndCuAlloys,Dy,e-m,0.75,%,2
OBS,2020,EU27+4,WEEE_generatedDedicated,WEEE_Cat5,cableUnspecified,CuAndCuAlloys,Zr,e-m,0.25,%,2
OBS,2020,EU27+4,WEEE_generatedDedicated,WEEE_Cat5,cableUnspecified,CuAndCuAlloys,n/a,m-c,0.166,%,2
OBS,2020,EU27+4,WEEE_generatedDedicated,WEEE_Cat5,cableUnspecified,ferrousMetals,Ag,e-m,0.296,%,2
OBS,2020,EU27+4,WEEE_generatedDedicated,WEEE_Cat5,cableUnspecified,ferrousMetals,Cu,e-m,0.18,%,2
OBS,2020,EU27+4,WEEE_generatedDedicated,WEEE_Cat5,cableUnspecified,ferrousMetals,Ga,e-m,0.725,%,2
OBS,2020,EU27+4,WEEE_generatedDedicated,WEEE_Cat5,cableUnspecified,ferrousMetals,Mo,e-m,0.01,%,2
OBS,2020,EU27+4,WEEE_generatedDedicated,WEEE_Cat5,cableUnspecified,ferrousMetals,O,e-m,0.08,%,2
OBS,2020,EU27+4,WEEE_generatedDedicated,WEEE_Cat5,cableUnspecified,ferrousMetals,Sm,e-m,0.005,%,2
OBS,2020,EU27+4,WEEE_generatedDedicated,WEEE_Cat5,cableUnspecified,ferrousMetals,n/a,m-c,0.296,%,2
OBS,2020,EU27+4,WEEE_generatedDedicated,WEEE_Cat5,cableUnspecified,n/a,n/a,c-p,0.00307,%,1
OBS,2020,EU27+4,WEEE_generatedDedicated,WEEE_Cat5,cableUnspecified,plastics,Ag,e-m,0.435,%,2
OBS,2020,EU27+4,WEEE_generatedDedicated,WEEE_Cat5,cableUnspecified,plastics,n/a,m-c,0.435,%,2
OBS,2020,EU27+4,WEEE_generatedDedicated,WEEE_Cat5,cableWOPlug,n/a,n/a,c-p,0.000926,%,1
OBS,2020,EU27+4,WEEE_generatedDedicated,WEEE_Cat5,cableWPlug,AlAndAlAlloys,n/a,m-c,0.137,%,2
OBS,2020,EU27+4,WEEE_generatedDedicated,WEEE_Cat5,cableWPlug,ferrousMetals,n/a,m-c,0.305,%,2
OBS,2020,EU27+4,WEEE_generatedDedicated,WEEE_Cat5,cableWPlug,n/a,n/a,c-p,0.000532,%,1
OBS,2020,EU27+4,WEEE_generatedDedicated,WEEE_Cat5,cableWPlug,plastics,Ag,e-m,0.654,%,2
OBS,2020,EU27+4,WEEE_generatedDedicated,WEEE_Cat5,cableWPlug,plastics,n/a,m-c,0.558,%,2
OBS,2020,EU27+4,WEEE_generatedDedicated,WEEE_Cat5,cableWithConnector,CuAndCuAlloys,Ag,e-m,0.346,%,2
OBS,2020,EU27+4,WEEE_generatedDedicated,WEEE_Cat5,cableWithConnector,CuAndCuAlloys,Dy,e-m,0.75,%,2
OBS,2020,EU27+4,WEEE_generatedDedicated,WEEE_Cat5,cableWithConnector,CuAndCuAlloys,Zr,e-m,0.25,%,2
OBS,2020,EU27+4,WEEE_generatedDedicated,WEEE_Cat5,cableWithConnector,CuAndCuAlloys,n/a,m-c,1,%,2
OBS,2020,EU27+4,WEEE_generatedDedicated,WEEE_Cat5,cables,n/a,n/a,c-p,0.0152,%,1
OBS,2020,EU27+4,WEEE_generatedDedicated,WEEE_Cat5,cables,otherOrUndefinedMaterials,Ag,e-m,1,%,1
OBS,2020,EU27+4,WEEE_generatedDedicated,WEEE_Cat5,cables,otherOrUndefinedMaterials,n/a,m-c,1,%,1
OBS,2020,EU27+4,WEEE_generatedDedicated,WEEE_Cat5,cablewire,AlAndAlAlloys,Ag,e-m,0.0385,%,1
OBS,2020,EU27+4,WEEE_generatedDedicated,WEEE_Cat5,cablewire,AlAndAlAlloys,As,e-m,0.97,%,1
OBS,2020,EU27+4,WEEE_generatedDedicated,WEEE_Cat5,cablewire,AlAndAlAlloys,Cu,e-m,0.002,%,1
OBS,2020,EU27+4,WEEE_generatedDedicated,WEEE_Cat5,cablewire,AlAndAlAlloys,Ga,e-m,0.001,%,1
OBS,2020,EU27+4,WEEE_generatedDedicated,WEEE_Cat5,cablewire,AlAndAlAlloys,Mn,e-m,0.0248,%,1
OBS,2020,EU27+4,WEEE_generatedDedicated,WEEE_Cat5,cablewire,AlAndAlAlloys,Mo,e-m,0.002,%,1
OBS,2020,EU27+4,WEEE_generatedDedicated,WEEE_Cat5,cablewire,AlAndAlAlloys,Sm,e-m,0.0003,%,1
OBS,2020,EU27+4,WEEE_generatedDedicated,WEEE_Cat5,cablewire,AlAndAlAlloys,n/a,m-c,0.0277,%,1
OBS,2020,EU27+4,WEEE_generatedDedicated,WEEE_Cat5,cablewire,CuAndCuAlloys,Ag,e-m,0.195,%,1
OBS,2020,EU27+4,WEEE_generatedDedicated,WEEE_Cat5,cablewire,CuAndCuAlloys,Dy,e-m,0.75,%,1
OBS,2020,EU27+4,WEEE_generatedDedicated,WEEE_Cat5,cablewire,CuAndCuAlloys,Zr,e-m,0.25,%,1
OBS,2020,EU27+4,WEEE_generatedDedicated,WEEE_Cat5,cablewire,CuAndCuAlloys,n/a,m-c,0.141,%,1
OBS,2020,EU27+4,WEEE_generatedDedicated,WEEE_Cat5,cablewire,ferrousMetals,Ag,e-m,0.488,%,1
OBS,2020,EU27+4,WEEE_generatedDedicated,WEEE_Cat5,cablewire,ferrousMetals,Ca,e-m,0.033,%,1
OBS,2020,EU27+4,WEEE_generatedDedicated,WEEE_Cat5,cablewire,ferrousMetals,Ga,e-m,0.938,%,1
OBS,2020,EU27+4,WEEE_generatedDedicated,WEEE_Cat5,cablewire,ferrousMetals,Mo,e-m,0.0075,%,1
OBS,2020,EU27+4,WEEE_generatedDedicated,WEEE_Cat5,cablewire,ferrousMetals,Sm,e-m,0.022,%,1
OBS,2020,EU27+4,WEEE_generatedDedicated,WEEE_Cat5,cablewire,ferrousMetals,n/a,m-c,0.352,%,1
OBS,2020,EU27+4,WEEE_generatedDedicated,WEEE_Cat5,cablewire,n/a,n/a,c-p,0.0000652,%,1
OBS,2020,EU27+4,WEEE_generatedDedicated,WEEE_Cat5,cablewire,plastics,Ag,e-m,0.667,%,1
OBS,2020,EU27+4,WEEE_generatedDedicated,WEEE_Cat5,cablewire,plastics,n/a,m-c,0.48,%,1
OBS,2020,EU27+4,WEEE_generatedDedicated,WEEE_Cat5,capElectrolytic,CuAndCuAlloys,Ag,e-m,0.666,%,2
OBS,2020,EU27+4,WEEE_generatedDedicated,WEEE_Cat5,capElectrolytic,CuAndCuAlloys,Dy,e-m,0.75,%,2
OBS,2020,EU27+4,WEEE_generatedDedicated,WEEE_Cat5,capElectrolytic,CuAndCuAlloys,Zr,e-m,0.25,%,2
OBS,2020,EU27+4,WEEE_generatedDedicated,WEEE_Cat5,capElectrolytic,CuAndCuAlloys,n/a,m-c,0.666,%,2
OBS,2020,EU27+4,WEEE_generatedDedicated,WEEE_Cat5,capElectrolytic,n/a,n/a,c-p,0.00598,%,2
OBS,2020,EU27+4,WEEE_generatedDedicated,WEEE_Cat5,capElectrolytic,undefinedAndMixedMaterials,Ag,e-m,0.334,%,2
OBS,2020,EU27+4,WEEE_generatedDedicated,WEEE_Cat5,capElectrolytic,undefinedAndMixedMaterials,n/a,m-c,0.334,%,2
OBS,2020,EU27+4,WEEE_generatedDedicated,WEEE_Cat5,casingPlasticBased,AlAndAlAlloys,Ag,e-m,0.00456,%,1
OBS,2020,EU27+4,WEEE_generatedDedicated,WEEE_Cat5,casingPlasticBased,AlAndAlAlloys,As,e-m,0.97,%,1
OBS,2020,EU27+4,WEEE_generatedDedicated,WEEE_Cat5,casingPlasticBased,AlAndAlAlloys,Cu,e-m,0.002,%,1
OBS,2020,EU27+4,WEEE_generatedDedicated,WEEE_Cat5,casingPlasticBased,AlAndAlAlloys,Ga,e-m,0.001,%,1
OBS,2020,EU27+4,WEEE_generatedDedicated,WEEE_Cat5,casingPlasticBased,AlAndAlAlloys,Mn,e-m,0.0248,%,1
OBS,2020,EU27+4,WEEE_generatedDedicated,WEEE_Cat5,casingPlasticBased,AlAndAlAlloys,Mo,e-m,0.002,%,1
OBS,2020,EU27+4,WEEE_generatedDedicated,WEEE_Cat5,casingPlasticBased,AlAndAlAlloys,Sm,e-m,0.0003,%,1
OBS,2020,EU27+4,WEEE_generatedDedicated,WEEE_Cat5,casingPlasticBased,AlAndAlAlloys,n/a,m-c,0.00351,%,1
OBS,2020,EU27+4,WEEE_generatedDedicated,WEEE_Cat5,casingPlasticBased,CuAndCuAlloys,Ag,e-m,0.0154,%,1
OBS,2020,EU27+4,WEEE_generatedDedicated,WEEE_Cat5,casingPlasticBased,CuAndCuAlloys,Dy,e-m,0.75,%,1
OBS,2020,EU27+4,WEEE_generatedDedicated,WEEE_Cat5,casingPlasticBased,CuAndCuAlloys,Zr,e-m,0.25,%,1
OBS,2020,EU27+4,WEEE_generatedDedicated,WEEE_Cat5,casingPlasticBased,CuAndCuAlloys,n/a,m-c,0.0154,%,1
OBS,2020,EU27+4,WEEE_generatedDedicated,WEEE_Cat5,casingPlasticBased,ferrousMetals,Ag,e-m,0.045,%,1
OBS,2020,EU27+4,WEEE_generatedDedicated,WEEE_Cat5,casingPlasticBased,ferrousMetals,Ca,e-m,0.0303,%,1
OBS,2020,EU27+4,WEEE_generatedDedicated,WEEE_Cat5,casingPlasticBased,ferrousMetals,Cu,e-m,0.015,%,1
OBS,2020,EU27+4,WEEE_generatedDedicated,WEEE_Cat5,casingPlasticBased,ferrousMetals,Ga,e-m,0.92,%,1
OBS,2020,EU27+4,WEEE_generatedDedicated,WEEE_Cat5,casingPlasticBased,ferrousMetals,Mo,e-m,0.0075,%,1
OBS,2020,EU27+4,WEEE_generatedDedicated,WEEE_Cat5,casingPlasticBased,ferrousMetals,O,e-m,0.00667,%,1
OBS,2020,EU27+4,WEEE_generatedDedicated,WEEE_Cat5,casingPlasticBased,ferrousMetals,Sm,e-m,0.0206,%,1
OBS,2020,EU27+4,WEEE_generatedDedicated,WEEE_Cat5,casingPlasticBased,ferrousMetals,n/a,m-c,0.0239,%,1
OBS,2020,EU27+4,WEEE_generatedDedicated,WEEE_Cat5,casingPlasticBased,n/a,n/a,c-p,0.00512,%,1
OBS,2020,EU27+4,WEEE_generatedDedicated,WEEE_Cat5,casingPlasticBased,otherOrganics,Ag,e-m,0.0741,%,1
OBS,2020,EU27+4,WEEE_generatedDedicated,WEEE_Cat5,casingPlasticBased,otherOrganics,n/a,m-c,0.0393,%,1
OBS,2020,EU27+4,WEEE_generatedDedicated,WEEE_Cat5,casingPlasticBased,plastics,Ag,e-m,0.231,%,1
OBS,2020,EU27+4,WEEE_generatedDedicated,WEEE_Cat5,casingPlasticBased,plastics,n/a,m-c,0.521,%,1
OBS,2020,EU27+4,WEEE_generatedDedicated,WEEE_Cat5,casingPlasticBased,polymerPA6GF30,Ag,e-m,0.0414,%,1
OBS,2020,EU27+4,WEEE_generatedDedicated,WEEE_Cat5,casingPlasticBased,polymerPA6GF30,n/a,m-c,0.022,%,1
OBS,2020,EU27+4,WEEE_generatedDedicated,WEEE_Cat5,casingPlasticBased,polymerPPGF30,Ag,e-m,0.0134,%,1
OBS,2020,EU27+4,WEEE_generatedDedicated,WEEE_Cat5,casingPlasticBased,polymerPPGF30,n/a,m-c,0.00713,%,1
OBS,2020,EU27+4,WEEE_generatedDedicated,WEEE_Cat5,casingPlasticBased,polymerPPTF30,Ag,e-m,0.722,%,1
OBS,2020,EU27+4,WEEE_generatedDedicated,WEEE_Cat5,casingPlasticBased,polymerPPTF30,n/a,m-c,0.383,%,1
OBS,2020,EU27+4,WEEE_generatedDedicated,WEEE_Cat5,casingPlasticBased,undefinedAndMixedMaterials,n/a,m-c,0.265,%,1
OBS,2020,EU27+4,WEEE_generatedDedicated,WEEE_Cat5,casingSteelBased,ferrousMetals,Ag,e-m,0.0409,%,2
OBS,2020,EU27+4,WEEE_generatedDedicated,WEEE_Cat5,casingSteelBased,ferrousMetals,Cu,e-m,0.18,%,2
OBS,2020,EU27+4,WEEE_generatedDedicated,WEEE_Cat5,casingSteelBased,ferrousMetals,Ga,e-m,0.725,%,2
OBS,2020,EU27+4,WEEE_generatedDedicated,WEEE_Cat5,casingSteelBased,ferrousMetals,Mo,e-m,0.01,%,2
OBS,2020,EU27+4,WEEE_generatedDedicated,WEEE_Cat5,casingSteelBased,ferrousMetals,O,e-m,0.08,%,2
OBS,2020,EU27+4,WEEE_generatedDedicated,WEEE_Cat5,casingSteelBased,ferrousMetals,Sm,e-m,0.005,%,2
OBS,2020,EU27+4,WEEE_generatedDedicated,WEEE_Cat5,casingSteelBased,ferrousMetals,n/a,m-c,1,%,2
OBS,2020,EU27+4,WEEE_generatedDedicated,WEEE_Cat5,casingSteelBased,n/a,n/a,c-p,0.0172,%,2
OBS,2020,EU27+4,WEEE_generatedDedicated,WEEE_Cat5,casingUnspecified,AlAndAlAlloys,Ag,e-m,0.00935,%,2
OBS,2020,EU27+4,WEEE_generatedDedicated,WEEE_Cat5,casingUnspecified,AlAndAlAlloys,As,e-m,0.97,%,2
OBS,2020,EU27+4,WEEE_generatedDedicated,WEEE_Cat5,casingUnspecified,AlAndAlAlloys,Cu,e-m,0.002,%,2
OBS,2020,EU27+4,WEEE_generatedDedicated,WEEE_Cat5,casingUnspecified,AlAndAlAlloys,Ga,e-m,0.001,%,2
OBS,2020,EU27+4,WEEE_generatedDedicated,WEEE_Cat5,casingUnspecified,AlAndAlAlloys,Mn,e-m,0.0248,%,2
OBS,2020,EU27+4,WEEE_generatedDedicated,WEEE_Cat5,casingUnspecified,AlAndAlAlloys,Mo,e-m,0.002,%,2
OBS,2020,EU27+4,WEEE_generatedDedicated,WEEE_Cat5,casingUnspecified,AlAndAlAlloys,Sm,e-m,0.0003,%,2
OBS,2020,EU27+4,WEEE_generatedDedicated,WEEE_Cat5,casingUnspecified,AlAndAlAlloys,n/a,m-c,0.000774,%,2
OBS,2020,EU27+4,WEEE_generatedDedicated,WEEE_Cat5,casingUnspecified,CuAndCuAlloys,Ag,e-m,0.000715,%,2
OBS,2020,EU27+4,WEEE_generatedDedicated,WEEE_Cat5,casingUnspecified,CuAndCuAlloys,Dy,e-m,0.75,%,2
OBS,2020,EU27+4,WEEE_generatedDedicated,WEEE_Cat5,casingUnspecified,CuAndCuAlloys,Zr,e-m,0.25,%,2
OBS,2020,EU27+4,WEEE_generatedDedicated,WEEE_Cat5,casingUnspecified,CuAndCuAlloys,n/a,m-c,0.000715,%,2
OBS,2020,EU27+4,WEEE_generatedDedicated,WEEE_Cat5,casingUnspecified,ferrousMetals,Ag,e-m,0.00784,%,2
OBS,2020,EU27+4,WEEE_generatedDedicated,WEEE_Cat5,casingUnspecified,ferrousMetals,Cu,e-m,0.18,%,2
OBS,2020,EU27+4,WEEE_generatedDedicated,WEEE_Cat5,casingUnspecified,ferrousMetals,Ga,e-m,0.725,%,2
OBS,2020,EU27+4,WEEE_generatedDedicated,WEEE_Cat5,casingUnspecified,ferrousMetals,Mo,e-m,0.01,%,2
OBS,2020,EU27+4,WEEE_generatedDedicated,WEEE_Cat5,casingUnspecified,ferrousMetals,O,e-m,0.08,%,2
OBS,2020,EU27+4,WEEE_generatedDedicated,WEEE_Cat5,casingUnspecified,ferrousMetals,Sm,e-m,0.005,%,2
OBS,2020,EU27+4,WEEE_generatedDedicated,WEEE_Cat5,casingUnspecified,ferrousMetals,n/a,m-c,0.00653,%,2
OBS,2020,EU27+4,WEEE_generatedDedicated,WEEE_Cat5,casingUnspecified,glass,Ag,e-m,0.143,%,2
OBS,2020,EU27+4,WEEE_generatedDedicated,WEEE_Cat5,casingUnspecified,glass,Pd,e-m,0.265,%,2
OBS,2020,EU27+4,WEEE_generatedDedicated,WEEE_Cat5,casingUnspecified,glass,Sc,e-m,0.00196,%,2
OBS,2020,EU27+4,WEEE_generatedDedicated,WEEE_Cat5,casingUnspecified,glass,Zr,e-m,0.000708,%,2
OBS,2020,EU27+4,WEEE_generatedDedicated,WEEE_Cat5,casingUnspecified,glass,n/a,m-c,0.126,%,2
OBS,2020,EU27+4,WEEE_generatedDedicated,WEEE_Cat5,casingUnspecified,n/a,n/a,c-p,0.0325,%,2
OBS,2020,EU27+4,WEEE_generatedDedicated,WEEE_Cat5,casingUnspecified,otherMetalsAndMetalAlloys,Ag,e-m,0.00152,%,2
OBS,2020,EU27+4,WEEE_generatedDedicated,WEEE_Cat5,casingUnspecified,otherMetalsAndMetalAlloys,Al,e-m,0.9,%,2
OBS,2020,EU27+4,WEEE_generatedDedicated,WEEE_Cat5,casingUnspecified,otherMetalsAndMetalAlloys,Dy,e-m,0.1,%,2
OBS,2020,EU27+4,WEEE_generatedDedicated,WEEE_Cat5,casingUnspecified,otherMetalsAndMetalAlloys,n/a,m-c,0.00115,%,2
OBS,2020,EU27+4,WEEE_generatedDedicated,WEEE_Cat5,casingUnspecified,plastics,Ag,e-m,0.000408,%,2
OBS,2020,EU27+4,WEEE_generatedDedicated,WEEE_Cat5,casingUnspecified,plastics,n/a,m-c,0.00217,%,2
OBS,2020,EU27+4,WEEE_generatedDedicated,WEEE_Cat5,casingUnspecified,undefinedAndMixedMaterials,Ag,e-m,0.000378,%,2
OBS,2020,EU27+4,WEEE_generatedDedicated,WEEE_Cat5,casingUnspecified,undefinedAndMixedMaterials,n/a,m-c,0.000378,%,2
OBS,2020,EU27+4,WEEE_generatedDedicated,WEEE_Cat5,coldCathodeLamp,n/a,n/a,c-p,0.0108,%,1
OBS,2020,EU27+4,WEEE_generatedDedicated,WEEE_Cat5,compContainHazardSubst,n/a,n/a,c-p,0.000661,%,1
OBS,2020,EU27+4,WEEE_generatedDedicated,WEEE_Cat5,compressor,CuAndCuAlloys,Ag,e-m,0.596,%,1
OBS,2020,EU27+4,WEEE_generatedDedicated,WEEE_Cat5,compressor,CuAndCuAlloys,As,e-m,0.404,%,1
OBS,2020,EU27+4,WEEE_generatedDedicated,WEEE_Cat5,compressor,CuAndCuAlloys,Cu,e-m,0.000833,%,1
OBS,2020,EU27+4,WEEE_generatedDedicated,WEEE_Cat5,compressor,CuAndCuAlloys,Dy,e-m,0.438,%,1
OBS,2020,EU27+4,WEEE_generatedDedicated,WEEE_Cat5,compressor,CuAndCuAlloys,Ga,e-m,0.000417,%,1
OBS,2020,EU27+4,WEEE_generatedDedicated,WEEE_Cat5,compressor,CuAndCuAlloys,Mn,e-m,0.0103,%,1
OBS,2020,EU27+4,WEEE_generatedDedicated,WEEE_Cat5,compressor,CuAndCuAlloys,Mo,e-m,0.000833,%,1
OBS,2020,EU27+4,WEEE_generatedDedicated,WEEE_Cat5,compressor,CuAndCuAlloys,Sm,e-m,0.000125,%,1
OBS,2020,EU27+4,WEEE_generatedDedicated,WEEE_Cat5,compressor,CuAndCuAlloys,Zr,e-m,0.146,%,1
OBS,2020,EU27+4,WEEE_generatedDedicated,WEEE_Cat5,compressor,CuAndCuAlloys,n/a,m-c,0.573,%,1
OBS,2020,EU27+4,WEEE_generatedDedicated,WEEE_Cat5,compressor,glass,Ag,e-m,0.0367,%,1
OBS,2020,EU27+4,WEEE_generatedDedicated,WEEE_Cat5,compressor,glass,Pd,e-m,0.265,%,1
OBS,2020,EU27+4,WEEE_generatedDedicated,WEEE_Cat5,compressor,glass,Sc,e-m,0.00196,%,1
OBS,2020,EU27+4,WEEE_generatedDedicated,WEEE_Cat5,compressor,glass,Zr,e-m,0.000708,%,1
OBS,2020,EU27+4,WEEE_generatedDedicated,WEEE_Cat5,compressor,glass,n/a,m-c,0.0353,%,1
OBS,2020,EU27+4,WEEE_generatedDedicated,WEEE_Cat5,compressor,n/a,n/a,c-p,0.0000345,%,1
OBS,2020,EU27+4,WEEE_generatedDedicated,WEEE_Cat5,compressor,otherFerrousAlloys,Ag,e-m,0.0156,%,1
OBS,2020,EU27+4,WEEE_generatedDedicated,WEEE_Cat5,compressor,otherFerrousAlloys,Ca,e-m,0.033,%,1
OBS,2020,EU27+4,WEEE_generatedDedicated,WEEE_Cat5,compressor,otherFerrousAlloys,Ga,e-m,0.938,%,1
OBS,2020,EU27+4,WEEE_generatedDedicated,WEEE_Cat5,compressor,otherFerrousAlloys,Mo,e-m,0.0075,%,1
OBS,2020,EU27+4,WEEE_generatedDedicated,WEEE_Cat5,compressor,otherFerrousAlloys,Sm,e-m,0.022,%,1
OBS,2020,EU27+4,WEEE_generatedDedicated,WEEE_Cat5,compressor,otherFerrousAlloys,n/a,m-c,0.015,%,1
OBS,2020,EU27+4,WEEE_generatedDedicated,WEEE_Cat5,compressor,otherOrUndefinedMaterials,Ag,e-m,0.133,%,1
OBS,2020,EU27+4,WEEE_generatedDedicated,WEEE_Cat5,compressor,otherOrUndefinedMaterials,n/a,m-c,0.128,%,1
OBS,2020,EU27+4,WEEE_generatedDedicated,WEEE_Cat5,compressor,plastics,Ag,e-m,0.0266,%,1
OBS,2020,EU27+4,WEEE_generatedDedicated,WEEE_Cat5,compressor,plastics,n/a,m-c,0.0256,%,1
OBS,2020,EU27+4,WEEE_generatedDedicated,WEEE_Cat5,compressor,steelAndSteelAlloys,Ag,e-m,0.232,%,1
OBS,2020,EU27+4,WEEE_generatedDedicated,WEEE_Cat5,compressor,steelAndSteelAlloys,Cu,e-m,0.18,%,1
OBS,2020,EU27+4,WEEE_generatedDedicated,WEEE_Cat5,compressor,steelAndSteelAlloys,Ga,e-m,0.725,%,1
OBS,2020,EU27+4,WEEE_generatedDedicated,WEEE_Cat5,compressor,steelAndSteelAlloys,Mo,e-m,0.01,%,1
OBS,2020,EU27+4,WEEE_generatedDedicated,WEEE_Cat5,compressor,steelAndSteelAlloys,O,e-m,0.08,%,1
OBS,2020,EU27+4,WEEE_generatedDedicated,WEEE_Cat5,compressor,steelAndSteelAlloys,Sm,e-m,0.005,%,1
OBS,2020,EU27+4,WEEE_generatedDedicated,WEEE_Cat5,compressor,steelAndSteelAlloys,n/a,m-c,0.223,%,1
OBS,2020,EU27+4,WEEE_generatedDedicated,WEEE_Cat5,condensator,n/a,n/a,c-p,0.00683,%,1
OBS,2020,EU27+4,WEEE_generatedDedicated,WEEE_Cat5,contactor,n/a,n/a,c-p,0.0000702,%,1
OBS,2020,EU27+4,WEEE_generatedDedicated,WEEE_Cat5,displayCRT,AlAndAlAlloys,Ag,e-m,0.00569,%,2
OBS,2020,EU27+4,WEEE_generatedDedicated,WEEE_Cat5,displayCRT,AlAndAlAlloys,As,e-m,0.97,%,2
OBS,2020,EU27+4,WEEE_generatedDedicated,WEEE_Cat5,displayCRT,AlAndAlAlloys,Cu,e-m,0.002,%,2
OBS,2020,EU27+4,WEEE_generatedDedicated,WEEE_Cat5,displayCRT,AlAndAlAlloys,Ga,e-m,0.001,%,2
OBS,2020,EU27+4,WEEE_generatedDedicated,WEEE_Cat5,displayCRT,AlAndAlAlloys,Mn,e-m,0.0248,%,2
OBS,2020,EU27+4,WEEE_generatedDedicated,WEEE_Cat5,displayCRT,AlAndAlAlloys,Mo,e-m,0.002,%,2
OBS,2020,EU27+4,WEEE_generatedDedicated,WEEE_Cat5,displayCRT,AlAndAlAlloys,Sm,e-m,0.0003,%,2
OBS,2020,EU27+4,WEEE_generatedDedicated,WEEE_Cat5,displayCRT,AlAndAlAlloys,n/a,m-c,0.00782,%,2
OBS,2020,EU27+4,WEEE_generatedDedicated,WEEE_Cat5,displayCRT,glass,Ag,e-m,0.722,%,2
OBS,2020,EU27+4,WEEE_generatedDedicated,WEEE_Cat5,displayCRT,glass,Pd,e-m,0.265,%,2
OBS,2020,EU27+4,WEEE_generatedDedicated,WEEE_Cat5,displayCRT,glass,Sc,e-m,0.00196,%,2
OBS,2020,EU27+4,WEEE_generatedDedicated,WEEE_Cat5,displayCRT,glass,Zr,e-m,0.000708,%,2
OBS,2020,EU27+4,WEEE_generatedDedicated,WEEE_Cat5,displayCRT,glass,n/a,m-c,0.992,%,2
OBS,2020,EU27+4,WEEE_generatedDedicated,WEEE_Cat5,displayCRT,n/a,n/a,c-p,0.303,%,2
OBS,2020,EU27+4,WEEE_generatedDedicated,WEEE_Cat5,displayLCD,AlAndAlAlloys,Ag,e-m,0.301,%,2
OBS,2020,EU27+4,WEEE_generatedDedicated,WEEE_Cat5,displayLCD,AlAndAlAlloys,As,e-m,0.97,%,2
OBS,2020,EU27+4,WEEE_generatedDedicated,WEEE_Cat5,displayLCD,AlAndAlAlloys,Cu,e-m,0.002,%,2
OBS,2020,EU27+4,WEEE_generatedDedicated,WEEE_Cat5,displayLCD,AlAndAlAlloys,Ga,e-m,0.001,%,2
OBS,2020,EU27+4,WEEE_generatedDedicated,WEEE_Cat5,displayLCD,AlAndAlAlloys,Mn,e-m,0.0248,%,2
OBS,2020,EU27+4,WEEE_generatedDedicated,WEEE_Cat5,displayLCD,AlAndAlAlloys,Mo,e-m,0.002,%,2
OBS,2020,EU27+4,WEEE_generatedDedicated,WEEE_Cat5,displayLCD,AlAndAlAlloys,Sm,e-m,0.0003,%,2
OBS,2020,EU27+4,WEEE_generatedDedicated,WEEE_Cat5,displayLCD,AlAndAlAlloys,n/a,m-c,0.257,%,2
OBS,2020,EU27+4,WEEE_generatedDedicated,WEEE_Cat5,displayLCD,CuAndCuAlloys,Ag,e-m,0.00985,%,2
OBS,2020,EU27+4,WEEE_generatedDedicated,WEEE_Cat5,displayLCD,CuAndCuAlloys,Dy,e-m,0.75,%,2
OBS,2020,EU27+4,WEEE_generatedDedicated,WEEE_Cat5,displayLCD,CuAndCuAlloys,Zr,e-m,0.25,%,2
OBS,2020,EU27+4,WEEE_generatedDedicated,WEEE_Cat5,displayLCD,CuAndCuAlloys,n/a,m-c,0.00839,%,2
OBS,2020,EU27+4,WEEE_generatedDedicated,WEEE_Cat5,displayLCD,ferrousMetals,Ag,e-m,0.132,%,2
OBS,2020,EU27+4,WEEE_generatedDedicated,WEEE_Cat5,displayLCD,ferrousMetals,Cu,e-m,0.18,%,2
OBS,2020,EU27+4,WEEE_generatedDedicated,WEEE_Cat5,displayLCD,ferrousMetals,Ga,e-m,0.725,%,2
OBS,2020,EU27+4,WEEE_generatedDedicated,WEEE_Cat5,displayLCD,ferrousMetals,Mo,e-m,0.01,%,2
OBS,2020,EU27+4,WEEE_generatedDedicated,WEEE_Cat5,displayLCD,ferrousMetals,O,e-m,0.08,%,2
OBS,2020,EU27+4,WEEE_generatedDedicated,WEEE_Cat5,displayLCD,ferrousMetals,Sm,e-m,0.005,%,2
OBS,2020,EU27+4,WEEE_generatedDedicated,WEEE_Cat5,displayLCD,ferrousMetals,n/a,m-c,0.11,%,2
OBS,2020,EU27+4,WEEE_generatedDedicated,WEEE_Cat5,displayLCD,glass,Ag,e-m,0.392,%,2
OBS,2020,EU27+4,WEEE_generatedDedicated,WEEE_Cat5,displayLCD,glass,Pd,e-m,0.265,%,2
OBS,2020,EU27+4,WEEE_generatedDedicated,WEEE_Cat5,displayLCD,glass,Sc,e-m,0.00196,%,2
OBS,2020,EU27+4,WEEE_generatedDedicated,WEEE_Cat5,displayLCD,glass,Zr,e-m,0.000708,%,2
OBS,2020,EU27+4,WEEE_generatedDedicated,WEEE_Cat5,displayLCD,glass,n/a,m-c,0.329,%,2
OBS,2020,EU27+4,WEEE_generatedDedicated,WEEE_Cat5,displayLCD,n/a,n/a,c-p,0.000449,%,1
OBS,2020,EU27+4,WEEE_generatedDedicated,WEEE_Cat5,displayLCD,plastics,Ag,e-m,0.176,%,2
OBS,2020,EU27+4,WEEE_generatedDedicated,WEEE_Cat5,displayLCD,plastics,n/a,m-c,0.176,%,2
OBS,2020,EU27+4,WEEE_generatedDedicated,WEEE_Cat5,displayLCD,undefinedAndMixedMaterials,Ag,e-m,0.0714,%,2
OBS,2020,EU27+4,WEEE_generatedDedicated,WEEE_Cat5,displayLCD,undefinedAndMixedMaterials,n/a,m-c,0.06,%,2
OBS,2020,EU27+4,WEEE_generatedDedicated,WEEE_Cat5,displayLCDunder100cm2,n/a,n/a,c-p,0.000553,%,1
OBS,2020,EU27+4,WEEE_generatedDedicated,WEEE_Cat5,displayOther,AlAndAlAlloys,Ag,e-m,0.00706,%,2
OBS,2020,EU27+4,WEEE_generatedDedicated,WEEE_Cat5,displayOther,AlAndAlAlloys,As,e-m,0.97,%,2
OBS,2020,EU27+4,WEEE_generatedDedicated,WEEE_Cat5,displayOther,AlAndAlAlloys,Cu,e-m,0.002,%,2
OBS,2020,EU27+4,WEEE_generatedDedicated,WEEE_Cat5,displayOther,AlAndAlAlloys,Ga,e-m,0.001,%,2
OBS,2020,EU27+4,WEEE_generatedDedicated,WEEE_Cat5,displayOther,AlAndAlAlloys,Mn,e-m,0.0248,%,2
OBS,2020,EU27+4,WEEE_generatedDedicated,WEEE_Cat5,displayOther,AlAndAlAlloys,Mo,e-m,0.002,%,2
OBS,2020,EU27+4,WEEE_generatedDedicated,WEEE_Cat5,displayOther,AlAndAlAlloys,Sm,e-m,0.0003,%,2
OBS,2020,EU27+4,WEEE_generatedDedicated,WEEE_Cat5,displayOther,AlAndAlAlloys,n/a,m-c,0.00703,%,2
OBS,2020,EU27+4,WEEE_generatedDedicated,WEEE_Cat5,displayOther,CuAndCuAlloys,Ag,e-m,0.000388,%,2
OBS,2020,EU27+4,WEEE_generatedDedicated,WEEE_Cat5,displayOther,CuAndCuAlloys,Dy,e-m,0.75,%,2
OBS,2020,EU27+4,WEEE_generatedDedicated,WEEE_Cat5,displayOther,CuAndCuAlloys,Zr,e-m,0.25,%,2
OBS,2020,EU27+4,WEEE_generatedDedicated,WEEE_Cat5,displayOther,CuAndCuAlloys,n/a,m-c,0.000388,%,2
OBS,2020,EU27+4,WEEE_generatedDedicated,WEEE_Cat5,displayOther,ferrousMetals,Ag,e-m,0.0127,%,2
OBS,2020,EU27+4,WEEE_generatedDedicated,WEEE_Cat5,displayOther,ferrousMetals,Cu,e-m,0.18,%,2
OBS,2020,EU27+4,WEEE_generatedDedicated,WEEE_Cat5,displayOther,ferrousMetals,Ga,e-m,0.725,%,2
OBS,2020,EU27+4,WEEE_generatedDedicated,WEEE_Cat5,displayOther,ferrousMetals,Mo,e-m,0.01,%,2
OBS,2020,EU27+4,WEEE_generatedDedicated,WEEE_Cat5,displayOther,ferrousMetals,O,e-m,0.08,%,2
OBS,2020,EU27+4,WEEE_generatedDedicated,WEEE_Cat5,displayOther,ferrousMetals,Sm,e-m,0.005,%,2
OBS,2020,EU27+4,WEEE_generatedDedicated,WEEE_Cat5,displayOther,ferrousMetals,n/a,m-c,0.00941,%,2
OBS,2020,EU27+4,WEEE_generatedDedicated,WEEE_Cat5,displayOther,glass,Ag,e-m,0.276,%,2
OBS,2020,EU27+4,WEEE_generatedDedicated,WEEE_Cat5,displayOther,glass,Pd,e-m,0.265,%,2
OBS,2020,EU27+4,WEEE_generatedDedicated,WEEE_Cat5,displayOther,glass,Sc,e-m,0.00196,%,2
OBS,2020,EU27+4,WEEE_generatedDedicated,WEEE_Cat5,displayOther,glass,Zr,e-m,0.000708,%,2
OBS,2020,EU27+4,WEEE_generatedDedicated,WEEE_Cat5,displayOther,glass,n/a,m-c,0.0538,%,2
OBS,2020,EU27+4,WEEE_generatedDedicated,WEEE_Cat5,displayOther,n/a,n/a,c-p,0.00367,%,2
OBS,2020,EU27+4,WEEE_generatedDedicated,WEEE_Cat5,displayOther,otherMetalsAndMetalAlloys,Ag,e-m,0.00231,%,2
OBS,2020,EU27+4,WEEE_generatedDedicated,WEEE_Cat5,displayOther,otherMetalsAndMetalAlloys,Al,e-m,0.9,%,2
OBS,2020,EU27+4,WEEE_generatedDedicated,WEEE_Cat5,displayOther,otherMetalsAndMetalAlloys,Dy,e-m,0.1,%,2
OBS,2020,EU27+4,WEEE_generatedDedicated,WEEE_Cat5,displayOther,otherMetalsAndMetalAlloys,n/a,m-c,0.00237,%,2
OBS,2020,EU27+4,WEEE_generatedDedicated,WEEE_Cat5,displayOther,plastics,Ag,e-m,0.0125,%,2
OBS,2020,EU27+4,WEEE_generatedDedicated,WEEE_Cat5,displayOther,plastics,n/a,m-c,0.0125,%,2
OBS,2020,EU27+4,WEEE_generatedDedicated,WEEE_Cat5,displayOther,undefinedAndMixedMaterials,Ag,e-m,0.0000891,%,2
OBS,2020,EU27+4,WEEE_generatedDedicated,WEEE_Cat5,displayOther,undefinedAndMixedMaterials,n/a,m-c,0.0000891,%,2
OBS,2020,EU27+4,WEEE_generatedDedicated,WEEE_Cat5,displayPlasma,n/a,n/a,c-p,0.152,%,1
OBS,2020,EU27+4,WEEE_generatedDedicated,WEEE_Cat5,driveCDDExt,n/a,n/a,c-p,0.00561,%,1
OBS,2020,EU27+4,WEEE_generatedDedicated,WEEE_Cat5,driveCDDInt,AlAndAlAlloys,Ag,e-m,0.0324,%,2
OBS,2020,EU27+4,WEEE_generatedDedicated,WEEE_Cat5,driveCDDInt,AlAndAlAlloys,As,e-m,0.97,%,2
OBS,2020,EU27+4,WEEE_generatedDedicated,WEEE_Cat5,driveCDDInt,AlAndAlAlloys,Cu,e-m,0.002,%,2
OBS,2020,EU27+4,WEEE_generatedDedicated,WEEE_Cat5,driveCDDInt,AlAndAlAlloys,Ga,e-m,0.001,%,2
OBS,2020,EU27+4,WEEE_generatedDedicated,WEEE_Cat5,driveCDDInt,AlAndAlAlloys,Mn,e-m,0.0248,%,2
OBS,2020,EU27+4,WEEE_generatedDedicated,WEEE_Cat5,driveCDDInt,AlAndAlAlloys,Mo,e-m,0.002,%,2
OBS,2020,EU27+4,WEEE_generatedDedicated,WEEE_Cat5,driveCDDInt,AlAndAlAlloys,Sm,e-m,0.0003,%,2
OBS,2020,EU27+4,WEEE_generatedDedicated,WEEE_Cat5,driveCDDInt,AlAndAlAlloys,n/a,m-c,0.0248,%,2
OBS,2020,EU27+4,WEEE_generatedDedicated,WEEE_Cat5,driveCDDInt,CuAndCuAlloys,Ag,e-m,0.00564,%,2
OBS,2020,EU27+4,WEEE_generatedDedicated,WEEE_Cat5,driveCDDInt,CuAndCuAlloys,Dy,e-m,0.75,%,2
OBS,2020,EU27+4,WEEE_generatedDedicated,WEEE_Cat5,driveCDDInt,CuAndCuAlloys,Zr,e-m,0.25,%,2
OBS,2020,EU27+4,WEEE_generatedDedicated,WEEE_Cat5,driveCDDInt,CuAndCuAlloys,n/a,m-c,0.00637,%,2
OBS,2020,EU27+4,WEEE_generatedDedicated,WEEE_Cat5,driveCDDInt,ferrousMetals,Ag,e-m,0.103,%,2
OBS,2020,EU27+4,WEEE_generatedDedicated,WEEE_Cat5,driveCDDInt,ferrousMetals,Cu,e-m,0.18,%,2
OBS,2020,EU27+4,WEEE_generatedDedicated,WEEE_Cat5,driveCDDInt,ferrousMetals,Ga,e-m,0.725,%,2
OBS,2020,EU27+4,WEEE_generatedDedicated,WEEE_Cat5,driveCDDInt,ferrousMetals,Mo,e-m,0.01,%,2
OBS,2020,EU27+4,WEEE_generatedDedicated,WEEE_Cat5,driveCDDInt,ferrousMetals,O,e-m,0.08,%,2
OBS,2020,EU27+4,WEEE_generatedDedicated,WEEE_Cat5,driveCDDInt,ferrousMetals,Sm,e-m,0.005,%,2
OBS,2020,EU27+4,WEEE_generatedDedicated,WEEE_Cat5,driveCDDInt,ferrousMetals,n/a,m-c,0.127,%,2
OBS,2020,EU27+4,WEEE_generatedDedicated,WEEE_Cat5,driveCDDInt,n/a,n/a,c-p,0.01,%,2
OBS,2020,EU27+4,WEEE_generatedDedicated,WEEE_Cat5,driveCDDInt,otherMetalsAndMetalAlloys,Ag,e-m,0.0161,%,2
OBS,2020,EU27+4,WEEE_generatedDedicated,WEEE_Cat5,driveCDDInt,otherMetalsAndMetalAlloys,Al,e-m,0.9,%,2
OBS,2020,EU27+4,WEEE_generatedDedicated,WEEE_Cat5,driveCDDInt,otherMetalsAndMetalAlloys,Dy,e-m,0.1,%,2
OBS,2020,EU27+4,WEEE_generatedDedicated,WEEE_Cat5,driveCDDInt,otherMetalsAndMetalAlloys,n/a,m-c,0.00441,%,2
OBS,2020,EU27+4,WEEE_generatedDedicated,WEEE_Cat5,driveCDDInt,plastics,Ag,e-m,0.0254,%,2
OBS,2020,EU27+4,WEEE_generatedDedicated,WEEE_Cat5,driveCDDInt,plastics,n/a,m-c,0.0254,%,2
OBS,2020,EU27+4,WEEE_generatedDedicated,WEEE_Cat5,driveCDDInt,undefinedAndMixedMaterials,Ag,e-m,0.000808,%,2
OBS,2020,EU27+4,WEEE_generatedDedicated,WEEE_Cat5,driveCDDInt,undefinedAndMixedMaterials,n/a,m-c,0.000808,%,2
OBS,2020,EU27+4,WEEE_generatedDedicated,WEEE_Cat5,driveFDD,AlAndAlAlloys,Ag,e-m,0.387,%,2
OBS,2020,EU27+4,WEEE_generatedDedicated,WEEE_Cat5,driveFDD,AlAndAlAlloys,As,e-m,0.97,%,2
OBS,2020,EU27+4,WEEE_generatedDedicated,WEEE_Cat5,driveFDD,AlAndAlAlloys,Cu,e-m,0.002,%,2
OBS,2020,EU27+4,WEEE_generatedDedicated,WEEE_Cat5,driveFDD,AlAndAlAlloys,Ga,e-m,0.001,%,2
OBS,2020,EU27+4,WEEE_generatedDedicated,WEEE_Cat5,driveFDD,AlAndAlAlloys,Mn,e-m,0.0248,%,2
OBS,2020,EU27+4,WEEE_generatedDedicated,WEEE_Cat5,driveFDD,AlAndAlAlloys,Mo,e-m,0.002,%,2
OBS,2020,EU27+4,WEEE_generatedDedicated,WEEE_Cat5,driveFDD,AlAndAlAlloys,Sm,e-m,0.0003,%,2
OBS,2020,EU27+4,WEEE_generatedDedicated,WEEE_Cat5,driveFDD,AlAndAlAlloys,n/a,m-c,0.634,%,2
OBS,2020,EU27+4,WEEE_generatedDedicated,WEEE_Cat5,driveFDD,ferrousMetals,Ag,e-m,0.223,%,2
OBS,2020,EU27+4,WEEE_generatedDedicated,WEEE_Cat5,driveFDD,ferrousMetals,Cu,e-m,0.18,%,2
OBS,2020,EU27+4,WEEE_generatedDedicated,WEEE_Cat5,driveFDD,ferrousMetals,Ga,e-m,0.725,%,2
OBS,2020,EU27+4,WEEE_generatedDedicated,WEEE_Cat5,driveFDD,ferrousMetals,Mo,e-m,0.01,%,2
OBS,2020,EU27+4,WEEE_generatedDedicated,WEEE_Cat5,driveFDD,ferrousMetals,O,e-m,0.08,%,2
OBS,2020,EU27+4,WEEE_generatedDedicated,WEEE_Cat5,driveFDD,ferrousMetals,Sm,e-m,0.005,%,2
OBS,2020,EU27+4,WEEE_generatedDedicated,WEEE_Cat5,driveFDD,ferrousMetals,n/a,m-c,0.366,%,2
OBS,2020,EU27+4,WEEE_generatedDedicated,WEEE_Cat5,driveFDD,n/a,n/a,c-p,0.021,%,1
OBS,2020,EU27+4,WEEE_generatedDedicated,WEEE_Cat5,driveHDD,AlAndAlAlloys,Ag,e-m,0.0345,%,2
OBS,2020,EU27+4,WEEE_generatedDedicated,WEEE_Cat5,driveHDD,AlAndAlAlloys,As,e-m,0.97,%,2
OBS,2020,EU27+4,WEEE_generatedDedicated,WEEE_Cat5,driveHDD,AlAndAlAlloys,Cu,e-m,0.002,%,2
OBS,2020,EU27+4,WEEE_generatedDedicated,WEEE_Cat5,driveHDD,AlAndAlAlloys,Ga,e-m,0.001,%,2
OBS,2020,EU27+4,WEEE_generatedDedicated,WEEE_Cat5,driveHDD,AlAndAlAlloys,Mn,e-m,0.0248,%,2
OBS,2020,EU27+4,WEEE_generatedDedicated,WEEE_Cat5,driveHDD,AlAndAlAlloys,Mo,e-m,0.002,%,2
OBS,2020,EU27+4,WEEE_generatedDedicated,WEEE_Cat5,driveHDD,AlAndAlAlloys,Sm,e-m,0.0003,%,2
OBS,2020,EU27+4,WEEE_generatedDedicated,WEEE_Cat5,driveHDD,AlAndAlAlloys,n/a,m-c,0.0297,%,2
OBS,2020,EU27+4,WEEE_generatedDedicated,WEEE_Cat5,driveHDD,CuAndCuAlloys,Ag,e-m,0.00548,%,2
OBS,2020,EU27+4,WEEE_generatedDedicated,WEEE_Cat5,driveHDD,CuAndCuAlloys,Dy,e-m,0.75,%,2
OBS,2020,EU27+4,WEEE_generatedDedicated,WEEE_Cat5,driveHDD,CuAndCuAlloys,Zr,e-m,0.25,%,2
OBS,2020,EU27+4,WEEE_generatedDedicated,WEEE_Cat5,driveHDD,CuAndCuAlloys,n/a,m-c,0.00471,%,2
OBS,2020,EU27+4,WEEE_generatedDedicated,WEEE_Cat5,driveHDD,ferrousMetals,Ag,e-m,0.129,%,2
OBS,2020,EU27+4,WEEE_generatedDedicated,WEEE_Cat5,driveHDD,ferrousMetals,Cu,e-m,0.18,%,2
OBS,2020,EU27+4,WEEE_generatedDedicated,WEEE_Cat5,driveHDD,ferrousMetals,Ga,e-m,0.725,%,2
OBS,2020,EU27+4,WEEE_generatedDedicated,WEEE_Cat5,driveHDD,ferrousMetals,Mo,e-m,0.01,%,2
OBS,2020,EU27+4,WEEE_generatedDedicated,WEEE_Cat5,driveHDD,ferrousMetals,O,e-m,0.08,%,2
OBS,2020,EU27+4,WEEE_generatedDedicated,WEEE_Cat5,driveHDD,ferrousMetals,Sm,e-m,0.005,%,2
OBS,2020,EU27+4,WEEE_generatedDedicated,WEEE_Cat5,driveHDD,ferrousMetals,n/a,m-c,0.129,%,2
OBS,2020,EU27+4,WEEE_generatedDedicated,WEEE_Cat5,driveHDD,n/a,n/a,c-p,0.00492,%,1
OBS,2020,EU27+4,WEEE_generatedDedicated,WEEE_Cat5,driveHDD,otherMetalsAndMetalAlloys,Ag,e-m,0.242,%,2
OBS,2020,EU27+4,WEEE_generatedDedicated,WEEE_Cat5,driveHDD,otherMetalsAndMetalAlloys,Al,e-m,0.9,%,2
OBS,2020,EU27+4,WEEE_generatedDedicated,WEEE_Cat5,driveHDD,otherMetalsAndMetalAlloys,Dy,e-m,0.1,%,2
OBS,2020,EU27+4,WEEE_generatedDedicated,WEEE_Cat5,driveHDD,otherMetalsAndMetalAlloys,n/a,m-c,0.242,%,2
OBS,2020,EU27+4,WEEE_generatedDedicated,WEEE_Cat5,driveHDD,plastics,Ag,e-m,0.00853,%,2
OBS,2020,EU27+4,WEEE_generatedDedicated,WEEE_Cat5,driveHDD,plastics,n/a,m-c,0.00853,%,2
OBS,2020,EU27+4,WEEE_generatedDedicated,WEEE_Cat5,driveHDD,undefinedAndMixedMaterials,Ag,e-m,0.0459,%,2
OBS,2020,EU27+4,WEEE_generatedDedicated,WEEE_Cat5,driveHDD,undefinedAndMixedMaterials,n/a,m-c,0.00271,%,2
OBS,2020,EU27+4,WEEE_generatedDedicated,WEEE_Cat5,driveUnspecified,CuAndCuAlloys,Ag,e-m,0.0226,%,2
OBS,2020,EU27+4,WEEE_generatedDedicated,WEEE_Cat5,driveUnspecified,CuAndCuAlloys,Dy,e-m,0.75,%,2
OBS,2020,EU27+4,WEEE_generatedDedicated,WEEE_Cat5,driveUnspecified,CuAndCuAlloys,Zr,e-m,0.25,%,2
OBS,2020,EU27+4,WEEE_generatedDedicated,WEEE_Cat5,driveUnspecified,CuAndCuAlloys,n/a,m-c,0.0226,%,2
OBS,2020,EU27+4,WEEE_generatedDedicated,WEEE_Cat5,driveUnspecified,ferrousMetals,Ag,e-m,0.316,%,2
OBS,2020,EU27+4,WEEE_generatedDedicated,WEEE_Cat5,driveUnspecified,ferrousMetals,Cu,e-m,0.18,%,2
OBS,2020,EU27+4,WEEE_generatedDedicated,WEEE_Cat5,driveUnspecified,ferrousMetals,Ga,e-m,0.725,%,2
OBS,2020,EU27+4,WEEE_generatedDedicated,WEEE_Cat5,driveUnspecified,ferrousMetals,Mo,e-m,0.01,%,2
OBS,2020,EU27+4,WEEE_generatedDedicated,WEEE_Cat5,driveUnspecified,ferrousMetals,O,e-m,0.08,%,2
OBS,2020,EU27+4,WEEE_generatedDedicated,WEEE_Cat5,driveUnspecified,ferrousMetals,Sm,e-m,0.005,%,2
OBS,2020,EU27+4,WEEE_generatedDedicated,WEEE_Cat5,driveUnspecified,ferrousMetals,n/a,m-c,0.316,%,2
OBS,2020,EU27+4,WEEE_generatedDedicated,WEEE_Cat5,driveUnspecified,n/a,n/a,c-p,0.0822,%,2
OBS,2020,EU27+4,WEEE_generatedDedicated,WEEE_Cat5,driveUnspecified,plastics,Ag,e-m,0.188,%,2
OBS,2020,EU27+4,WEEE_generatedDedicated,WEEE_Cat5,driveUnspecified,plastics,n/a,m-c,0.188,%,2
OBS,2020,EU27+4,WEEE_generatedDedicated,WEEE_Cat5,driveUnspecified,undefinedAndMixedMaterials,Ag,e-m,0.0136,%,2
OBS,2020,EU27+4,WEEE_generatedDedicated,WEEE_Cat5,driveUnspecified,undefinedAndMixedMaterials,n/a,m-c,0.0136,%,2
OBS,2020,EU27+4,WEEE_generatedDedicated,WEEE_Cat5,electricEngine,AlAndAlAlloys,Ag,e-m,0.0268,%,1
OBS,2020,EU27+4,WEEE_generatedDedicated,WEEE_Cat5,electricEngine,AlAndAlAlloys,As,e-m,0.97,%,1
OBS,2020,EU27+4,WEEE_generatedDedicated,WEEE_Cat5,electricEngine,AlAndAlAlloys,Cu,e-m,0.002,%,1
OBS,2020,EU27+4,WEEE_generatedDedicated,WEEE_Cat5,electricEngine,AlAndAlAlloys,Ga,e-m,0.001,%,1
OBS,2020,EU27+4,WEEE_generatedDedicated,WEEE_Cat5,electricEngine,AlAndAlAlloys,Mn,e-m,0.0248,%,1
OBS,2020,EU27+4,WEEE_generatedDedicated,WEEE_Cat5,electricEngine,AlAndAlAlloys,Mo,e-m,0.002,%,1
OBS,2020,EU27+4,WEEE_generatedDedicated,WEEE_Cat5,electricEngine,AlAndAlAlloys,Sm,e-m,0.0003,%,1
OBS,2020,EU27+4,WEEE_generatedDedicated,WEEE_Cat5,electricEngine,AlAndAlAlloys,n/a,m-c,0.0219,%,1
OBS,2020,EU27+4,WEEE_generatedDedicated,WEEE_Cat5,electricEngine,CuAndCuAlloys,Ag,e-m,0.186,%,1
OBS,2020,EU27+4,WEEE_generatedDedicated,WEEE_Cat5,electricEngine,CuAndCuAlloys,Dy,e-m,0.75,%,1
OBS,2020,EU27+4,WEEE_generatedDedicated,WEEE_Cat5,electricEngine,CuAndCuAlloys,Zr,e-m,0.25,%,1
OBS,2020,EU27+4,WEEE_generatedDedicated,WEEE_Cat5,electricEngine,CuAndCuAlloys,n/a,m-c,0.127,%,1
OBS,2020,EU27+4,WEEE_generatedDedicated,WEEE_Cat5,electricEngine,carbon,Ag,e-m,0.194,%,1
OBS,2020,EU27+4,WEEE_generatedDedicated,WEEE_Cat5,electricEngine,carbon,Pd,e-m,0.265,%,1
OBS,2020,EU27+4,WEEE_generatedDedicated,WEEE_Cat5,electricEngine,carbon,Sc,e-m,0.00196,%,1
OBS,2020,EU27+4,WEEE_generatedDedicated,WEEE_Cat5,electricEngine,carbon,Zr,e-m,0.000708,%,1
OBS,2020,EU27+4,WEEE_generatedDedicated,WEEE_Cat5,electricEngine,carbon,n/a,m-c,0.159,%,1
OBS,2020,EU27+4,WEEE_generatedDedicated,WEEE_Cat5,electricEngine,ferrousMetals,Ag,e-m,0.734,%,1
OBS,2020,EU27+4,WEEE_generatedDedicated,WEEE_Cat5,electricEngine,ferrousMetals,Ca,e-m,0.0198,%,1
OBS,2020,EU27+4,WEEE_generatedDedicated,WEEE_Cat5,electricEngine,ferrousMetals,Cu,e-m,0.072,%,1
OBS,2020,EU27+4,WEEE_generatedDedicated,WEEE_Cat5,electricEngine,ferrousMetals,Ga,e-m,0.853,%,1
OBS,2020,EU27+4,WEEE_generatedDedicated,WEEE_Cat5,electricEngine,ferrousMetals,Mo,e-m,0.0085,%,1
OBS,2020,EU27+4,WEEE_generatedDedicated,WEEE_Cat5,electricEngine,ferrousMetals,O,e-m,0.032,%,1
OBS,2020,EU27+4,WEEE_generatedDedicated,WEEE_Cat5,electricEngine,ferrousMetals,Sm,e-m,0.0152,%,1
OBS,2020,EU27+4,WEEE_generatedDedicated,WEEE_Cat5,electricEngine,ferrousMetals,n/a,m-c,0.601,%,1
OBS,2020,EU27+4,WEEE_generatedDedicated,WEEE_Cat5,electricEngine,n/a,n/a,c-p,0.00863,%,1
OBS,2020,EU27+4,WEEE_generatedDedicated,WEEE_Cat5,electricEngine,otherOrganics,Ag,e-m,0.00321,%,1
OBS,2020,EU27+4,WEEE_generatedDedicated,WEEE_Cat5,electricEngine,otherOrganics,n/a,m-c,0.00263,%,1
OBS,2020,EU27+4,WEEE_generatedDedicated,WEEE_Cat5,electricEngine,plastics,Ag,e-m,0.077,%,1
OBS,2020,EU27+4,WEEE_generatedDedicated,WEEE_Cat5,electricEngine,plastics,n/a,m-c,0.0584,%,1
OBS,2020,EU27+4,WEEE_generatedDedicated,WEEE_Cat5,filterFoamBased,n/a,n/a,c-p,0.00157,%,1
OBS,2020,EU27+4,WEEE_generatedDedicated,WEEE_Cat5,filterFoamBased,plastics,Ag,e-m,1,%,1
OBS,2020,EU27+4,WEEE_generatedDedicated,WEEE_Cat5,filterFoamBased,plastics,n/a,m-c,1,%,1
OBS,2020,EU27+4,WEEE_generatedDedicated,WEEE_Cat5,fuse,n/a,n/a,c-p,0.0000501,%,1
OBS,2020,EU27+4,WEEE_generatedDedicated,WEEE_Cat5,gear,n/a,n/a,c-p,0.000996,%,1
OBS,2020,EU27+4,WEEE_generatedDedicated,WEEE_Cat5,gear,plastics,Ag,e-m,1,%,1
OBS,2020,EU27+4,WEEE_generatedDedicated,WEEE_Cat5,gear,plastics,n/a,m-c,1,%,1
OBS,2020,EU27+4,WEEE_generatedDedicated,WEEE_Cat5,heatingCoolingEEEairCondenser,CuAndCuAlloys,Ag,e-m,0.749,%,1
OBS,2020,EU27+4,WEEE_generatedDedicated,WEEE_Cat5,heatingCoolingEEEairCondenser,CuAndCuAlloys,Dy,e-m,0.75,%,1
OBS,2020,EU27+4,WEEE_generatedDedicated,WEEE_Cat5,heatingCoolingEEEairCondenser,CuAndCuAlloys,Zr,e-m,0.25,%,1
OBS,2020,EU27+4,WEEE_generatedDedicated,WEEE_Cat5,heatingCoolingEEEairCondenser,CuAndCuAlloys,n/a,m-c,0.743,%,1
OBS,2020,EU27+4,WEEE_generatedDedicated,WEEE_Cat5,heatingCoolingEEEairCondenser,n/a,n/a,c-p,0.000985,%,1
OBS,2020,EU27+4,WEEE_generatedDedicated,WEEE_Cat5,heatingCoolingEEEairCondenser,otherOrUndefinedMaterials,Ag,e-m,0.00803,%,1
OBS,2020,EU27+4,WEEE_generatedDedicated,WEEE_Cat5,heatingCoolingEEEairCondenser,otherOrUndefinedMaterials,n/a,m-c,0.00797,%,1
OBS,2020,EU27+4,WEEE_generatedDedicated,WEEE_Cat5,heatingCoolingEEEairCondenser,plastics,Ag,e-m,0.00803,%,1
OBS,2020,EU27+4,WEEE_generatedDedicated,WEEE_Cat5,heatingCoolingEEEairCondenser,plastics,n/a,m-c,0.00797,%,1
OBS,2020,EU27+4,WEEE_generatedDedicated,WEEE_Cat5,heatingCoolingEEEairCondenser,steelAndSteelAlloys,Ag,e-m,0.243,%,1
OBS,2020,EU27+4,WEEE_generatedDedicated,WEEE_Cat5,heatingCoolingEEEairCondenser,steelAndSteelAlloys,Cu,e-m,0.18,%,1
OBS,2020,EU27+4,WEEE_generatedDedicated,WEEE_Cat5,heatingCoolingEEEairCondenser,steelAndSteelAlloys,Ga,e-m,0.725,%,1
OBS,2020,EU27+4,WEEE_generatedDedicated,WEEE_Cat5,heatingCoolingEEEairCondenser,steelAndSteelAlloys,Mo,e-m,0.01,%,1
OBS,2020,EU27+4,WEEE_generatedDedicated,WEEE_Cat5,heatingCoolingEEEairCondenser,steelAndSteelAlloys,O,e-m,0.08,%,1
OBS,2020,EU27+4,WEEE_generatedDedicated,WEEE_Cat5,heatingCoolingEEEairCondenser,steelAndSteelAlloys,Sm,e-m,0.005,%,1
OBS,2020,EU27+4,WEEE_generatedDedicated,WEEE_Cat5,heatingCoolingEEEairCondenser,steelAndSteelAlloys,n/a,m-c,0.241,%,1
OBS,2020,EU27+4,WEEE_generatedDedicated,WEEE_Cat5,heatingCoolingEEEfan,AlAndAlAlloys,Ag,e-m,0.011,%,1
OBS,2020,EU27+4,WEEE_generatedDedicated,WEEE_Cat5,heatingCoolingEEEfan,AlAndAlAlloys,As,e-m,0.97,%,1
OBS,2020,EU27+4,WEEE_generatedDedicated,WEEE_Cat5,heatingCoolingEEEfan,AlAndAlAlloys,Cu,e-m,0.002,%,1
OBS,2020,EU27+4,WEEE_generatedDedicated,WEEE_Cat5,heatingCoolingEEEfan,AlAndAlAlloys,Ga,e-m,0.001,%,1
OBS,2020,EU27+4,WEEE_generatedDedicated,WEEE_Cat5,heatingCoolingEEEfan,AlAndAlAlloys,Mn,e-m,0.0248,%,1
OBS,2020,EU27+4,WEEE_generatedDedicated,WEEE_Cat5,heatingCoolingEEEfan,AlAndAlAlloys,Mo,e-m,0.002,%,1
OBS,2020,EU27+4,WEEE_generatedDedicated,WEEE_Cat5,heatingCoolingEEEfan,AlAndAlAlloys,Sm,e-m,0.0003,%,1
OBS,2020,EU27+4,WEEE_generatedDedicated,WEEE_Cat5,heatingCoolingEEEfan,AlAndAlAlloys,n/a,m-c,0.011,%,1
OBS,2020,EU27+4,WEEE_generatedDedicated,WEEE_Cat5,heatingCoolingEEEfan,CuAndCuAlloys,Ag,e-m,0.00766,%,1
OBS,2020,EU27+4,WEEE_generatedDedicated,WEEE_Cat5,heatingCoolingEEEfan,CuAndCuAlloys,Dy,e-m,0.75,%,1
OBS,2020,EU27+4,WEEE_generatedDedicated,WEEE_Cat5,heatingCoolingEEEfan,CuAndCuAlloys,Zr,e-m,0.25,%,1
OBS,2020,EU27+4,WEEE_generatedDedicated,WEEE_Cat5,heatingCoolingEEEfan,CuAndCuAlloys,n/a,m-c,0.00766,%,1
OBS,2020,EU27+4,WEEE_generatedDedicated,WEEE_Cat5,heatingCoolingEEEfan,ferrousMetals,Ag,e-m,0.039,%,1
OBS,2020,EU27+4,WEEE_generatedDedicated,WEEE_Cat5,heatingCoolingEEEfan,ferrousMetals,Ca,e-m,0.033,%,1
OBS,2020,EU27+4,WEEE_generatedDedicated,WEEE_Cat5,heatingCoolingEEEfan,ferrousMetals,Cu,e-m,0.18,%,2
OBS,2020,EU27+4,WEEE_generatedDedicated,WEEE_Cat5,heatingCoolingEEEfan,ferrousMetals,Ga,e-m,0.725,%,1
OBS,2020,EU27+4,WEEE_generatedDedicated,WEEE_Cat5,heatingCoolingEEEfan,ferrousMetals,Mo,e-m,0.0075,%,1
OBS,2020,EU27+4,WEEE_generatedDedicated,WEEE_Cat5,heatingCoolingEEEfan,ferrousMetals,O,e-m,0.08,%,2
OBS,2020,EU27+4,WEEE_generatedDedicated,WEEE_Cat5,heatingCoolingEEEfan,ferrousMetals,Sm,e-m,0.005,%,1
OBS,2020,EU27+4,WEEE_generatedDedicated,WEEE_Cat5,heatingCoolingEEEfan,ferrousMetals,n/a,m-c,0.039,%,1
OBS,2020,EU27+4,WEEE_generatedDedicated,WEEE_Cat5,heatingCoolingEEEfan,n/a,n/a,c-p,0.00144,%,1
OBS,2020,EU27+4,WEEE_generatedDedicated,WEEE_Cat5,heatingCoolingEEEfan,otherMetalsAndMetalAlloys,n/a,m-c,0.000408,%,2
OBS,2020,EU27+4,WEEE_generatedDedicated,WEEE_Cat5,heatingCoolingEEEfan,plastics,Ag,e-m,0.0544,%,1
OBS,2020,EU27+4,WEEE_generatedDedicated,WEEE_Cat5,heatingCoolingEEEfan,plastics,n/a,m-c,0.0544,%,1
OBS,2020,EU27+4,WEEE_generatedDedicated,WEEE_Cat5,heatingCoolingEEEfan,steelAndSteelAlloys,Ag,e-m,0.648,%,1
OBS,2020,EU27+4,WEEE_generatedDedicated,WEEE_Cat5,heatingCoolingEEEfan,steelAndSteelAlloys,Cu,e-m,0.18,%,1
OBS,2020,EU27+4,WEEE_generatedDedicated,WEEE_Cat5,heatingCoolingEEEfan,steelAndSteelAlloys,Ga,e-m,0.725,%,1
OBS,2020,EU27+4,WEEE_generatedDedicated,WEEE_Cat5,heatingCoolingEEEfan,steelAndSteelAlloys,Mo,e-m,0.01,%,1
OBS,2020,EU27+4,WEEE_generatedDedicated,WEEE_Cat5,heatingCoolingEEEfan,steelAndSteelAlloys,O,e-m,0.08,%,1
OBS,2020,EU27+4,WEEE_generatedDedicated,WEEE_Cat5,heatingCoolingEEEfan,steelAndSteelAlloys,Sm,e-m,0.005,%,1
OBS,2020,EU27+4,WEEE_generatedDedicated,WEEE_Cat5,heatingCoolingEEEfan,steelAndSteelAlloys,n/a,m-c,0.648,%,1
OBS,2020,EU27+4,WEEE_generatedDedicated,WEEE_Cat5,heatingCoolingEEEfan,undefinedAndMixedMaterials,Ag,e-m,0.00671,%,2
OBS,2020,EU27+4,WEEE_generatedDedicated,WEEE_Cat5,heatingCoolingEEEfan,undefinedAndMixedMaterials,n/a,m-c,0.00245,%,2
OBS,2020,EU27+4,WEEE_generatedDedicated,WEEE_Cat5,heatingCoolingEEEheatSink,AlAndAlAlloys,Ag,e-m,0.27,%,2
OBS,2020,EU27+4,WEEE_generatedDedicated,WEEE_Cat5,heatingCoolingEEEheatSink,AlAndAlAlloys,As,e-m,0.97,%,2
OBS,2020,EU27+4,WEEE_generatedDedicated,WEEE_Cat5,heatingCoolingEEEheatSink,AlAndAlAlloys,Cu,e-m,0.002,%,2
OBS,2020,EU27+4,WEEE_generatedDedicated,WEEE_Cat5,heatingCoolingEEEheatSink,AlAndAlAlloys,Ga,e-m,0.001,%,2
OBS,2020,EU27+4,WEEE_generatedDedicated,WEEE_Cat5,heatingCoolingEEEheatSink,AlAndAlAlloys,Mn,e-m,0.0248,%,2
OBS,2020,EU27+4,WEEE_generatedDedicated,WEEE_Cat5,heatingCoolingEEEheatSink,AlAndAlAlloys,Mo,e-m,0.002,%,2
OBS,2020,EU27+4,WEEE_generatedDedicated,WEEE_Cat5,heatingCoolingEEEheatSink,AlAndAlAlloys,Sm,e-m,0.0003,%,2
OBS,2020,EU27+4,WEEE_generatedDedicated,WEEE_Cat5,heatingCoolingEEEheatSink,AlAndAlAlloys,n/a,m-c,0.27,%,2
OBS,2020,EU27+4,WEEE_generatedDedicated,WEEE_Cat5,heatingCoolingEEEheatSink,CuAndCuAlloys,Ag,e-m,0.0988,%,2
OBS,2020,EU27+4,WEEE_generatedDedicated,WEEE_Cat5,heatingCoolingEEEheatSink,CuAndCuAlloys,Dy,e-m,0.75,%,2
OBS,2020,EU27+4,WEEE_generatedDedicated,WEEE_Cat5,heatingCoolingEEEheatSink,CuAndCuAlloys,Zr,e-m,0.25,%,2
OBS,2020,EU27+4,WEEE_generatedDedicated,WEEE_Cat5,heatingCoolingEEEheatSink,CuAndCuAlloys,n/a,m-c,0.0988,%,2
OBS,2020,EU27+4,WEEE_generatedDedicated,WEEE_Cat5,heatingCoolingEEEheatSink,ferrousMetals,Ag,e-m,0.0403,%,2
OBS,2020,EU27+4,WEEE_generatedDedicated,WEEE_Cat5,heatingCoolingEEEheatSink,ferrousMetals,Cu,e-m,0.18,%,2
OBS,2020,EU27+4,WEEE_generatedDedicated,WEEE_Cat5,heatingCoolingEEEheatSink,ferrousMetals,Ga,e-m,0.725,%,2
OBS,2020,EU27+4,WEEE_generatedDedicated,WEEE_Cat5,heatingCoolingEEEheatSink,ferrousMetals,Mo,e-m,0.01,%,2
OBS,2020,EU27+4,WEEE_generatedDedicated,WEEE_Cat5,heatingCoolingEEEheatSink,ferrousMetals,O,e-m,0.08,%,2
OBS,2020,EU27+4,WEEE_generatedDedicated,WEEE_Cat5,heatingCoolingEEEheatSink,ferrousMetals,Sm,e-m,0.005,%,2
OBS,2020,EU27+4,WEEE_generatedDedicated,WEEE_Cat5,heatingCoolingEEEheatSink,ferrousMetals,n/a,m-c,0.0403,%,2
OBS,2020,EU27+4,WEEE_generatedDedicated,WEEE_Cat5,heatingCoolingEEEheatSink,n/a,n/a,c-p,0.00147,%,1
OBS,2020,EU27+4,WEEE_generatedDedicated,WEEE_Cat5,heatingCoolingEEEheatSink,otherMetalsAndMetalAlloys,Ag,e-m,0.27,%,2
OBS,2020,EU27+4,WEEE_generatedDedicated,WEEE_Cat5,heatingCoolingEEEheatSink,otherMetalsAndMetalAlloys,Al,e-m,0.9,%,2
OBS,2020,EU27+4,WEEE_generatedDedicated,WEEE_Cat5,heatingCoolingEEEheatSink,otherMetalsAndMetalAlloys,Dy,e-m,0.1,%,2
OBS,2020,EU27+4,WEEE_generatedDedicated,WEEE_Cat5,heatingCoolingEEEheatSink,otherMetalsAndMetalAlloys,n/a,m-c,0.27,%,2
OBS,2020,EU27+4,WEEE_generatedDedicated,WEEE_Cat5,heatingCoolingEEEheatSink,plastics,Ag,e-m,0.00748,%,2
OBS,2020,EU27+4,WEEE_generatedDedicated,WEEE_Cat5,heatingCoolingEEEheatSink,plastics,n/a,m-c,0.0068,%,2
OBS,2020,EU27+4,WEEE_generatedDedicated,WEEE_Cat5,heatingCoolingEEEheatSink,undefinedAndMixedMaterials,Ag,e-m,0.0174,%,2
OBS,2020,EU27+4,WEEE_generatedDedicated,WEEE_Cat5,heatingCoolingEEEheatSink,undefinedAndMixedMaterials,n/a,m-c,0.0158,%,2
OBS,2020,EU27+4,WEEE_generatedDedicated,WEEE_Cat5,inductor,CuAndCuAlloys,Ag,e-m,0.0622,%,2
OBS,2020,EU27+4,WEEE_generatedDedicated,WEEE_Cat5,inductor,CuAndCuAlloys,Dy,e-m,0.75,%,2
OBS,2020,EU27+4,WEEE_generatedDedicated,WEEE_Cat5,inductor,CuAndCuAlloys,Zr,e-m,0.25,%,2
OBS,2020,EU27+4,WEEE_generatedDedicated,WEEE_Cat5,inductor,CuAndCuAlloys,n/a,m-c,0.4,%,2
OBS,2020,EU27+4,WEEE_generatedDedicated,WEEE_Cat5,inductor,ferrousMetals,Ag,e-m,0.0622,%,2
OBS,2020,EU27+4,WEEE_generatedDedicated,WEEE_Cat5,inductor,ferrousMetals,Cu,e-m,0.18,%,2
OBS,2020,EU27+4,WEEE_generatedDedicated,WEEE_Cat5,inductor,ferrousMetals,Ga,e-m,0.725,%,2
OBS,2020,EU27+4,WEEE_generatedDedicated,WEEE_Cat5,inductor,ferrousMetals,Mo,e-m,0.01,%,2
OBS,2020,EU27+4,WEEE_generatedDedicated,WEEE_Cat5,inductor,ferrousMetals,O,e-m,0.08,%,2
OBS,2020,EU27+4,WEEE_generatedDedicated,WEEE_Cat5,inductor,ferrousMetals,Sm,e-m,0.005,%,2
OBS,2020,EU27+4,WEEE_generatedDedicated,WEEE_Cat5,inductor,ferrousMetals,n/a,m-c,0.4,%,2
OBS,2020,EU27+4,WEEE_generatedDedicated,WEEE_Cat5,inductor,n/a,n/a,c-p,0.00367,%,1
OBS,2020,EU27+4,WEEE_generatedDedicated,WEEE_Cat5,inductor,plastics,Ag,e-m,0.0312,%,2
OBS,2020,EU27+4,WEEE_generatedDedicated,WEEE_Cat5,inductor,plastics,n/a,m-c,0.2,%,2
OBS,2020,EU27+4,WEEE_generatedDedicated,WEEE_Cat5,insulation,n/a,n/a,c-p,0.000905,%,1
OBS,2020,EU27+4,WEEE_generatedDedicated,WEEE_Cat5,keyboard,AlAndAlAlloys,Ag,e-m,0.425,%,2
OBS,2020,EU27+4,WEEE_generatedDedicated,WEEE_Cat5,keyboard,AlAndAlAlloys,As,e-m,0.97,%,2
OBS,2020,EU27+4,WEEE_generatedDedicated,WEEE_Cat5,keyboard,AlAndAlAlloys,Cu,e-m,0.002,%,2
OBS,2020,EU27+4,WEEE_generatedDedicated,WEEE_Cat5,keyboard,AlAndAlAlloys,Ga,e-m,0.001,%,2
OBS,2020,EU27+4,WEEE_generatedDedicated,WEEE_Cat5,keyboard,AlAndAlAlloys,Mn,e-m,0.0248,%,2
OBS,2020,EU27+4,WEEE_generatedDedicated,WEEE_Cat5,keyboard,AlAndAlAlloys,Mo,e-m,0.002,%,2
OBS,2020,EU27+4,WEEE_generatedDedicated,WEEE_Cat5,keyboard,AlAndAlAlloys,Sm,e-m,0.0003,%,2
OBS,2020,EU27+4,WEEE_generatedDedicated,WEEE_Cat5,keyboard,AlAndAlAlloys,n/a,m-c,0.298,%,2
OBS,2020,EU27+4,WEEE_generatedDedicated,WEEE_Cat5,keyboard,CuAndCuAlloys,Ag,e-m,0.00512,%,2
OBS,2020,EU27+4,WEEE_generatedDedicated,WEEE_Cat5,keyboard,CuAndCuAlloys,Dy,e-m,0.75,%,2
OBS,2020,EU27+4,WEEE_generatedDedicated,WEEE_Cat5,keyboard,CuAndCuAlloys,Zr,e-m,0.25,%,2
OBS,2020,EU27+4,WEEE_generatedDedicated,WEEE_Cat5,keyboard,CuAndCuAlloys,n/a,m-c,0.00485,%,2
OBS,2020,EU27+4,WEEE_generatedDedicated,WEEE_Cat5,keyboard,ferrousMetals,Ag,e-m,0.0108,%,2
OBS,2020,EU27+4,WEEE_generatedDedicated,WEEE_Cat5,keyboard,ferrousMetals,Cu,e-m,0.18,%,2
OBS,2020,EU27+4,WEEE_generatedDedicated,WEEE_Cat5,keyboard,ferrousMetals,Ga,e-m,0.725,%,2
OBS,2020,EU27+4,WEEE_generatedDedicated,WEEE_Cat5,keyboard,ferrousMetals,Mo,e-m,0.01,%,2
OBS,2020,EU27+4,WEEE_generatedDedicated,WEEE_Cat5,keyboard,ferrousMetals,O,e-m,0.08,%,2
OBS,2020,EU27+4,WEEE_generatedDedicated,WEEE_Cat5,keyboard,ferrousMetals,Sm,e-m,0.005,%,2
OBS,2020,EU27+4,WEEE_generatedDedicated,WEEE_Cat5,keyboard,ferrousMetals,n/a,m-c,0.0107,%,2
OBS,2020,EU27+4,WEEE_generatedDedicated,WEEE_Cat5,keyboard,n/a,n/a,c-p,0.0013,%,1
OBS,2020,EU27+4,WEEE_generatedDedicated,WEEE_Cat5,keyboard,otherMetalsAndMetalAlloys,Ag,e-m,0.0599,%,2
OBS,2020,EU27+4,WEEE_generatedDedicated,WEEE_Cat5,keyboard,otherMetalsAndMetalAlloys,Al,e-m,0.9,%,2
OBS,2020,EU27+4,WEEE_generatedDedicated,WEEE_Cat5,keyboard,otherMetalsAndMetalAlloys,Dy,e-m,0.1,%,2
OBS,2020,EU27+4,WEEE_generatedDedicated,WEEE_Cat5,keyboard,otherMetalsAndMetalAlloys,n/a,m-c,0.0576,%,2
OBS,2020,EU27+4,WEEE_generatedDedicated,WEEE_Cat5,keyboard,plastics,Ag,e-m,0.338,%,2
OBS,2020,EU27+4,WEEE_generatedDedicated,WEEE_Cat5,keyboard,plastics,n/a,m-c,0.237,%,2
OBS,2020,EU27+4,WEEE_generatedDedicated,WEEE_Cat5,keyboard,undefinedAndMixedMaterials,Ag,e-m,0.0189,%,2
OBS,2020,EU27+4,WEEE_generatedDedicated,WEEE_Cat5,keyboard,undefinedAndMixedMaterials,n/a,m-c,0.0182,%,2
OBS,2020,EU27+4,WEEE_generatedDedicated,WEEE_Cat5,knob,AlAndAlAlloys,Ag,e-m,0.0208,%,1
OBS,2020,EU27+4,WEEE_generatedDedicated,WEEE_Cat5,knob,AlAndAlAlloys,As,e-m,0.97,%,1
OBS,2020,EU27+4,WEEE_generatedDedicated,WEEE_Cat5,knob,AlAndAlAlloys,Cu,e-m,0.002,%,1
OBS,2020,EU27+4,WEEE_generatedDedicated,WEEE_Cat5,knob,AlAndAlAlloys,Ga,e-m,0.001,%,1
OBS,2020,EU27+4,WEEE_generatedDedicated,WEEE_Cat5,knob,AlAndAlAlloys,Mn,e-m,0.0248,%,1
OBS,2020,EU27+4,WEEE_generatedDedicated,WEEE_Cat5,knob,AlAndAlAlloys,Mo,e-m,0.002,%,1
OBS,2020,EU27+4,WEEE_generatedDedicated,WEEE_Cat5,knob,AlAndAlAlloys,Sm,e-m,0.0003,%,1
OBS,2020,EU27+4,WEEE_generatedDedicated,WEEE_Cat5,knob,AlAndAlAlloys,n/a,m-c,0.0208,%,1
OBS,2020,EU27+4,WEEE_generatedDedicated,WEEE_Cat5,knob,ferrousMetals,Ag,e-m,0.104,%,1
OBS,2020,EU27+4,WEEE_generatedDedicated,WEEE_Cat5,knob,ferrousMetals,Ca,e-m,0.033,%,1
OBS,2020,EU27+4,WEEE_generatedDedicated,WEEE_Cat5,knob,ferrousMetals,Ga,e-m,0.938,%,1
OBS,2020,EU27+4,WEEE_generatedDedicated,WEEE_Cat5,knob,ferrousMetals,Mo,e-m,0.0075,%,1
OBS,2020,EU27+4,WEEE_generatedDedicated,WEEE_Cat5,knob,ferrousMetals,Sm,e-m,0.022,%,1
OBS,2020,EU27+4,WEEE_generatedDedicated,WEEE_Cat5,knob,ferrousMetals,n/a,m-c,0.104,%,1
OBS,2020,EU27+4,WEEE_generatedDedicated,WEEE_Cat5,knob,n/a,n/a,c-p,0.00378,%,1
OBS,2020,EU27+4,WEEE_generatedDedicated,WEEE_Cat5,knob,plastics,Ag,e-m,0.875,%,1
OBS,2020,EU27+4,WEEE_generatedDedicated,WEEE_Cat5,knob,plastics,n/a,m-c,0.875,%,1
OBS,2020,EU27+4,WEEE_generatedDedicated,WEEE_Cat5,lenseAssembly,AlAndAlAlloys,Ag,e-m,0.0932,%,2
OBS,2020,EU27+4,WEEE_generatedDedicated,WEEE_Cat5,lenseAssembly,AlAndAlAlloys,As,e-m,0.97,%,2
OBS,2020,EU27+4,WEEE_generatedDedicated,WEEE_Cat5,lenseAssembly,AlAndAlAlloys,Cu,e-m,0.002,%,2
OBS,2020,EU27+4,WEEE_generatedDedicated,WEEE_Cat5,lenseAssembly,AlAndAlAlloys,Ga,e-m,0.001,%,2
OBS,2020,EU27+4,WEEE_generatedDedicated,WEEE_Cat5,lenseAssembly,AlAndAlAlloys,Mn,e-m,0.0248,%,2
OBS,2020,EU27+4,WEEE_generatedDedicated,WEEE_Cat5,lenseAssembly,AlAndAlAlloys,Mo,e-m,0.002,%,2
OBS,2020,EU27+4,WEEE_generatedDedicated,WEEE_Cat5,lenseAssembly,AlAndAlAlloys,Sm,e-m,0.0003,%,2
OBS,2020,EU27+4,WEEE_generatedDedicated,WEEE_Cat5,lenseAssembly,AlAndAlAlloys,n/a,m-c,0.0861,%,2
OBS,2020,EU27+4,WEEE_generatedDedicated,WEEE_Cat5,lenseAssembly,CuAndCuAlloys,Ag,e-m,0.00734,%,2
OBS,2020,EU27+4,WEEE_generatedDedicated,WEEE_Cat5,lenseAssembly,CuAndCuAlloys,Dy,e-m,0.75,%,2
OBS,2020,EU27+4,WEEE_generatedDedicated,WEEE_Cat5,lenseAssembly,CuAndCuAlloys,Zr,e-m,0.25,%,2
OBS,2020,EU27+4,WEEE_generatedDedicated,WEEE_Cat5,lenseAssembly,CuAndCuAlloys,n/a,m-c,0.0069,%,2
OBS,2020,EU27+4,WEEE_generatedDedicated,WEEE_Cat5,lenseAssembly,ferrousMetals,Ag,e-m,0.191,%,2
OBS,2020,EU27+4,WEEE_generatedDedicated,WEEE_Cat5,lenseAssembly,ferrousMetals,Cu,e-m,0.18,%,2
OBS,2020,EU27+4,WEEE_generatedDedicated,WEEE_Cat5,lenseAssembly,ferrousMetals,Ga,e-m,0.725,%,2
OBS,2020,EU27+4,WEEE_generatedDedicated,WEEE_Cat5,lenseAssembly,ferrousMetals,Mo,e-m,0.01,%,2
OBS,2020,EU27+4,WEEE_generatedDedicated,WEEE_Cat5,lenseAssembly,ferrousMetals,O,e-m,0.08,%,2
OBS,2020,EU27+4,WEEE_generatedDedicated,WEEE_Cat5,lenseAssembly,ferrousMetals,Sm,e-m,0.005,%,2
OBS,2020,EU27+4,WEEE_generatedDedicated,WEEE_Cat5,lenseAssembly,ferrousMetals,n/a,m-c,0.191,%,2
OBS,2020,EU27+4,WEEE_generatedDedicated,WEEE_Cat5,lenseAssembly,glass,Ag,e-m,0.016,%,2
OBS,2020,EU27+4,WEEE_generatedDedicated,WEEE_Cat5,lenseAssembly,glass,Pd,e-m,0.265,%,2
OBS,2020,EU27+4,WEEE_generatedDedicated,WEEE_Cat5,lenseAssembly,glass,Sc,e-m,0.00196,%,2
OBS,2020,EU27+4,WEEE_generatedDedicated,WEEE_Cat5,lenseAssembly,glass,Zr,e-m,0.000708,%,2
OBS,2020,EU27+4,WEEE_generatedDedicated,WEEE_Cat5,lenseAssembly,glass,n/a,m-c,0.016,%,2
OBS,2020,EU27+4,WEEE_generatedDedicated,WEEE_Cat5,lenseAssembly,n/a,n/a,c-p,0.0478,%,2
OBS,2020,EU27+4,WEEE_generatedDedicated,WEEE_Cat5,lenseAssembly,plastics,Ag,e-m,0.289,%,2
OBS,2020,EU27+4,WEEE_generatedDedicated,WEEE_Cat5,lenseAssembly,plastics,n/a,m-c,0.272,%,2
OBS,2020,EU27+4,WEEE_generatedDedicated,WEEE_Cat5,lenseAssembly,undefinedAndMixedMaterials,Ag,e-m,0.0419,%,2
OBS,2020,EU27+4,WEEE_generatedDedicated,WEEE_Cat5,lenseAssembly,undefinedAndMixedMaterials,n/a,m-c,0.0419,%,2
OBS,2020,EU27+4,WEEE_generatedDedicated,WEEE_Cat5,lighting,n/a,n/a,c-p,0.00000463,%,1
OBS,2020,EU27+4,WEEE_generatedDedicated,WEEE_Cat5,lightingFlash,AlAndAlAlloys,Ag,e-m,0.0804,%,2
OBS,2020,EU27+4,WEEE_generatedDedicated,WEEE_Cat5,lightingFlash,AlAndAlAlloys,As,e-m,0.97,%,2
OBS,2020,EU27+4,WEEE_generatedDedicated,WEEE_Cat5,lightingFlash,AlAndAlAlloys,Cu,e-m,0.002,%,2
OBS,2020,EU27+4,WEEE_generatedDedicated,WEEE_Cat5,lightingFlash,AlAndAlAlloys,Ga,e-m,0.001,%,2
OBS,2020,EU27+4,WEEE_generatedDedicated,WEEE_Cat5,lightingFlash,AlAndAlAlloys,Mn,e-m,0.0248,%,2
OBS,2020,EU27+4,WEEE_generatedDedicated,WEEE_Cat5,lightingFlash,AlAndAlAlloys,Mo,e-m,0.002,%,2
OBS,2020,EU27+4,WEEE_generatedDedicated,WEEE_Cat5,lightingFlash,AlAndAlAlloys,Sm,e-m,0.0003,%,2
OBS,2020,EU27+4,WEEE_generatedDedicated,WEEE_Cat5,lightingFlash,AlAndAlAlloys,n/a,m-c,0.141,%,2
OBS,2020,EU27+4,WEEE_generatedDedicated,WEEE_Cat5,lightingFlash,CuAndCuAlloys,Ag,e-m,0.0295,%,2
OBS,2020,EU27+4,WEEE_generatedDedicated,WEEE_Cat5,lightingFlash,CuAndCuAlloys,Dy,e-m,0.75,%,2
OBS,2020,EU27+4,WEEE_generatedDedicated,WEEE_Cat5,lightingFlash,CuAndCuAlloys,Zr,e-m,0.25,%,2
OBS,2020,EU27+4,WEEE_generatedDedicated,WEEE_Cat5,lightingFlash,CuAndCuAlloys,n/a,m-c,0.0498,%,2
OBS,2020,EU27+4,WEEE_generatedDedicated,WEEE_Cat5,lightingFlash,ferrousMetals,Ag,e-m,0.125,%,2
OBS,2020,EU27+4,WEEE_generatedDedicated,WEEE_Cat5,lightingFlash,ferrousMetals,Cu,e-m,0.18,%,2
OBS,2020,EU27+4,WEEE_generatedDedicated,WEEE_Cat5,lightingFlash,ferrousMetals,Ga,e-m,0.725,%,2
OBS,2020,EU27+4,WEEE_generatedDedicated,WEEE_Cat5,lightingFlash,ferrousMetals,Mo,e-m,0.01,%,2
OBS,2020,EU27+4,WEEE_generatedDedicated,WEEE_Cat5,lightingFlash,ferrousMetals,O,e-m,0.08,%,2
OBS,2020,EU27+4,WEEE_generatedDedicated,WEEE_Cat5,lightingFlash,ferrousMetals,Sm,e-m,0.005,%,2
OBS,2020,EU27+4,WEEE_generatedDedicated,WEEE_Cat5,lightingFlash,ferrousMetals,n/a,m-c,0.22,%,2
OBS,2020,EU27+4,WEEE_generatedDedicated,WEEE_Cat5,lightingFlash,glass,Ag,e-m,0.0136,%,2
OBS,2020,EU27+4,WEEE_generatedDedicated,WEEE_Cat5,lightingFlash,glass,Pd,e-m,0.265,%,2
OBS,2020,EU27+4,WEEE_generatedDedicated,WEEE_Cat5,lightingFlash,glass,Sc,e-m,0.00196,%,2
OBS,2020,EU27+4,WEEE_generatedDedicated,WEEE_Cat5,lightingFlash,glass,Zr,e-m,0.000708,%,2
OBS,2020,EU27+4,WEEE_generatedDedicated,WEEE_Cat5,lightingFlash,glass,n/a,m-c,0.0125,%,2
OBS,2020,EU27+4,WEEE_generatedDedicated,WEEE_Cat5,lightingFlash,n/a,n/a,c-p,0.0592,%,2
OBS,2020,EU27+4,WEEE_generatedDedicated,WEEE_Cat5,lightingFlash,plastics,Ag,e-m,0.125,%,2
OBS,2020,EU27+4,WEEE_generatedDedicated,WEEE_Cat5,lightingFlash,plastics,n/a,m-c,0.22,%,2
OBS,2020,EU27+4,WEEE_generatedDedicated,WEEE_Cat5,lightingFlash,undefinedAndMixedMaterials,Ag,e-m,0.132,%,2
OBS,2020,EU27+4,WEEE_generatedDedicated,WEEE_Cat5,lightingFlash,undefinedAndMixedMaterials,n/a,m-c,0.132,%,2
OBS,2020,EU27+4,WEEE_generatedDedicated,WEEE_Cat5,magnetPermanent,n/a,n/a,c-p,0.0000743,%,1
OBS,2020,EU27+4,WEEE_generatedDedicated,WEEE_Cat5,magnetPermanent,otherOrUndefinedMaterials,Ag,e-m,1,%,1
OBS,2020,EU27+4,WEEE_generatedDedicated,WEEE_Cat5,magnetPermanent,otherOrUndefinedMaterials,n/a,m-c,1,%,1
OBS,2020,EU27+4,WEEE_generatedDedicated,WEEE_Cat5,magnetron,n/a,n/a,c-p,0.0149,%,1
OBS,2020,EU27+4,WEEE_generatedDedicated,WEEE_Cat5,mainboardInclCPUgpu,AlAndAlAlloys,Ag,e-m,0.0403,%,2
OBS,2020,EU27+4,WEEE_generatedDedicated,WEEE_Cat5,mainboardInclCPUgpu,AlAndAlAlloys,As,e-m,0.97,%,2
OBS,2020,EU27+4,WEEE_generatedDedicated,WEEE_Cat5,mainboardInclCPUgpu,AlAndAlAlloys,Cu,e-m,0.002,%,2
OBS,2020,EU27+4,WEEE_generatedDedicated,WEEE_Cat5,mainboardInclCPUgpu,AlAndAlAlloys,Ga,e-m,0.001,%,2
OBS,2020,EU27+4,WEEE_generatedDedicated,WEEE_Cat5,mainboardInclCPUgpu,AlAndAlAlloys,Mn,e-m,0.0248,%,2
OBS,2020,EU27+4,WEEE_generatedDedicated,WEEE_Cat5,mainboardInclCPUgpu,AlAndAlAlloys,Mo,e-m,0.002,%,2
OBS,2020,EU27+4,WEEE_generatedDedicated,WEEE_Cat5,mainboardInclCPUgpu,AlAndAlAlloys,Sm,e-m,0.0003,%,2
OBS,2020,EU27+4,WEEE_generatedDedicated,WEEE_Cat5,mainboardInclCPUgpu,AlAndAlAlloys,n/a,m-c,0.0403,%,2
OBS,2020,EU27+4,WEEE_generatedDedicated,WEEE_Cat5,mainboardInclCPUgpu,CuAndCuAlloys,Ag,e-m,0.0133,%,2
OBS,2020,EU27+4,WEEE_generatedDedicated,WEEE_Cat5,mainboardInclCPUgpu,CuAndCuAlloys,Dy,e-m,0.75,%,2
OBS,2020,EU27+4,WEEE_generatedDedicated,WEEE_Cat5,mainboardInclCPUgpu,CuAndCuAlloys,Zr,e-m,0.25,%,2
OBS,2020,EU27+4,WEEE_generatedDedicated,WEEE_Cat5,mainboardInclCPUgpu,CuAndCuAlloys,n/a,m-c,0.005,%,2
OBS,2020,EU27+4,WEEE_generatedDedicated,WEEE_Cat5,mainboardInclCPUgpu,ferrousMetals,Ag,e-m,0.0246,%,2
OBS,2020,EU27+4,WEEE_generatedDedicated,WEEE_Cat5,mainboardInclCPUgpu,ferrousMetals,Cu,e-m,0.18,%,2
OBS,2020,EU27+4,WEEE_generatedDedicated,WEEE_Cat5,mainboardInclCPUgpu,ferrousMetals,Ga,e-m,0.725,%,2
OBS,2020,EU27+4,WEEE_generatedDedicated,WEEE_Cat5,mainboardInclCPUgpu,ferrousMetals,Mo,e-m,0.01,%,2
OBS,2020,EU27+4,WEEE_generatedDedicated,WEEE_Cat5,mainboardInclCPUgpu,ferrousMetals,O,e-m,0.08,%,2
OBS,2020,EU27+4,WEEE_generatedDedicated,WEEE_Cat5,mainboardInclCPUgpu,ferrousMetals,Sm,e-m,0.005,%,2
OBS,2020,EU27+4,WEEE_generatedDedicated,WEEE_Cat5,mainboardInclCPUgpu,ferrousMetals,n/a,m-c,0.0439,%,2
OBS,2020,EU27+4,WEEE_generatedDedicated,WEEE_Cat5,mainboardInclCPUgpu,n/a,n/a,c-p,0.00051,%,2
OBS,2020,EU27+4,WEEE_generatedDedicated,WEEE_Cat5,mainboardInclCPUgpu,otherMetalsAndMetalAlloys,Ag,e-m,0.187,%,2
OBS,2020,EU27+4,WEEE_generatedDedicated,WEEE_Cat5,mainboardInclCPUgpu,otherMetalsAndMetalAlloys,Al,e-m,0.9,%,2
OBS,2020,EU27+4,WEEE_generatedDedicated,WEEE_Cat5,mainboardInclCPUgpu,otherMetalsAndMetalAlloys,Dy,e-m,0.1,%,2
OBS,2020,EU27+4,WEEE_generatedDedicated,WEEE_Cat5,mainboardInclCPUgpu,otherMetalsAndMetalAlloys,n/a,m-c,0.00732,%,2
OBS,2020,EU27+4,WEEE_generatedDedicated,WEEE_Cat5,mainboardInclCPUgpu,plastics,Ag,e-m,0.00146,%,2
OBS,2020,EU27+4,WEEE_generatedDedicated,WEEE_Cat5,mainboardInclCPUgpu,plastics,n/a,m-c,0.00146,%,2
OBS,2020,EU27+4,WEEE_generatedDedicated,WEEE_Cat5,mainboardInclCPUgpu,undefinedAndMixedMaterials,Ag,e-m,0.0286,%,2
OBS,2020,EU27+4,WEEE_generatedDedicated,WEEE_Cat5,mainboardInclCPUgpu,undefinedAndMixedMaterials,n/a,m-c,0.0333,%,2
OBS,2020,EU27+4,WEEE_generatedDedicated,WEEE_Cat5,n/a,n/a,n/a,c-p,0.385,%,2
OBS,2020,EU27+4,WEEE_generatedDedicated,WEEE_Cat5,non-electricCoil,AlAndAlAlloys,Ag,e-m,0.0189,%,1
OBS,2020,EU27+4,WEEE_generatedDedicated,WEEE_Cat5,non-electricCoil,AlAndAlAlloys,As,e-m,0.97,%,1
OBS,2020,EU27+4,WEEE_generatedDedicated,WEEE_Cat5,non-electricCoil,AlAndAlAlloys,Cu,e-m,0.002,%,1
OBS,2020,EU27+4,WEEE_generatedDedicated,WEEE_Cat5,non-electricCoil,AlAndAlAlloys,Ga,e-m,0.001,%,1
OBS,2020,EU27+4,WEEE_generatedDedicated,WEEE_Cat5,non-electricCoil,AlAndAlAlloys,Mn,e-m,0.0248,%,1
OBS,2020,EU27+4,WEEE_generatedDedicated,WEEE_Cat5,non-electricCoil,AlAndAlAlloys,Mo,e-m,0.002,%,1
OBS,2020,EU27+4,WEEE_generatedDedicated,WEEE_Cat5,non-electricCoil,AlAndAlAlloys,Sm,e-m,0.0003,%,1
OBS,2020,EU27+4,WEEE_generatedDedicated,WEEE_Cat5,non-electricCoil,AlAndAlAlloys,n/a,m-c,0.0189,%,1
OBS,2020,EU27+4,WEEE_generatedDedicated,WEEE_Cat5,non-electricCoil,ferrousMetals,Ag,e-m,0.264,%,1
OBS,2020,EU27+4,WEEE_generatedDedicated,WEEE_Cat5,non-electricCoil,ferrousMetals,Ca,e-m,0.033,%,1
OBS,2020,EU27+4,WEEE_generatedDedicated,WEEE_Cat5,non-electricCoil,ferrousMetals,Ga,e-m,0.938,%,1
OBS,2020,EU27+4,WEEE_generatedDedicated,WEEE_Cat5,non-electricCoil,ferrousMetals,Mo,e-m,0.0075,%,1
OBS,2020,EU27+4,WEEE_generatedDedicated,WEEE_Cat5,non-electricCoil,ferrousMetals,Sm,e-m,0.022,%,1
OBS,2020,EU27+4,WEEE_generatedDedicated,WEEE_Cat5,non-electricCoil,ferrousMetals,n/a,m-c,0.264,%,1
OBS,2020,EU27+4,WEEE_generatedDedicated,WEEE_Cat5,non-electricCoil,n/a,n/a,c-p,0.00209,%,1
OBS,2020,EU27+4,WEEE_generatedDedicated,WEEE_Cat5,non-electricCoil,plastics,Ag,e-m,0.717,%,1
OBS,2020,EU27+4,WEEE_generatedDedicated,WEEE_Cat5,non-electricCoil,plastics,n/a,m-c,0.717,%,1
OBS,2020,EU27+4,WEEE_generatedDedicated,WEEE_Cat5,nonElectricCoil,n/a,n/a,c-p,0.000261,%,1
OBS,2020,EU27+4,WEEE_generatedDedicated,WEEE_Cat5,onOffSwitch,CuAndCuAlloys,Ag,e-m,0.16,%,2
OBS,2020,EU27+4,WEEE_generatedDedicated,WEEE_Cat5,onOffSwitch,CuAndCuAlloys,Dy,e-m,0.75,%,2
OBS,2020,EU27+4,WEEE_generatedDedicated,WEEE_Cat5,onOffSwitch,CuAndCuAlloys,Zr,e-m,0.25,%,2
OBS,2020,EU27+4,WEEE_generatedDedicated,WEEE_Cat5,onOffSwitch,CuAndCuAlloys,n/a,m-c,0.16,%,2
OBS,2020,EU27+4,WEEE_generatedDedicated,WEEE_Cat5,onOffSwitch,n/a,n/a,c-p,0.000584,%,2
OBS,2020,EU27+4,WEEE_generatedDedicated,WEEE_Cat5,onOffSwitch,plastics,Ag,e-m,0.84,%,2
OBS,2020,EU27+4,WEEE_generatedDedicated,WEEE_Cat5,onOffSwitch,plastics,n/a,m-c,0.84,%,2
OBS,2020,EU27+4,WEEE_generatedDedicated,WEEE_Cat5,otherElectricCompUnspecified,AlAndAlAlloys,Ag,e-m,0.000538,%,2
OBS,2020,EU27+4,WEEE_generatedDedicated,WEEE_Cat5,otherElectricCompUnspecified,AlAndAlAlloys,As,e-m,0.97,%,2
OBS,2020,EU27+4,WEEE_generatedDedicated,WEEE_Cat5,otherElectricCompUnspecified,AlAndAlAlloys,Cu,e-m,0.002,%,2
OBS,2020,EU27+4,WEEE_generatedDedicated,WEEE_Cat5,otherElectricCompUnspecified,AlAndAlAlloys,Ga,e-m,0.001,%,2
OBS,2020,EU27+4,WEEE_generatedDedicated,WEEE_Cat5,otherElectricCompUnspecified,AlAndAlAlloys,Mn,e-m,0.0248,%,2
OBS,2020,EU27+4,WEEE_generatedDedicated,WEEE_Cat5,otherElectricCompUnspecified,AlAndAlAlloys,Mo,e-m,0.002,%,2
OBS,2020,EU27+4,WEEE_generatedDedicated,WEEE_Cat5,otherElectricCompUnspecified,AlAndAlAlloys,Sm,e-m,0.0003,%,2
OBS,2020,EU27+4,WEEE_generatedDedicated,WEEE_Cat5,otherElectricCompUnspecified,AlAndAlAlloys,n/a,m-c,0.000538,%,2
OBS,2020,EU27+4,WEEE_generatedDedicated,WEEE_Cat5,otherElectricCompUnspecified,CuAndCuAlloys,Ag,e-m,0.0113,%,2
OBS,2020,EU27+4,WEEE_generatedDedicated,WEEE_Cat5,otherElectricCompUnspecified,CuAndCuAlloys,Dy,e-m,0.75,%,2
OBS,2020,EU27+4,WEEE_generatedDedicated,WEEE_Cat5,otherElectricCompUnspecified,CuAndCuAlloys,Zr,e-m,0.25,%,2
OBS,2020,EU27+4,WEEE_generatedDedicated,WEEE_Cat5,otherElectricCompUnspecified,CuAndCuAlloys,n/a,m-c,0.0113,%,2
OBS,2020,EU27+4,WEEE_generatedDedicated,WEEE_Cat5,otherElectricCompUnspecified,ferrousMetals,Ag,e-m,0.0453,%,2
OBS,2020,EU27+4,WEEE_generatedDedicated,WEEE_Cat5,otherElectricCompUnspecified,ferrousMetals,Cu,e-m,0.18,%,2
OBS,2020,EU27+4,WEEE_generatedDedicated,WEEE_Cat5,otherElectricCompUnspecified,ferrousMetals,Ga,e-m,0.725,%,2
OBS,2020,EU27+4,WEEE_generatedDedicated,WEEE_Cat5,otherElectricCompUnspecified,ferrousMetals,Mo,e-m,0.01,%,2
OBS,2020,EU27+4,WEEE_generatedDedicated,WEEE_Cat5,otherElectricCompUnspecified,ferrousMetals,O,e-m,0.08,%,2
OBS,2020,EU27+4,WEEE_generatedDedicated,WEEE_Cat5,otherElectricCompUnspecified,ferrousMetals,Sm,e-m,0.005,%,2
OBS,2020,EU27+4,WEEE_generatedDedicated,WEEE_Cat5,otherElectricCompUnspecified,ferrousMetals,n/a,m-c,0.0772,%,2
OBS,2020,EU27+4,WEEE_generatedDedicated,WEEE_Cat5,otherElectricCompUnspecified,glass,Ag,e-m,0.082,%,2
OBS,2020,EU27+4,WEEE_generatedDedicated,WEEE_Cat5,otherElectricCompUnspecified,glass,Pd,e-m,0.265,%,2
OBS,2020,EU27+4,WEEE_generatedDedicated,WEEE_Cat5,otherElectricCompUnspecified,glass,Sc,e-m,0.00196,%,2
OBS,2020,EU27+4,WEEE_generatedDedicated,WEEE_Cat5,otherElectricCompUnspecified,glass,Zr,e-m,0.000708,%,2
OBS,2020,EU27+4,WEEE_generatedDedicated,WEEE_Cat5,otherElectricCompUnspecified,glass,n/a,m-c,0.082,%,2
OBS,2020,EU27+4,WEEE_generatedDedicated,WEEE_Cat5,otherElectricCompUnspecified,n/a,n/a,c-p,0.00859,%,1
OBS,2020,EU27+4,WEEE_generatedDedicated,WEEE_Cat5,otherElectricCompUnspecified,otherMetalsAndMetalAlloys,Ag,e-m,0.000882,%,2
OBS,2020,EU27+4,WEEE_generatedDedicated,WEEE_Cat5,otherElectricCompUnspecified,otherMetalsAndMetalAlloys,Al,e-m,0.9,%,2
OBS,2020,EU27+4,WEEE_generatedDedicated,WEEE_Cat5,otherElectricCompUnspecified,otherMetalsAndMetalAlloys,Dy,e-m,0.1,%,2
OBS,2020,EU27+4,WEEE_generatedDedicated,WEEE_Cat5,otherElectricCompUnspecified,otherMetalsAndMetalAlloys,n/a,m-c,0.00095,%,2
OBS,2020,EU27+4,WEEE_generatedDedicated,WEEE_Cat5,otherElectricCompUnspecified,otherOrUndefinedMaterials,Ag,e-m,1,%,1
OBS,2020,EU27+4,WEEE_generatedDedicated,WEEE_Cat5,otherElectricCompUnspecified,otherOrUndefinedMaterials,n/a,m-c,1,%,1
OBS,2020,EU27+4,WEEE_generatedDedicated,WEEE_Cat5,otherElectricCompUnspecified,plastics,Ag,e-m,0.111,%,2
OBS,2020,EU27+4,WEEE_generatedDedicated,WEEE_Cat5,otherElectricCompUnspecified,plastics,n/a,m-c,0.243,%,2
OBS,2020,EU27+4,WEEE_generatedDedicated,WEEE_Cat5,otherElectricCompUnspecified,undefinedAndMixedMaterials,Ag,e-m,0.0002,%,2
OBS,2020,EU27+4,WEEE_generatedDedicated,WEEE_Cat5,otherElectricCompUnspecified,undefinedAndMixedMaterials,n/a,m-c,0.0002,%,2
OBS,2020,EU27+4,WEEE_generatedDedicated,WEEE_Cat5,otherNonElectricCompUnspecified,AlAndAlAlloys,Ag,e-m,0.0205,%,1
OBS,2020,EU27+4,WEEE_generatedDedicated,WEEE_Cat5,otherNonElectricCompUnspecified,AlAndAlAlloys,As,e-m,0.97,%,1
OBS,2020,EU27+4,WEEE_generatedDedicated,WEEE_Cat5,otherNonElectricCompUnspecified,AlAndAlAlloys,Cu,e-m,0.002,%,1
OBS,2020,EU27+4,WEEE_generatedDedicated,WEEE_Cat5,otherNonElectricCompUnspecified,AlAndAlAlloys,Ga,e-m,0.001,%,1
OBS,2020,EU27+4,WEEE_generatedDedicated,WEEE_Cat5,otherNonElectricCompUnspecified,AlAndAlAlloys,Mn,e-m,0.0248,%,1
OBS,2020,EU27+4,WEEE_generatedDedicated,WEEE_Cat5,otherNonElectricCompUnspecified,AlAndAlAlloys,Mo,e-m,0.002,%,1
OBS,2020,EU27+4,WEEE_generatedDedicated,WEEE_Cat5,otherNonElectricCompUnspecified,AlAndAlAlloys,Sm,e-m,0.0003,%,1
OBS,2020,EU27+4,WEEE_generatedDedicated,WEEE_Cat5,otherNonElectricCompUnspecified,AlAndAlAlloys,n/a,m-c,0.0112,%,1
OBS,2020,EU27+4,WEEE_generatedDedicated,WEEE_Cat5,otherNonElectricCompUnspecified,CuAndCuAlloys,Ag,e-m,0.00302,%,1
OBS,2020,EU27+4,WEEE_generatedDedicated,WEEE_Cat5,otherNonElectricCompUnspecified,CuAndCuAlloys,As,e-m,0.97,%,1
OBS,2020,EU27+4,WEEE_generatedDedicated,WEEE_Cat5,otherNonElectricCompUnspecified,CuAndCuAlloys,Cu,e-m,0.002,%,1
OBS,2020,EU27+4,WEEE_generatedDedicated,WEEE_Cat5,otherNonElectricCompUnspecified,CuAndCuAlloys,Dy,e-m,0.75,%,1
OBS,2020,EU27+4,WEEE_generatedDedicated,WEEE_Cat5,otherNonElectricCompUnspecified,CuAndCuAlloys,Ga,e-m,0.001,%,1
OBS,2020,EU27+4,WEEE_generatedDedicated,WEEE_Cat5,otherNonElectricCompUnspecified,CuAndCuAlloys,Mn,e-m,0.0248,%,1
OBS,2020,EU27+4,WEEE_generatedDedicated,WEEE_Cat5,otherNonElectricCompUnspecified,CuAndCuAlloys,Mo,e-m,0.002,%,1
OBS,2020,EU27+4,WEEE_generatedDedicated,WEEE_Cat5,otherNonElectricCompUnspecified,CuAndCuAlloys,Sm,e-m,0.0003,%,1
OBS,2020,EU27+4,WEEE_generatedDedicated,WEEE_Cat5,otherNonElectricCompUnspecified,CuAndCuAlloys,Zr,e-m,0.25,%,1
OBS,2020,EU27+4,WEEE_generatedDedicated,WEEE_Cat5,otherNonElectricCompUnspecified,CuAndCuAlloys,n/a,m-c,0.00302,%,1
OBS,2020,EU27+4,WEEE_generatedDedicated,WEEE_Cat5,otherNonElectricCompUnspecified,ferrousMetals,Ag,e-m,0.0343,%,1
OBS,2020,EU27+4,WEEE_generatedDedicated,WEEE_Cat5,otherNonElectricCompUnspecified,ferrousMetals,Ca,e-m,0.033,%,1
OBS,2020,EU27+4,WEEE_generatedDedicated,WEEE_Cat5,otherNonElectricCompUnspecified,ferrousMetals,Cu,e-m,0.18,%,2
OBS,2020,EU27+4,WEEE_generatedDedicated,WEEE_Cat5,otherNonElectricCompUnspecified,ferrousMetals,Ga,e-m,0.725,%,1
OBS,2020,EU27+4,WEEE_generatedDedicated,WEEE_Cat5,otherNonElectricCompUnspecified,ferrousMetals,Mo,e-m,0.0075,%,1
OBS,2020,EU27+4,WEEE_generatedDedicated,WEEE_Cat5,otherNonElectricCompUnspecified,ferrousMetals,O,e-m,0.08,%,2
OBS,2020,EU27+4,WEEE_generatedDedicated,WEEE_Cat5,otherNonElectricCompUnspecified,ferrousMetals,Sm,e-m,0.005,%,1
OBS,2020,EU27+4,WEEE_generatedDedicated,WEEE_Cat5,otherNonElectricCompUnspecified,ferrousMetals,n/a,m-c,0.0343,%,1
OBS,2020,EU27+4,WEEE_generatedDedicated,WEEE_Cat5,otherNonElectricCompUnspecified,n/a,n/a,c-p,0.000287,%,1
OBS,2020,EU27+4,WEEE_generatedDedicated,WEEE_Cat5,otherNonElectricCompUnspecified,plastics,Ag,e-m,0.0777,%,1
OBS,2020,EU27+4,WEEE_generatedDedicated,WEEE_Cat5,otherNonElectricCompUnspecified,plastics,n/a,m-c,0.0777,%,1
OBS,2020,EU27+4,WEEE_generatedDedicated,WEEE_Cat5,otherNonElectricCompUnspecified,steelAndSteelAlloys,Ag,e-m,0.95,%,1
OBS,2020,EU27+4,WEEE_generatedDedicated,WEEE_Cat5,otherNonElectricCompUnspecified,steelAndSteelAlloys,Cu,e-m,0.18,%,1
OBS,2020,EU27+4,WEEE_generatedDedicated,WEEE_Cat5,otherNonElectricCompUnspecified,steelAndSteelAlloys,Ga,e-m,0.725,%,1
OBS,2020,EU27+4,WEEE_generatedDedicated,WEEE_Cat5,otherNonElectricCompUnspecified,steelAndSteelAlloys,Mo,e-m,0.01,%,1
OBS,2020,EU27+4,WEEE_generatedDedicated,WEEE_Cat5,otherNonElectricCompUnspecified,steelAndSteelAlloys,O,e-m,0.08,%,1
OBS,2020,EU27+4,WEEE_generatedDedicated,WEEE_Cat5,otherNonElectricCompUnspecified,steelAndSteelAlloys,Sm,e-m,0.005,%,1
OBS,2020,EU27+4,WEEE_generatedDedicated,WEEE_Cat5,otherNonElectricCompUnspecified,steelAndSteelAlloys,n/a,m-c,0.906,%,1
OBS,2020,EU27+4,WEEE_generatedDedicated,WEEE_Cat5,otherNonElectricCompUnspecified,undefinedAndMixedMaterials,Ag,e-m,0.00041,%,2
OBS,2020,EU27+4,WEEE_generatedDedicated,WEEE_Cat5,otherNonElectricCompUnspecified,undefinedAndMixedMaterials,n/a,m-c,0.000411,%,2
OBS,2020,EU27+4,WEEE_generatedDedicated,WEEE_Cat5,passiveJunctionBox,CuAndCuAlloys,Ag,e-m,0.477,%,1
OBS,2020,EU27+4,WEEE_generatedDedicated,WEEE_Cat5,passiveJunctionBox,CuAndCuAlloys,Dy,e-m,0.75,%,1
OBS,2020,EU27+4,WEEE_generatedDedicated,WEEE_Cat5,passiveJunctionBox,CuAndCuAlloys,Sr,e-m,0.016,%,1
OBS,2020,EU27+4,WEEE_generatedDedicated,WEEE_Cat5,passiveJunctionBox,CuAndCuAlloys,Zr,e-m,0.208,%,1
OBS,2020,EU27+4,WEEE_generatedDedicated,WEEE_Cat5,passiveJunctionBox,CuAndCuAlloys,n/a,m-c,0.477,%,1
OBS,2020,EU27+4,WEEE_generatedDedicated,WEEE_Cat5,passiveJunctionBox,n/a,n/a,c-p,0.0226,%,1
OBS,2020,EU27+4,WEEE_generatedDedicated,WEEE_Cat5,passiveJunctionBox,otherOrUndefinedMaterials,Ag,e-m,0.0073,%,1
OBS,2020,EU27+4,WEEE_generatedDedicated,WEEE_Cat5,passiveJunctionBox,otherOrUndefinedMaterials,n/a,m-c,0.00725,%,1
OBS,2020,EU27+4,WEEE_generatedDedicated,WEEE_Cat5,passiveJunctionBox,plastics,Ag,e-m,0.466,%,1
OBS,2020,EU27+4,WEEE_generatedDedicated,WEEE_Cat5,passiveJunctionBox,plastics,n/a,m-c,0.463,%,1
OBS,2020,EU27+4,WEEE_generatedDedicated,WEEE_Cat5,pcbWEEECat,n/a,n/a,c-p,0.0000873,%,1
OBS,2020,EU27+4,WEEE_generatedDedicated,WEEE_Cat5,pcbWEEECat,plastics,Ag,e-m,0.0278,%,1
OBS,2020,EU27+4,WEEE_generatedDedicated,WEEE_Cat5,pcbWEEECat,plastics,n/a,m-c,1,%,1
OBS,2020,EU27+4,WEEE_generatedDedicated,WEEE_Cat5,plug,n/a,n/a,c-p,0.00064,%,1
OBS,2020,EU27+4,WEEE_generatedDedicated,WEEE_Cat5,powerSupply,AlAndAlAlloys,Ag,e-m,0.0289,%,2
OBS,2020,EU27+4,WEEE_generatedDedicated,WEEE_Cat5,powerSupply,AlAndAlAlloys,As,e-m,0.97,%,2
OBS,2020,EU27+4,WEEE_generatedDedicated,WEEE_Cat5,powerSupply,AlAndAlAlloys,Cu,e-m,0.002,%,2
OBS,2020,EU27+4,WEEE_generatedDedicated,WEEE_Cat5,powerSupply,AlAndAlAlloys,Ga,e-m,0.001,%,2
OBS,2020,EU27+4,WEEE_generatedDedicated,WEEE_Cat5,powerSupply,AlAndAlAlloys,Mn,e-m,0.0248,%,2
OBS,2020,EU27+4,WEEE_generatedDedicated,WEEE_Cat5,powerSupply,AlAndAlAlloys,Mo,e-m,0.002,%,2
OBS,2020,EU27+4,WEEE_generatedDedicated,WEEE_Cat5,powerSupply,AlAndAlAlloys,Sm,e-m,0.0003,%,2
OBS,2020,EU27+4,WEEE_generatedDedicated,WEEE_Cat5,powerSupply,AlAndAlAlloys,n/a,m-c,0.0289,%,2
OBS,2020,EU27+4,WEEE_generatedDedicated,WEEE_Cat5,powerSupply,CuAndCuAlloys,Ag,e-m,0.0147,%,2
OBS,2020,EU27+4,WEEE_generatedDedicated,WEEE_Cat5,powerSupply,CuAndCuAlloys,Dy,e-m,0.75,%,2
OBS,2020,EU27+4,WEEE_generatedDedicated,WEEE_Cat5,powerSupply,CuAndCuAlloys,Zr,e-m,0.25,%,2
OBS,2020,EU27+4,WEEE_generatedDedicated,WEEE_Cat5,powerSupply,CuAndCuAlloys,n/a,m-c,0.0147,%,2
OBS,2020,EU27+4,WEEE_generatedDedicated,WEEE_Cat5,powerSupply,ferrousMetals,Ag,e-m,0.0293,%,2
OBS,2020,EU27+4,WEEE_generatedDedicated,WEEE_Cat5,powerSupply,ferrousMetals,Cu,e-m,0.18,%,2
OBS,2020,EU27+4,WEEE_generatedDedicated,WEEE_Cat5,powerSupply,ferrousMetals,Ga,e-m,0.725,%,2
OBS,2020,EU27+4,WEEE_generatedDedicated,WEEE_Cat5,powerSupply,ferrousMetals,Mo,e-m,0.01,%,2
OBS,2020,EU27+4,WEEE_generatedDedicated,WEEE_Cat5,powerSupply,ferrousMetals,O,e-m,0.08,%,2
OBS,2020,EU27+4,WEEE_generatedDedicated,WEEE_Cat5,powerSupply,ferrousMetals,Sm,e-m,0.005,%,2
OBS,2020,EU27+4,WEEE_generatedDedicated,WEEE_Cat5,powerSupply,ferrousMetals,n/a,m-c,0.0157,%,2
OBS,2020,EU27+4,WEEE_generatedDedicated,WEEE_Cat5,powerSupply,n/a,n/a,c-p,0.00195,%,1
OBS,2020,EU27+4,WEEE_generatedDedicated,WEEE_Cat5,powerSupply,otherMetalsAndMetalAlloys,Ag,e-m,0.994,%,2
OBS,2020,EU27+4,WEEE_generatedDedicated,WEEE_Cat5,powerSupply,otherMetalsAndMetalAlloys,Al,e-m,0.9,%,2
OBS,2020,EU27+4,WEEE_generatedDedicated,WEEE_Cat5,powerSupply,otherMetalsAndMetalAlloys,Dy,e-m,0.1,%,2
OBS,2020,EU27+4,WEEE_generatedDedicated,WEEE_Cat5,powerSupply,otherMetalsAndMetalAlloys,n/a,m-c,0.994,%,2
OBS,2020,EU27+4,WEEE_generatedDedicated,WEEE_Cat5,powerSupply,plastics,Ag,e-m,0.0158,%,2
OBS,2020,EU27+4,WEEE_generatedDedicated,WEEE_Cat5,powerSupply,plastics,n/a,m-c,0.0158,%,2
OBS,2020,EU27+4,WEEE_generatedDedicated,WEEE_Cat5,powerSupply,undefinedAndMixedMaterials,Ag,e-m,0.00504,%,2
OBS,2020,EU27+4,WEEE_generatedDedicated,WEEE_Cat5,powerSupply,undefinedAndMixedMaterials,n/a,m-c,0.00504,%,2
OBS,2020,EU27+4,WEEE_generatedDedicated,WEEE_Cat5,printedCircuitBoard,n/a,n/a,c-p,0.0000429,%,1
OBS,2020,EU27+4,WEEE_generatedDedicated,WEEE_Cat5,pump,ironWroughtAndCast,Ag,e-m,0.419,%,1
OBS,2020,EU27+4,WEEE_generatedDedicated,WEEE_Cat5,pump,ironWroughtAndCast,Ca,e-m,0.033,%,1
OBS,2020,EU27+4,WEEE_generatedDedicated,WEEE_Cat5,pump,ironWroughtAndCast,Ga,e-m,0.938,%,1
OBS,2020,EU27+4,WEEE_generatedDedicated,WEEE_Cat5,pump,ironWroughtAndCast,Mo,e-m,0.0075,%,1
OBS,2020,EU27+4,WEEE_generatedDedicated,WEEE_Cat5,pump,ironWroughtAndCast,Sm,e-m,0.022,%,1
OBS,2020,EU27+4,WEEE_generatedDedicated,WEEE_Cat5,pump,ironWroughtAndCast,n/a,m-c,0.419,%,1
OBS,2020,EU27+4,WEEE_generatedDedicated,WEEE_Cat5,pump,n/a,n/a,c-p,0.0013,%,1
OBS,2020,EU27+4,WEEE_generatedDedicated,WEEE_Cat5,pump,steelAndSteelAlloys,Ag,e-m,0.581,%,1
OBS,2020,EU27+4,WEEE_generatedDedicated,WEEE_Cat5,pump,steelAndSteelAlloys,Cu,e-m,0.18,%,1
OBS,2020,EU27+4,WEEE_generatedDedicated,WEEE_Cat5,pump,steelAndSteelAlloys,Ga,e-m,0.725,%,1
OBS,2020,EU27+4,WEEE_generatedDedicated,WEEE_Cat5,pump,steelAndSteelAlloys,Mo,e-m,0.01,%,1
OBS,2020,EU27+4,WEEE_generatedDedicated,WEEE_Cat5,pump,steelAndSteelAlloys,O,e-m,0.08,%,1
OBS,2020,EU27+4,WEEE_generatedDedicated,WEEE_Cat5,pump,steelAndSteelAlloys,Sm,e-m,0.005,%,1
OBS,2020,EU27+4,WEEE_generatedDedicated,WEEE_Cat5,pump,steelAndSteelAlloys,n/a,m-c,0.581,%,1
OBS,2020,EU27+4,WEEE_generatedDedicated,WEEE_Cat5,refrigerant,n/a,n/a,c-p,0.0089,%,1
OBS,2020,EU27+4,WEEE_generatedDedicated,WEEE_Cat5,refrigerant,otherOrUndefinedMaterials,Ag,e-m,1,%,1
OBS,2020,EU27+4,WEEE_generatedDedicated,WEEE_Cat5,refrigerant,otherOrUndefinedMaterials,n/a,m-c,1,%,1
OBS,2020,EU27+4,WEEE_generatedDedicated,WEEE_Cat5,remoteControl,AlAndAlAlloys,Ag,e-m,0.00684,%,2
OBS,2020,EU27+4,WEEE_generatedDedicated,WEEE_Cat5,remoteControl,AlAndAlAlloys,As,e-m,0.97,%,2
OBS,2020,EU27+4,WEEE_generatedDedicated,WEEE_Cat5,remoteControl,AlAndAlAlloys,Cu,e-m,0.002,%,2
OBS,2020,EU27+4,WEEE_generatedDedicated,WEEE_Cat5,remoteControl,AlAndAlAlloys,Ga,e-m,0.001,%,2
OBS,2020,EU27+4,WEEE_generatedDedicated,WEEE_Cat5,remoteControl,AlAndAlAlloys,Mn,e-m,0.0248,%,2
OBS,2020,EU27+4,WEEE_generatedDedicated,WEEE_Cat5,remoteControl,AlAndAlAlloys,Mo,e-m,0.002,%,2
OBS,2020,EU27+4,WEEE_generatedDedicated,WEEE_Cat5,remoteControl,AlAndAlAlloys,Sm,e-m,0.0003,%,2
OBS,2020,EU27+4,WEEE_generatedDedicated,WEEE_Cat5,remoteControl,AlAndAlAlloys,n/a,m-c,0.0068,%,2
OBS,2020,EU27+4,WEEE_generatedDedicated,WEEE_Cat5,remoteControl,CuAndCuAlloys,Ag,e-m,0.00964,%,2
OBS,2020,EU27+4,WEEE_generatedDedicated,WEEE_Cat5,remoteControl,CuAndCuAlloys,Dy,e-m,0.75,%,2
OBS,2020,EU27+4,WEEE_generatedDedicated,WEEE_Cat5,remoteControl,CuAndCuAlloys,Zr,e-m,0.25,%,2
OBS,2020,EU27+4,WEEE_generatedDedicated,WEEE_Cat5,remoteControl,CuAndCuAlloys,n/a,m-c,0.00956,%,2
OBS,2020,EU27+4,WEEE_generatedDedicated,WEEE_Cat5,remoteControl,ferrousMetals,Ag,e-m,0.0506,%,2
OBS,2020,EU27+4,WEEE_generatedDedicated,WEEE_Cat5,remoteControl,ferrousMetals,Cu,e-m,0.18,%,2
OBS,2020,EU27+4,WEEE_generatedDedicated,WEEE_Cat5,remoteControl,ferrousMetals,Ga,e-m,0.725,%,2
OBS,2020,EU27+4,WEEE_generatedDedicated,WEEE_Cat5,remoteControl,ferrousMetals,Mo,e-m,0.01,%,2
OBS,2020,EU27+4,WEEE_generatedDedicated,WEEE_Cat5,remoteControl,ferrousMetals,O,e-m,0.08,%,2
OBS,2020,EU27+4,WEEE_generatedDedicated,WEEE_Cat5,remoteControl,ferrousMetals,Sm,e-m,0.005,%,2
OBS,2020,EU27+4,WEEE_generatedDedicated,WEEE_Cat5,remoteControl,ferrousMetals,n/a,m-c,0.0503,%,2
OBS,2020,EU27+4,WEEE_generatedDedicated,WEEE_Cat5,remoteControl,n/a,n/a,c-p,0.0016,%,1
OBS,2020,EU27+4,WEEE_generatedDedicated,WEEE_Cat5,remoteControl,otherOrUndefinedMaterials,Ag,e-m,1,%,1
OBS,2020,EU27+4,WEEE_generatedDedicated,WEEE_Cat5,remoteControl,otherOrUndefinedMaterials,n/a,m-c,1,%,1
OBS,2020,EU27+4,WEEE_generatedDedicated,WEEE_Cat5,remoteControl,plastics,Ag,e-m,0.583,%,2
OBS,2020,EU27+4,WEEE_generatedDedicated,WEEE_Cat5,remoteControl,plastics,n/a,m-c,0.583,%,2
OBS,2020,EU27+4,WEEE_generatedDedicated,WEEE_Cat5,remoteControl,undefinedAndMixedMaterials,Ag,e-m,0.000907,%,2
OBS,2020,EU27+4,WEEE_generatedDedicated,WEEE_Cat5,remoteControl,undefinedAndMixedMaterials,n/a,m-c,0.000899,%,2
OBS,2020,EU27+4,WEEE_generatedDedicated,WEEE_Cat5,resistor,n/a,n/a,c-p,0.000847,%,1
OBS,2020,EU27+4,WEEE_generatedDedicated,WEEE_Cat5,rotor,ferrousMetals,Ag,e-m,0.0325,%,1
OBS,2020,EU27+4,WEEE_generatedDedicated,WEEE_Cat5,rotor,ferrousMetals,Cu,e-m,0.18,%,1
OBS,2020,EU27+4,WEEE_generatedDedicated,WEEE_Cat5,rotor,ferrousMetals,Ga,e-m,0.725,%,1
OBS,2020,EU27+4,WEEE_generatedDedicated,WEEE_Cat5,rotor,ferrousMetals,Mo,e-m,0.01,%,1
OBS,2020,EU27+4,WEEE_generatedDedicated,WEEE_Cat5,rotor,ferrousMetals,O,e-m,0.08,%,1
OBS,2020,EU27+4,WEEE_generatedDedicated,WEEE_Cat5,rotor,ferrousMetals,Sm,e-m,0.005,%,1
OBS,2020,EU27+4,WEEE_generatedDedicated,WEEE_Cat5,rotor,ferrousMetals,n/a,m-c,0.032,%,1
OBS,2020,EU27+4,WEEE_generatedDedicated,WEEE_Cat5,rotor,n/a,n/a,c-p,0.00184,%,1
OBS,2020,EU27+4,WEEE_generatedDedicated,WEEE_Cat5,rotor,plastics,Ag,e-m,0.984,%,1
OBS,2020,EU27+4,WEEE_generatedDedicated,WEEE_Cat5,rotor,plastics,n/a,m-c,0.804,%,1
OBS,2020,EU27+4,WEEE_generatedDedicated,WEEE_Cat5,screw,CuAndCuAlloys,Ag,e-m,1,%,1
OBS,2020,EU27+4,WEEE_generatedDedicated,WEEE_Cat5,screw,CuAndCuAlloys,Dy,e-m,0.75,%,1
OBS,2020,EU27+4,WEEE_generatedDedicated,WEEE_Cat5,screw,CuAndCuAlloys,Zr,e-m,0.25,%,1
OBS,2020,EU27+4,WEEE_generatedDedicated,WEEE_Cat5,screw,CuAndCuAlloys,n/a,m-c,0.5,%,1
OBS,2020,EU27+4,WEEE_generatedDedicated,WEEE_Cat5,screw,ferrousMetals,Ag,e-m,1,%,1
OBS,2020,EU27+4,WEEE_generatedDedicated,WEEE_Cat5,screw,ferrousMetals,Ca,e-m,0.033,%,1
OBS,2020,EU27+4,WEEE_generatedDedicated,WEEE_Cat5,screw,ferrousMetals,Ga,e-m,0.938,%,1
OBS,2020,EU27+4,WEEE_generatedDedicated,WEEE_Cat5,screw,ferrousMetals,Mo,e-m,0.0075,%,1
OBS,2020,EU27+4,WEEE_generatedDedicated,WEEE_Cat5,screw,ferrousMetals,Sm,e-m,0.022,%,1
OBS,2020,EU27+4,WEEE_generatedDedicated,WEEE_Cat5,screw,ferrousMetals,n/a,m-c,0.5,%,1
OBS,2020,EU27+4,WEEE_generatedDedicated,WEEE_Cat5,screw,n/a,n/a,c-p,0.00049,%,1
OBS,2020,EU27+4,WEEE_generatedDedicated,WEEE_Cat5,sensorUnspecified,ferrousMetals,n/a,m-c,0.109,%,2
OBS,2020,EU27+4,WEEE_generatedDedicated,WEEE_Cat5,sensorUnspecified,n/a,n/a,c-p,0.000116,%,1
OBS,2020,EU27+4,WEEE_generatedDedicated,WEEE_Cat5,sensorUnspecified,plastics,n/a,m-c,0.891,%,2
OBS,2020,EU27+4,WEEE_generatedDedicated,WEEE_Cat5,shadowComponentWEEE,CuAndCuAlloys,Ag,e-m,0.0011,%,1
OBS,2020,EU27+4,WEEE_generatedDedicated,WEEE_Cat5,shadowComponentWEEE,CuAndCuAlloys,As,e-m,0.233,%,1
OBS,2020,EU27+4,WEEE_generatedDedicated,WEEE_Cat5,shadowComponentWEEE,CuAndCuAlloys,Cu,e-m,0.000481,%,1
OBS,2020,EU27+4,WEEE_generatedDedicated,WEEE_Cat5,shadowComponentWEEE,CuAndCuAlloys,Dy,e-m,0.375,%,1
OBS,2020,EU27+4,WEEE_generatedDedicated,WEEE_Cat5,shadowComponentWEEE,CuAndCuAlloys,Ga,e-m,0.000241,%,1
OBS,2020,EU27+4,WEEE_generatedDedicated,WEEE_Cat5,shadowComponentWEEE,CuAndCuAlloys,Mn,e-m,0.00597,%,1
OBS,2020,EU27+4,WEEE_generatedDedicated,WEEE_Cat5,shadowComponentWEEE,CuAndCuAlloys,Mo,e-m,0.000481,%,1
OBS,2020,EU27+4,WEEE_generatedDedicated,WEEE_Cat5,shadowComponentWEEE,CuAndCuAlloys,Sm,e-m,0.0000722,%,1
OBS,2020,EU27+4,WEEE_generatedDedicated,WEEE_Cat5,shadowComponentWEEE,CuAndCuAlloys,Sr,e-m,0.12,%,1
OBS,2020,EU27+4,WEEE_generatedDedicated,WEEE_Cat5,shadowComponentWEEE,CuAndCuAlloys,Zr,e-m,0.125,%,1
OBS,2020,EU27+4,WEEE_generatedDedicated,WEEE_Cat5,shadowComponentWEEE,CuAndCuAlloys,n/a,m-c,0.000675,%,1
OBS,2020,EU27+4,WEEE_generatedDedicated,WEEE_Cat5,shadowComponentWEEE,bitumen,Ag,e-m,0.0218,%,1
OBS,2020,EU27+4,WEEE_generatedDedicated,WEEE_Cat5,shadowComponentWEEE,bitumen,n/a,m-c,0.0141,%,1
OBS,2020,EU27+4,WEEE_generatedDedicated,WEEE_Cat5,shadowComponentWEEE,ceramicComposites,Ag,e-m,0.00843,%,1
OBS,2020,EU27+4,WEEE_generatedDedicated,WEEE_Cat5,shadowComponentWEEE,ceramicComposites,n/a,m-c,0.00769,%,1
OBS,2020,EU27+4,WEEE_generatedDedicated,WEEE_Cat5,shadowComponentWEEE,concrete,Ag,e-m,0.474,%,1
OBS,2020,EU27+4,WEEE_generatedDedicated,WEEE_Cat5,shadowComponentWEEE,concrete,n/a,m-c,0.308,%,1
OBS,2020,EU27+4,WEEE_generatedDedicated,WEEE_Cat5,shadowComponentWEEE,glass,Ag,e-m,0.0011,%,1
OBS,2020,EU27+4,WEEE_generatedDedicated,WEEE_Cat5,shadowComponentWEEE,glass,Pd,e-m,0.265,%,1
OBS,2020,EU27+4,WEEE_generatedDedicated,WEEE_Cat5,shadowComponentWEEE,glass,Sc,e-m,0.00196,%,1
OBS,2020,EU27+4,WEEE_generatedDedicated,WEEE_Cat5,shadowComponentWEEE,glass,Zr,e-m,0.000708,%,1
OBS,2020,EU27+4,WEEE_generatedDedicated,WEEE_Cat5,shadowComponentWEEE,glass,n/a,m-c,0.000675,%,1
OBS,2020,EU27+4,WEEE_generatedDedicated,WEEE_Cat5,shadowComponentWEEE,ironWroughtAndCast,Ag,e-m,0.027,%,1
OBS,2020,EU27+4,WEEE_generatedDedicated,WEEE_Cat5,shadowComponentWEEE,ironWroughtAndCast,Ca,e-m,0.033,%,1
OBS,2020,EU27+4,WEEE_generatedDedicated,WEEE_Cat5,shadowComponentWEEE,ironWroughtAndCast,Ga,e-m,0.938,%,1
OBS,2020,EU27+4,WEEE_generatedDedicated,WEEE_Cat5,shadowComponentWEEE,ironWroughtAndCast,Mo,e-m,0.0075,%,1
OBS,2020,EU27+4,WEEE_generatedDedicated,WEEE_Cat5,shadowComponentWEEE,ironWroughtAndCast,Sm,e-m,0.022,%,1
OBS,2020,EU27+4,WEEE_generatedDedicated,WEEE_Cat5,shadowComponentWEEE,ironWroughtAndCast,n/a,m-c,0.027,%,1
OBS,2020,EU27+4,WEEE_generatedDedicated,WEEE_Cat5,shadowComponentWEEE,n/a,n/a,c-p,0.001,%,1
OBS,2020,EU27+4,WEEE_generatedDedicated,WEEE_Cat5,shadowComponentWEEE,oil4,Ag,e-m,0.00329,%,1
OBS,2020,EU27+4,WEEE_generatedDedicated,WEEE_Cat5,shadowComponentWEEE,oil4,n/a,m-c,0.00293,%,1
OBS,2020,EU27+4,WEEE_generatedDedicated,WEEE_Cat5,shadowComponentWEEE,otherMetalsAndMetalAlloys,Ag,e-m,0.0011,%,1
OBS,2020,EU27+4,WEEE_generatedDedicated,WEEE_Cat5,shadowComponentWEEE,otherMetalsAndMetalAlloys,Al,e-m,0.517,%,1
OBS,2020,EU27+4,WEEE_generatedDedicated,WEEE_Cat5,shadowComponentWEEE,otherMetalsAndMetalAlloys,As,e-m,0.00413,%,1
OBS,2020,EU27+4,WEEE_generatedDedicated,WEEE_Cat5,shadowComponentWEEE,otherMetalsAndMetalAlloys,Bi,e-m,0.000000741,%,1
OBS,2020,EU27+4,WEEE_generatedDedicated,WEEE_Cat5,shadowComponentWEEE,otherMetalsAndMetalAlloys,Ca,e-m,0.000111,%,1
OBS,2020,EU27+4,WEEE_generatedDedicated,WEEE_Cat5,shadowComponentWEEE,otherMetalsAndMetalAlloys,Cl,e-m,0.000222,%,1
OBS,2020,EU27+4,WEEE_generatedDedicated,WEEE_Cat5,shadowComponentWEEE,otherMetalsAndMetalAlloys,Dy,e-m,0.0576,%,1
OBS,2020,EU27+4,WEEE_generatedDedicated,WEEE_Cat5,shadowComponentWEEE,otherMetalsAndMetalAlloys,Ga,e-m,0.000007,%,1
OBS,2020,EU27+4,WEEE_generatedDedicated,WEEE_Cat5,shadowComponentWEEE,otherMetalsAndMetalAlloys,Mn,e-m,0.0336,%,1
OBS,2020,EU27+4,WEEE_generatedDedicated,WEEE_Cat5,shadowComponentWEEE,otherMetalsAndMetalAlloys,Mo,e-m,0.00011,%,1
OBS,2020,EU27+4,WEEE_generatedDedicated,WEEE_Cat5,shadowComponentWEEE,otherMetalsAndMetalAlloys,O,e-m,0.11,%,1
OBS,2020,EU27+4,WEEE_generatedDedicated,WEEE_Cat5,shadowComponentWEEE,otherMetalsAndMetalAlloys,Sm,e-m,0.0000175,%,1
OBS,2020,EU27+4,WEEE_generatedDedicated,WEEE_Cat5,shadowComponentWEEE,otherMetalsAndMetalAlloys,Zr,e-m,0.000315,%,1
OBS,2020,EU27+4,WEEE_generatedDedicated,WEEE_Cat5,shadowComponentWEEE,otherMetalsAndMetalAlloys,n/a,m-c,0.000675,%,1
OBS,2020,EU27+4,WEEE_generatedDedicated,WEEE_Cat5,shadowComponentWEEE,otherOrUndefinedMaterials,Ag,e-m,0.000548,%,1
OBS,2020,EU27+4,WEEE_generatedDedicated,WEEE_Cat5,shadowComponentWEEE,otherOrUndefinedMaterials,n/a,m-c,0.000488,%,1
OBS,2020,EU27+4,WEEE_generatedDedicated,WEEE_Cat5,shadowComponentWEEE,otherOrganics,Ag,e-m,0.011,%,1
OBS,2020,EU27+4,WEEE_generatedDedicated,WEEE_Cat5,shadowComponentWEEE,otherOrganics,n/a,m-c,0.00905,%,1
OBS,2020,EU27+4,WEEE_generatedDedicated,WEEE_Cat5,shadowComponentWEEE,plasticComposites,Ag,e-m,0.0034,%,1
OBS,2020,EU27+4,WEEE_generatedDedicated,WEEE_Cat5,shadowComponentWEEE,plasticComposites,n/a,m-c,0.00311,%,1
OBS,2020,EU27+4,WEEE_generatedDedicated,WEEE_Cat5,shadowComponentWEEE,plastics,Ag,e-m,0.0179,%,1
OBS,2020,EU27+4,WEEE_generatedDedicated,WEEE_Cat5,shadowComponentWEEE,plastics,n/a,m-c,0.011,%,1
OBS,2020,EU27+4,WEEE_generatedDedicated,WEEE_Cat5,shadowComponentWEEE,reinforcedPlastics,Ag,e-m,0.00849,%,1
OBS,2020,EU27+4,WEEE_generatedDedicated,WEEE_Cat5,shadowComponentWEEE,reinforcedPlastics,n/a,m-c,0.00551,%,1
OBS,2020,EU27+4,WEEE_generatedDedicated,WEEE_Cat5,shadowComponentWEEE,sand,Ag,e-m,0.0103,%,1
OBS,2020,EU27+4,WEEE_generatedDedicated,WEEE_Cat5,shadowComponentWEEE,sand,Pd,e-m,0.265,%,1
OBS,2020,EU27+4,WEEE_generatedDedicated,WEEE_Cat5,shadowComponentWEEE,sand,Sc,e-m,0.00196,%,1
OBS,2020,EU27+4,WEEE_generatedDedicated,WEEE_Cat5,shadowComponentWEEE,sand,Zr,e-m,0.000708,%,1
OBS,2020,EU27+4,WEEE_generatedDedicated,WEEE_Cat5,shadowComponentWEEE,sand,n/a,m-c,0.00665,%,1
OBS,2020,EU27+4,WEEE_generatedDedicated,WEEE_Cat5,shadowComponentWEEE,steelAndSteelAlloys,Ag,e-m,0.0952,%,1
OBS,2020,EU27+4,WEEE_generatedDedicated,WEEE_Cat5,shadowComponentWEEE,steelAndSteelAlloys,Cu,e-m,0.09,%,1
OBS,2020,EU27+4,WEEE_generatedDedicated,WEEE_Cat5,shadowComponentWEEE,steelAndSteelAlloys,Ga,e-m,0.725,%,1
OBS,2020,EU27+4,WEEE_generatedDedicated,WEEE_Cat5,shadowComponentWEEE,steelAndSteelAlloys,Mo,e-m,0.01,%,1
OBS,2020,EU27+4,WEEE_generatedDedicated,WEEE_Cat5,shadowComponentWEEE,steelAndSteelAlloys,O,e-m,0.04,%,1
OBS,2020,EU27+4,WEEE_generatedDedicated,WEEE_Cat5,shadowComponentWEEE,steelAndSteelAlloys,Sm,e-m,0.003,%,1
OBS,2020,EU27+4,WEEE_generatedDedicated,WEEE_Cat5,shadowComponentWEEE,steelAndSteelAlloys,n/a,m-c,0.0735,%,1
OBS,2020,EU27+4,WEEE_generatedDedicated,WEEE_Cat5,solenoidValve,n/a,n/a,c-p,0.0016,%,1
OBS,2020,EU27+4,WEEE_generatedDedicated,WEEE_Cat5,speakerEEE2,AlAndAlAlloys,Ag,e-m,0.0405,%,2
OBS,2020,EU27+4,WEEE_generatedDedicated,WEEE_Cat5,speakerEEE2,AlAndAlAlloys,As,e-m,0.97,%,2
OBS,2020,EU27+4,WEEE_generatedDedicated,WEEE_Cat5,speakerEEE2,AlAndAlAlloys,Cu,e-m,0.002,%,2
OBS,2020,EU27+4,WEEE_generatedDedicated,WEEE_Cat5,speakerEEE2,AlAndAlAlloys,Ga,e-m,0.001,%,2
OBS,2020,EU27+4,WEEE_generatedDedicated,WEEE_Cat5,speakerEEE2,AlAndAlAlloys,Mn,e-m,0.0248,%,2
OBS,2020,EU27+4,WEEE_generatedDedicated,WEEE_Cat5,speakerEEE2,AlAndAlAlloys,Mo,e-m,0.002,%,2
OBS,2020,EU27+4,WEEE_generatedDedicated,WEEE_Cat5,speakerEEE2,AlAndAlAlloys,Sm,e-m,0.0003,%,2
OBS,2020,EU27+4,WEEE_generatedDedicated,WEEE_Cat5,speakerEEE2,AlAndAlAlloys,n/a,m-c,0.0437,%,2
OBS,2020,EU27+4,WEEE_generatedDedicated,WEEE_Cat5,speakerEEE2,CuAndCuAlloys,Ag,e-m,0.00833,%,2
OBS,2020,EU27+4,WEEE_generatedDedicated,WEEE_Cat5,speakerEEE2,CuAndCuAlloys,Dy,e-m,0.75,%,2
OBS,2020,EU27+4,WEEE_generatedDedicated,WEEE_Cat5,speakerEEE2,CuAndCuAlloys,Zr,e-m,0.25,%,2
OBS,2020,EU27+4,WEEE_generatedDedicated,WEEE_Cat5,speakerEEE2,CuAndCuAlloys,n/a,m-c,0.00898,%,2
OBS,2020,EU27+4,WEEE_generatedDedicated,WEEE_Cat5,speakerEEE2,ferrousMetals,Ag,e-m,0.0347,%,2
OBS,2020,EU27+4,WEEE_generatedDedicated,WEEE_Cat5,speakerEEE2,ferrousMetals,Cu,e-m,0.18,%,2
OBS,2020,EU27+4,WEEE_generatedDedicated,WEEE_Cat5,speakerEEE2,ferrousMetals,Ga,e-m,0.725,%,2
OBS,2020,EU27+4,WEEE_generatedDedicated,WEEE_Cat5,speakerEEE2,ferrousMetals,Mo,e-m,0.01,%,2
OBS,2020,EU27+4,WEEE_generatedDedicated,WEEE_Cat5,speakerEEE2,ferrousMetals,O,e-m,0.08,%,2
OBS,2020,EU27+4,WEEE_generatedDedicated,WEEE_Cat5,speakerEEE2,ferrousMetals,Sm,e-m,0.005,%,2
OBS,2020,EU27+4,WEEE_generatedDedicated,WEEE_Cat5,speakerEEE2,ferrousMetals,n/a,m-c,0.0341,%,2
OBS,2020,EU27+4,WEEE_generatedDedicated,WEEE_Cat5,speakerEEE2,n/a,n/a,c-p,0.000478,%,1
OBS,2020,EU27+4,WEEE_generatedDedicated,WEEE_Cat5,speakerEEE2,otherMetalsAndMetalAlloys,Ag,e-m,0.0875,%,2
OBS,2020,EU27+4,WEEE_generatedDedicated,WEEE_Cat5,speakerEEE2,otherMetalsAndMetalAlloys,Al,e-m,0.9,%,2
OBS,2020,EU27+4,WEEE_generatedDedicated,WEEE_Cat5,speakerEEE2,otherMetalsAndMetalAlloys,Dy,e-m,0.1,%,2
OBS,2020,EU27+4,WEEE_generatedDedicated,WEEE_Cat5,speakerEEE2,otherMetalsAndMetalAlloys,n/a,m-c,0.0583,%,2
OBS,2020,EU27+4,WEEE_generatedDedicated,WEEE_Cat5,speakerEEE2,plastics,Ag,e-m,0.179,%,2
OBS,2020,EU27+4,WEEE_generatedDedicated,WEEE_Cat5,speakerEEE2,plastics,n/a,m-c,0.179,%,2
OBS,2020,EU27+4,WEEE_generatedDedicated,WEEE_Cat5,speakerEEE2,undefinedAndMixedMaterials,Ag,e-m,0.0127,%,2
OBS,2020,EU27+4,WEEE_generatedDedicated,WEEE_Cat5,speakerEEE2,undefinedAndMixedMaterials,n/a,m-c,0.0127,%,2
OBS,2020,EU27+4,WEEE_generatedDedicated,WEEE_Cat5,switch,n/a,n/a,c-p,0.0000955,%,1
OBS,2020,EU27+4,WEEE_generatedDedicated,WEEE_Cat5,tonerCartridge,n/a,n/a,c-p,0.0266,%,1
OBS,2020,EU27+4,WEEE_generatedDedicated,WEEE_Cat5,transformator,CuAndCuAlloys,Ag,e-m,0.422,%,2
OBS,2020,EU27+4,WEEE_generatedDedicated,WEEE_Cat5,transformator,CuAndCuAlloys,Dy,e-m,0.75,%,2
OBS,2020,EU27+4,WEEE_generatedDedicated,WEEE_Cat5,transformator,CuAndCuAlloys,Zr,e-m,0.25,%,2
OBS,2020,EU27+4,WEEE_generatedDedicated,WEEE_Cat5,transformator,CuAndCuAlloys,n/a,m-c,0.5,%,2
OBS,2020,EU27+4,WEEE_generatedDedicated,WEEE_Cat5,transformator,ferrousMetals,Ag,e-m,0.422,%,2
OBS,2020,EU27+4,WEEE_generatedDedicated,WEEE_Cat5,transformator,ferrousMetals,Cu,e-m,0.18,%,2
OBS,2020,EU27+4,WEEE_generatedDedicated,WEEE_Cat5,transformator,ferrousMetals,Ga,e-m,0.725,%,2
OBS,2020,EU27+4,WEEE_generatedDedicated,WEEE_Cat5,transformator,ferrousMetals,Mo,e-m,0.01,%,2
OBS,2020,EU27+4,WEEE_generatedDedicated,WEEE_Cat5,transformator,ferrousMetals,O,e-m,0.08,%,2
OBS,2020,EU27+4,WEEE_generatedDedicated,WEEE_Cat5,transformator,ferrousMetals,Sm,e-m,0.005,%,2
OBS,2020,EU27+4,WEEE_generatedDedicated,WEEE_Cat5,transformator,ferrousMetals,n/a,m-c,0.5,%,2
OBS,2020,EU27+4,WEEE_generatedDedicated,WEEE_Cat5,transformator,n/a,n/a,c-p,0.00201,%,1
OBS,2020,EU27+4,WEEE_generatedDedicated,WEEE_Cat5,transmission,AlAndAlAlloys,n/a,m-c,0.5,%,1
OBS,2020,EU27+4,WEEE_generatedDedicated,WEEE_Cat5,transmission,ferrousMetals,Ag,e-m,0.714,%,1
OBS,2020,EU27+4,WEEE_generatedDedicated,WEEE_Cat5,transmission,ferrousMetals,Cu,e-m,0.18,%,1
OBS,2020,EU27+4,WEEE_generatedDedicated,WEEE_Cat5,transmission,ferrousMetals,Ga,e-m,0.725,%,1
OBS,2020,EU27+4,WEEE_generatedDedicated,WEEE_Cat5,transmission,ferrousMetals,Mo,e-m,0.01,%,1
OBS,2020,EU27+4,WEEE_generatedDedicated,WEEE_Cat5,transmission,ferrousMetals,O,e-m,0.08,%,1
OBS,2020,EU27+4,WEEE_generatedDedicated,WEEE_Cat5,transmission,ferrousMetals,Sm,e-m,0.005,%,1
OBS,2020,EU27+4,WEEE_generatedDedicated,WEEE_Cat5,transmission,ferrousMetals,n/a,m-c,0.444,%,1
OBS,2020,EU27+4,WEEE_generatedDedicated,WEEE_Cat5,transmission,n/a,n/a,c-p,0.00692,%,1
OBS,2020,EU27+4,WEEE_generatedDedicated,WEEE_Cat5,transmission,plastics,Ag,e-m,0.286,%,1
OBS,2020,EU27+4,WEEE_generatedDedicated,WEEE_Cat5,transmission,plastics,n/a,m-c,0.0563,%,1
OBS,2020,EU27+4,WEEE_generatedDedicated,WEEE_Cat5,transmitter,CuAndCuAlloys,Ag,e-m,0.0625,%,1
OBS,2020,EU27+4,WEEE_generatedDedicated,WEEE_Cat5,transmitter,CuAndCuAlloys,Dy,e-m,0.75,%,1
OBS,2020,EU27+4,WEEE_generatedDedicated,WEEE_Cat5,transmitter,CuAndCuAlloys,Zr,e-m,0.25,%,1
OBS,2020,EU27+4,WEEE_generatedDedicated,WEEE_Cat5,transmitter,CuAndCuAlloys,n/a,m-c,0.0625,%,1
OBS,2020,EU27+4,WEEE_generatedDedicated,WEEE_Cat5,transmitter,ferrousMetals,Ag,e-m,0.25,%,1
OBS,2020,EU27+4,WEEE_generatedDedicated,WEEE_Cat5,transmitter,ferrousMetals,Ca,e-m,0.033,%,1
OBS,2020,EU27+4,WEEE_generatedDedicated,WEEE_Cat5,transmitter,ferrousMetals,Ga,e-m,0.938,%,1
OBS,2020,EU27+4,WEEE_generatedDedicated,WEEE_Cat5,transmitter,ferrousMetals,Mo,e-m,0.0075,%,1
OBS,2020,EU27+4,WEEE_generatedDedicated,WEEE_Cat5,transmitter,ferrousMetals,Sm,e-m,0.022,%,1
OBS,2020,EU27+4,WEEE_generatedDedicated,WEEE_Cat5,transmitter,ferrousMetals,n/a,m-c,0.25,%,1
OBS,2020,EU27+4,WEEE_generatedDedicated,WEEE_Cat5,transmitter,n/a,n/a,c-p,0.000277,%,1
OBS,2020,EU27+4,WEEE_generatedDedicated,WEEE_Cat5,transmitter,plastics,Ag,e-m,0.313,%,1
OBS,2020,EU27+4,WEEE_generatedDedicated,WEEE_Cat5,transmitter,plastics,n/a,m-c,0.313,%,1
OBS,2020,EU27+4,WEEE_generatedDedicated,WEEE_Cat5,wheel,ferrousMetals,Ag,e-m,0.287,%,1
OBS,2020,EU27+4,WEEE_generatedDedicated,WEEE_Cat5,wheel,ferrousMetals,Cu,e-m,0.18,%,1
OBS,2020,EU27+4,WEEE_generatedDedicated,WEEE_Cat5,wheel,ferrousMetals,Ga,e-m,0.725,%,1
OBS,2020,EU27+4,WEEE_generatedDedicated,WEEE_Cat5,wheel,ferrousMetals,Mo,e-m,0.01,%,1
OBS,2020,EU27+4,WEEE_generatedDedicated,WEEE_Cat5,wheel,ferrousMetals,O,e-m,0.08,%,1
OBS,2020,EU27+4,WEEE_generatedDedicated,WEEE_Cat5,wheel,ferrousMetals,Sm,e-m,0.005,%,1
OBS,2020,EU27+4,WEEE_generatedDedicated,WEEE_Cat5,wheel,ferrousMetals,n/a,m-c,0.126,%,1
OBS,2020,EU27+4,WEEE_generatedDedicated,WEEE_Cat5,wheel,n/a,n/a,c-p,0.00919,%,1
OBS,2020,EU27+4,WEEE_generatedDedicated,WEEE_Cat5,wheel,plastics,Ag,e-m,0.278,%,1
OBS,2020,EU27+4,WEEE_generatedDedicated,WEEE_Cat5,wheel,plastics,n/a,m-c,0.151,%,1
OBS,2020,EU27+4,WEEE_generatedDedicated,WEEE_Cat5,wheel,polymerPA6GF30,Ag,e-m,0.546,%,1
OBS,2020,EU27+4,WEEE_generatedDedicated,WEEE_Cat5,wheel,polymerPA6GF30,n/a,m-c,0.298,%,1
OBS,2020,EU27+4,WEEE_generatedDedicated,WEEE_Cat5,wheel,polymerPPTF20,Ag,e-m,0.546,%,1
OBS,2020,EU27+4,WEEE_generatedDedicated,WEEE_Cat5,wheel,polymerPPTF20,n/a,m-c,0.298,%,1
OBS,2020,EU27+4,WEEE_generatedDedicated,WEEE_Cat5,wheel,polymerPPTF30,Ag,e-m,0.177,%,1
OBS,2020,EU27+4,WEEE_generatedDedicated,WEEE_Cat5,wheel,polymerPPTF30,n/a,m-c,0.0963,%,1
OBS,2020,EU27+4,WEEE_generatedDedicated,WEEE_Cat6,ComponentShadowWEEE,AlAndAlAlloys,Ag,e-m,0.000522,%,2
OBS,2020,EU27+4,WEEE_generatedDedicated,WEEE_Cat6,ComponentShadowWEEE,AlAndAlAlloys,As,e-m,0.97,%,2
OBS,2020,EU27+4,WEEE_generatedDedicated,WEEE_Cat6,ComponentShadowWEEE,AlAndAlAlloys,Cu,e-m,0.002,%,2
OBS,2020,EU27+4,WEEE_generatedDedicated,WEEE_Cat6,ComponentShadowWEEE,AlAndAlAlloys,Ga,e-m,0.001,%,2
OBS,2020,EU27+4,WEEE_generatedDedicated,WEEE_Cat6,ComponentShadowWEEE,AlAndAlAlloys,Mn,e-m,0.0248,%,2
OBS,2020,EU27+4,WEEE_generatedDedicated,WEEE_Cat6,ComponentShadowWEEE,AlAndAlAlloys,Mo,e-m,0.002,%,2
OBS,2020,EU27+4,WEEE_generatedDedicated,WEEE_Cat6,ComponentShadowWEEE,AlAndAlAlloys,Sm,e-m,0.0003,%,2
OBS,2020,EU27+4,WEEE_generatedDedicated,WEEE_Cat6,ComponentShadowWEEE,AlAndAlAlloys,n/a,m-c,0.000501,%,2
OBS,2020,EU27+4,WEEE_generatedDedicated,WEEE_Cat6,ComponentShadowWEEE,CuAndCuAlloys,Ag,e-m,0.000843,%,2
OBS,2020,EU27+4,WEEE_generatedDedicated,WEEE_Cat6,ComponentShadowWEEE,CuAndCuAlloys,Dy,e-m,0.75,%,2
OBS,2020,EU27+4,WEEE_generatedDedicated,WEEE_Cat6,ComponentShadowWEEE,CuAndCuAlloys,Zr,e-m,0.25,%,2
OBS,2020,EU27+4,WEEE_generatedDedicated,WEEE_Cat6,ComponentShadowWEEE,CuAndCuAlloys,n/a,m-c,0.000444,%,2
OBS,2020,EU27+4,WEEE_generatedDedicated,WEEE_Cat6,ComponentShadowWEEE,MaterialShadowWEEE,n/a,m-c,0.5,%,2
OBS,2020,EU27+4,WEEE_generatedDedicated,WEEE_Cat6,ComponentShadowWEEE,aggregateBinderMixedMaterials,Ag,e-m,0.00743,%,1
OBS,2020,EU27+4,WEEE_generatedDedicated,WEEE_Cat6,ComponentShadowWEEE,aggregateBinderMixedMaterials,n/a,m-c,0.00549,%,1
OBS,2020,EU27+4,WEEE_generatedDedicated,WEEE_Cat6,ComponentShadowWEEE,ferrousMetals,Ag,e-m,0.0087,%,1
OBS,2020,EU27+4,WEEE_generatedDedicated,WEEE_Cat6,ComponentShadowWEEE,ferrousMetals,Ca,e-m,0.0000373,%,1
OBS,2020,EU27+4,WEEE_generatedDedicated,WEEE_Cat6,ComponentShadowWEEE,ferrousMetals,Cu,e-m,0.0171,%,1
OBS,2020,EU27+4,WEEE_generatedDedicated,WEEE_Cat6,ComponentShadowWEEE,ferrousMetals,Ga,e-m,0.725,%,1
OBS,2020,EU27+4,WEEE_generatedDedicated,WEEE_Cat6,ComponentShadowWEEE,ferrousMetals,Mo,e-m,0.0075,%,1
OBS,2020,EU27+4,WEEE_generatedDedicated,WEEE_Cat6,ComponentShadowWEEE,ferrousMetals,O,e-m,0.00762,%,1
OBS,2020,EU27+4,WEEE_generatedDedicated,WEEE_Cat6,ComponentShadowWEEE,ferrousMetals,Sm,e-m,0.005,%,1
OBS,2020,EU27+4,WEEE_generatedDedicated,WEEE_Cat6,ComponentShadowWEEE,ferrousMetals,n/a,m-c,0.00171,%,1
OBS,2020,EU27+4,WEEE_generatedDedicated,WEEE_Cat6,ComponentShadowWEEE,glass,Ag,e-m,0.00692,%,2
OBS,2020,EU27+4,WEEE_generatedDedicated,WEEE_Cat6,ComponentShadowWEEE,glass,Pd,e-m,0.265,%,2
OBS,2020,EU27+4,WEEE_generatedDedicated,WEEE_Cat6,ComponentShadowWEEE,glass,Sc,e-m,0.00196,%,2
OBS,2020,EU27+4,WEEE_generatedDedicated,WEEE_Cat6,ComponentShadowWEEE,glass,Zr,e-m,0.000708,%,2
OBS,2020,EU27+4,WEEE_generatedDedicated,WEEE_Cat6,ComponentShadowWEEE,glass,n/a,m-c,0.00702,%,2
OBS,2020,EU27+4,WEEE_generatedDedicated,WEEE_Cat6,ComponentShadowWEEE,glassAndCeramics,Ag,e-m,0.00761,%,1
OBS,2020,EU27+4,WEEE_generatedDedicated,WEEE_Cat6,ComponentShadowWEEE,glassAndCeramics,Pd,e-m,0.265,%,1
OBS,2020,EU27+4,WEEE_generatedDedicated,WEEE_Cat6,ComponentShadowWEEE,glassAndCeramics,Sc,e-m,0.00196,%,1
OBS,2020,EU27+4,WEEE_generatedDedicated,WEEE_Cat6,ComponentShadowWEEE,glassAndCeramics,Zr,e-m,0.000708,%,1
OBS,2020,EU27+4,WEEE_generatedDedicated,WEEE_Cat6,ComponentShadowWEEE,glassAndCeramics,n/a,m-c,0.000941,%,1
OBS,2020,EU27+4,WEEE_generatedDedicated,WEEE_Cat6,ComponentShadowWEEE,n/a,Ag,e-m,0.6,%,2
OBS,2020,EU27+4,WEEE_generatedDedicated,WEEE_Cat6,ComponentShadowWEEE,n/a,n/a,c-p,0.148,%,1
OBS,2020,EU27+4,WEEE_generatedDedicated,WEEE_Cat6,ComponentShadowWEEE,n/a,n/a,m-c,0.25,%,2
OBS,2020,EU27+4,WEEE_generatedDedicated,WEEE_Cat6,ComponentShadowWEEE,non-ferrousMetals,Ag,e-m,0.00141,%,1
OBS,2020,EU27+4,WEEE_generatedDedicated,WEEE_Cat6,ComponentShadowWEEE,non-ferrousMetals,Al,e-m,0.00724,%,1
OBS,2020,EU27+4,WEEE_generatedDedicated,WEEE_Cat6,ComponentShadowWEEE,non-ferrousMetals,As,e-m,0.0285,%,1
OBS,2020,EU27+4,WEEE_generatedDedicated,WEEE_Cat6,ComponentShadowWEEE,non-ferrousMetals,Ca,e-m,0.0000227,%,1
OBS,2020,EU27+4,WEEE_generatedDedicated,WEEE_Cat6,ComponentShadowWEEE,non-ferrousMetals,Cl,e-m,0.0000455,%,1
OBS,2020,EU27+4,WEEE_generatedDedicated,WEEE_Cat6,ComponentShadowWEEE,non-ferrousMetals,Cu,e-m,0.0000588,%,1
OBS,2020,EU27+4,WEEE_generatedDedicated,WEEE_Cat6,ComponentShadowWEEE,non-ferrousMetals,Dy,e-m,0.0005,%,1
OBS,2020,EU27+4,WEEE_generatedDedicated,WEEE_Cat6,ComponentShadowWEEE,non-ferrousMetals,Ga,e-m,0.0000294,%,1
OBS,2020,EU27+4,WEEE_generatedDedicated,WEEE_Cat6,ComponentShadowWEEE,non-ferrousMetals,Mn,e-m,0.000729,%,1
OBS,2020,EU27+4,WEEE_generatedDedicated,WEEE_Cat6,ComponentShadowWEEE,non-ferrousMetals,Mo,e-m,0.0000588,%,1
OBS,2020,EU27+4,WEEE_generatedDedicated,WEEE_Cat6,ComponentShadowWEEE,non-ferrousMetals,O,e-m,0.0225,%,1
OBS,2020,EU27+4,WEEE_generatedDedicated,WEEE_Cat6,ComponentShadowWEEE,non-ferrousMetals,Pd,e-m,0.00893,%,1
OBS,2020,EU27+4,WEEE_generatedDedicated,WEEE_Cat6,ComponentShadowWEEE,non-ferrousMetals,Sm,e-m,0.00000882,%,1
OBS,2020,EU27+4,WEEE_generatedDedicated,WEEE_Cat6,ComponentShadowWEEE,non-ferrousMetals,Sr,e-m,0.00171,%,1
OBS,2020,EU27+4,WEEE_generatedDedicated,WEEE_Cat6,ComponentShadowWEEE,non-ferrousMetals,Zr,e-m,0.00299,%,1
OBS,2020,EU27+4,WEEE_generatedDedicated,WEEE_Cat6,ComponentShadowWEEE,non-ferrousMetals,n/a,m-c,0.00203,%,1
OBS,2020,EU27+4,WEEE_generatedDedicated,WEEE_Cat6,ComponentShadowWEEE,otherMetalsAndMetalAlloys,Ag,e-m,0.000479,%,2
OBS,2020,EU27+4,WEEE_generatedDedicated,WEEE_Cat6,ComponentShadowWEEE,otherMetalsAndMetalAlloys,Al,e-m,0.9,%,2
OBS,2020,EU27+4,WEEE_generatedDedicated,WEEE_Cat6,ComponentShadowWEEE,otherMetalsAndMetalAlloys,Dy,e-m,0.1,%,2
OBS,2020,EU27+4,WEEE_generatedDedicated,WEEE_Cat6,ComponentShadowWEEE,otherMetalsAndMetalAlloys,n/a,m-c,0.000459,%,2
OBS,2020,EU27+4,WEEE_generatedDedicated,WEEE_Cat6,ComponentShadowWEEE,otherMinerals,Ag,e-m,0.00387,%,1
OBS,2020,EU27+4,WEEE_generatedDedicated,WEEE_Cat6,ComponentShadowWEEE,otherMinerals,Pd,e-m,0.265,%,1
OBS,2020,EU27+4,WEEE_generatedDedicated,WEEE_Cat6,ComponentShadowWEEE,otherMinerals,Sc,e-m,0.00196,%,1
OBS,2020,EU27+4,WEEE_generatedDedicated,WEEE_Cat6,ComponentShadowWEEE,otherMinerals,Zr,e-m,0.000708,%,1
OBS,2020,EU27+4,WEEE_generatedDedicated,WEEE_Cat6,ComponentShadowWEEE,otherMinerals,n/a,m-c,0.00367,%,1
OBS,2020,EU27+4,WEEE_generatedDedicated,WEEE_Cat6,ComponentShadowWEEE,otherOrUndefinedMaterials,Ag,e-m,0.0012,%,1
OBS,2020,EU27+4,WEEE_generatedDedicated,WEEE_Cat6,ComponentShadowWEEE,otherOrUndefinedMaterials,n/a,m-c,0.00101,%,1
OBS,2020,EU27+4,WEEE_generatedDedicated,WEEE_Cat6,ComponentShadowWEEE,otherOrganics,Ag,e-m,0.00116,%,1
OBS,2020,EU27+4,WEEE_generatedDedicated,WEEE_Cat6,ComponentShadowWEEE,otherOrganics,n/a,m-c,0.000464,%,1
OBS,2020,EU27+4,WEEE_generatedDedicated,WEEE_Cat6,ComponentShadowWEEE,plastics,Ag,e-m,0.00343,%,1
OBS,2020,EU27+4,WEEE_generatedDedicated,WEEE_Cat6,ComponentShadowWEEE,plastics,n/a,m-c,0.00343,%,1
OBS,2020,EU27+4,WEEE_generatedDedicated,WEEE_Cat6,ComponentShadowWEEE,undefinedAndMixedMaterials,Ag,e-m,0.00037,%,1
OBS,2020,EU27+4,WEEE_generatedDedicated,WEEE_Cat6,ComponentShadowWEEE,undefinedAndMixedMaterials,n/a,m-c,0.00037,%,1
OBS,2020,EU27+4,WEEE_generatedDedicated,WEEE_Cat6,ComponentShadowWEEE,wood,Ag,e-m,0.00648,%,1
OBS,2020,EU27+4,WEEE_generatedDedicated,WEEE_Cat6,ComponentShadowWEEE,wood,n/a,m-c,0.00603,%,1
OBS,2020,EU27+4,WEEE_generatedDedicated,WEEE_Cat6,ConductivitySensor,CuAndCuAlloys,n/a,m-c,0.087,%,1
OBS,2020,EU27+4,WEEE_generatedDedicated,WEEE_Cat6,ConductivitySensor,ferrousMetals,n/a,m-c,0.913,%,1
OBS,2020,EU27+4,WEEE_generatedDedicated,WEEE_Cat6,ConductivitySensor,n/a,n/a,c-p,0.000785,%,1
OBS,2020,EU27+4,WEEE_generatedDedicated,WEEE_Cat6,LED,n/a,n/a,c-p,0.0000513,%,1
OBS,2020,EU27+4,WEEE_generatedDedicated,WEEE_Cat6,LidarSensor (&lt;15cm),AlAndAlAlloys,Ag,e-m,0.00541,%,1
OBS,2020,EU27+4,WEEE_generatedDedicated,WEEE_Cat6,LidarSensor (&lt;15cm),AlAndAlAlloys,As,e-m,0.97,%,1
OBS,2020,EU27+4,WEEE_generatedDedicated,WEEE_Cat6,LidarSensor (&lt;15cm),AlAndAlAlloys,Cu,e-m,0.002,%,1
OBS,2020,EU27+4,WEEE_generatedDedicated,WEEE_Cat6,LidarSensor (&lt;15cm),AlAndAlAlloys,Ga,e-m,0.001,%,1
OBS,2020,EU27+4,WEEE_generatedDedicated,WEEE_Cat6,LidarSensor (&lt;15cm),AlAndAlAlloys,Mn,e-m,0.0248,%,1
OBS,2020,EU27+4,WEEE_generatedDedicated,WEEE_Cat6,LidarSensor (&lt;15cm),AlAndAlAlloys,Mo,e-m,0.002,%,1
OBS,2020,EU27+4,WEEE_generatedDedicated,WEEE_Cat6,LidarSensor (&lt;15cm),AlAndAlAlloys,Sm,e-m,0.0003,%,1
OBS,2020,EU27+4,WEEE_generatedDedicated,WEEE_Cat6,LidarSensor (&lt;15cm),AlAndAlAlloys,n/a,m-c,0.00576,%,1
OBS,2020,EU27+4,WEEE_generatedDedicated,WEEE_Cat6,LidarSensor (&lt;15cm),CuAndCuAlloys,Ag,e-m,0.0459,%,1
OBS,2020,EU27+4,WEEE_generatedDedicated,WEEE_Cat6,LidarSensor (&lt;15cm),CuAndCuAlloys,Dy,e-m,0.75,%,1
OBS,2020,EU27+4,WEEE_generatedDedicated,WEEE_Cat6,LidarSensor (&lt;15cm),CuAndCuAlloys,Zr,e-m,0.25,%,1
OBS,2020,EU27+4,WEEE_generatedDedicated,WEEE_Cat6,LidarSensor (&lt;15cm),CuAndCuAlloys,n/a,m-c,0.0489,%,1
OBS,2020,EU27+4,WEEE_generatedDedicated,WEEE_Cat6,LidarSensor (&lt;15cm),ferrousMetals,Ag,e-m,0.296,%,1
OBS,2020,EU27+4,WEEE_generatedDedicated,WEEE_Cat6,LidarSensor (&lt;15cm),ferrousMetals,Ca,e-m,0.0159,%,1
OBS,2020,EU27+4,WEEE_generatedDedicated,WEEE_Cat6,LidarSensor (&lt;15cm),ferrousMetals,Cu,e-m,0.0933,%,1
OBS,2020,EU27+4,WEEE_generatedDedicated,WEEE_Cat6,LidarSensor (&lt;15cm),ferrousMetals,Ga,e-m,0.827,%,1
OBS,2020,EU27+4,WEEE_generatedDedicated,WEEE_Cat6,LidarSensor (&lt;15cm),ferrousMetals,Mo,e-m,0.0088,%,1
OBS,2020,EU27+4,WEEE_generatedDedicated,WEEE_Cat6,LidarSensor (&lt;15cm),ferrousMetals,O,e-m,0.0415,%,1
OBS,2020,EU27+4,WEEE_generatedDedicated,WEEE_Cat6,LidarSensor (&lt;15cm),ferrousMetals,Sm,e-m,0.0132,%,1
OBS,2020,EU27+4,WEEE_generatedDedicated,WEEE_Cat6,LidarSensor (&lt;15cm),ferrousMetals,n/a,m-c,0.315,%,1
OBS,2020,EU27+4,WEEE_generatedDedicated,WEEE_Cat6,LidarSensor (&lt;15cm),glass,Ag,e-m,0.0108,%,1
OBS,2020,EU27+4,WEEE_generatedDedicated,WEEE_Cat6,LidarSensor (&lt;15cm),glass,Pd,e-m,0.265,%,1
OBS,2020,EU27+4,WEEE_generatedDedicated,WEEE_Cat6,LidarSensor (&lt;15cm),glass,Sc,e-m,0.00196,%,1
OBS,2020,EU27+4,WEEE_generatedDedicated,WEEE_Cat6,LidarSensor (&lt;15cm),glass,Zr,e-m,0.000708,%,1
OBS,2020,EU27+4,WEEE_generatedDedicated,WEEE_Cat6,LidarSensor (&lt;15cm),glass,n/a,m-c,0.0115,%,1
OBS,2020,EU27+4,WEEE_generatedDedicated,WEEE_Cat6,LidarSensor (&lt;15cm),n/a,n/a,c-p,0.265,%,1
OBS,2020,EU27+4,WEEE_generatedDedicated,WEEE_Cat6,LidarSensor (&lt;15cm),plastics,Ag,e-m,0.493,%,1
OBS,2020,EU27+4,WEEE_generatedDedicated,WEEE_Cat6,LidarSensor (&lt;15cm),plastics,n/a,m-c,0.525,%,1
OBS,2020,EU27+4,WEEE_generatedDedicated,WEEE_Cat6,MagnetSensor,CuAndCuAlloys,Ag,e-m,0.109,%,1
OBS,2020,EU27+4,WEEE_generatedDedicated,WEEE_Cat6,MagnetSensor,CuAndCuAlloys,Dy,e-m,0.75,%,1
OBS,2020,EU27+4,WEEE_generatedDedicated,WEEE_Cat6,MagnetSensor,CuAndCuAlloys,Zr,e-m,0.25,%,1
OBS,2020,EU27+4,WEEE_generatedDedicated,WEEE_Cat6,MagnetSensor,CuAndCuAlloys,n/a,m-c,0.0595,%,1
OBS,2020,EU27+4,WEEE_generatedDedicated,WEEE_Cat6,MagnetSensor,ferrousMetals,Ag,e-m,0.688,%,1
OBS,2020,EU27+4,WEEE_generatedDedicated,WEEE_Cat6,MagnetSensor,ferrousMetals,Ca,e-m,0.033,%,1
OBS,2020,EU27+4,WEEE_generatedDedicated,WEEE_Cat6,MagnetSensor,ferrousMetals,Ga,e-m,0.938,%,1
OBS,2020,EU27+4,WEEE_generatedDedicated,WEEE_Cat6,MagnetSensor,ferrousMetals,Mo,e-m,0.0075,%,1
OBS,2020,EU27+4,WEEE_generatedDedicated,WEEE_Cat6,MagnetSensor,ferrousMetals,Sm,e-m,0.022,%,1
OBS,2020,EU27+4,WEEE_generatedDedicated,WEEE_Cat6,MagnetSensor,ferrousMetals,n/a,m-c,0.376,%,1
OBS,2020,EU27+4,WEEE_generatedDedicated,WEEE_Cat6,MagnetSensor,n/a,n/a,c-p,0.000551,%,1
OBS,2020,EU27+4,WEEE_generatedDedicated,WEEE_Cat6,MagnetSensor,plastics,Ag,e-m,0.125,%,1
OBS,2020,EU27+4,WEEE_generatedDedicated,WEEE_Cat6,MagnetSensor,plastics,n/a,m-c,0.0683,%,1
OBS,2020,EU27+4,WEEE_generatedDedicated,WEEE_Cat6,PCBWEEECat,n/a,n/a,c-p,0.0008,%,1
OBS,2020,EU27+4,WEEE_generatedDedicated,WEEE_Cat6,PCBWEEECat,otherOrUndefinedMaterials,Ag,e-m,1,%,1
OBS,2020,EU27+4,WEEE_generatedDedicated,WEEE_Cat6,PCBWEEECat,otherOrUndefinedMaterials,n/a,m-c,1,%,1
OBS,2020,EU27+4,WEEE_generatedDedicated,WEEE_Cat6,PCBunspecified,ferrousMetals,Ag,e-m,1,%,2
OBS,2020,EU27+4,WEEE_generatedDedicated,WEEE_Cat6,PCBunspecified,ferrousMetals,Cu,e-m,0.18,%,2
OBS,2020,EU27+4,WEEE_generatedDedicated,WEEE_Cat6,PCBunspecified,ferrousMetals,Ga,e-m,0.725,%,2
OBS,2020,EU27+4,WEEE_generatedDedicated,WEEE_Cat6,PCBunspecified,ferrousMetals,Mo,e-m,0.01,%,2
OBS,2020,EU27+4,WEEE_generatedDedicated,WEEE_Cat6,PCBunspecified,ferrousMetals,O,e-m,0.08,%,2
OBS,2020,EU27+4,WEEE_generatedDedicated,WEEE_Cat6,PCBunspecified,ferrousMetals,Sm,e-m,0.005,%,2
OBS,2020,EU27+4,WEEE_generatedDedicated,WEEE_Cat6,PCBunspecified,ferrousMetals,n/a,m-c,1,%,2
OBS,2020,EU27+4,WEEE_generatedDedicated,WEEE_Cat6,PCBunspecified,n/a,n/a,c-p,0.00499,%,2
OBS,2020,EU27+4,WEEE_generatedDedicated,WEEE_Cat6,PVBacksheet,n/a,n/a,c-p,0.0065,%,1
OBS,2020,EU27+4,WEEE_generatedDedicated,WEEE_Cat6,PVBacksheet,plasticComposites,Ag,e-m,1,%,1
OBS,2020,EU27+4,WEEE_generatedDedicated,WEEE_Cat6,PVBacksheet,plasticComposites,n/a,m-c,0.5,%,1
OBS,2020,EU27+4,WEEE_generatedDedicated,WEEE_Cat6,PVBacksheet,plastics,Ag,e-m,1,%,1
OBS,2020,EU27+4,WEEE_generatedDedicated,WEEE_Cat6,PVBacksheet,plastics,n/a,m-c,0.5,%,1
OBS,2020,EU27+4,WEEE_generatedDedicated,WEEE_Cat6,PVEncapsulationEVA,n/a,n/a,c-p,0.0711,%,1
OBS,2020,EU27+4,WEEE_generatedDedicated,WEEE_Cat6,PVEncapsulationEVA,plastics,Ag,e-m,1,%,1
OBS,2020,EU27+4,WEEE_generatedDedicated,WEEE_Cat6,PVEncapsulationEVA,plastics,n/a,m-c,1,%,1
OBS,2020,EU27+4,WEEE_generatedDedicated,WEEE_Cat6,PVFrameAl,CuAndCuAlloys,Ag,e-m,1,%,1
OBS,2020,EU27+4,WEEE_generatedDedicated,WEEE_Cat6,PVFrameAl,CuAndCuAlloys,As,e-m,0.97,%,1
OBS,2020,EU27+4,WEEE_generatedDedicated,WEEE_Cat6,PVFrameAl,CuAndCuAlloys,Cu,e-m,0.002,%,1
OBS,2020,EU27+4,WEEE_generatedDedicated,WEEE_Cat6,PVFrameAl,CuAndCuAlloys,Ga,e-m,0.001,%,1
OBS,2020,EU27+4,WEEE_generatedDedicated,WEEE_Cat6,PVFrameAl,CuAndCuAlloys,Mn,e-m,0.0248,%,1
OBS,2020,EU27+4,WEEE_generatedDedicated,WEEE_Cat6,PVFrameAl,CuAndCuAlloys,Mo,e-m,0.002,%,1
OBS,2020,EU27+4,WEEE_generatedDedicated,WEEE_Cat6,PVFrameAl,CuAndCuAlloys,Sm,e-m,0.0003,%,1
OBS,2020,EU27+4,WEEE_generatedDedicated,WEEE_Cat6,PVFrameAl,CuAndCuAlloys,n/a,m-c,1,%,1
OBS,2020,EU27+4,WEEE_generatedDedicated,WEEE_Cat6,PVFrameAl,n/a,n/a,c-p,0.122,%,1
OBS,2020,EU27+4,WEEE_generatedDedicated,WEEE_Cat6,PVSolarGlass,glass,Ag,e-m,1,%,1
OBS,2020,EU27+4,WEEE_generatedDedicated,WEEE_Cat6,PVSolarGlass,glass,Pd,e-m,0.265,%,1
OBS,2020,EU27+4,WEEE_generatedDedicated,WEEE_Cat6,PVSolarGlass,glass,Sc,e-m,0.00196,%,1
OBS,2020,EU27+4,WEEE_generatedDedicated,WEEE_Cat6,PVSolarGlass,glass,Zr,e-m,0.000708,%,1
OBS,2020,EU27+4,WEEE_generatedDedicated,WEEE_Cat6,PVSolarGlass,glass,n/a,m-c,1,%,1
OBS,2020,EU27+4,WEEE_generatedDedicated,WEEE_Cat6,PVSolarGlass,n/a,n/a,c-p,0.698,%,1
OBS,2020,EU27+4,WEEE_generatedDedicated,WEEE_Cat6,PVcellSi,n/a,n/a,c-p,0.0332,%,1
OBS,2020,EU27+4,WEEE_generatedDedicated,WEEE_Cat6,PVcellSi,otherOrUndefinedMaterials,Ag,e-m,1,%,1
OBS,2020,EU27+4,WEEE_generatedDedicated,WEEE_Cat6,PVcellSi,otherOrUndefinedMaterials,n/a,m-c,1,%,1
OBS,2020,EU27+4,WEEE_generatedDedicated,WEEE_Cat6,WEEEEvaporator,CuAndCuAlloys,Ag,e-m,0.844,%,1
OBS,2020,EU27+4,WEEE_generatedDedicated,WEEE_Cat6,WEEEEvaporator,CuAndCuAlloys,Dy,e-m,0.75,%,1
OBS,2020,EU27+4,WEEE_generatedDedicated,WEEE_Cat6,WEEEEvaporator,CuAndCuAlloys,Zr,e-m,0.25,%,1
OBS,2020,EU27+4,WEEE_generatedDedicated,WEEE_Cat6,WEEEEvaporator,CuAndCuAlloys,n/a,m-c,0.844,%,1
OBS,2020,EU27+4,WEEE_generatedDedicated,WEEE_Cat6,WEEEEvaporator,n/a,n/a,c-p,0.324,%,1
OBS,2020,EU27+4,WEEE_generatedDedicated,WEEE_Cat6,WEEEEvaporator,steelAndSteelAlloys,Ag,e-m,0.156,%,1
OBS,2020,EU27+4,WEEE_generatedDedicated,WEEE_Cat6,WEEEEvaporator,steelAndSteelAlloys,Cu,e-m,0.18,%,1
OBS,2020,EU27+4,WEEE_generatedDedicated,WEEE_Cat6,WEEEEvaporator,steelAndSteelAlloys,Ga,e-m,0.725,%,1
OBS,2020,EU27+4,WEEE_generatedDedicated,WEEE_Cat6,WEEEEvaporator,steelAndSteelAlloys,Mo,e-m,0.01,%,1
OBS,2020,EU27+4,WEEE_generatedDedicated,WEEE_Cat6,WEEEEvaporator,steelAndSteelAlloys,O,e-m,0.08,%,1
OBS,2020,EU27+4,WEEE_generatedDedicated,WEEE_Cat6,WEEEEvaporator,steelAndSteelAlloys,Sm,e-m,0.005,%,1
OBS,2020,EU27+4,WEEE_generatedDedicated,WEEE_Cat6,WEEEEvaporator,steelAndSteelAlloys,n/a,m-c,0.156,%,1
OBS,2020,EU27+4,WEEE_generatedDedicated,WEEE_Cat6,brush,AlAndAlAlloys,Ag,e-m,0.0179,%,1
OBS,2020,EU27+4,WEEE_generatedDedicated,WEEE_Cat6,brush,AlAndAlAlloys,As,e-m,0.97,%,1
OBS,2020,EU27+4,WEEE_generatedDedicated,WEEE_Cat6,brush,AlAndAlAlloys,Cu,e-m,0.002,%,1
OBS,2020,EU27+4,WEEE_generatedDedicated,WEEE_Cat6,brush,AlAndAlAlloys,Ga,e-m,0.001,%,1
OBS,2020,EU27+4,WEEE_generatedDedicated,WEEE_Cat6,brush,AlAndAlAlloys,Mn,e-m,0.0248,%,1
OBS,2020,EU27+4,WEEE_generatedDedicated,WEEE_Cat6,brush,AlAndAlAlloys,Mo,e-m,0.002,%,1
OBS,2020,EU27+4,WEEE_generatedDedicated,WEEE_Cat6,brush,AlAndAlAlloys,Sm,e-m,0.0003,%,1
OBS,2020,EU27+4,WEEE_generatedDedicated,WEEE_Cat6,brush,AlAndAlAlloys,n/a,m-c,0.0179,%,1
OBS,2020,EU27+4,WEEE_generatedDedicated,WEEE_Cat6,brush,ferrousMetals,Ag,e-m,0.286,%,1
OBS,2020,EU27+4,WEEE_generatedDedicated,WEEE_Cat6,brush,ferrousMetals,Ca,e-m,0.033,%,1
OBS,2020,EU27+4,WEEE_generatedDedicated,WEEE_Cat6,brush,ferrousMetals,Ga,e-m,0.938,%,1
OBS,2020,EU27+4,WEEE_generatedDedicated,WEEE_Cat6,brush,ferrousMetals,Mo,e-m,0.0075,%,1
OBS,2020,EU27+4,WEEE_generatedDedicated,WEEE_Cat6,brush,ferrousMetals,Sm,e-m,0.022,%,1
OBS,2020,EU27+4,WEEE_generatedDedicated,WEEE_Cat6,brush,ferrousMetals,n/a,m-c,0.286,%,1
OBS,2020,EU27+4,WEEE_generatedDedicated,WEEE_Cat6,brush,n/a,n/a,c-p,0.00464,%,1
OBS,2020,EU27+4,WEEE_generatedDedicated,WEEE_Cat6,brush,plastics,Ag,e-m,0.696,%,1
OBS,2020,EU27+4,WEEE_generatedDedicated,WEEE_Cat6,brush,plastics,n/a,m-c,0.696,%,1
OBS,2020,EU27+4,WEEE_generatedDedicated,WEEE_Cat6,cableUnspecified,AlAndAlAlloys,Ag,e-m,0.103,%,2
OBS,2020,EU27+4,WEEE_generatedDedicated,WEEE_Cat6,cableUnspecified,AlAndAlAlloys,As,e-m,0.97,%,2
OBS,2020,EU27+4,WEEE_generatedDedicated,WEEE_Cat6,cableUnspecified,AlAndAlAlloys,Cu,e-m,0.002,%,2
OBS,2020,EU27+4,WEEE_generatedDedicated,WEEE_Cat6,cableUnspecified,AlAndAlAlloys,Ga,e-m,0.001,%,2
OBS,2020,EU27+4,WEEE_generatedDedicated,WEEE_Cat6,cableUnspecified,AlAndAlAlloys,Mn,e-m,0.0248,%,2
OBS,2020,EU27+4,WEEE_generatedDedicated,WEEE_Cat6,cableUnspecified,AlAndAlAlloys,Mo,e-m,0.002,%,2
OBS,2020,EU27+4,WEEE_generatedDedicated,WEEE_Cat6,cableUnspecified,AlAndAlAlloys,Sm,e-m,0.0003,%,2
OBS,2020,EU27+4,WEEE_generatedDedicated,WEEE_Cat6,cableUnspecified,AlAndAlAlloys,n/a,m-c,0.103,%,2
OBS,2020,EU27+4,WEEE_generatedDedicated,WEEE_Cat6,cableUnspecified,CuAndCuAlloys,Ag,e-m,0.166,%,2
OBS,2020,EU27+4,WEEE_generatedDedicated,WEEE_Cat6,cableUnspecified,CuAndCuAlloys,Dy,e-m,0.75,%,2
OBS,2020,EU27+4,WEEE_generatedDedicated,WEEE_Cat6,cableUnspecified,CuAndCuAlloys,Zr,e-m,0.25,%,2
OBS,2020,EU27+4,WEEE_generatedDedicated,WEEE_Cat6,cableUnspecified,CuAndCuAlloys,n/a,m-c,0.166,%,2
OBS,2020,EU27+4,WEEE_generatedDedicated,WEEE_Cat6,cableUnspecified,ferrousMetals,Ag,e-m,0.296,%,2
OBS,2020,EU27+4,WEEE_generatedDedicated,WEEE_Cat6,cableUnspecified,ferrousMetals,Cu,e-m,0.18,%,2
OBS,2020,EU27+4,WEEE_generatedDedicated,WEEE_Cat6,cableUnspecified,ferrousMetals,Ga,e-m,0.725,%,2
OBS,2020,EU27+4,WEEE_generatedDedicated,WEEE_Cat6,cableUnspecified,ferrousMetals,Mo,e-m,0.01,%,2
OBS,2020,EU27+4,WEEE_generatedDedicated,WEEE_Cat6,cableUnspecified,ferrousMetals,O,e-m,0.08,%,2
OBS,2020,EU27+4,WEEE_generatedDedicated,WEEE_Cat6,cableUnspecified,ferrousMetals,Sm,e-m,0.005,%,2
OBS,2020,EU27+4,WEEE_generatedDedicated,WEEE_Cat6,cableUnspecified,ferrousMetals,n/a,m-c,0.296,%,2
OBS,2020,EU27+4,WEEE_generatedDedicated,WEEE_Cat6,cableUnspecified,n/a,n/a,c-p,0.00307,%,1
OBS,2020,EU27+4,WEEE_generatedDedicated,WEEE_Cat6,cableUnspecified,plastics,Ag,e-m,0.435,%,2
OBS,2020,EU27+4,WEEE_generatedDedicated,WEEE_Cat6,cableUnspecified,plastics,n/a,m-c,0.435,%,2
OBS,2020,EU27+4,WEEE_generatedDedicated,WEEE_Cat6,cableWOPlug,n/a,n/a,c-p,0.000926,%,1
OBS,2020,EU27+4,WEEE_generatedDedicated,WEEE_Cat6,cableWPlug,AlAndAlAlloys,n/a,m-c,0.137,%,2
OBS,2020,EU27+4,WEEE_generatedDedicated,WEEE_Cat6,cableWPlug,ferrousMetals,n/a,m-c,0.305,%,2
OBS,2020,EU27+4,WEEE_generatedDedicated,WEEE_Cat6,cableWPlug,n/a,n/a,c-p,0.000532,%,1
OBS,2020,EU27+4,WEEE_generatedDedicated,WEEE_Cat6,cableWPlug,plastics,Ag,e-m,0.654,%,2
OBS,2020,EU27+4,WEEE_generatedDedicated,WEEE_Cat6,cableWPlug,plastics,n/a,m-c,0.558,%,2
OBS,2020,EU27+4,WEEE_generatedDedicated,WEEE_Cat6,cableWithConnector,CuAndCuAlloys,Ag,e-m,0.346,%,2
OBS,2020,EU27+4,WEEE_generatedDedicated,WEEE_Cat6,cableWithConnector,CuAndCuAlloys,Dy,e-m,0.75,%,2
OBS,2020,EU27+4,WEEE_generatedDedicated,WEEE_Cat6,cableWithConnector,CuAndCuAlloys,Zr,e-m,0.25,%,2
OBS,2020,EU27+4,WEEE_generatedDedicated,WEEE_Cat6,cableWithConnector,CuAndCuAlloys,n/a,m-c,1,%,2
OBS,2020,EU27+4,WEEE_generatedDedicated,WEEE_Cat6,cables,n/a,n/a,c-p,0.0152,%,1
OBS,2020,EU27+4,WEEE_generatedDedicated,WEEE_Cat6,cables,otherOrUndefinedMaterials,Ag,e-m,1,%,1
OBS,2020,EU27+4,WEEE_generatedDedicated,WEEE_Cat6,cables,otherOrUndefinedMaterials,n/a,m-c,1,%,1
OBS,2020,EU27+4,WEEE_generatedDedicated,WEEE_Cat6,cablewire,AlAndAlAlloys,Ag,e-m,0.0385,%,1
OBS,2020,EU27+4,WEEE_generatedDedicated,WEEE_Cat6,cablewire,AlAndAlAlloys,As,e-m,0.97,%,1
OBS,2020,EU27+4,WEEE_generatedDedicated,WEEE_Cat6,cablewire,AlAndAlAlloys,Cu,e-m,0.002,%,1
OBS,2020,EU27+4,WEEE_generatedDedicated,WEEE_Cat6,cablewire,AlAndAlAlloys,Ga,e-m,0.001,%,1
OBS,2020,EU27+4,WEEE_generatedDedicated,WEEE_Cat6,cablewire,AlAndAlAlloys,Mn,e-m,0.0248,%,1
OBS,2020,EU27+4,WEEE_generatedDedicated,WEEE_Cat6,cablewire,AlAndAlAlloys,Mo,e-m,0.002,%,1
OBS,2020,EU27+4,WEEE_generatedDedicated,WEEE_Cat6,cablewire,AlAndAlAlloys,Sm,e-m,0.0003,%,1
OBS,2020,EU27+4,WEEE_generatedDedicated,WEEE_Cat6,cablewire,AlAndAlAlloys,n/a,m-c,0.0277,%,1
OBS,2020,EU27+4,WEEE_generatedDedicated,WEEE_Cat6,cablewire,CuAndCuAlloys,Ag,e-m,0.195,%,1
OBS,2020,EU27+4,WEEE_generatedDedicated,WEEE_Cat6,cablewire,CuAndCuAlloys,Dy,e-m,0.75,%,1
OBS,2020,EU27+4,WEEE_generatedDedicated,WEEE_Cat6,cablewire,CuAndCuAlloys,Zr,e-m,0.25,%,1
OBS,2020,EU27+4,WEEE_generatedDedicated,WEEE_Cat6,cablewire,CuAndCuAlloys,n/a,m-c,0.141,%,1
OBS,2020,EU27+4,WEEE_generatedDedicated,WEEE_Cat6,cablewire,ferrousMetals,Ag,e-m,0.488,%,1
OBS,2020,EU27+4,WEEE_generatedDedicated,WEEE_Cat6,cablewire,ferrousMetals,Ca,e-m,0.033,%,1
OBS,2020,EU27+4,WEEE_generatedDedicated,WEEE_Cat6,cablewire,ferrousMetals,Ga,e-m,0.938,%,1
OBS,2020,EU27+4,WEEE_generatedDedicated,WEEE_Cat6,cablewire,ferrousMetals,Mo,e-m,0.0075,%,1
OBS,2020,EU27+4,WEEE_generatedDedicated,WEEE_Cat6,cablewire,ferrousMetals,Sm,e-m,0.022,%,1
OBS,2020,EU27+4,WEEE_generatedDedicated,WEEE_Cat6,cablewire,ferrousMetals,n/a,m-c,0.352,%,1
OBS,2020,EU27+4,WEEE_generatedDedicated,WEEE_Cat6,cablewire,n/a,n/a,c-p,0.0000652,%,1
OBS,2020,EU27+4,WEEE_generatedDedicated,WEEE_Cat6,cablewire,plastics,Ag,e-m,0.667,%,1
OBS,2020,EU27+4,WEEE_generatedDedicated,WEEE_Cat6,cablewire,plastics,n/a,m-c,0.48,%,1
OBS,2020,EU27+4,WEEE_generatedDedicated,WEEE_Cat6,capElectrolytic,CuAndCuAlloys,Ag,e-m,0.666,%,2
OBS,2020,EU27+4,WEEE_generatedDedicated,WEEE_Cat6,capElectrolytic,CuAndCuAlloys,Dy,e-m,0.75,%,2
OBS,2020,EU27+4,WEEE_generatedDedicated,WEEE_Cat6,capElectrolytic,CuAndCuAlloys,Zr,e-m,0.25,%,2
OBS,2020,EU27+4,WEEE_generatedDedicated,WEEE_Cat6,capElectrolytic,CuAndCuAlloys,n/a,m-c,0.666,%,2
OBS,2020,EU27+4,WEEE_generatedDedicated,WEEE_Cat6,capElectrolytic,n/a,n/a,c-p,0.00598,%,2
OBS,2020,EU27+4,WEEE_generatedDedicated,WEEE_Cat6,capElectrolytic,undefinedAndMixedMaterials,Ag,e-m,0.334,%,2
OBS,2020,EU27+4,WEEE_generatedDedicated,WEEE_Cat6,capElectrolytic,undefinedAndMixedMaterials,n/a,m-c,0.334,%,2
OBS,2020,EU27+4,WEEE_generatedDedicated,WEEE_Cat6,casingPlasticBased,AlAndAlAlloys,Ag,e-m,0.00456,%,1
OBS,2020,EU27+4,WEEE_generatedDedicated,WEEE_Cat6,casingPlasticBased,AlAndAlAlloys,As,e-m,0.97,%,1
OBS,2020,EU27+4,WEEE_generatedDedicated,WEEE_Cat6,casingPlasticBased,AlAndAlAlloys,Cu,e-m,0.002,%,1
OBS,2020,EU27+4,WEEE_generatedDedicated,WEEE_Cat6,casingPlasticBased,AlAndAlAlloys,Ga,e-m,0.001,%,1
OBS,2020,EU27+4,WEEE_generatedDedicated,WEEE_Cat6,casingPlasticBased,AlAndAlAlloys,Mn,e-m,0.0248,%,1
OBS,2020,EU27+4,WEEE_generatedDedicated,WEEE_Cat6,casingPlasticBased,AlAndAlAlloys,Mo,e-m,0.002,%,1
OBS,2020,EU27+4,WEEE_generatedDedicated,WEEE_Cat6,casingPlasticBased,AlAndAlAlloys,Sm,e-m,0.0003,%,1
OBS,2020,EU27+4,WEEE_generatedDedicated,WEEE_Cat6,casingPlasticBased,AlAndAlAlloys,n/a,m-c,0.00351,%,1
OBS,2020,EU27+4,WEEE_generatedDedicated,WEEE_Cat6,casingPlasticBased,CuAndCuAlloys,Ag,e-m,0.0154,%,1
OBS,2020,EU27+4,WEEE_generatedDedicated,WEEE_Cat6,casingPlasticBased,CuAndCuAlloys,Dy,e-m,0.75,%,1
OBS,2020,EU27+4,WEEE_generatedDedicated,WEEE_Cat6,casingPlasticBased,CuAndCuAlloys,Zr,e-m,0.25,%,1
OBS,2020,EU27+4,WEEE_generatedDedicated,WEEE_Cat6,casingPlasticBased,CuAndCuAlloys,n/a,m-c,0.0154,%,1
OBS,2020,EU27+4,WEEE_generatedDedicated,WEEE_Cat6,casingPlasticBased,ferrousMetals,Ag,e-m,0.045,%,1
OBS,2020,EU27+4,WEEE_generatedDedicated,WEEE_Cat6,casingPlasticBased,ferrousMetals,Ca,e-m,0.0303,%,1
OBS,2020,EU27+4,WEEE_generatedDedicated,WEEE_Cat6,casingPlasticBased,ferrousMetals,Cu,e-m,0.015,%,1
OBS,2020,EU27+4,WEEE_generatedDedicated,WEEE_Cat6,casingPlasticBased,ferrousMetals,Ga,e-m,0.92,%,1
OBS,2020,EU27+4,WEEE_generatedDedicated,WEEE_Cat6,casingPlasticBased,ferrousMetals,Mo,e-m,0.0075,%,1
OBS,2020,EU27+4,WEEE_generatedDedicated,WEEE_Cat6,casingPlasticBased,ferrousMetals,O,e-m,0.00667,%,1
OBS,2020,EU27+4,WEEE_generatedDedicated,WEEE_Cat6,casingPlasticBased,ferrousMetals,Sm,e-m,0.0206,%,1
OBS,2020,EU27+4,WEEE_generatedDedicated,WEEE_Cat6,casingPlasticBased,ferrousMetals,n/a,m-c,0.0239,%,1
OBS,2020,EU27+4,WEEE_generatedDedicated,WEEE_Cat6,casingPlasticBased,n/a,n/a,c-p,0.00512,%,1
OBS,2020,EU27+4,WEEE_generatedDedicated,WEEE_Cat6,casingPlasticBased,otherOrganics,Ag,e-m,0.0741,%,1
OBS,2020,EU27+4,WEEE_generatedDedicated,WEEE_Cat6,casingPlasticBased,otherOrganics,n/a,m-c,0.0393,%,1
OBS,2020,EU27+4,WEEE_generatedDedicated,WEEE_Cat6,casingPlasticBased,plastics,Ag,e-m,0.231,%,1
OBS,2020,EU27+4,WEEE_generatedDedicated,WEEE_Cat6,casingPlasticBased,plastics,n/a,m-c,0.521,%,1
OBS,2020,EU27+4,WEEE_generatedDedicated,WEEE_Cat6,casingPlasticBased,polymerPA6GF30,Ag,e-m,0.0414,%,1
OBS,2020,EU27+4,WEEE_generatedDedicated,WEEE_Cat6,casingPlasticBased,polymerPA6GF30,n/a,m-c,0.022,%,1
OBS,2020,EU27+4,WEEE_generatedDedicated,WEEE_Cat6,casingPlasticBased,polymerPPGF30,Ag,e-m,0.0134,%,1
OBS,2020,EU27+4,WEEE_generatedDedicated,WEEE_Cat6,casingPlasticBased,polymerPPGF30,n/a,m-c,0.00713,%,1
OBS,2020,EU27+4,WEEE_generatedDedicated,WEEE_Cat6,casingPlasticBased,polymerPPTF30,Ag,e-m,0.722,%,1
OBS,2020,EU27+4,WEEE_generatedDedicated,WEEE_Cat6,casingPlasticBased,polymerPPTF30,n/a,m-c,0.383,%,1
OBS,2020,EU27+4,WEEE_generatedDedicated,WEEE_Cat6,casingPlasticBased,undefinedAndMixedMaterials,n/a,m-c,0.265,%,1
OBS,2020,EU27+4,WEEE_generatedDedicated,WEEE_Cat6,casingSteelBased,ferrousMetals,Ag,e-m,0.0409,%,2
OBS,2020,EU27+4,WEEE_generatedDedicated,WEEE_Cat6,casingSteelBased,ferrousMetals,Cu,e-m,0.18,%,2
OBS,2020,EU27+4,WEEE_generatedDedicated,WEEE_Cat6,casingSteelBased,ferrousMetals,Ga,e-m,0.725,%,2
OBS,2020,EU27+4,WEEE_generatedDedicated,WEEE_Cat6,casingSteelBased,ferrousMetals,Mo,e-m,0.01,%,2
OBS,2020,EU27+4,WEEE_generatedDedicated,WEEE_Cat6,casingSteelBased,ferrousMetals,O,e-m,0.08,%,2
OBS,2020,EU27+4,WEEE_generatedDedicated,WEEE_Cat6,casingSteelBased,ferrousMetals,Sm,e-m,0.005,%,2
OBS,2020,EU27+4,WEEE_generatedDedicated,WEEE_Cat6,casingSteelBased,ferrousMetals,n/a,m-c,1,%,2
OBS,2020,EU27+4,WEEE_generatedDedicated,WEEE_Cat6,casingSteelBased,n/a,n/a,c-p,0.0172,%,2
OBS,2020,EU27+4,WEEE_generatedDedicated,WEEE_Cat6,casingUnspecified,AlAndAlAlloys,Ag,e-m,0.00935,%,2
OBS,2020,EU27+4,WEEE_generatedDedicated,WEEE_Cat6,casingUnspecified,AlAndAlAlloys,As,e-m,0.97,%,2
OBS,2020,EU27+4,WEEE_generatedDedicated,WEEE_Cat6,casingUnspecified,AlAndAlAlloys,Cu,e-m,0.002,%,2
OBS,2020,EU27+4,WEEE_generatedDedicated,WEEE_Cat6,casingUnspecified,AlAndAlAlloys,Ga,e-m,0.001,%,2
OBS,2020,EU27+4,WEEE_generatedDedicated,WEEE_Cat6,casingUnspecified,AlAndAlAlloys,Mn,e-m,0.0248,%,2
OBS,2020,EU27+4,WEEE_generatedDedicated,WEEE_Cat6,casingUnspecified,AlAndAlAlloys,Mo,e-m,0.002,%,2
OBS,2020,EU27+4,WEEE_generatedDedicated,WEEE_Cat6,casingUnspecified,AlAndAlAlloys,Sm,e-m,0.0003,%,2
OBS,2020,EU27+4,WEEE_generatedDedicated,WEEE_Cat6,casingUnspecified,AlAndAlAlloys,n/a,m-c,0.000774,%,2
OBS,2020,EU27+4,WEEE_generatedDedicated,WEEE_Cat6,casingUnspecified,CuAndCuAlloys,Ag,e-m,0.000715,%,2
OBS,2020,EU27+4,WEEE_generatedDedicated,WEEE_Cat6,casingUnspecified,CuAndCuAlloys,Dy,e-m,0.75,%,2
OBS,2020,EU27+4,WEEE_generatedDedicated,WEEE_Cat6,casingUnspecified,CuAndCuAlloys,Zr,e-m,0.25,%,2
OBS,2020,EU27+4,WEEE_generatedDedicated,WEEE_Cat6,casingUnspecified,CuAndCuAlloys,n/a,m-c,0.000715,%,2
OBS,2020,EU27+4,WEEE_generatedDedicated,WEEE_Cat6,casingUnspecified,ferrousMetals,Ag,e-m,0.00784,%,2
OBS,2020,EU27+4,WEEE_generatedDedicated,WEEE_Cat6,casingUnspecified,ferrousMetals,Cu,e-m,0.18,%,2
OBS,2020,EU27+4,WEEE_generatedDedicated,WEEE_Cat6,casingUnspecified,ferrousMetals,Ga,e-m,0.725,%,2
OBS,2020,EU27+4,WEEE_generatedDedicated,WEEE_Cat6,casingUnspecified,ferrousMetals,Mo,e-m,0.01,%,2
OBS,2020,EU27+4,WEEE_generatedDedicated,WEEE_Cat6,casingUnspecified,ferrousMetals,O,e-m,0.08,%,2
OBS,2020,EU27+4,WEEE_generatedDedicated,WEEE_Cat6,casingUnspecified,ferrousMetals,Sm,e-m,0.005,%,2
OBS,2020,EU27+4,WEEE_generatedDedicated,WEEE_Cat6,casingUnspecified,ferrousMetals,n/a,m-c,0.00653,%,2
OBS,2020,EU27+4,WEEE_generatedDedicated,WEEE_Cat6,casingUnspecified,glass,Ag,e-m,0.143,%,2
OBS,2020,EU27+4,WEEE_generatedDedicated,WEEE_Cat6,casingUnspecified,glass,Pd,e-m,0.265,%,2
OBS,2020,EU27+4,WEEE_generatedDedicated,WEEE_Cat6,casingUnspecified,glass,Sc,e-m,0.00196,%,2
OBS,2020,EU27+4,WEEE_generatedDedicated,WEEE_Cat6,casingUnspecified,glass,Zr,e-m,0.000708,%,2
OBS,2020,EU27+4,WEEE_generatedDedicated,WEEE_Cat6,casingUnspecified,glass,n/a,m-c,0.126,%,2
OBS,2020,EU27+4,WEEE_generatedDedicated,WEEE_Cat6,casingUnspecified,n/a,n/a,c-p,0.0325,%,2
OBS,2020,EU27+4,WEEE_generatedDedicated,WEEE_Cat6,casingUnspecified,otherMetalsAndMetalAlloys,Ag,e-m,0.00152,%,2
OBS,2020,EU27+4,WEEE_generatedDedicated,WEEE_Cat6,casingUnspecified,otherMetalsAndMetalAlloys,Al,e-m,0.9,%,2
OBS,2020,EU27+4,WEEE_generatedDedicated,WEEE_Cat6,casingUnspecified,otherMetalsAndMetalAlloys,Dy,e-m,0.1,%,2
OBS,2020,EU27+4,WEEE_generatedDedicated,WEEE_Cat6,casingUnspecified,otherMetalsAndMetalAlloys,n/a,m-c,0.00115,%,2
OBS,2020,EU27+4,WEEE_generatedDedicated,WEEE_Cat6,casingUnspecified,plastics,Ag,e-m,0.000408,%,2
OBS,2020,EU27+4,WEEE_generatedDedicated,WEEE_Cat6,casingUnspecified,plastics,n/a,m-c,0.00217,%,2
OBS,2020,EU27+4,WEEE_generatedDedicated,WEEE_Cat6,casingUnspecified,undefinedAndMixedMaterials,Ag,e-m,0.000378,%,2
OBS,2020,EU27+4,WEEE_generatedDedicated,WEEE_Cat6,casingUnspecified,undefinedAndMixedMaterials,n/a,m-c,0.000378,%,2
OBS,2020,EU27+4,WEEE_generatedDedicated,WEEE_Cat6,coldCathodeLamp,n/a,n/a,c-p,0.0108,%,1
OBS,2020,EU27+4,WEEE_generatedDedicated,WEEE_Cat6,compContainHazardSubst,n/a,n/a,c-p,0.000661,%,1
OBS,2020,EU27+4,WEEE_generatedDedicated,WEEE_Cat6,compressor,CuAndCuAlloys,Ag,e-m,0.596,%,1
OBS,2020,EU27+4,WEEE_generatedDedicated,WEEE_Cat6,compressor,CuAndCuAlloys,As,e-m,0.404,%,1
OBS,2020,EU27+4,WEEE_generatedDedicated,WEEE_Cat6,compressor,CuAndCuAlloys,Cu,e-m,0.000833,%,1
OBS,2020,EU27+4,WEEE_generatedDedicated,WEEE_Cat6,compressor,CuAndCuAlloys,Dy,e-m,0.438,%,1
OBS,2020,EU27+4,WEEE_generatedDedicated,WEEE_Cat6,compressor,CuAndCuAlloys,Ga,e-m,0.000417,%,1
OBS,2020,EU27+4,WEEE_generatedDedicated,WEEE_Cat6,compressor,CuAndCuAlloys,Mn,e-m,0.0103,%,1
OBS,2020,EU27+4,WEEE_generatedDedicated,WEEE_Cat6,compressor,CuAndCuAlloys,Mo,e-m,0.000833,%,1
OBS,2020,EU27+4,WEEE_generatedDedicated,WEEE_Cat6,compressor,CuAndCuAlloys,Sm,e-m,0.000125,%,1
OBS,2020,EU27+4,WEEE_generatedDedicated,WEEE_Cat6,compressor,CuAndCuAlloys,Zr,e-m,0.146,%,1
OBS,2020,EU27+4,WEEE_generatedDedicated,WEEE_Cat6,compressor,CuAndCuAlloys,n/a,m-c,0.573,%,1
OBS,2020,EU27+4,WEEE_generatedDedicated,WEEE_Cat6,compressor,glass,Ag,e-m,0.0367,%,1
OBS,2020,EU27+4,WEEE_generatedDedicated,WEEE_Cat6,compressor,glass,Pd,e-m,0.265,%,1
OBS,2020,EU27+4,WEEE_generatedDedicated,WEEE_Cat6,compressor,glass,Sc,e-m,0.00196,%,1
OBS,2020,EU27+4,WEEE_generatedDedicated,WEEE_Cat6,compressor,glass,Zr,e-m,0.000708,%,1
OBS,2020,EU27+4,WEEE_generatedDedicated,WEEE_Cat6,compressor,glass,n/a,m-c,0.0353,%,1
OBS,2020,EU27+4,WEEE_generatedDedicated,WEEE_Cat6,compressor,n/a,n/a,c-p,0.0000345,%,1
OBS,2020,EU27+4,WEEE_generatedDedicated,WEEE_Cat6,compressor,otherFerrousAlloys,Ag,e-m,0.0156,%,1
OBS,2020,EU27+4,WEEE_generatedDedicated,WEEE_Cat6,compressor,otherFerrousAlloys,Ca,e-m,0.033,%,1
OBS,2020,EU27+4,WEEE_generatedDedicated,WEEE_Cat6,compressor,otherFerrousAlloys,Ga,e-m,0.938,%,1
OBS,2020,EU27+4,WEEE_generatedDedicated,WEEE_Cat6,compressor,otherFerrousAlloys,Mo,e-m,0.0075,%,1
OBS,2020,EU27+4,WEEE_generatedDedicated,WEEE_Cat6,compressor,otherFerrousAlloys,Sm,e-m,0.022,%,1
OBS,2020,EU27+4,WEEE_generatedDedicated,WEEE_Cat6,compressor,otherFerrousAlloys,n/a,m-c,0.015,%,1
OBS,2020,EU27+4,WEEE_generatedDedicated,WEEE_Cat6,compressor,otherOrUndefinedMaterials,Ag,e-m,0.133,%,1
OBS,2020,EU27+4,WEEE_generatedDedicated,WEEE_Cat6,compressor,otherOrUndefinedMaterials,n/a,m-c,0.128,%,1
OBS,2020,EU27+4,WEEE_generatedDedicated,WEEE_Cat6,compressor,plastics,Ag,e-m,0.0266,%,1
OBS,2020,EU27+4,WEEE_generatedDedicated,WEEE_Cat6,compressor,plastics,n/a,m-c,0.0256,%,1
OBS,2020,EU27+4,WEEE_generatedDedicated,WEEE_Cat6,compressor,steelAndSteelAlloys,Ag,e-m,0.232,%,1
OBS,2020,EU27+4,WEEE_generatedDedicated,WEEE_Cat6,compressor,steelAndSteelAlloys,Cu,e-m,0.18,%,1
OBS,2020,EU27+4,WEEE_generatedDedicated,WEEE_Cat6,compressor,steelAndSteelAlloys,Ga,e-m,0.725,%,1
OBS,2020,EU27+4,WEEE_generatedDedicated,WEEE_Cat6,compressor,steelAndSteelAlloys,Mo,e-m,0.01,%,1
OBS,2020,EU27+4,WEEE_generatedDedicated,WEEE_Cat6,compressor,steelAndSteelAlloys,O,e-m,0.08,%,1
OBS,2020,EU27+4,WEEE_generatedDedicated,WEEE_Cat6,compressor,steelAndSteelAlloys,Sm,e-m,0.005,%,1
OBS,2020,EU27+4,WEEE_generatedDedicated,WEEE_Cat6,compressor,steelAndSteelAlloys,n/a,m-c,0.223,%,1
OBS,2020,EU27+4,WEEE_generatedDedicated,WEEE_Cat6,condensator,n/a,n/a,c-p,0.00683,%,1
OBS,2020,EU27+4,WEEE_generatedDedicated,WEEE_Cat6,contactor,n/a,n/a,c-p,0.0000702,%,1
OBS,2020,EU27+4,WEEE_generatedDedicated,WEEE_Cat6,displayCRT,AlAndAlAlloys,Ag,e-m,0.00569,%,2
OBS,2020,EU27+4,WEEE_generatedDedicated,WEEE_Cat6,displayCRT,AlAndAlAlloys,As,e-m,0.97,%,2
OBS,2020,EU27+4,WEEE_generatedDedicated,WEEE_Cat6,displayCRT,AlAndAlAlloys,Cu,e-m,0.002,%,2
OBS,2020,EU27+4,WEEE_generatedDedicated,WEEE_Cat6,displayCRT,AlAndAlAlloys,Ga,e-m,0.001,%,2
OBS,2020,EU27+4,WEEE_generatedDedicated,WEEE_Cat6,displayCRT,AlAndAlAlloys,Mn,e-m,0.0248,%,2
OBS,2020,EU27+4,WEEE_generatedDedicated,WEEE_Cat6,displayCRT,AlAndAlAlloys,Mo,e-m,0.002,%,2
OBS,2020,EU27+4,WEEE_generatedDedicated,WEEE_Cat6,displayCRT,AlAndAlAlloys,Sm,e-m,0.0003,%,2
OBS,2020,EU27+4,WEEE_generatedDedicated,WEEE_Cat6,displayCRT,AlAndAlAlloys,n/a,m-c,0.00782,%,2
OBS,2020,EU27+4,WEEE_generatedDedicated,WEEE_Cat6,displayCRT,glass,Ag,e-m,0.722,%,2
OBS,2020,EU27+4,WEEE_generatedDedicated,WEEE_Cat6,displayCRT,glass,Pd,e-m,0.265,%,2
OBS,2020,EU27+4,WEEE_generatedDedicated,WEEE_Cat6,displayCRT,glass,Sc,e-m,0.00196,%,2
OBS,2020,EU27+4,WEEE_generatedDedicated,WEEE_Cat6,displayCRT,glass,Zr,e-m,0.000708,%,2
OBS,2020,EU27+4,WEEE_generatedDedicated,WEEE_Cat6,displayCRT,glass,n/a,m-c,0.992,%,2
OBS,2020,EU27+4,WEEE_generatedDedicated,WEEE_Cat6,displayCRT,n/a,n/a,c-p,0.303,%,2
OBS,2020,EU27+4,WEEE_generatedDedicated,WEEE_Cat6,displayLCD,AlAndAlAlloys,Ag,e-m,0.301,%,2
OBS,2020,EU27+4,WEEE_generatedDedicated,WEEE_Cat6,displayLCD,AlAndAlAlloys,As,e-m,0.97,%,2
OBS,2020,EU27+4,WEEE_generatedDedicated,WEEE_Cat6,displayLCD,AlAndAlAlloys,Cu,e-m,0.002,%,2
OBS,2020,EU27+4,WEEE_generatedDedicated,WEEE_Cat6,displayLCD,AlAndAlAlloys,Ga,e-m,0.001,%,2
OBS,2020,EU27+4,WEEE_generatedDedicated,WEEE_Cat6,displayLCD,AlAndAlAlloys,Mn,e-m,0.0248,%,2
OBS,2020,EU27+4,WEEE_generatedDedicated,WEEE_Cat6,displayLCD,AlAndAlAlloys,Mo,e-m,0.002,%,2
OBS,2020,EU27+4,WEEE_generatedDedicated,WEEE_Cat6,displayLCD,AlAndAlAlloys,Sm,e-m,0.0003,%,2
OBS,2020,EU27+4,WEEE_generatedDedicated,WEEE_Cat6,displayLCD,AlAndAlAlloys,n/a,m-c,0.257,%,2
OBS,2020,EU27+4,WEEE_generatedDedicated,WEEE_Cat6,displayLCD,CuAndCuAlloys,Ag,e-m,0.00985,%,2
OBS,2020,EU27+4,WEEE_generatedDedicated,WEEE_Cat6,displayLCD,CuAndCuAlloys,Dy,e-m,0.75,%,2
OBS,2020,EU27+4,WEEE_generatedDedicated,WEEE_Cat6,displayLCD,CuAndCuAlloys,Zr,e-m,0.25,%,2
OBS,2020,EU27+4,WEEE_generatedDedicated,WEEE_Cat6,displayLCD,CuAndCuAlloys,n/a,m-c,0.00839,%,2
OBS,2020,EU27+4,WEEE_generatedDedicated,WEEE_Cat6,displayLCD,ferrousMetals,Ag,e-m,0.132,%,2
OBS,2020,EU27+4,WEEE_generatedDedicated,WEEE_Cat6,displayLCD,ferrousMetals,Cu,e-m,0.18,%,2
OBS,2020,EU27+4,WEEE_generatedDedicated,WEEE_Cat6,displayLCD,ferrousMetals,Ga,e-m,0.725,%,2
OBS,2020,EU27+4,WEEE_generatedDedicated,WEEE_Cat6,displayLCD,ferrousMetals,Mo,e-m,0.01,%,2
OBS,2020,EU27+4,WEEE_generatedDedicated,WEEE_Cat6,displayLCD,ferrousMetals,O,e-m,0.08,%,2
OBS,2020,EU27+4,WEEE_generatedDedicated,WEEE_Cat6,displayLCD,ferrousMetals,Sm,e-m,0.005,%,2
OBS,2020,EU27+4,WEEE_generatedDedicated,WEEE_Cat6,displayLCD,ferrousMetals,n/a,m-c,0.11,%,2
OBS,2020,EU27+4,WEEE_generatedDedicated,WEEE_Cat6,displayLCD,glass,Ag,e-m,0.392,%,2
OBS,2020,EU27+4,WEEE_generatedDedicated,WEEE_Cat6,displayLCD,glass,Pd,e-m,0.265,%,2
OBS,2020,EU27+4,WEEE_generatedDedicated,WEEE_Cat6,displayLCD,glass,Sc,e-m,0.00196,%,2
OBS,2020,EU27+4,WEEE_generatedDedicated,WEEE_Cat6,displayLCD,glass,Zr,e-m,0.000708,%,2
OBS,2020,EU27+4,WEEE_generatedDedicated,WEEE_Cat6,displayLCD,glass,n/a,m-c,0.329,%,2
OBS,2020,EU27+4,WEEE_generatedDedicated,WEEE_Cat6,displayLCD,n/a,n/a,c-p,0.000449,%,1
OBS,2020,EU27+4,WEEE_generatedDedicated,WEEE_Cat6,displayLCD,plastics,Ag,e-m,0.176,%,2
OBS,2020,EU27+4,WEEE_generatedDedicated,WEEE_Cat6,displayLCD,plastics,n/a,m-c,0.176,%,2
OBS,2020,EU27+4,WEEE_generatedDedicated,WEEE_Cat6,displayLCD,undefinedAndMixedMaterials,Ag,e-m,0.0714,%,2
OBS,2020,EU27+4,WEEE_generatedDedicated,WEEE_Cat6,displayLCD,undefinedAndMixedMaterials,n/a,m-c,0.06,%,2
OBS,2020,EU27+4,WEEE_generatedDedicated,WEEE_Cat6,displayLCDunder100cm2,n/a,n/a,c-p,0.000553,%,1
OBS,2020,EU27+4,WEEE_generatedDedicated,WEEE_Cat6,displayOther,AlAndAlAlloys,Ag,e-m,0.00706,%,2
OBS,2020,EU27+4,WEEE_generatedDedicated,WEEE_Cat6,displayOther,AlAndAlAlloys,As,e-m,0.97,%,2
OBS,2020,EU27+4,WEEE_generatedDedicated,WEEE_Cat6,displayOther,AlAndAlAlloys,Cu,e-m,0.002,%,2
OBS,2020,EU27+4,WEEE_generatedDedicated,WEEE_Cat6,displayOther,AlAndAlAlloys,Ga,e-m,0.001,%,2
OBS,2020,EU27+4,WEEE_generatedDedicated,WEEE_Cat6,displayOther,AlAndAlAlloys,Mn,e-m,0.0248,%,2
OBS,2020,EU27+4,WEEE_generatedDedicated,WEEE_Cat6,displayOther,AlAndAlAlloys,Mo,e-m,0.002,%,2
OBS,2020,EU27+4,WEEE_generatedDedicated,WEEE_Cat6,displayOther,AlAndAlAlloys,Sm,e-m,0.0003,%,2
OBS,2020,EU27+4,WEEE_generatedDedicated,WEEE_Cat6,displayOther,AlAndAlAlloys,n/a,m-c,0.00703,%,2
OBS,2020,EU27+4,WEEE_generatedDedicated,WEEE_Cat6,displayOther,CuAndCuAlloys,Ag,e-m,0.000388,%,2
OBS,2020,EU27+4,WEEE_generatedDedicated,WEEE_Cat6,displayOther,CuAndCuAlloys,Dy,e-m,0.75,%,2
OBS,2020,EU27+4,WEEE_generatedDedicated,WEEE_Cat6,displayOther,CuAndCuAlloys,Zr,e-m,0.25,%,2
OBS,2020,EU27+4,WEEE_generatedDedicated,WEEE_Cat6,displayOther,CuAndCuAlloys,n/a,m-c,0.000388,%,2
OBS,2020,EU27+4,WEEE_generatedDedicated,WEEE_Cat6,displayOther,ferrousMetals,Ag,e-m,0.0127,%,2
OBS,2020,EU27+4,WEEE_generatedDedicated,WEEE_Cat6,displayOther,ferrousMetals,Cu,e-m,0.18,%,2
OBS,2020,EU27+4,WEEE_generatedDedicated,WEEE_Cat6,displayOther,ferrousMetals,Ga,e-m,0.725,%,2
OBS,2020,EU27+4,WEEE_generatedDedicated,WEEE_Cat6,displayOther,ferrousMetals,Mo,e-m,0.01,%,2
OBS,2020,EU27+4,WEEE_generatedDedicated,WEEE_Cat6,displayOther,ferrousMetals,O,e-m,0.08,%,2
OBS,2020,EU27+4,WEEE_generatedDedicated,WEEE_Cat6,displayOther,ferrousMetals,Sm,e-m,0.005,%,2
OBS,2020,EU27+4,WEEE_generatedDedicated,WEEE_Cat6,displayOther,ferrousMetals,n/a,m-c,0.00941,%,2
OBS,2020,EU27+4,WEEE_generatedDedicated,WEEE_Cat6,displayOther,glass,Ag,e-m,0.276,%,2
OBS,2020,EU27+4,WEEE_generatedDedicated,WEEE_Cat6,displayOther,glass,Pd,e-m,0.265,%,2
OBS,2020,EU27+4,WEEE_generatedDedicated,WEEE_Cat6,displayOther,glass,Sc,e-m,0.00196,%,2
OBS,2020,EU27+4,WEEE_generatedDedicated,WEEE_Cat6,displayOther,glass,Zr,e-m,0.000708,%,2
OBS,2020,EU27+4,WEEE_generatedDedicated,WEEE_Cat6,displayOther,glass,n/a,m-c,0.0538,%,2
OBS,2020,EU27+4,WEEE_generatedDedicated,WEEE_Cat6,displayOther,n/a,n/a,c-p,0.00367,%,2
OBS,2020,EU27+4,WEEE_generatedDedicated,WEEE_Cat6,displayOther,otherMetalsAndMetalAlloys,Ag,e-m,0.00231,%,2
OBS,2020,EU27+4,WEEE_generatedDedicated,WEEE_Cat6,displayOther,otherMetalsAndMetalAlloys,Al,e-m,0.9,%,2
OBS,2020,EU27+4,WEEE_generatedDedicated,WEEE_Cat6,displayOther,otherMetalsAndMetalAlloys,Dy,e-m,0.1,%,2
OBS,2020,EU27+4,WEEE_generatedDedicated,WEEE_Cat6,displayOther,otherMetalsAndMetalAlloys,n/a,m-c,0.00237,%,2
OBS,2020,EU27+4,WEEE_generatedDedicated,WEEE_Cat6,displayOther,plastics,Ag,e-m,0.0125,%,2
OBS,2020,EU27+4,WEEE_generatedDedicated,WEEE_Cat6,displayOther,plastics,n/a,m-c,0.0125,%,2
OBS,2020,EU27+4,WEEE_generatedDedicated,WEEE_Cat6,displayOther,undefinedAndMixedMaterials,Ag,e-m,0.0000891,%,2
OBS,2020,EU27+4,WEEE_generatedDedicated,WEEE_Cat6,displayOther,undefinedAndMixedMaterials,n/a,m-c,0.0000891,%,2
OBS,2020,EU27+4,WEEE_generatedDedicated,WEEE_Cat6,displayPlasma,n/a,n/a,c-p,0.152,%,1
OBS,2020,EU27+4,WEEE_generatedDedicated,WEEE_Cat6,driveCDDExt,n/a,n/a,c-p,0.00561,%,1
OBS,2020,EU27+4,WEEE_generatedDedicated,WEEE_Cat6,driveCDDInt,AlAndAlAlloys,Ag,e-m,0.0324,%,2
OBS,2020,EU27+4,WEEE_generatedDedicated,WEEE_Cat6,driveCDDInt,AlAndAlAlloys,As,e-m,0.97,%,2
OBS,2020,EU27+4,WEEE_generatedDedicated,WEEE_Cat6,driveCDDInt,AlAndAlAlloys,Cu,e-m,0.002,%,2
OBS,2020,EU27+4,WEEE_generatedDedicated,WEEE_Cat6,driveCDDInt,AlAndAlAlloys,Ga,e-m,0.001,%,2
OBS,2020,EU27+4,WEEE_generatedDedicated,WEEE_Cat6,driveCDDInt,AlAndAlAlloys,Mn,e-m,0.0248,%,2
OBS,2020,EU27+4,WEEE_generatedDedicated,WEEE_Cat6,driveCDDInt,AlAndAlAlloys,Mo,e-m,0.002,%,2
OBS,2020,EU27+4,WEEE_generatedDedicated,WEEE_Cat6,driveCDDInt,AlAndAlAlloys,Sm,e-m,0.0003,%,2
OBS,2020,EU27+4,WEEE_generatedDedicated,WEEE_Cat6,driveCDDInt,AlAndAlAlloys,n/a,m-c,0.0248,%,2
OBS,2020,EU27+4,WEEE_generatedDedicated,WEEE_Cat6,driveCDDInt,CuAndCuAlloys,Ag,e-m,0.00564,%,2
OBS,2020,EU27+4,WEEE_generatedDedicated,WEEE_Cat6,driveCDDInt,CuAndCuAlloys,Dy,e-m,0.75,%,2
OBS,2020,EU27+4,WEEE_generatedDedicated,WEEE_Cat6,driveCDDInt,CuAndCuAlloys,Zr,e-m,0.25,%,2
OBS,2020,EU27+4,WEEE_generatedDedicated,WEEE_Cat6,driveCDDInt,CuAndCuAlloys,n/a,m-c,0.00637,%,2
OBS,2020,EU27+4,WEEE_generatedDedicated,WEEE_Cat6,driveCDDInt,ferrousMetals,Ag,e-m,0.103,%,2
OBS,2020,EU27+4,WEEE_generatedDedicated,WEEE_Cat6,driveCDDInt,ferrousMetals,Cu,e-m,0.18,%,2
OBS,2020,EU27+4,WEEE_generatedDedicated,WEEE_Cat6,driveCDDInt,ferrousMetals,Ga,e-m,0.725,%,2
OBS,2020,EU27+4,WEEE_generatedDedicated,WEEE_Cat6,driveCDDInt,ferrousMetals,Mo,e-m,0.01,%,2
OBS,2020,EU27+4,WEEE_generatedDedicated,WEEE_Cat6,driveCDDInt,ferrousMetals,O,e-m,0.08,%,2
OBS,2020,EU27+4,WEEE_generatedDedicated,WEEE_Cat6,driveCDDInt,ferrousMetals,Sm,e-m,0.005,%,2
OBS,2020,EU27+4,WEEE_generatedDedicated,WEEE_Cat6,driveCDDInt,ferrousMetals,n/a,m-c,0.127,%,2
OBS,2020,EU27+4,WEEE_generatedDedicated,WEEE_Cat6,driveCDDInt,n/a,n/a,c-p,0.01,%,2
OBS,2020,EU27+4,WEEE_generatedDedicated,WEEE_Cat6,driveCDDInt,otherMetalsAndMetalAlloys,Ag,e-m,0.0161,%,2
OBS,2020,EU27+4,WEEE_generatedDedicated,WEEE_Cat6,driveCDDInt,otherMetalsAndMetalAlloys,Al,e-m,0.9,%,2
OBS,2020,EU27+4,WEEE_generatedDedicated,WEEE_Cat6,driveCDDInt,otherMetalsAndMetalAlloys,Dy,e-m,0.1,%,2
OBS,2020,EU27+4,WEEE_generatedDedicated,WEEE_Cat6,driveCDDInt,otherMetalsAndMetalAlloys,n/a,m-c,0.00441,%,2
OBS,2020,EU27+4,WEEE_generatedDedicated,WEEE_Cat6,driveCDDInt,plastics,Ag,e-m,0.0254,%,2
OBS,2020,EU27+4,WEEE_generatedDedicated,WEEE_Cat6,driveCDDInt,plastics,n/a,m-c,0.0254,%,2
OBS,2020,EU27+4,WEEE_generatedDedicated,WEEE_Cat6,driveCDDInt,undefinedAndMixedMaterials,Ag,e-m,0.000808,%,2
OBS,2020,EU27+4,WEEE_generatedDedicated,WEEE_Cat6,driveCDDInt,undefinedAndMixedMaterials,n/a,m-c,0.000808,%,2
OBS,2020,EU27+4,WEEE_generatedDedicated,WEEE_Cat6,driveFDD,AlAndAlAlloys,Ag,e-m,0.387,%,2
OBS,2020,EU27+4,WEEE_generatedDedicated,WEEE_Cat6,driveFDD,AlAndAlAlloys,As,e-m,0.97,%,2
OBS,2020,EU27+4,WEEE_generatedDedicated,WEEE_Cat6,driveFDD,AlAndAlAlloys,Cu,e-m,0.002,%,2
OBS,2020,EU27+4,WEEE_generatedDedicated,WEEE_Cat6,driveFDD,AlAndAlAlloys,Ga,e-m,0.001,%,2
OBS,2020,EU27+4,WEEE_generatedDedicated,WEEE_Cat6,driveFDD,AlAndAlAlloys,Mn,e-m,0.0248,%,2
OBS,2020,EU27+4,WEEE_generatedDedicated,WEEE_Cat6,driveFDD,AlAndAlAlloys,Mo,e-m,0.002,%,2
OBS,2020,EU27+4,WEEE_generatedDedicated,WEEE_Cat6,driveFDD,AlAndAlAlloys,Sm,e-m,0.0003,%,2
OBS,2020,EU27+4,WEEE_generatedDedicated,WEEE_Cat6,driveFDD,AlAndAlAlloys,n/a,m-c,0.634,%,2
OBS,2020,EU27+4,WEEE_generatedDedicated,WEEE_Cat6,driveFDD,ferrousMetals,Ag,e-m,0.223,%,2
OBS,2020,EU27+4,WEEE_generatedDedicated,WEEE_Cat6,driveFDD,ferrousMetals,Cu,e-m,0.18,%,2
OBS,2020,EU27+4,WEEE_generatedDedicated,WEEE_Cat6,driveFDD,ferrousMetals,Ga,e-m,0.725,%,2
OBS,2020,EU27+4,WEEE_generatedDedicated,WEEE_Cat6,driveFDD,ferrousMetals,Mo,e-m,0.01,%,2
OBS,2020,EU27+4,WEEE_generatedDedicated,WEEE_Cat6,driveFDD,ferrousMetals,O,e-m,0.08,%,2
OBS,2020,EU27+4,WEEE_generatedDedicated,WEEE_Cat6,driveFDD,ferrousMetals,Sm,e-m,0.005,%,2
OBS,2020,EU27+4,WEEE_generatedDedicated,WEEE_Cat6,driveFDD,ferrousMetals,n/a,m-c,0.366,%,2
OBS,2020,EU27+4,WEEE_generatedDedicated,WEEE_Cat6,driveFDD,n/a,n/a,c-p,0.021,%,1
OBS,2020,EU27+4,WEEE_generatedDedicated,WEEE_Cat6,driveHDD,AlAndAlAlloys,Ag,e-m,0.0345,%,2
OBS,2020,EU27+4,WEEE_generatedDedicated,WEEE_Cat6,driveHDD,AlAndAlAlloys,As,e-m,0.97,%,2
OBS,2020,EU27+4,WEEE_generatedDedicated,WEEE_Cat6,driveHDD,AlAndAlAlloys,Cu,e-m,0.002,%,2
OBS,2020,EU27+4,WEEE_generatedDedicated,WEEE_Cat6,driveHDD,AlAndAlAlloys,Ga,e-m,0.001,%,2
OBS,2020,EU27+4,WEEE_generatedDedicated,WEEE_Cat6,driveHDD,AlAndAlAlloys,Mn,e-m,0.0248,%,2
OBS,2020,EU27+4,WEEE_generatedDedicated,WEEE_Cat6,driveHDD,AlAndAlAlloys,Mo,e-m,0.002,%,2
OBS,2020,EU27+4,WEEE_generatedDedicated,WEEE_Cat6,driveHDD,AlAndAlAlloys,Sm,e-m,0.0003,%,2
OBS,2020,EU27+4,WEEE_generatedDedicated,WEEE_Cat6,driveHDD,AlAndAlAlloys,n/a,m-c,0.0297,%,2
OBS,2020,EU27+4,WEEE_generatedDedicated,WEEE_Cat6,driveHDD,CuAndCuAlloys,Ag,e-m,0.00548,%,2
OBS,2020,EU27+4,WEEE_generatedDedicated,WEEE_Cat6,driveHDD,CuAndCuAlloys,Dy,e-m,0.75,%,2
OBS,2020,EU27+4,WEEE_generatedDedicated,WEEE_Cat6,driveHDD,CuAndCuAlloys,Zr,e-m,0.25,%,2
OBS,2020,EU27+4,WEEE_generatedDedicated,WEEE_Cat6,driveHDD,CuAndCuAlloys,n/a,m-c,0.00471,%,2
OBS,2020,EU27+4,WEEE_generatedDedicated,WEEE_Cat6,driveHDD,ferrousMetals,Ag,e-m,0.129,%,2
OBS,2020,EU27+4,WEEE_generatedDedicated,WEEE_Cat6,driveHDD,ferrousMetals,Cu,e-m,0.18,%,2
OBS,2020,EU27+4,WEEE_generatedDedicated,WEEE_Cat6,driveHDD,ferrousMetals,Ga,e-m,0.725,%,2
OBS,2020,EU27+4,WEEE_generatedDedicated,WEEE_Cat6,driveHDD,ferrousMetals,Mo,e-m,0.01,%,2
OBS,2020,EU27+4,WEEE_generatedDedicated,WEEE_Cat6,driveHDD,ferrousMetals,O,e-m,0.08,%,2
OBS,2020,EU27+4,WEEE_generatedDedicated,WEEE_Cat6,driveHDD,ferrousMetals,Sm,e-m,0.005,%,2
OBS,2020,EU27+4,WEEE_generatedDedicated,WEEE_Cat6,driveHDD,ferrousMetals,n/a,m-c,0.129,%,2
OBS,2020,EU27+4,WEEE_generatedDedicated,WEEE_Cat6,driveHDD,n/a,n/a,c-p,0.00492,%,1
OBS,2020,EU27+4,WEEE_generatedDedicated,WEEE_Cat6,driveHDD,otherMetalsAndMetalAlloys,Ag,e-m,0.242,%,2
OBS,2020,EU27+4,WEEE_generatedDedicated,WEEE_Cat6,driveHDD,otherMetalsAndMetalAlloys,Al,e-m,0.9,%,2
OBS,2020,EU27+4,WEEE_generatedDedicated,WEEE_Cat6,driveHDD,otherMetalsAndMetalAlloys,Dy,e-m,0.1,%,2
OBS,2020,EU27+4,WEEE_generatedDedicated,WEEE_Cat6,driveHDD,otherMetalsAndMetalAlloys,n/a,m-c,0.242,%,2
OBS,2020,EU27+4,WEEE_generatedDedicated,WEEE_Cat6,driveHDD,plastics,Ag,e-m,0.00853,%,2
OBS,2020,EU27+4,WEEE_generatedDedicated,WEEE_Cat6,driveHDD,plastics,n/a,m-c,0.00853,%,2
OBS,2020,EU27+4,WEEE_generatedDedicated,WEEE_Cat6,driveHDD,undefinedAndMixedMaterials,Ag,e-m,0.0459,%,2
OBS,2020,EU27+4,WEEE_generatedDedicated,WEEE_Cat6,driveHDD,undefinedAndMixedMaterials,n/a,m-c,0.00271,%,2
OBS,2020,EU27+4,WEEE_generatedDedicated,WEEE_Cat6,driveUnspecified,CuAndCuAlloys,Ag,e-m,0.0226,%,2
OBS,2020,EU27+4,WEEE_generatedDedicated,WEEE_Cat6,driveUnspecified,CuAndCuAlloys,Dy,e-m,0.75,%,2
OBS,2020,EU27+4,WEEE_generatedDedicated,WEEE_Cat6,driveUnspecified,CuAndCuAlloys,Zr,e-m,0.25,%,2
OBS,2020,EU27+4,WEEE_generatedDedicated,WEEE_Cat6,driveUnspecified,CuAndCuAlloys,n/a,m-c,0.0226,%,2
OBS,2020,EU27+4,WEEE_generatedDedicated,WEEE_Cat6,driveUnspecified,ferrousMetals,Ag,e-m,0.316,%,2
OBS,2020,EU27+4,WEEE_generatedDedicated,WEEE_Cat6,driveUnspecified,ferrousMetals,Cu,e-m,0.18,%,2
OBS,2020,EU27+4,WEEE_generatedDedicated,WEEE_Cat6,driveUnspecified,ferrousMetals,Ga,e-m,0.725,%,2
OBS,2020,EU27+4,WEEE_generatedDedicated,WEEE_Cat6,driveUnspecified,ferrousMetals,Mo,e-m,0.01,%,2
OBS,2020,EU27+4,WEEE_generatedDedicated,WEEE_Cat6,driveUnspecified,ferrousMetals,O,e-m,0.08,%,2
OBS,2020,EU27+4,WEEE_generatedDedicated,WEEE_Cat6,driveUnspecified,ferrousMetals,Sm,e-m,0.005,%,2
OBS,2020,EU27+4,WEEE_generatedDedicated,WEEE_Cat6,driveUnspecified,ferrousMetals,n/a,m-c,0.316,%,2
OBS,2020,EU27+4,WEEE_generatedDedicated,WEEE_Cat6,driveUnspecified,n/a,n/a,c-p,0.0822,%,2
OBS,2020,EU27+4,WEEE_generatedDedicated,WEEE_Cat6,driveUnspecified,plastics,Ag,e-m,0.188,%,2
OBS,2020,EU27+4,WEEE_generatedDedicated,WEEE_Cat6,driveUnspecified,plastics,n/a,m-c,0.188,%,2
OBS,2020,EU27+4,WEEE_generatedDedicated,WEEE_Cat6,driveUnspecified,undefinedAndMixedMaterials,Ag,e-m,0.0136,%,2
OBS,2020,EU27+4,WEEE_generatedDedicated,WEEE_Cat6,driveUnspecified,undefinedAndMixedMaterials,n/a,m-c,0.0136,%,2
OBS,2020,EU27+4,WEEE_generatedDedicated,WEEE_Cat6,electricEngine,AlAndAlAlloys,Ag,e-m,0.0268,%,1
OBS,2020,EU27+4,WEEE_generatedDedicated,WEEE_Cat6,electricEngine,AlAndAlAlloys,As,e-m,0.97,%,1
OBS,2020,EU27+4,WEEE_generatedDedicated,WEEE_Cat6,electricEngine,AlAndAlAlloys,Cu,e-m,0.002,%,1
OBS,2020,EU27+4,WEEE_generatedDedicated,WEEE_Cat6,electricEngine,AlAndAlAlloys,Ga,e-m,0.001,%,1
OBS,2020,EU27+4,WEEE_generatedDedicated,WEEE_Cat6,electricEngine,AlAndAlAlloys,Mn,e-m,0.0248,%,1
OBS,2020,EU27+4,WEEE_generatedDedicated,WEEE_Cat6,electricEngine,AlAndAlAlloys,Mo,e-m,0.002,%,1
OBS,2020,EU27+4,WEEE_generatedDedicated,WEEE_Cat6,electricEngine,AlAndAlAlloys,Sm,e-m,0.0003,%,1
OBS,2020,EU27+4,WEEE_generatedDedicated,WEEE_Cat6,electricEngine,AlAndAlAlloys,n/a,m-c,0.0219,%,1
OBS,2020,EU27+4,WEEE_generatedDedicated,WEEE_Cat6,electricEngine,CuAndCuAlloys,Ag,e-m,0.186,%,1
OBS,2020,EU27+4,WEEE_generatedDedicated,WEEE_Cat6,electricEngine,CuAndCuAlloys,Dy,e-m,0.75,%,1
OBS,2020,EU27+4,WEEE_generatedDedicated,WEEE_Cat6,electricEngine,CuAndCuAlloys,Zr,e-m,0.25,%,1
OBS,2020,EU27+4,WEEE_generatedDedicated,WEEE_Cat6,electricEngine,CuAndCuAlloys,n/a,m-c,0.127,%,1
OBS,2020,EU27+4,WEEE_generatedDedicated,WEEE_Cat6,electricEngine,carbon,Ag,e-m,0.194,%,1
OBS,2020,EU27+4,WEEE_generatedDedicated,WEEE_Cat6,electricEngine,carbon,Pd,e-m,0.265,%,1
OBS,2020,EU27+4,WEEE_generatedDedicated,WEEE_Cat6,electricEngine,carbon,Sc,e-m,0.00196,%,1
OBS,2020,EU27+4,WEEE_generatedDedicated,WEEE_Cat6,electricEngine,carbon,Zr,e-m,0.000708,%,1
OBS,2020,EU27+4,WEEE_generatedDedicated,WEEE_Cat6,electricEngine,carbon,n/a,m-c,0.159,%,1
OBS,2020,EU27+4,WEEE_generatedDedicated,WEEE_Cat6,electricEngine,ferrousMetals,Ag,e-m,0.734,%,1
OBS,2020,EU27+4,WEEE_generatedDedicated,WEEE_Cat6,electricEngine,ferrousMetals,Ca,e-m,0.0198,%,1
OBS,2020,EU27+4,WEEE_generatedDedicated,WEEE_Cat6,electricEngine,ferrousMetals,Cu,e-m,0.072,%,1
OBS,2020,EU27+4,WEEE_generatedDedicated,WEEE_Cat6,electricEngine,ferrousMetals,Ga,e-m,0.853,%,1
OBS,2020,EU27+4,WEEE_generatedDedicated,WEEE_Cat6,electricEngine,ferrousMetals,Mo,e-m,0.0085,%,1
OBS,2020,EU27+4,WEEE_generatedDedicated,WEEE_Cat6,electricEngine,ferrousMetals,O,e-m,0.032,%,1
OBS,2020,EU27+4,WEEE_generatedDedicated,WEEE_Cat6,electricEngine,ferrousMetals,Sm,e-m,0.0152,%,1
OBS,2020,EU27+4,WEEE_generatedDedicated,WEEE_Cat6,electricEngine,ferrousMetals,n/a,m-c,0.601,%,1
OBS,2020,EU27+4,WEEE_generatedDedicated,WEEE_Cat6,electricEngine,n/a,n/a,c-p,0.00863,%,1
OBS,2020,EU27+4,WEEE_generatedDedicated,WEEE_Cat6,electricEngine,otherOrganics,Ag,e-m,0.00321,%,1
OBS,2020,EU27+4,WEEE_generatedDedicated,WEEE_Cat6,electricEngine,otherOrganics,n/a,m-c,0.00263,%,1
OBS,2020,EU27+4,WEEE_generatedDedicated,WEEE_Cat6,electricEngine,plastics,Ag,e-m,0.077,%,1
OBS,2020,EU27+4,WEEE_generatedDedicated,WEEE_Cat6,electricEngine,plastics,n/a,m-c,0.0584,%,1
OBS,2020,EU27+4,WEEE_generatedDedicated,WEEE_Cat6,filterFoamBased,n/a,n/a,c-p,0.00157,%,1
OBS,2020,EU27+4,WEEE_generatedDedicated,WEEE_Cat6,filterFoamBased,plastics,Ag,e-m,1,%,1
OBS,2020,EU27+4,WEEE_generatedDedicated,WEEE_Cat6,filterFoamBased,plastics,n/a,m-c,1,%,1
OBS,2020,EU27+4,WEEE_generatedDedicated,WEEE_Cat6,fuse,n/a,n/a,c-p,0.0000501,%,1
OBS,2020,EU27+4,WEEE_generatedDedicated,WEEE_Cat6,gear,n/a,n/a,c-p,0.000996,%,1
OBS,2020,EU27+4,WEEE_generatedDedicated,WEEE_Cat6,gear,plastics,Ag,e-m,1,%,1
OBS,2020,EU27+4,WEEE_generatedDedicated,WEEE_Cat6,gear,plastics,n/a,m-c,1,%,1
OBS,2020,EU27+4,WEEE_generatedDedicated,WEEE_Cat6,heatingCoolingEEEairCondenser,CuAndCuAlloys,Ag,e-m,0.749,%,1
OBS,2020,EU27+4,WEEE_generatedDedicated,WEEE_Cat6,heatingCoolingEEEairCondenser,CuAndCuAlloys,Dy,e-m,0.75,%,1
OBS,2020,EU27+4,WEEE_generatedDedicated,WEEE_Cat6,heatingCoolingEEEairCondenser,CuAndCuAlloys,Zr,e-m,0.25,%,1
OBS,2020,EU27+4,WEEE_generatedDedicated,WEEE_Cat6,heatingCoolingEEEairCondenser,CuAndCuAlloys,n/a,m-c,0.743,%,1
OBS,2020,EU27+4,WEEE_generatedDedicated,WEEE_Cat6,heatingCoolingEEEairCondenser,n/a,n/a,c-p,0.000985,%,1
OBS,2020,EU27+4,WEEE_generatedDedicated,WEEE_Cat6,heatingCoolingEEEairCondenser,otherOrUndefinedMaterials,Ag,e-m,0.00803,%,1
OBS,2020,EU27+4,WEEE_generatedDedicated,WEEE_Cat6,heatingCoolingEEEairCondenser,otherOrUndefinedMaterials,n/a,m-c,0.00797,%,1
OBS,2020,EU27+4,WEEE_generatedDedicated,WEEE_Cat6,heatingCoolingEEEairCondenser,plastics,Ag,e-m,0.00803,%,1
OBS,2020,EU27+4,WEEE_generatedDedicated,WEEE_Cat6,heatingCoolingEEEairCondenser,plastics,n/a,m-c,0.00797,%,1
OBS,2020,EU27+4,WEEE_generatedDedicated,WEEE_Cat6,heatingCoolingEEEairCondenser,steelAndSteelAlloys,Ag,e-m,0.243,%,1
OBS,2020,EU27+4,WEEE_generatedDedicated,WEEE_Cat6,heatingCoolingEEEairCondenser,steelAndSteelAlloys,Cu,e-m,0.18,%,1
OBS,2020,EU27+4,WEEE_generatedDedicated,WEEE_Cat6,heatingCoolingEEEairCondenser,steelAndSteelAlloys,Ga,e-m,0.725,%,1
OBS,2020,EU27+4,WEEE_generatedDedicated,WEEE_Cat6,heatingCoolingEEEairCondenser,steelAndSteelAlloys,Mo,e-m,0.01,%,1
OBS,2020,EU27+4,WEEE_generatedDedicated,WEEE_Cat6,heatingCoolingEEEairCondenser,steelAndSteelAlloys,O,e-m,0.08,%,1
OBS,2020,EU27+4,WEEE_generatedDedicated,WEEE_Cat6,heatingCoolingEEEairCondenser,steelAndSteelAlloys,Sm,e-m,0.005,%,1
OBS,2020,EU27+4,WEEE_generatedDedicated,WEEE_Cat6,heatingCoolingEEEairCondenser,steelAndSteelAlloys,n/a,m-c,0.241,%,1
OBS,2020,EU27+4,WEEE_generatedDedicated,WEEE_Cat6,heatingCoolingEEEfan,AlAndAlAlloys,Ag,e-m,0.011,%,1
OBS,2020,EU27+4,WEEE_generatedDedicated,WEEE_Cat6,heatingCoolingEEEfan,AlAndAlAlloys,As,e-m,0.97,%,1
OBS,2020,EU27+4,WEEE_generatedDedicated,WEEE_Cat6,heatingCoolingEEEfan,AlAndAlAlloys,Cu,e-m,0.002,%,1
OBS,2020,EU27+4,WEEE_generatedDedicated,WEEE_Cat6,heatingCoolingEEEfan,AlAndAlAlloys,Ga,e-m,0.001,%,1
OBS,2020,EU27+4,WEEE_generatedDedicated,WEEE_Cat6,heatingCoolingEEEfan,AlAndAlAlloys,Mn,e-m,0.0248,%,1
OBS,2020,EU27+4,WEEE_generatedDedicated,WEEE_Cat6,heatingCoolingEEEfan,AlAndAlAlloys,Mo,e-m,0.002,%,1
OBS,2020,EU27+4,WEEE_generatedDedicated,WEEE_Cat6,heatingCoolingEEEfan,AlAndAlAlloys,Sm,e-m,0.0003,%,1
OBS,2020,EU27+4,WEEE_generatedDedicated,WEEE_Cat6,heatingCoolingEEEfan,AlAndAlAlloys,n/a,m-c,0.011,%,1
OBS,2020,EU27+4,WEEE_generatedDedicated,WEEE_Cat6,heatingCoolingEEEfan,CuAndCuAlloys,Ag,e-m,0.00766,%,1
OBS,2020,EU27+4,WEEE_generatedDedicated,WEEE_Cat6,heatingCoolingEEEfan,CuAndCuAlloys,Dy,e-m,0.75,%,1
OBS,2020,EU27+4,WEEE_generatedDedicated,WEEE_Cat6,heatingCoolingEEEfan,CuAndCuAlloys,Zr,e-m,0.25,%,1
OBS,2020,EU27+4,WEEE_generatedDedicated,WEEE_Cat6,heatingCoolingEEEfan,CuAndCuAlloys,n/a,m-c,0.00766,%,1
OBS,2020,EU27+4,WEEE_generatedDedicated,WEEE_Cat6,heatingCoolingEEEfan,ferrousMetals,Ag,e-m,0.039,%,1
OBS,2020,EU27+4,WEEE_generatedDedicated,WEEE_Cat6,heatingCoolingEEEfan,ferrousMetals,Ca,e-m,0.033,%,1
OBS,2020,EU27+4,WEEE_generatedDedicated,WEEE_Cat6,heatingCoolingEEEfan,ferrousMetals,Cu,e-m,0.18,%,2
OBS,2020,EU27+4,WEEE_generatedDedicated,WEEE_Cat6,heatingCoolingEEEfan,ferrousMetals,Ga,e-m,0.725,%,1
OBS,2020,EU27+4,WEEE_generatedDedicated,WEEE_Cat6,heatingCoolingEEEfan,ferrousMetals,Mo,e-m,0.0075,%,1
OBS,2020,EU27+4,WEEE_generatedDedicated,WEEE_Cat6,heatingCoolingEEEfan,ferrousMetals,O,e-m,0.08,%,2
OBS,2020,EU27+4,WEEE_generatedDedicated,WEEE_Cat6,heatingCoolingEEEfan,ferrousMetals,Sm,e-m,0.005,%,1
OBS,2020,EU27+4,WEEE_generatedDedicated,WEEE_Cat6,heatingCoolingEEEfan,ferrousMetals,n/a,m-c,0.039,%,1
OBS,2020,EU27+4,WEEE_generatedDedicated,WEEE_Cat6,heatingCoolingEEEfan,n/a,n/a,c-p,0.00144,%,1
OBS,2020,EU27+4,WEEE_generatedDedicated,WEEE_Cat6,heatingCoolingEEEfan,otherMetalsAndMetalAlloys,n/a,m-c,0.000408,%,2
OBS,2020,EU27+4,WEEE_generatedDedicated,WEEE_Cat6,heatingCoolingEEEfan,plastics,Ag,e-m,0.0544,%,1
OBS,2020,EU27+4,WEEE_generatedDedicated,WEEE_Cat6,heatingCoolingEEEfan,plastics,n/a,m-c,0.0544,%,1
OBS,2020,EU27+4,WEEE_generatedDedicated,WEEE_Cat6,heatingCoolingEEEfan,steelAndSteelAlloys,Ag,e-m,0.648,%,1
OBS,2020,EU27+4,WEEE_generatedDedicated,WEEE_Cat6,heatingCoolingEEEfan,steelAndSteelAlloys,Cu,e-m,0.18,%,1
OBS,2020,EU27+4,WEEE_generatedDedicated,WEEE_Cat6,heatingCoolingEEEfan,steelAndSteelAlloys,Ga,e-m,0.725,%,1
OBS,2020,EU27+4,WEEE_generatedDedicated,WEEE_Cat6,heatingCoolingEEEfan,steelAndSteelAlloys,Mo,e-m,0.01,%,1
OBS,2020,EU27+4,WEEE_generatedDedicated,WEEE_Cat6,heatingCoolingEEEfan,steelAndSteelAlloys,O,e-m,0.08,%,1
OBS,2020,EU27+4,WEEE_generatedDedicated,WEEE_Cat6,heatingCoolingEEEfan,steelAndSteelAlloys,Sm,e-m,0.005,%,1
OBS,2020,EU27+4,WEEE_generatedDedicated,WEEE_Cat6,heatingCoolingEEEfan,steelAndSteelAlloys,n/a,m-c,0.648,%,1
OBS,2020,EU27+4,WEEE_generatedDedicated,WEEE_Cat6,heatingCoolingEEEfan,undefinedAndMixedMaterials,Ag,e-m,0.00671,%,2
OBS,2020,EU27+4,WEEE_generatedDedicated,WEEE_Cat6,heatingCoolingEEEfan,undefinedAndMixedMaterials,n/a,m-c,0.00245,%,2
OBS,2020,EU27+4,WEEE_generatedDedicated,WEEE_Cat6,heatingCoolingEEEheatSink,AlAndAlAlloys,Ag,e-m,0.27,%,2
OBS,2020,EU27+4,WEEE_generatedDedicated,WEEE_Cat6,heatingCoolingEEEheatSink,AlAndAlAlloys,As,e-m,0.97,%,2
OBS,2020,EU27+4,WEEE_generatedDedicated,WEEE_Cat6,heatingCoolingEEEheatSink,AlAndAlAlloys,Cu,e-m,0.002,%,2
OBS,2020,EU27+4,WEEE_generatedDedicated,WEEE_Cat6,heatingCoolingEEEheatSink,AlAndAlAlloys,Ga,e-m,0.001,%,2
OBS,2020,EU27+4,WEEE_generatedDedicated,WEEE_Cat6,heatingCoolingEEEheatSink,AlAndAlAlloys,Mn,e-m,0.0248,%,2
OBS,2020,EU27+4,WEEE_generatedDedicated,WEEE_Cat6,heatingCoolingEEEheatSink,AlAndAlAlloys,Mo,e-m,0.002,%,2
OBS,2020,EU27+4,WEEE_generatedDedicated,WEEE_Cat6,heatingCoolingEEEheatSink,AlAndAlAlloys,Sm,e-m,0.0003,%,2
OBS,2020,EU27+4,WEEE_generatedDedicated,WEEE_Cat6,heatingCoolingEEEheatSink,AlAndAlAlloys,n/a,m-c,0.27,%,2
OBS,2020,EU27+4,WEEE_generatedDedicated,WEEE_Cat6,heatingCoolingEEEheatSink,CuAndCuAlloys,Ag,e-m,0.0988,%,2
OBS,2020,EU27+4,WEEE_generatedDedicated,WEEE_Cat6,heatingCoolingEEEheatSink,CuAndCuAlloys,Dy,e-m,0.75,%,2
OBS,2020,EU27+4,WEEE_generatedDedicated,WEEE_Cat6,heatingCoolingEEEheatSink,CuAndCuAlloys,Zr,e-m,0.25,%,2
OBS,2020,EU27+4,WEEE_generatedDedicated,WEEE_Cat6,heatingCoolingEEEheatSink,CuAndCuAlloys,n/a,m-c,0.0988,%,2
OBS,2020,EU27+4,WEEE_generatedDedicated,WEEE_Cat6,heatingCoolingEEEheatSink,ferrousMetals,Ag,e-m,0.0403,%,2
OBS,2020,EU27+4,WEEE_generatedDedicated,WEEE_Cat6,heatingCoolingEEEheatSink,ferrousMetals,Cu,e-m,0.18,%,2
OBS,2020,EU27+4,WEEE_generatedDedicated,WEEE_Cat6,heatingCoolingEEEheatSink,ferrousMetals,Ga,e-m,0.725,%,2
OBS,2020,EU27+4,WEEE_generatedDedicated,WEEE_Cat6,heatingCoolingEEEheatSink,ferrousMetals,Mo,e-m,0.01,%,2
OBS,2020,EU27+4,WEEE_generatedDedicated,WEEE_Cat6,heatingCoolingEEEheatSink,ferrousMetals,O,e-m,0.08,%,2
OBS,2020,EU27+4,WEEE_generatedDedicated,WEEE_Cat6,heatingCoolingEEEheatSink,ferrousMetals,Sm,e-m,0.005,%,2
OBS,2020,EU27+4,WEEE_generatedDedicated,WEEE_Cat6,heatingCoolingEEEheatSink,ferrousMetals,n/a,m-c,0.0403,%,2
OBS,2020,EU27+4,WEEE_generatedDedicated,WEEE_Cat6,heatingCoolingEEEheatSink,n/a,n/a,c-p,0.00147,%,1
OBS,2020,EU27+4,WEEE_generatedDedicated,WEEE_Cat6,heatingCoolingEEEheatSink,otherMetalsAndMetalAlloys,Ag,e-m,0.27,%,2
OBS,2020,EU27+4,WEEE_generatedDedicated,WEEE_Cat6,heatingCoolingEEEheatSink,otherMetalsAndMetalAlloys,Al,e-m,0.9,%,2
OBS,2020,EU27+4,WEEE_generatedDedicated,WEEE_Cat6,heatingCoolingEEEheatSink,otherMetalsAndMetalAlloys,Dy,e-m,0.1,%,2
OBS,2020,EU27+4,WEEE_generatedDedicated,WEEE_Cat6,heatingCoolingEEEheatSink,otherMetalsAndMetalAlloys,n/a,m-c,0.27,%,2
OBS,2020,EU27+4,WEEE_generatedDedicated,WEEE_Cat6,heatingCoolingEEEheatSink,plastics,Ag,e-m,0.00748,%,2
OBS,2020,EU27+4,WEEE_generatedDedicated,WEEE_Cat6,heatingCoolingEEEheatSink,plastics,n/a,m-c,0.0068,%,2
OBS,2020,EU27+4,WEEE_generatedDedicated,WEEE_Cat6,heatingCoolingEEEheatSink,undefinedAndMixedMaterials,Ag,e-m,0.0174,%,2
OBS,2020,EU27+4,WEEE_generatedDedicated,WEEE_Cat6,heatingCoolingEEEheatSink,undefinedAndMixedMaterials,n/a,m-c,0.0158,%,2
OBS,2020,EU27+4,WEEE_generatedDedicated,WEEE_Cat6,inductor,CuAndCuAlloys,Ag,e-m,0.0622,%,2
OBS,2020,EU27+4,WEEE_generatedDedicated,WEEE_Cat6,inductor,CuAndCuAlloys,Dy,e-m,0.75,%,2
OBS,2020,EU27+4,WEEE_generatedDedicated,WEEE_Cat6,inductor,CuAndCuAlloys,Zr,e-m,0.25,%,2
OBS,2020,EU27+4,WEEE_generatedDedicated,WEEE_Cat6,inductor,CuAndCuAlloys,n/a,m-c,0.4,%,2
OBS,2020,EU27+4,WEEE_generatedDedicated,WEEE_Cat6,inductor,ferrousMetals,Ag,e-m,0.0622,%,2
OBS,2020,EU27+4,WEEE_generatedDedicated,WEEE_Cat6,inductor,ferrousMetals,Cu,e-m,0.18,%,2
OBS,2020,EU27+4,WEEE_generatedDedicated,WEEE_Cat6,inductor,ferrousMetals,Ga,e-m,0.725,%,2
OBS,2020,EU27+4,WEEE_generatedDedicated,WEEE_Cat6,inductor,ferrousMetals,Mo,e-m,0.01,%,2
OBS,2020,EU27+4,WEEE_generatedDedicated,WEEE_Cat6,inductor,ferrousMetals,O,e-m,0.08,%,2
OBS,2020,EU27+4,WEEE_generatedDedicated,WEEE_Cat6,inductor,ferrousMetals,Sm,e-m,0.005,%,2
OBS,2020,EU27+4,WEEE_generatedDedicated,WEEE_Cat6,inductor,ferrousMetals,n/a,m-c,0.4,%,2
OBS,2020,EU27+4,WEEE_generatedDedicated,WEEE_Cat6,inductor,n/a,n/a,c-p,0.00367,%,1
OBS,2020,EU27+4,WEEE_generatedDedicated,WEEE_Cat6,inductor,plastics,Ag,e-m,0.0312,%,2
OBS,2020,EU27+4,WEEE_generatedDedicated,WEEE_Cat6,inductor,plastics,n/a,m-c,0.2,%,2
OBS,2020,EU27+4,WEEE_generatedDedicated,WEEE_Cat6,insulation,n/a,n/a,c-p,0.000905,%,1
OBS,2020,EU27+4,WEEE_generatedDedicated,WEEE_Cat6,keyboard,AlAndAlAlloys,Ag,e-m,0.425,%,2
OBS,2020,EU27+4,WEEE_generatedDedicated,WEEE_Cat6,keyboard,AlAndAlAlloys,As,e-m,0.97,%,2
OBS,2020,EU27+4,WEEE_generatedDedicated,WEEE_Cat6,keyboard,AlAndAlAlloys,Cu,e-m,0.002,%,2
OBS,2020,EU27+4,WEEE_generatedDedicated,WEEE_Cat6,keyboard,AlAndAlAlloys,Ga,e-m,0.001,%,2
OBS,2020,EU27+4,WEEE_generatedDedicated,WEEE_Cat6,keyboard,AlAndAlAlloys,Mn,e-m,0.0248,%,2
OBS,2020,EU27+4,WEEE_generatedDedicated,WEEE_Cat6,keyboard,AlAndAlAlloys,Mo,e-m,0.002,%,2
OBS,2020,EU27+4,WEEE_generatedDedicated,WEEE_Cat6,keyboard,AlAndAlAlloys,Sm,e-m,0.0003,%,2
OBS,2020,EU27+4,WEEE_generatedDedicated,WEEE_Cat6,keyboard,AlAndAlAlloys,n/a,m-c,0.298,%,2
OBS,2020,EU27+4,WEEE_generatedDedicated,WEEE_Cat6,keyboard,CuAndCuAlloys,Ag,e-m,0.00512,%,2
OBS,2020,EU27+4,WEEE_generatedDedicated,WEEE_Cat6,keyboard,CuAndCuAlloys,Dy,e-m,0.75,%,2
OBS,2020,EU27+4,WEEE_generatedDedicated,WEEE_Cat6,keyboard,CuAndCuAlloys,Zr,e-m,0.25,%,2
OBS,2020,EU27+4,WEEE_generatedDedicated,WEEE_Cat6,keyboard,CuAndCuAlloys,n/a,m-c,0.00485,%,2
OBS,2020,EU27+4,WEEE_generatedDedicated,WEEE_Cat6,keyboard,ferrousMetals,Ag,e-m,0.0108,%,2
OBS,2020,EU27+4,WEEE_generatedDedicated,WEEE_Cat6,keyboard,ferrousMetals,Cu,e-m,0.18,%,2
OBS,2020,EU27+4,WEEE_generatedDedicated,WEEE_Cat6,keyboard,ferrousMetals,Ga,e-m,0.725,%,2
OBS,2020,EU27+4,WEEE_generatedDedicated,WEEE_Cat6,keyboard,ferrousMetals,Mo,e-m,0.01,%,2
OBS,2020,EU27+4,WEEE_generatedDedicated,WEEE_Cat6,keyboard,ferrousMetals,O,e-m,0.08,%,2
OBS,2020,EU27+4,WEEE_generatedDedicated,WEEE_Cat6,keyboard,ferrousMetals,Sm,e-m,0.005,%,2
OBS,2020,EU27+4,WEEE_generatedDedicated,WEEE_Cat6,keyboard,ferrousMetals,n/a,m-c,0.0107,%,2
OBS,2020,EU27+4,WEEE_generatedDedicated,WEEE_Cat6,keyboard,n/a,n/a,c-p,0.0013,%,1
OBS,2020,EU27+4,WEEE_generatedDedicated,WEEE_Cat6,keyboard,otherMetalsAndMetalAlloys,Ag,e-m,0.0599,%,2
OBS,2020,EU27+4,WEEE_generatedDedicated,WEEE_Cat6,keyboard,otherMetalsAndMetalAlloys,Al,e-m,0.9,%,2
OBS,2020,EU27+4,WEEE_generatedDedicated,WEEE_Cat6,keyboard,otherMetalsAndMetalAlloys,Dy,e-m,0.1,%,2
OBS,2020,EU27+4,WEEE_generatedDedicated,WEEE_Cat6,keyboard,otherMetalsAndMetalAlloys,n/a,m-c,0.0576,%,2
OBS,2020,EU27+4,WEEE_generatedDedicated,WEEE_Cat6,keyboard,plastics,Ag,e-m,0.338,%,2
OBS,2020,EU27+4,WEEE_generatedDedicated,WEEE_Cat6,keyboard,plastics,n/a,m-c,0.237,%,2
OBS,2020,EU27+4,WEEE_generatedDedicated,WEEE_Cat6,keyboard,undefinedAndMixedMaterials,Ag,e-m,0.0189,%,2
OBS,2020,EU27+4,WEEE_generatedDedicated,WEEE_Cat6,keyboard,undefinedAndMixedMaterials,n/a,m-c,0.0182,%,2
OBS,2020,EU27+4,WEEE_generatedDedicated,WEEE_Cat6,knob,AlAndAlAlloys,Ag,e-m,0.0208,%,1
OBS,2020,EU27+4,WEEE_generatedDedicated,WEEE_Cat6,knob,AlAndAlAlloys,As,e-m,0.97,%,1
OBS,2020,EU27+4,WEEE_generatedDedicated,WEEE_Cat6,knob,AlAndAlAlloys,Cu,e-m,0.002,%,1
OBS,2020,EU27+4,WEEE_generatedDedicated,WEEE_Cat6,knob,AlAndAlAlloys,Ga,e-m,0.001,%,1
OBS,2020,EU27+4,WEEE_generatedDedicated,WEEE_Cat6,knob,AlAndAlAlloys,Mn,e-m,0.0248,%,1
OBS,2020,EU27+4,WEEE_generatedDedicated,WEEE_Cat6,knob,AlAndAlAlloys,Mo,e-m,0.002,%,1
OBS,2020,EU27+4,WEEE_generatedDedicated,WEEE_Cat6,knob,AlAndAlAlloys,Sm,e-m,0.0003,%,1
OBS,2020,EU27+4,WEEE_generatedDedicated,WEEE_Cat6,knob,AlAndAlAlloys,n/a,m-c,0.0208,%,1
OBS,2020,EU27+4,WEEE_generatedDedicated,WEEE_Cat6,knob,ferrousMetals,Ag,e-m,0.104,%,1
OBS,2020,EU27+4,WEEE_generatedDedicated,WEEE_Cat6,knob,ferrousMetals,Ca,e-m,0.033,%,1
OBS,2020,EU27+4,WEEE_generatedDedicated,WEEE_Cat6,knob,ferrousMetals,Ga,e-m,0.938,%,1
OBS,2020,EU27+4,WEEE_generatedDedicated,WEEE_Cat6,knob,ferrousMetals,Mo,e-m,0.0075,%,1
OBS,2020,EU27+4,WEEE_generatedDedicated,WEEE_Cat6,knob,ferrousMetals,Sm,e-m,0.022,%,1
OBS,2020,EU27+4,WEEE_generatedDedicated,WEEE_Cat6,knob,ferrousMetals,n/a,m-c,0.104,%,1
OBS,2020,EU27+4,WEEE_generatedDedicated,WEEE_Cat6,knob,n/a,n/a,c-p,0.00378,%,1
OBS,2020,EU27+4,WEEE_generatedDedicated,WEEE_Cat6,knob,plastics,Ag,e-m,0.875,%,1
OBS,2020,EU27+4,WEEE_generatedDedicated,WEEE_Cat6,knob,plastics,n/a,m-c,0.875,%,1
OBS,2020,EU27+4,WEEE_generatedDedicated,WEEE_Cat6,lenseAssembly,AlAndAlAlloys,Ag,e-m,0.0932,%,2
OBS,2020,EU27+4,WEEE_generatedDedicated,WEEE_Cat6,lenseAssembly,AlAndAlAlloys,As,e-m,0.97,%,2
OBS,2020,EU27+4,WEEE_generatedDedicated,WEEE_Cat6,lenseAssembly,AlAndAlAlloys,Cu,e-m,0.002,%,2
OBS,2020,EU27+4,WEEE_generatedDedicated,WEEE_Cat6,lenseAssembly,AlAndAlAlloys,Ga,e-m,0.001,%,2
OBS,2020,EU27+4,WEEE_generatedDedicated,WEEE_Cat6,lenseAssembly,AlAndAlAlloys,Mn,e-m,0.0248,%,2
OBS,2020,EU27+4,WEEE_generatedDedicated,WEEE_Cat6,lenseAssembly,AlAndAlAlloys,Mo,e-m,0.002,%,2
OBS,2020,EU27+4,WEEE_generatedDedicated,WEEE_Cat6,lenseAssembly,AlAndAlAlloys,Sm,e-m,0.0003,%,2
OBS,2020,EU27+4,WEEE_generatedDedicated,WEEE_Cat6,lenseAssembly,AlAndAlAlloys,n/a,m-c,0.0861,%,2
OBS,2020,EU27+4,WEEE_generatedDedicated,WEEE_Cat6,lenseAssembly,CuAndCuAlloys,Ag,e-m,0.00734,%,2
OBS,2020,EU27+4,WEEE_generatedDedicated,WEEE_Cat6,lenseAssembly,CuAndCuAlloys,Dy,e-m,0.75,%,2
OBS,2020,EU27+4,WEEE_generatedDedicated,WEEE_Cat6,lenseAssembly,CuAndCuAlloys,Zr,e-m,0.25,%,2
OBS,2020,EU27+4,WEEE_generatedDedicated,WEEE_Cat6,lenseAssembly,CuAndCuAlloys,n/a,m-c,0.0069,%,2
OBS,2020,EU27+4,WEEE_generatedDedicated,WEEE_Cat6,lenseAssembly,ferrousMetals,Ag,e-m,0.191,%,2
OBS,2020,EU27+4,WEEE_generatedDedicated,WEEE_Cat6,lenseAssembly,ferrousMetals,Cu,e-m,0.18,%,2
OBS,2020,EU27+4,WEEE_generatedDedicated,WEEE_Cat6,lenseAssembly,ferrousMetals,Ga,e-m,0.725,%,2
OBS,2020,EU27+4,WEEE_generatedDedicated,WEEE_Cat6,lenseAssembly,ferrousMetals,Mo,e-m,0.01,%,2
OBS,2020,EU27+4,WEEE_generatedDedicated,WEEE_Cat6,lenseAssembly,ferrousMetals,O,e-m,0.08,%,2
OBS,2020,EU27+4,WEEE_generatedDedicated,WEEE_Cat6,lenseAssembly,ferrousMetals,Sm,e-m,0.005,%,2
OBS,2020,EU27+4,WEEE_generatedDedicated,WEEE_Cat6,lenseAssembly,ferrousMetals,n/a,m-c,0.191,%,2
OBS,2020,EU27+4,WEEE_generatedDedicated,WEEE_Cat6,lenseAssembly,glass,Ag,e-m,0.016,%,2
OBS,2020,EU27+4,WEEE_generatedDedicated,WEEE_Cat6,lenseAssembly,glass,Pd,e-m,0.265,%,2
OBS,2020,EU27+4,WEEE_generatedDedicated,WEEE_Cat6,lenseAssembly,glass,Sc,e-m,0.00196,%,2
OBS,2020,EU27+4,WEEE_generatedDedicated,WEEE_Cat6,lenseAssembly,glass,Zr,e-m,0.000708,%,2
OBS,2020,EU27+4,WEEE_generatedDedicated,WEEE_Cat6,lenseAssembly,glass,n/a,m-c,0.016,%,2
OBS,2020,EU27+4,WEEE_generatedDedicated,WEEE_Cat6,lenseAssembly,n/a,n/a,c-p,0.0478,%,2
OBS,2020,EU27+4,WEEE_generatedDedicated,WEEE_Cat6,lenseAssembly,plastics,Ag,e-m,0.289,%,2
OBS,2020,EU27+4,WEEE_generatedDedicated,WEEE_Cat6,lenseAssembly,plastics,n/a,m-c,0.272,%,2
OBS,2020,EU27+4,WEEE_generatedDedicated,WEEE_Cat6,lenseAssembly,undefinedAndMixedMaterials,Ag,e-m,0.0419,%,2
OBS,2020,EU27+4,WEEE_generatedDedicated,WEEE_Cat6,lenseAssembly,undefinedAndMixedMaterials,n/a,m-c,0.0419,%,2
OBS,2020,EU27+4,WEEE_generatedDedicated,WEEE_Cat6,lighting,n/a,n/a,c-p,0.00000463,%,1
OBS,2020,EU27+4,WEEE_generatedDedicated,WEEE_Cat6,lightingFlash,AlAndAlAlloys,Ag,e-m,0.0804,%,2
OBS,2020,EU27+4,WEEE_generatedDedicated,WEEE_Cat6,lightingFlash,AlAndAlAlloys,As,e-m,0.97,%,2
OBS,2020,EU27+4,WEEE_generatedDedicated,WEEE_Cat6,lightingFlash,AlAndAlAlloys,Cu,e-m,0.002,%,2
OBS,2020,EU27+4,WEEE_generatedDedicated,WEEE_Cat6,lightingFlash,AlAndAlAlloys,Ga,e-m,0.001,%,2
OBS,2020,EU27+4,WEEE_generatedDedicated,WEEE_Cat6,lightingFlash,AlAndAlAlloys,Mn,e-m,0.0248,%,2
OBS,2020,EU27+4,WEEE_generatedDedicated,WEEE_Cat6,lightingFlash,AlAndAlAlloys,Mo,e-m,0.002,%,2
OBS,2020,EU27+4,WEEE_generatedDedicated,WEEE_Cat6,lightingFlash,AlAndAlAlloys,Sm,e-m,0.0003,%,2
OBS,2020,EU27+4,WEEE_generatedDedicated,WEEE_Cat6,lightingFlash,AlAndAlAlloys,n/a,m-c,0.141,%,2
OBS,2020,EU27+4,WEEE_generatedDedicated,WEEE_Cat6,lightingFlash,CuAndCuAlloys,Ag,e-m,0.0295,%,2
OBS,2020,EU27+4,WEEE_generatedDedicated,WEEE_Cat6,lightingFlash,CuAndCuAlloys,Dy,e-m,0.75,%,2
OBS,2020,EU27+4,WEEE_generatedDedicated,WEEE_Cat6,lightingFlash,CuAndCuAlloys,Zr,e-m,0.25,%,2
OBS,2020,EU27+4,WEEE_generatedDedicated,WEEE_Cat6,lightingFlash,CuAndCuAlloys,n/a,m-c,0.0498,%,2
OBS,2020,EU27+4,WEEE_generatedDedicated,WEEE_Cat6,lightingFlash,ferrousMetals,Ag,e-m,0.125,%,2
OBS,2020,EU27+4,WEEE_generatedDedicated,WEEE_Cat6,lightingFlash,ferrousMetals,Cu,e-m,0.18,%,2
OBS,2020,EU27+4,WEEE_generatedDedicated,WEEE_Cat6,lightingFlash,ferrousMetals,Ga,e-m,0.725,%,2
OBS,2020,EU27+4,WEEE_generatedDedicated,WEEE_Cat6,lightingFlash,ferrousMetals,Mo,e-m,0.01,%,2
OBS,2020,EU27+4,WEEE_generatedDedicated,WEEE_Cat6,lightingFlash,ferrousMetals,O,e-m,0.08,%,2
OBS,2020,EU27+4,WEEE_generatedDedicated,WEEE_Cat6,lightingFlash,ferrousMetals,Sm,e-m,0.005,%,2
OBS,2020,EU27+4,WEEE_generatedDedicated,WEEE_Cat6,lightingFlash,ferrousMetals,n/a,m-c,0.22,%,2
OBS,2020,EU27+4,WEEE_generatedDedicated,WEEE_Cat6,lightingFlash,glass,Ag,e-m,0.0136,%,2
OBS,2020,EU27+4,WEEE_generatedDedicated,WEEE_Cat6,lightingFlash,glass,Pd,e-m,0.265,%,2
OBS,2020,EU27+4,WEEE_generatedDedicated,WEEE_Cat6,lightingFlash,glass,Sc,e-m,0.00196,%,2
OBS,2020,EU27+4,WEEE_generatedDedicated,WEEE_Cat6,lightingFlash,glass,Zr,e-m,0.000708,%,2
OBS,2020,EU27+4,WEEE_generatedDedicated,WEEE_Cat6,lightingFlash,glass,n/a,m-c,0.0125,%,2
OBS,2020,EU27+4,WEEE_generatedDedicated,WEEE_Cat6,lightingFlash,n/a,n/a,c-p,0.0592,%,2
OBS,2020,EU27+4,WEEE_generatedDedicated,WEEE_Cat6,lightingFlash,plastics,Ag,e-m,0.125,%,2
OBS,2020,EU27+4,WEEE_generatedDedicated,WEEE_Cat6,lightingFlash,plastics,n/a,m-c,0.22,%,2
OBS,2020,EU27+4,WEEE_generatedDedicated,WEEE_Cat6,lightingFlash,undefinedAndMixedMaterials,Ag,e-m,0.132,%,2
OBS,2020,EU27+4,WEEE_generatedDedicated,WEEE_Cat6,lightingFlash,undefinedAndMixedMaterials,n/a,m-c,0.132,%,2
OBS,2020,EU27+4,WEEE_generatedDedicated,WEEE_Cat6,magnetPermanent,n/a,n/a,c-p,0.0000743,%,1
OBS,2020,EU27+4,WEEE_generatedDedicated,WEEE_Cat6,magnetPermanent,otherOrUndefinedMaterials,Ag,e-m,1,%,1
OBS,2020,EU27+4,WEEE_generatedDedicated,WEEE_Cat6,magnetPermanent,otherOrUndefinedMaterials,n/a,m-c,1,%,1
OBS,2020,EU27+4,WEEE_generatedDedicated,WEEE_Cat6,magnetron,n/a,n/a,c-p,0.0149,%,1
OBS,2020,EU27+4,WEEE_generatedDedicated,WEEE_Cat6,mainboardInclCPUgpu,AlAndAlAlloys,Ag,e-m,0.0403,%,2
OBS,2020,EU27+4,WEEE_generatedDedicated,WEEE_Cat6,mainboardInclCPUgpu,AlAndAlAlloys,As,e-m,0.97,%,2
OBS,2020,EU27+4,WEEE_generatedDedicated,WEEE_Cat6,mainboardInclCPUgpu,AlAndAlAlloys,Cu,e-m,0.002,%,2
OBS,2020,EU27+4,WEEE_generatedDedicated,WEEE_Cat6,mainboardInclCPUgpu,AlAndAlAlloys,Ga,e-m,0.001,%,2
OBS,2020,EU27+4,WEEE_generatedDedicated,WEEE_Cat6,mainboardInclCPUgpu,AlAndAlAlloys,Mn,e-m,0.0248,%,2
OBS,2020,EU27+4,WEEE_generatedDedicated,WEEE_Cat6,mainboardInclCPUgpu,AlAndAlAlloys,Mo,e-m,0.002,%,2
OBS,2020,EU27+4,WEEE_generatedDedicated,WEEE_Cat6,mainboardInclCPUgpu,AlAndAlAlloys,Sm,e-m,0.0003,%,2
OBS,2020,EU27+4,WEEE_generatedDedicated,WEEE_Cat6,mainboardInclCPUgpu,AlAndAlAlloys,n/a,m-c,0.0403,%,2
OBS,2020,EU27+4,WEEE_generatedDedicated,WEEE_Cat6,mainboardInclCPUgpu,CuAndCuAlloys,Ag,e-m,0.0133,%,2
OBS,2020,EU27+4,WEEE_generatedDedicated,WEEE_Cat6,mainboardInclCPUgpu,CuAndCuAlloys,Dy,e-m,0.75,%,2
OBS,2020,EU27+4,WEEE_generatedDedicated,WEEE_Cat6,mainboardInclCPUgpu,CuAndCuAlloys,Zr,e-m,0.25,%,2
OBS,2020,EU27+4,WEEE_generatedDedicated,WEEE_Cat6,mainboardInclCPUgpu,CuAndCuAlloys,n/a,m-c,0.005,%,2
OBS,2020,EU27+4,WEEE_generatedDedicated,WEEE_Cat6,mainboardInclCPUgpu,ferrousMetals,Ag,e-m,0.0246,%,2
OBS,2020,EU27+4,WEEE_generatedDedicated,WEEE_Cat6,mainboardInclCPUgpu,ferrousMetals,Cu,e-m,0.18,%,2
OBS,2020,EU27+4,WEEE_generatedDedicated,WEEE_Cat6,mainboardInclCPUgpu,ferrousMetals,Ga,e-m,0.725,%,2
OBS,2020,EU27+4,WEEE_generatedDedicated,WEEE_Cat6,mainboardInclCPUgpu,ferrousMetals,Mo,e-m,0.01,%,2
OBS,2020,EU27+4,WEEE_generatedDedicated,WEEE_Cat6,mainboardInclCPUgpu,ferrousMetals,O,e-m,0.08,%,2
OBS,2020,EU27+4,WEEE_generatedDedicated,WEEE_Cat6,mainboardInclCPUgpu,ferrousMetals,Sm,e-m,0.005,%,2
OBS,2020,EU27+4,WEEE_generatedDedicated,WEEE_Cat6,mainboardInclCPUgpu,ferrousMetals,n/a,m-c,0.0439,%,2
OBS,2020,EU27+4,WEEE_generatedDedicated,WEEE_Cat6,mainboardInclCPUgpu,n/a,n/a,c-p,0.00051,%,2
OBS,2020,EU27+4,WEEE_generatedDedicated,WEEE_Cat6,mainboardInclCPUgpu,otherMetalsAndMetalAlloys,Ag,e-m,0.187,%,2
OBS,2020,EU27+4,WEEE_generatedDedicated,WEEE_Cat6,mainboardInclCPUgpu,otherMetalsAndMetalAlloys,Al,e-m,0.9,%,2
OBS,2020,EU27+4,WEEE_generatedDedicated,WEEE_Cat6,mainboardInclCPUgpu,otherMetalsAndMetalAlloys,Dy,e-m,0.1,%,2
OBS,2020,EU27+4,WEEE_generatedDedicated,WEEE_Cat6,mainboardInclCPUgpu,otherMetalsAndMetalAlloys,n/a,m-c,0.00732,%,2
OBS,2020,EU27+4,WEEE_generatedDedicated,WEEE_Cat6,mainboardInclCPUgpu,plastics,Ag,e-m,0.00146,%,2
OBS,2020,EU27+4,WEEE_generatedDedicated,WEEE_Cat6,mainboardInclCPUgpu,plastics,n/a,m-c,0.00146,%,2
OBS,2020,EU27+4,WEEE_generatedDedicated,WEEE_Cat6,mainboardInclCPUgpu,undefinedAndMixedMaterials,Ag,e-m,0.0286,%,2
OBS,2020,EU27+4,WEEE_generatedDedicated,WEEE_Cat6,mainboardInclCPUgpu,undefinedAndMixedMaterials,n/a,m-c,0.0333,%,2
OBS,2020,EU27+4,WEEE_generatedDedicated,WEEE_Cat6,n/a,n/a,n/a,c-p,0.385,%,2
OBS,2020,EU27+4,WEEE_generatedDedicated,WEEE_Cat6,non-electricCoil,AlAndAlAlloys,Ag,e-m,0.0189,%,1
OBS,2020,EU27+4,WEEE_generatedDedicated,WEEE_Cat6,non-electricCoil,AlAndAlAlloys,As,e-m,0.97,%,1
OBS,2020,EU27+4,WEEE_generatedDedicated,WEEE_Cat6,non-electricCoil,AlAndAlAlloys,Cu,e-m,0.002,%,1
OBS,2020,EU27+4,WEEE_generatedDedicated,WEEE_Cat6,non-electricCoil,AlAndAlAlloys,Ga,e-m,0.001,%,1
OBS,2020,EU27+4,WEEE_generatedDedicated,WEEE_Cat6,non-electricCoil,AlAndAlAlloys,Mn,e-m,0.0248,%,1
OBS,2020,EU27+4,WEEE_generatedDedicated,WEEE_Cat6,non-electricCoil,AlAndAlAlloys,Mo,e-m,0.002,%,1
OBS,2020,EU27+4,WEEE_generatedDedicated,WEEE_Cat6,non-electricCoil,AlAndAlAlloys,Sm,e-m,0.0003,%,1
OBS,2020,EU27+4,WEEE_generatedDedicated,WEEE_Cat6,non-electricCoil,AlAndAlAlloys,n/a,m-c,0.0189,%,1
OBS,2020,EU27+4,WEEE_generatedDedicated,WEEE_Cat6,non-electricCoil,ferrousMetals,Ag,e-m,0.264,%,1
OBS,2020,EU27+4,WEEE_generatedDedicated,WEEE_Cat6,non-electricCoil,ferrousMetals,Ca,e-m,0.033,%,1
OBS,2020,EU27+4,WEEE_generatedDedicated,WEEE_Cat6,non-electricCoil,ferrousMetals,Ga,e-m,0.938,%,1
OBS,2020,EU27+4,WEEE_generatedDedicated,WEEE_Cat6,non-electricCoil,ferrousMetals,Mo,e-m,0.0075,%,1
OBS,2020,EU27+4,WEEE_generatedDedicated,WEEE_Cat6,non-electricCoil,ferrousMetals,Sm,e-m,0.022,%,1
OBS,2020,EU27+4,WEEE_generatedDedicated,WEEE_Cat6,non-electricCoil,ferrousMetals,n/a,m-c,0.264,%,1
OBS,2020,EU27+4,WEEE_generatedDedicated,WEEE_Cat6,non-electricCoil,n/a,n/a,c-p,0.00209,%,1
OBS,2020,EU27+4,WEEE_generatedDedicated,WEEE_Cat6,non-electricCoil,plastics,Ag,e-m,0.717,%,1
OBS,2020,EU27+4,WEEE_generatedDedicated,WEEE_Cat6,non-electricCoil,plastics,n/a,m-c,0.717,%,1
OBS,2020,EU27+4,WEEE_generatedDedicated,WEEE_Cat6,nonElectricCoil,n/a,n/a,c-p,0.000261,%,1
OBS,2020,EU27+4,WEEE_generatedDedicated,WEEE_Cat6,onOffSwitch,CuAndCuAlloys,Ag,e-m,0.16,%,2
OBS,2020,EU27+4,WEEE_generatedDedicated,WEEE_Cat6,onOffSwitch,CuAndCuAlloys,Dy,e-m,0.75,%,2
OBS,2020,EU27+4,WEEE_generatedDedicated,WEEE_Cat6,onOffSwitch,CuAndCuAlloys,Zr,e-m,0.25,%,2
OBS,2020,EU27+4,WEEE_generatedDedicated,WEEE_Cat6,onOffSwitch,CuAndCuAlloys,n/a,m-c,0.16,%,2
OBS,2020,EU27+4,WEEE_generatedDedicated,WEEE_Cat6,onOffSwitch,n/a,n/a,c-p,0.000584,%,2
OBS,2020,EU27+4,WEEE_generatedDedicated,WEEE_Cat6,onOffSwitch,plastics,Ag,e-m,0.84,%,2
OBS,2020,EU27+4,WEEE_generatedDedicated,WEEE_Cat6,onOffSwitch,plastics,n/a,m-c,0.84,%,2
OBS,2020,EU27+4,WEEE_generatedDedicated,WEEE_Cat6,otherElectricCompUnspecified,AlAndAlAlloys,Ag,e-m,0.000538,%,2
OBS,2020,EU27+4,WEEE_generatedDedicated,WEEE_Cat6,otherElectricCompUnspecified,AlAndAlAlloys,As,e-m,0.97,%,2
OBS,2020,EU27+4,WEEE_generatedDedicated,WEEE_Cat6,otherElectricCompUnspecified,AlAndAlAlloys,Cu,e-m,0.002,%,2
OBS,2020,EU27+4,WEEE_generatedDedicated,WEEE_Cat6,otherElectricCompUnspecified,AlAndAlAlloys,Ga,e-m,0.001,%,2
OBS,2020,EU27+4,WEEE_generatedDedicated,WEEE_Cat6,otherElectricCompUnspecified,AlAndAlAlloys,Mn,e-m,0.0248,%,2
OBS,2020,EU27+4,WEEE_generatedDedicated,WEEE_Cat6,otherElectricCompUnspecified,AlAndAlAlloys,Mo,e-m,0.002,%,2
OBS,2020,EU27+4,WEEE_generatedDedicated,WEEE_Cat6,otherElectricCompUnspecified,AlAndAlAlloys,Sm,e-m,0.0003,%,2
OBS,2020,EU27+4,WEEE_generatedDedicated,WEEE_Cat6,otherElectricCompUnspecified,AlAndAlAlloys,n/a,m-c,0.000538,%,2
OBS,2020,EU27+4,WEEE_generatedDedicated,WEEE_Cat6,otherElectricCompUnspecified,CuAndCuAlloys,Ag,e-m,0.0113,%,2
OBS,2020,EU27+4,WEEE_generatedDedicated,WEEE_Cat6,otherElectricCompUnspecified,CuAndCuAlloys,Dy,e-m,0.75,%,2
OBS,2020,EU27+4,WEEE_generatedDedicated,WEEE_Cat6,otherElectricCompUnspecified,CuAndCuAlloys,Zr,e-m,0.25,%,2
OBS,2020,EU27+4,WEEE_generatedDedicated,WEEE_Cat6,otherElectricCompUnspecified,CuAndCuAlloys,n/a,m-c,0.0113,%,2
OBS,2020,EU27+4,WEEE_generatedDedicated,WEEE_Cat6,otherElectricCompUnspecified,ferrousMetals,Ag,e-m,0.0453,%,2
OBS,2020,EU27+4,WEEE_generatedDedicated,WEEE_Cat6,otherElectricCompUnspecified,ferrousMetals,Cu,e-m,0.18,%,2
OBS,2020,EU27+4,WEEE_generatedDedicated,WEEE_Cat6,otherElectricCompUnspecified,ferrousMetals,Ga,e-m,0.725,%,2
OBS,2020,EU27+4,WEEE_generatedDedicated,WEEE_Cat6,otherElectricCompUnspecified,ferrousMetals,Mo,e-m,0.01,%,2
OBS,2020,EU27+4,WEEE_generatedDedicated,WEEE_Cat6,otherElectricCompUnspecified,ferrousMetals,O,e-m,0.08,%,2
OBS,2020,EU27+4,WEEE_generatedDedicated,WEEE_Cat6,otherElectricCompUnspecified,ferrousMetals,Sm,e-m,0.005,%,2
OBS,2020,EU27+4,WEEE_generatedDedicated,WEEE_Cat6,otherElectricCompUnspecified,ferrousMetals,n/a,m-c,0.0772,%,2
OBS,2020,EU27+4,WEEE_generatedDedicated,WEEE_Cat6,otherElectricCompUnspecified,glass,Ag,e-m,0.082,%,2
OBS,2020,EU27+4,WEEE_generatedDedicated,WEEE_Cat6,otherElectricCompUnspecified,glass,Pd,e-m,0.265,%,2
OBS,2020,EU27+4,WEEE_generatedDedicated,WEEE_Cat6,otherElectricCompUnspecified,glass,Sc,e-m,0.00196,%,2
OBS,2020,EU27+4,WEEE_generatedDedicated,WEEE_Cat6,otherElectricCompUnspecified,glass,Zr,e-m,0.000708,%,2
OBS,2020,EU27+4,WEEE_generatedDedicated,WEEE_Cat6,otherElectricCompUnspecified,glass,n/a,m-c,0.082,%,2
OBS,2020,EU27+4,WEEE_generatedDedicated,WEEE_Cat6,otherElectricCompUnspecified,n/a,n/a,c-p,0.00859,%,1
OBS,2020,EU27+4,WEEE_generatedDedicated,WEEE_Cat6,otherElectricCompUnspecified,otherMetalsAndMetalAlloys,Ag,e-m,0.000882,%,2
OBS,2020,EU27+4,WEEE_generatedDedicated,WEEE_Cat6,otherElectricCompUnspecified,otherMetalsAndMetalAlloys,Al,e-m,0.9,%,2
OBS,2020,EU27+4,WEEE_generatedDedicated,WEEE_Cat6,otherElectricCompUnspecified,otherMetalsAndMetalAlloys,Dy,e-m,0.1,%,2
OBS,2020,EU27+4,WEEE_generatedDedicated,WEEE_Cat6,otherElectricCompUnspecified,otherMetalsAndMetalAlloys,n/a,m-c,0.00095,%,2
OBS,2020,EU27+4,WEEE_generatedDedicated,WEEE_Cat6,otherElectricCompUnspecified,otherOrUndefinedMaterials,Ag,e-m,1,%,1
OBS,2020,EU27+4,WEEE_generatedDedicated,WEEE_Cat6,otherElectricCompUnspecified,otherOrUndefinedMaterials,n/a,m-c,1,%,1
OBS,2020,EU27+4,WEEE_generatedDedicated,WEEE_Cat6,otherElectricCompUnspecified,plastics,Ag,e-m,0.111,%,2
OBS,2020,EU27+4,WEEE_generatedDedicated,WEEE_Cat6,otherElectricCompUnspecified,plastics,n/a,m-c,0.243,%,2
OBS,2020,EU27+4,WEEE_generatedDedicated,WEEE_Cat6,otherElectricCompUnspecified,undefinedAndMixedMaterials,Ag,e-m,0.0002,%,2
OBS,2020,EU27+4,WEEE_generatedDedicated,WEEE_Cat6,otherElectricCompUnspecified,undefinedAndMixedMaterials,n/a,m-c,0.0002,%,2
OBS,2020,EU27+4,WEEE_generatedDedicated,WEEE_Cat6,otherNonElectricCompUnspecified,AlAndAlAlloys,Ag,e-m,0.0205,%,1
OBS,2020,EU27+4,WEEE_generatedDedicated,WEEE_Cat6,otherNonElectricCompUnspecified,AlAndAlAlloys,As,e-m,0.97,%,1
OBS,2020,EU27+4,WEEE_generatedDedicated,WEEE_Cat6,otherNonElectricCompUnspecified,AlAndAlAlloys,Cu,e-m,0.002,%,1
OBS,2020,EU27+4,WEEE_generatedDedicated,WEEE_Cat6,otherNonElectricCompUnspecified,AlAndAlAlloys,Ga,e-m,0.001,%,1
OBS,2020,EU27+4,WEEE_generatedDedicated,WEEE_Cat6,otherNonElectricCompUnspecified,AlAndAlAlloys,Mn,e-m,0.0248,%,1
OBS,2020,EU27+4,WEEE_generatedDedicated,WEEE_Cat6,otherNonElectricCompUnspecified,AlAndAlAlloys,Mo,e-m,0.002,%,1
OBS,2020,EU27+4,WEEE_generatedDedicated,WEEE_Cat6,otherNonElectricCompUnspecified,AlAndAlAlloys,Sm,e-m,0.0003,%,1
OBS,2020,EU27+4,WEEE_generatedDedicated,WEEE_Cat6,otherNonElectricCompUnspecified,AlAndAlAlloys,n/a,m-c,0.0112,%,1
OBS,2020,EU27+4,WEEE_generatedDedicated,WEEE_Cat6,otherNonElectricCompUnspecified,CuAndCuAlloys,Ag,e-m,0.00302,%,1
OBS,2020,EU27+4,WEEE_generatedDedicated,WEEE_Cat6,otherNonElectricCompUnspecified,CuAndCuAlloys,As,e-m,0.97,%,1
OBS,2020,EU27+4,WEEE_generatedDedicated,WEEE_Cat6,otherNonElectricCompUnspecified,CuAndCuAlloys,Cu,e-m,0.002,%,1
OBS,2020,EU27+4,WEEE_generatedDedicated,WEEE_Cat6,otherNonElectricCompUnspecified,CuAndCuAlloys,Dy,e-m,0.75,%,1
OBS,2020,EU27+4,WEEE_generatedDedicated,WEEE_Cat6,otherNonElectricCompUnspecified,CuAndCuAlloys,Ga,e-m,0.001,%,1
OBS,2020,EU27+4,WEEE_generatedDedicated,WEEE_Cat6,otherNonElectricCompUnspecified,CuAndCuAlloys,Mn,e-m,0.0248,%,1
OBS,2020,EU27+4,WEEE_generatedDedicated,WEEE_Cat6,otherNonElectricCompUnspecified,CuAndCuAlloys,Mo,e-m,0.002,%,1
OBS,2020,EU27+4,WEEE_generatedDedicated,WEEE_Cat6,otherNonElectricCompUnspecified,CuAndCuAlloys,Sm,e-m,0.0003,%,1
OBS,2020,EU27+4,WEEE_generatedDedicated,WEEE_Cat6,otherNonElectricCompUnspecified,CuAndCuAlloys,Zr,e-m,0.25,%,1
OBS,2020,EU27+4,WEEE_generatedDedicated,WEEE_Cat6,otherNonElectricCompUnspecified,CuAndCuAlloys,n/a,m-c,0.00302,%,1
OBS,2020,EU27+4,WEEE_generatedDedicated,WEEE_Cat6,otherNonElectricCompUnspecified,ferrousMetals,Ag,e-m,0.0343,%,1
OBS,2020,EU27+4,WEEE_generatedDedicated,WEEE_Cat6,otherNonElectricCompUnspecified,ferrousMetals,Ca,e-m,0.033,%,1
OBS,2020,EU27+4,WEEE_generatedDedicated,WEEE_Cat6,otherNonElectricCompUnspecified,ferrousMetals,Cu,e-m,0.18,%,2
OBS,2020,EU27+4,WEEE_generatedDedicated,WEEE_Cat6,otherNonElectricCompUnspecified,ferrousMetals,Ga,e-m,0.725,%,1
OBS,2020,EU27+4,WEEE_generatedDedicated,WEEE_Cat6,otherNonElectricCompUnspecified,ferrousMetals,Mo,e-m,0.0075,%,1
OBS,2020,EU27+4,WEEE_generatedDedicated,WEEE_Cat6,otherNonElectricCompUnspecified,ferrousMetals,O,e-m,0.08,%,2
OBS,2020,EU27+4,WEEE_generatedDedicated,WEEE_Cat6,otherNonElectricCompUnspecified,ferrousMetals,Sm,e-m,0.005,%,1
OBS,2020,EU27+4,WEEE_generatedDedicated,WEEE_Cat6,otherNonElectricCompUnspecified,ferrousMetals,n/a,m-c,0.0343,%,1
OBS,2020,EU27+4,WEEE_generatedDedicated,WEEE_Cat6,otherNonElectricCompUnspecified,n/a,n/a,c-p,0.000287,%,1
OBS,2020,EU27+4,WEEE_generatedDedicated,WEEE_Cat6,otherNonElectricCompUnspecified,plastics,Ag,e-m,0.0777,%,1
OBS,2020,EU27+4,WEEE_generatedDedicated,WEEE_Cat6,otherNonElectricCompUnspecified,plastics,n/a,m-c,0.0777,%,1
OBS,2020,EU27+4,WEEE_generatedDedicated,WEEE_Cat6,otherNonElectricCompUnspecified,steelAndSteelAlloys,Ag,e-m,0.95,%,1
OBS,2020,EU27+4,WEEE_generatedDedicated,WEEE_Cat6,otherNonElectricCompUnspecified,steelAndSteelAlloys,Cu,e-m,0.18,%,1
OBS,2020,EU27+4,WEEE_generatedDedicated,WEEE_Cat6,otherNonElectricCompUnspecified,steelAndSteelAlloys,Ga,e-m,0.725,%,1
OBS,2020,EU27+4,WEEE_generatedDedicated,WEEE_Cat6,otherNonElectricCompUnspecified,steelAndSteelAlloys,Mo,e-m,0.01,%,1
OBS,2020,EU27+4,WEEE_generatedDedicated,WEEE_Cat6,otherNonElectricCompUnspecified,steelAndSteelAlloys,O,e-m,0.08,%,1
OBS,2020,EU27+4,WEEE_generatedDedicated,WEEE_Cat6,otherNonElectricCompUnspecified,steelAndSteelAlloys,Sm,e-m,0.005,%,1
OBS,2020,EU27+4,WEEE_generatedDedicated,WEEE_Cat6,otherNonElectricCompUnspecified,steelAndSteelAlloys,n/a,m-c,0.906,%,1
OBS,2020,EU27+4,WEEE_generatedDedicated,WEEE_Cat6,otherNonElectricCompUnspecified,undefinedAndMixedMaterials,Ag,e-m,0.00041,%,2
OBS,2020,EU27+4,WEEE_generatedDedicated,WEEE_Cat6,otherNonElectricCompUnspecified,undefinedAndMixedMaterials,n/a,m-c,0.000411,%,2
OBS,2020,EU27+4,WEEE_generatedDedicated,WEEE_Cat6,passiveJunctionBox,CuAndCuAlloys,Ag,e-m,0.477,%,1
OBS,2020,EU27+4,WEEE_generatedDedicated,WEEE_Cat6,passiveJunctionBox,CuAndCuAlloys,Dy,e-m,0.75,%,1
OBS,2020,EU27+4,WEEE_generatedDedicated,WEEE_Cat6,passiveJunctionBox,CuAndCuAlloys,Sr,e-m,0.016,%,1
OBS,2020,EU27+4,WEEE_generatedDedicated,WEEE_Cat6,passiveJunctionBox,CuAndCuAlloys,Zr,e-m,0.208,%,1
OBS,2020,EU27+4,WEEE_generatedDedicated,WEEE_Cat6,passiveJunctionBox,CuAndCuAlloys,n/a,m-c,0.477,%,1
OBS,2020,EU27+4,WEEE_generatedDedicated,WEEE_Cat6,passiveJunctionBox,n/a,n/a,c-p,0.0226,%,1
OBS,2020,EU27+4,WEEE_generatedDedicated,WEEE_Cat6,passiveJunctionBox,otherOrUndefinedMaterials,Ag,e-m,0.0073,%,1
OBS,2020,EU27+4,WEEE_generatedDedicated,WEEE_Cat6,passiveJunctionBox,otherOrUndefinedMaterials,n/a,m-c,0.00725,%,1
OBS,2020,EU27+4,WEEE_generatedDedicated,WEEE_Cat6,passiveJunctionBox,plastics,Ag,e-m,0.466,%,1
OBS,2020,EU27+4,WEEE_generatedDedicated,WEEE_Cat6,passiveJunctionBox,plastics,n/a,m-c,0.463,%,1
OBS,2020,EU27+4,WEEE_generatedDedicated,WEEE_Cat6,pcbWEEECat,n/a,n/a,c-p,0.0000873,%,1
OBS,2020,EU27+4,WEEE_generatedDedicated,WEEE_Cat6,pcbWEEECat,plastics,Ag,e-m,0.0278,%,1
OBS,2020,EU27+4,WEEE_generatedDedicated,WEEE_Cat6,pcbWEEECat,plastics,n/a,m-c,1,%,1
OBS,2020,EU27+4,WEEE_generatedDedicated,WEEE_Cat6,plug,n/a,n/a,c-p,0.00064,%,1
OBS,2020,EU27+4,WEEE_generatedDedicated,WEEE_Cat6,powerSupply,AlAndAlAlloys,Ag,e-m,0.0289,%,2
OBS,2020,EU27+4,WEEE_generatedDedicated,WEEE_Cat6,powerSupply,AlAndAlAlloys,As,e-m,0.97,%,2
OBS,2020,EU27+4,WEEE_generatedDedicated,WEEE_Cat6,powerSupply,AlAndAlAlloys,Cu,e-m,0.002,%,2
OBS,2020,EU27+4,WEEE_generatedDedicated,WEEE_Cat6,powerSupply,AlAndAlAlloys,Ga,e-m,0.001,%,2
OBS,2020,EU27+4,WEEE_generatedDedicated,WEEE_Cat6,powerSupply,AlAndAlAlloys,Mn,e-m,0.0248,%,2
OBS,2020,EU27+4,WEEE_generatedDedicated,WEEE_Cat6,powerSupply,AlAndAlAlloys,Mo,e-m,0.002,%,2
OBS,2020,EU27+4,WEEE_generatedDedicated,WEEE_Cat6,powerSupply,AlAndAlAlloys,Sm,e-m,0.0003,%,2
OBS,2020,EU27+4,WEEE_generatedDedicated,WEEE_Cat6,powerSupply,AlAndAlAlloys,n/a,m-c,0.0289,%,2
OBS,2020,EU27+4,WEEE_generatedDedicated,WEEE_Cat6,powerSupply,CuAndCuAlloys,Ag,e-m,0.0147,%,2
OBS,2020,EU27+4,WEEE_generatedDedicated,WEEE_Cat6,powerSupply,CuAndCuAlloys,Dy,e-m,0.75,%,2
OBS,2020,EU27+4,WEEE_generatedDedicated,WEEE_Cat6,powerSupply,CuAndCuAlloys,Zr,e-m,0.25,%,2
OBS,2020,EU27+4,WEEE_generatedDedicated,WEEE_Cat6,powerSupply,CuAndCuAlloys,n/a,m-c,0.0147,%,2
OBS,2020,EU27+4,WEEE_generatedDedicated,WEEE_Cat6,powerSupply,ferrousMetals,Ag,e-m,0.0293,%,2
OBS,2020,EU27+4,WEEE_generatedDedicated,WEEE_Cat6,powerSupply,ferrousMetals,Cu,e-m,0.18,%,2
OBS,2020,EU27+4,WEEE_generatedDedicated,WEEE_Cat6,powerSupply,ferrousMetals,Ga,e-m,0.725,%,2
OBS,2020,EU27+4,WEEE_generatedDedicated,WEEE_Cat6,powerSupply,ferrousMetals,Mo,e-m,0.01,%,2
OBS,2020,EU27+4,WEEE_generatedDedicated,WEEE_Cat6,powerSupply,ferrousMetals,O,e-m,0.08,%,2
OBS,2020,EU27+4,WEEE_generatedDedicated,WEEE_Cat6,powerSupply,ferrousMetals,Sm,e-m,0.005,%,2
OBS,2020,EU27+4,WEEE_generatedDedicated,WEEE_Cat6,powerSupply,ferrousMetals,n/a,m-c,0.0157,%,2
OBS,2020,EU27+4,WEEE_generatedDedicated,WEEE_Cat6,powerSupply,n/a,n/a,c-p,0.00195,%,1
OBS,2020,EU27+4,WEEE_generatedDedicated,WEEE_Cat6,powerSupply,otherMetalsAndMetalAlloys,Ag,e-m,0.994,%,2
OBS,2020,EU27+4,WEEE_generatedDedicated,WEEE_Cat6,powerSupply,otherMetalsAndMetalAlloys,Al,e-m,0.9,%,2
OBS,2020,EU27+4,WEEE_generatedDedicated,WEEE_Cat6,powerSupply,otherMetalsAndMetalAlloys,Dy,e-m,0.1,%,2
OBS,2020,EU27+4,WEEE_generatedDedicated,WEEE_Cat6,powerSupply,otherMetalsAndMetalAlloys,n/a,m-c,0.994,%,2
OBS,2020,EU27+4,WEEE_generatedDedicated,WEEE_Cat6,powerSupply,plastics,Ag,e-m,0.0158,%,2
OBS,2020,EU27+4,WEEE_generatedDedicated,WEEE_Cat6,powerSupply,plastics,n/a,m-c,0.0158,%,2
OBS,2020,EU27+4,WEEE_generatedDedicated,WEEE_Cat6,powerSupply,undefinedAndMixedMaterials,Ag,e-m,0.00504,%,2
OBS,2020,EU27+4,WEEE_generatedDedicated,WEEE_Cat6,powerSupply,undefinedAndMixedMaterials,n/a,m-c,0.00504,%,2
OBS,2020,EU27+4,WEEE_generatedDedicated,WEEE_Cat6,printedCircuitBoard,n/a,n/a,c-p,0.0000429,%,1
OBS,2020,EU27+4,WEEE_generatedDedicated,WEEE_Cat6,pump,ironWroughtAndCast,Ag,e-m,0.419,%,1
OBS,2020,EU27+4,WEEE_generatedDedicated,WEEE_Cat6,pump,ironWroughtAndCast,Ca,e-m,0.033,%,1
OBS,2020,EU27+4,WEEE_generatedDedicated,WEEE_Cat6,pump,ironWroughtAndCast,Ga,e-m,0.938,%,1
OBS,2020,EU27+4,WEEE_generatedDedicated,WEEE_Cat6,pump,ironWroughtAndCast,Mo,e-m,0.0075,%,1
OBS,2020,EU27+4,WEEE_generatedDedicated,WEEE_Cat6,pump,ironWroughtAndCast,Sm,e-m,0.022,%,1
OBS,2020,EU27+4,WEEE_generatedDedicated,WEEE_Cat6,pump,ironWroughtAndCast,n/a,m-c,0.419,%,1
OBS,2020,EU27+4,WEEE_generatedDedicated,WEEE_Cat6,pump,n/a,n/a,c-p,0.0013,%,1
OBS,2020,EU27+4,WEEE_generatedDedicated,WEEE_Cat6,pump,steelAndSteelAlloys,Ag,e-m,0.581,%,1
OBS,2020,EU27+4,WEEE_generatedDedicated,WEEE_Cat6,pump,steelAndSteelAlloys,Cu,e-m,0.18,%,1
OBS,2020,EU27+4,WEEE_generatedDedicated,WEEE_Cat6,pump,steelAndSteelAlloys,Ga,e-m,0.725,%,1
OBS,2020,EU27+4,WEEE_generatedDedicated,WEEE_Cat6,pump,steelAndSteelAlloys,Mo,e-m,0.01,%,1
OBS,2020,EU27+4,WEEE_generatedDedicated,WEEE_Cat6,pump,steelAndSteelAlloys,O,e-m,0.08,%,1
OBS,2020,EU27+4,WEEE_generatedDedicated,WEEE_Cat6,pump,steelAndSteelAlloys,Sm,e-m,0.005,%,1
OBS,2020,EU27+4,WEEE_generatedDedicated,WEEE_Cat6,pump,steelAndSteelAlloys,n/a,m-c,0.581,%,1
OBS,2020,EU27+4,WEEE_generatedDedicated,WEEE_Cat6,refrigerant,n/a,n/a,c-p,0.0089,%,1
OBS,2020,EU27+4,WEEE_generatedDedicated,WEEE_Cat6,refrigerant,otherOrUndefinedMaterials,Ag,e-m,1,%,1
OBS,2020,EU27+4,WEEE_generatedDedicated,WEEE_Cat6,refrigerant,otherOrUndefinedMaterials,n/a,m-c,1,%,1
OBS,2020,EU27+4,WEEE_generatedDedicated,WEEE_Cat6,remoteControl,AlAndAlAlloys,Ag,e-m,0.00684,%,2
OBS,2020,EU27+4,WEEE_generatedDedicated,WEEE_Cat6,remoteControl,AlAndAlAlloys,As,e-m,0.97,%,2
OBS,2020,EU27+4,WEEE_generatedDedicated,WEEE_Cat6,remoteControl,AlAndAlAlloys,Cu,e-m,0.002,%,2
OBS,2020,EU27+4,WEEE_generatedDedicated,WEEE_Cat6,remoteControl,AlAndAlAlloys,Ga,e-m,0.001,%,2
OBS,2020,EU27+4,WEEE_generatedDedicated,WEEE_Cat6,remoteControl,AlAndAlAlloys,Mn,e-m,0.0248,%,2
OBS,2020,EU27+4,WEEE_generatedDedicated,WEEE_Cat6,remoteControl,AlAndAlAlloys,Mo,e-m,0.002,%,2
OBS,2020,EU27+4,WEEE_generatedDedicated,WEEE_Cat6,remoteControl,AlAndAlAlloys,Sm,e-m,0.0003,%,2
OBS,2020,EU27+4,WEEE_generatedDedicated,WEEE_Cat6,remoteControl,AlAndAlAlloys,n/a,m-c,0.0068,%,2
OBS,2020,EU27+4,WEEE_generatedDedicated,WEEE_Cat6,remoteControl,CuAndCuAlloys,Ag,e-m,0.00964,%,2
OBS,2020,EU27+4,WEEE_generatedDedicated,WEEE_Cat6,remoteControl,CuAndCuAlloys,Dy,e-m,0.75,%,2
OBS,2020,EU27+4,WEEE_generatedDedicated,WEEE_Cat6,remoteControl,CuAndCuAlloys,Zr,e-m,0.25,%,2
OBS,2020,EU27+4,WEEE_generatedDedicated,WEEE_Cat6,remoteControl,CuAndCuAlloys,n/a,m-c,0.00956,%,2
OBS,2020,EU27+4,WEEE_generatedDedicated,WEEE_Cat6,remoteControl,ferrousMetals,Ag,e-m,0.0506,%,2
OBS,2020,EU27+4,WEEE_generatedDedicated,WEEE_Cat6,remoteControl,ferrousMetals,Cu,e-m,0.18,%,2
OBS,2020,EU27+4,WEEE_generatedDedicated,WEEE_Cat6,remoteControl,ferrousMetals,Ga,e-m,0.725,%,2
OBS,2020,EU27+4,WEEE_generatedDedicated,WEEE_Cat6,remoteControl,ferrousMetals,Mo,e-m,0.01,%,2
OBS,2020,EU27+4,WEEE_generatedDedicated,WEEE_Cat6,remoteControl,ferrousMetals,O,e-m,0.08,%,2
OBS,2020,EU27+4,WEEE_generatedDedicated,WEEE_Cat6,remoteControl,ferrousMetals,Sm,e-m,0.005,%,2
OBS,2020,EU27+4,WEEE_generatedDedicated,WEEE_Cat6,remoteControl,ferrousMetals,n/a,m-c,0.0503,%,2
OBS,2020,EU27+4,WEEE_generatedDedicated,WEEE_Cat6,remoteControl,n/a,n/a,c-p,0.0016,%,1
OBS,2020,EU27+4,WEEE_generatedDedicated,WEEE_Cat6,remoteControl,otherOrUndefinedMaterials,Ag,e-m,1,%,1
OBS,2020,EU27+4,WEEE_generatedDedicated,WEEE_Cat6,remoteControl,otherOrUndefinedMaterials,n/a,m-c,1,%,1
OBS,2020,EU27+4,WEEE_generatedDedicated,WEEE_Cat6,remoteControl,plastics,Ag,e-m,0.583,%,2
OBS,2020,EU27+4,WEEE_generatedDedicated,WEEE_Cat6,remoteControl,plastics,n/a,m-c,0.583,%,2
OBS,2020,EU27+4,WEEE_generatedDedicated,WEEE_Cat6,remoteControl,undefinedAndMixedMaterials,Ag,e-m,0.000907,%,2
OBS,2020,EU27+4,WEEE_generatedDedicated,WEEE_Cat6,remoteControl,undefinedAndMixedMaterials,n/a,m-c,0.000899,%,2
OBS,2020,EU27+4,WEEE_generatedDedicated,WEEE_Cat6,resistor,n/a,n/a,c-p,0.000847,%,1
OBS,2020,EU27+4,WEEE_generatedDedicated,WEEE_Cat6,rotor,ferrousMetals,Ag,e-m,0.0325,%,1
OBS,2020,EU27+4,WEEE_generatedDedicated,WEEE_Cat6,rotor,ferrousMetals,Cu,e-m,0.18,%,1
OBS,2020,EU27+4,WEEE_generatedDedicated,WEEE_Cat6,rotor,ferrousMetals,Ga,e-m,0.725,%,1
OBS,2020,EU27+4,WEEE_generatedDedicated,WEEE_Cat6,rotor,ferrousMetals,Mo,e-m,0.01,%,1
OBS,2020,EU27+4,WEEE_generatedDedicated,WEEE_Cat6,rotor,ferrousMetals,O,e-m,0.08,%,1
OBS,2020,EU27+4,WEEE_generatedDedicated,WEEE_Cat6,rotor,ferrousMetals,Sm,e-m,0.005,%,1
OBS,2020,EU27+4,WEEE_generatedDedicated,WEEE_Cat6,rotor,ferrousMetals,n/a,m-c,0.032,%,1
OBS,2020,EU27+4,WEEE_generatedDedicated,WEEE_Cat6,rotor,n/a,n/a,c-p,0.00184,%,1
OBS,2020,EU27+4,WEEE_generatedDedicated,WEEE_Cat6,rotor,plastics,Ag,e-m,0.984,%,1
OBS,2020,EU27+4,WEEE_generatedDedicated,WEEE_Cat6,rotor,plastics,n/a,m-c,0.804,%,1
OBS,2020,EU27+4,WEEE_generatedDedicated,WEEE_Cat6,screw,CuAndCuAlloys,Ag,e-m,1,%,1
OBS,2020,EU27+4,WEEE_generatedDedicated,WEEE_Cat6,screw,CuAndCuAlloys,Dy,e-m,0.75,%,1
OBS,2020,EU27+4,WEEE_generatedDedicated,WEEE_Cat6,screw,CuAndCuAlloys,Zr,e-m,0.25,%,1
OBS,2020,EU27+4,WEEE_generatedDedicated,WEEE_Cat6,screw,CuAndCuAlloys,n/a,m-c,0.5,%,1
OBS,2020,EU27+4,WEEE_generatedDedicated,WEEE_Cat6,screw,ferrousMetals,Ag,e-m,1,%,1
OBS,2020,EU27+4,WEEE_generatedDedicated,WEEE_Cat6,screw,ferrousMetals,Ca,e-m,0.033,%,1
OBS,2020,EU27+4,WEEE_generatedDedicated,WEEE_Cat6,screw,ferrousMetals,Ga,e-m,0.938,%,1
OBS,2020,EU27+4,WEEE_generatedDedicated,WEEE_Cat6,screw,ferrousMetals,Mo,e-m,0.0075,%,1
OBS,2020,EU27+4,WEEE_generatedDedicated,WEEE_Cat6,screw,ferrousMetals,Sm,e-m,0.022,%,1
OBS,2020,EU27+4,WEEE_generatedDedicated,WEEE_Cat6,screw,ferrousMetals,n/a,m-c,0.5,%,1
OBS,2020,EU27+4,WEEE_generatedDedicated,WEEE_Cat6,screw,n/a,n/a,c-p,0.00049,%,1
OBS,2020,EU27+4,WEEE_generatedDedicated,WEEE_Cat6,sensorUnspecified,ferrousMetals,n/a,m-c,0.109,%,2
OBS,2020,EU27+4,WEEE_generatedDedicated,WEEE_Cat6,sensorUnspecified,n/a,n/a,c-p,0.000116,%,1
OBS,2020,EU27+4,WEEE_generatedDedicated,WEEE_Cat6,sensorUnspecified,plastics,n/a,m-c,0.891,%,2
OBS,2020,EU27+4,WEEE_generatedDedicated,WEEE_Cat6,shadowComponentWEEE,CuAndCuAlloys,Ag,e-m,0.0011,%,1
OBS,2020,EU27+4,WEEE_generatedDedicated,WEEE_Cat6,shadowComponentWEEE,CuAndCuAlloys,As,e-m,0.233,%,1
OBS,2020,EU27+4,WEEE_generatedDedicated,WEEE_Cat6,shadowComponentWEEE,CuAndCuAlloys,Cu,e-m,0.000481,%,1
OBS,2020,EU27+4,WEEE_generatedDedicated,WEEE_Cat6,shadowComponentWEEE,CuAndCuAlloys,Dy,e-m,0.375,%,1
OBS,2020,EU27+4,WEEE_generatedDedicated,WEEE_Cat6,shadowComponentWEEE,CuAndCuAlloys,Ga,e-m,0.000241,%,1
OBS,2020,EU27+4,WEEE_generatedDedicated,WEEE_Cat6,shadowComponentWEEE,CuAndCuAlloys,Mn,e-m,0.00597,%,1
OBS,2020,EU27+4,WEEE_generatedDedicated,WEEE_Cat6,shadowComponentWEEE,CuAndCuAlloys,Mo,e-m,0.000481,%,1
OBS,2020,EU27+4,WEEE_generatedDedicated,WEEE_Cat6,shadowComponentWEEE,CuAndCuAlloys,Sm,e-m,0.0000722,%,1
OBS,2020,EU27+4,WEEE_generatedDedicated,WEEE_Cat6,shadowComponentWEEE,CuAndCuAlloys,Sr,e-m,0.12,%,1
OBS,2020,EU27+4,WEEE_generatedDedicated,WEEE_Cat6,shadowComponentWEEE,CuAndCuAlloys,Zr,e-m,0.125,%,1
OBS,2020,EU27+4,WEEE_generatedDedicated,WEEE_Cat6,shadowComponentWEEE,CuAndCuAlloys,n/a,m-c,0.000675,%,1
OBS,2020,EU27+4,WEEE_generatedDedicated,WEEE_Cat6,shadowComponentWEEE,bitumen,Ag,e-m,0.0218,%,1
OBS,2020,EU27+4,WEEE_generatedDedicated,WEEE_Cat6,shadowComponentWEEE,bitumen,n/a,m-c,0.0141,%,1
OBS,2020,EU27+4,WEEE_generatedDedicated,WEEE_Cat6,shadowComponentWEEE,ceramicComposites,Ag,e-m,0.00843,%,1
OBS,2020,EU27+4,WEEE_generatedDedicated,WEEE_Cat6,shadowComponentWEEE,ceramicComposites,n/a,m-c,0.00769,%,1
OBS,2020,EU27+4,WEEE_generatedDedicated,WEEE_Cat6,shadowComponentWEEE,concrete,Ag,e-m,0.474,%,1
OBS,2020,EU27+4,WEEE_generatedDedicated,WEEE_Cat6,shadowComponentWEEE,concrete,n/a,m-c,0.308,%,1
OBS,2020,EU27+4,WEEE_generatedDedicated,WEEE_Cat6,shadowComponentWEEE,glass,Ag,e-m,0.0011,%,1
OBS,2020,EU27+4,WEEE_generatedDedicated,WEEE_Cat6,shadowComponentWEEE,glass,Pd,e-m,0.265,%,1
OBS,2020,EU27+4,WEEE_generatedDedicated,WEEE_Cat6,shadowComponentWEEE,glass,Sc,e-m,0.00196,%,1
OBS,2020,EU27+4,WEEE_generatedDedicated,WEEE_Cat6,shadowComponentWEEE,glass,Zr,e-m,0.000708,%,1
OBS,2020,EU27+4,WEEE_generatedDedicated,WEEE_Cat6,shadowComponentWEEE,glass,n/a,m-c,0.000675,%,1
OBS,2020,EU27+4,WEEE_generatedDedicated,WEEE_Cat6,shadowComponentWEEE,ironWroughtAndCast,Ag,e-m,0.027,%,1
OBS,2020,EU27+4,WEEE_generatedDedicated,WEEE_Cat6,shadowComponentWEEE,ironWroughtAndCast,Ca,e-m,0.033,%,1
OBS,2020,EU27+4,WEEE_generatedDedicated,WEEE_Cat6,shadowComponentWEEE,ironWroughtAndCast,Ga,e-m,0.938,%,1
OBS,2020,EU27+4,WEEE_generatedDedicated,WEEE_Cat6,shadowComponentWEEE,ironWroughtAndCast,Mo,e-m,0.0075,%,1
OBS,2020,EU27+4,WEEE_generatedDedicated,WEEE_Cat6,shadowComponentWEEE,ironWroughtAndCast,Sm,e-m,0.022,%,1
OBS,2020,EU27+4,WEEE_generatedDedicated,WEEE_Cat6,shadowComponentWEEE,ironWroughtAndCast,n/a,m-c,0.027,%,1
OBS,2020,EU27+4,WEEE_generatedDedicated,WEEE_Cat6,shadowComponentWEEE,n/a,n/a,c-p,0.001,%,1
OBS,2020,EU27+4,WEEE_generatedDedicated,WEEE_Cat6,shadowComponentWEEE,oil4,Ag,e-m,0.00329,%,1
OBS,2020,EU27+4,WEEE_generatedDedicated,WEEE_Cat6,shadowComponentWEEE,oil4,n/a,m-c,0.00293,%,1
OBS,2020,EU27+4,WEEE_generatedDedicated,WEEE_Cat6,shadowComponentWEEE,otherMetalsAndMetalAlloys,Ag,e-m,0.0011,%,1
OBS,2020,EU27+4,WEEE_generatedDedicated,WEEE_Cat6,shadowComponentWEEE,otherMetalsAndMetalAlloys,Al,e-m,0.517,%,1
OBS,2020,EU27+4,WEEE_generatedDedicated,WEEE_Cat6,shadowComponentWEEE,otherMetalsAndMetalAlloys,As,e-m,0.00413,%,1
OBS,2020,EU27+4,WEEE_generatedDedicated,WEEE_Cat6,shadowComponentWEEE,otherMetalsAndMetalAlloys,Bi,e-m,0.000000741,%,1
OBS,2020,EU27+4,WEEE_generatedDedicated,WEEE_Cat6,shadowComponentWEEE,otherMetalsAndMetalAlloys,Ca,e-m,0.000111,%,1
OBS,2020,EU27+4,WEEE_generatedDedicated,WEEE_Cat6,shadowComponentWEEE,otherMetalsAndMetalAlloys,Cl,e-m,0.000222,%,1
OBS,2020,EU27+4,WEEE_generatedDedicated,WEEE_Cat6,shadowComponentWEEE,otherMetalsAndMetalAlloys,Dy,e-m,0.0576,%,1
OBS,2020,EU27+4,WEEE_generatedDedicated,WEEE_Cat6,shadowComponentWEEE,otherMetalsAndMetalAlloys,Ga,e-m,0.000007,%,1
OBS,2020,EU27+4,WEEE_generatedDedicated,WEEE_Cat6,shadowComponentWEEE,otherMetalsAndMetalAlloys,Mn,e-m,0.0336,%,1
OBS,2020,EU27+4,WEEE_generatedDedicated,WEEE_Cat6,shadowComponentWEEE,otherMetalsAndMetalAlloys,Mo,e-m,0.00011,%,1
OBS,2020,EU27+4,WEEE_generatedDedicated,WEEE_Cat6,shadowComponentWEEE,otherMetalsAndMetalAlloys,O,e-m,0.11,%,1
OBS,2020,EU27+4,WEEE_generatedDedicated,WEEE_Cat6,shadowComponentWEEE,otherMetalsAndMetalAlloys,Sm,e-m,0.0000175,%,1
OBS,2020,EU27+4,WEEE_generatedDedicated,WEEE_Cat6,shadowComponentWEEE,otherMetalsAndMetalAlloys,Zr,e-m,0.000315,%,1
OBS,2020,EU27+4,WEEE_generatedDedicated,WEEE_Cat6,shadowComponentWEEE,otherMetalsAndMetalAlloys,n/a,m-c,0.000675,%,1
OBS,2020,EU27+4,WEEE_generatedDedicated,WEEE_Cat6,shadowComponentWEEE,otherOrUndefinedMaterials,Ag,e-m,0.000548,%,1
OBS,2020,EU27+4,WEEE_generatedDedicated,WEEE_Cat6,shadowComponentWEEE,otherOrUndefinedMaterials,n/a,m-c,0.000488,%,1
OBS,2020,EU27+4,WEEE_generatedDedicated,WEEE_Cat6,shadowComponentWEEE,otherOrganics,Ag,e-m,0.011,%,1
OBS,2020,EU27+4,WEEE_generatedDedicated,WEEE_Cat6,shadowComponentWEEE,otherOrganics,n/a,m-c,0.00905,%,1
OBS,2020,EU27+4,WEEE_generatedDedicated,WEEE_Cat6,shadowComponentWEEE,plasticComposites,Ag,e-m,0.0034,%,1
OBS,2020,EU27+4,WEEE_generatedDedicated,WEEE_Cat6,shadowComponentWEEE,plasticComposites,n/a,m-c,0.00311,%,1
OBS,2020,EU27+4,WEEE_generatedDedicated,WEEE_Cat6,shadowComponentWEEE,plastics,Ag,e-m,0.0179,%,1
OBS,2020,EU27+4,WEEE_generatedDedicated,WEEE_Cat6,shadowComponentWEEE,plastics,n/a,m-c,0.011,%,1
OBS,2020,EU27+4,WEEE_generatedDedicated,WEEE_Cat6,shadowComponentWEEE,reinforcedPlastics,Ag,e-m,0.00849,%,1
OBS,2020,EU27+4,WEEE_generatedDedicated,WEEE_Cat6,shadowComponentWEEE,reinforcedPlastics,n/a,m-c,0.00551,%,1
OBS,2020,EU27+4,WEEE_generatedDedicated,WEEE_Cat6,shadowComponentWEEE,sand,Ag,e-m,0.0103,%,1
OBS,2020,EU27+4,WEEE_generatedDedicated,WEEE_Cat6,shadowComponentWEEE,sand,Pd,e-m,0.265,%,1
OBS,2020,EU27+4,WEEE_generatedDedicated,WEEE_Cat6,shadowComponentWEEE,sand,Sc,e-m,0.00196,%,1
OBS,2020,EU27+4,WEEE_generatedDedicated,WEEE_Cat6,shadowComponentWEEE,sand,Zr,e-m,0.000708,%,1
OBS,2020,EU27+4,WEEE_generatedDedicated,WEEE_Cat6,shadowComponentWEEE,sand,n/a,m-c,0.00665,%,1
OBS,2020,EU27+4,WEEE_generatedDedicated,WEEE_Cat6,shadowComponentWEEE,steelAndSteelAlloys,Ag,e-m,0.0952,%,1
OBS,2020,EU27+4,WEEE_generatedDedicated,WEEE_Cat6,shadowComponentWEEE,steelAndSteelAlloys,Cu,e-m,0.09,%,1
OBS,2020,EU27+4,WEEE_generatedDedicated,WEEE_Cat6,shadowComponentWEEE,steelAndSteelAlloys,Ga,e-m,0.725,%,1
OBS,2020,EU27+4,WEEE_generatedDedicated,WEEE_Cat6,shadowComponentWEEE,steelAndSteelAlloys,Mo,e-m,0.01,%,1
OBS,2020,EU27+4,WEEE_generatedDedicated,WEEE_Cat6,shadowComponentWEEE,steelAndSteelAlloys,O,e-m,0.04,%,1
OBS,2020,EU27+4,WEEE_generatedDedicated,WEEE_Cat6,shadowComponentWEEE,steelAndSteelAlloys,Sm,e-m,0.003,%,1
OBS,2020,EU27+4,WEEE_generatedDedicated,WEEE_Cat6,shadowComponentWEEE,steelAndSteelAlloys,n/a,m-c,0.0735,%,1
OBS,2020,EU27+4,WEEE_generatedDedicated,WEEE_Cat6,solenoidValve,n/a,n/a,c-p,0.0016,%,1
OBS,2020,EU27+4,WEEE_generatedDedicated,WEEE_Cat6,speakerEEE2,AlAndAlAlloys,Ag,e-m,0.0405,%,2
OBS,2020,EU27+4,WEEE_generatedDedicated,WEEE_Cat6,speakerEEE2,AlAndAlAlloys,As,e-m,0.97,%,2
OBS,2020,EU27+4,WEEE_generatedDedicated,WEEE_Cat6,speakerEEE2,AlAndAlAlloys,Cu,e-m,0.002,%,2
OBS,2020,EU27+4,WEEE_generatedDedicated,WEEE_Cat6,speakerEEE2,AlAndAlAlloys,Ga,e-m,0.001,%,2
OBS,2020,EU27+4,WEEE_generatedDedicated,WEEE_Cat6,speakerEEE2,AlAndAlAlloys,Mn,e-m,0.0248,%,2
OBS,2020,EU27+4,WEEE_generatedDedicated,WEEE_Cat6,speakerEEE2,AlAndAlAlloys,Mo,e-m,0.002,%,2
OBS,2020,EU27+4,WEEE_generatedDedicated,WEEE_Cat6,speakerEEE2,AlAndAlAlloys,Sm,e-m,0.0003,%,2
OBS,2020,EU27+4,WEEE_generatedDedicated,WEEE_Cat6,speakerEEE2,AlAndAlAlloys,n/a,m-c,0.0437,%,2
OBS,2020,EU27+4,WEEE_generatedDedicated,WEEE_Cat6,speakerEEE2,CuAndCuAlloys,Ag,e-m,0.00833,%,2
OBS,2020,EU27+4,WEEE_generatedDedicated,WEEE_Cat6,speakerEEE2,CuAndCuAlloys,Dy,e-m,0.75,%,2
OBS,2020,EU27+4,WEEE_generatedDedicated,WEEE_Cat6,speakerEEE2,CuAndCuAlloys,Zr,e-m,0.25,%,2
OBS,2020,EU27+4,WEEE_generatedDedicated,WEEE_Cat6,speakerEEE2,CuAndCuAlloys,n/a,m-c,0.00898,%,2
OBS,2020,EU27+4,WEEE_generatedDedicated,WEEE_Cat6,speakerEEE2,ferrousMetals,Ag,e-m,0.0347,%,2
OBS,2020,EU27+4,WEEE_generatedDedicated,WEEE_Cat6,speakerEEE2,ferrousMetals,Cu,e-m,0.18,%,2
OBS,2020,EU27+4,WEEE_generatedDedicated,WEEE_Cat6,speakerEEE2,ferrousMetals,Ga,e-m,0.725,%,2
OBS,2020,EU27+4,WEEE_generatedDedicated,WEEE_Cat6,speakerEEE2,ferrousMetals,Mo,e-m,0.01,%,2
OBS,2020,EU27+4,WEEE_generatedDedicated,WEEE_Cat6,speakerEEE2,ferrousMetals,O,e-m,0.08,%,2
OBS,2020,EU27+4,WEEE_generatedDedicated,WEEE_Cat6,speakerEEE2,ferrousMetals,Sm,e-m,0.005,%,2
OBS,2020,EU27+4,WEEE_generatedDedicated,WEEE_Cat6,speakerEEE2,ferrousMetals,n/a,m-c,0.0341,%,2
OBS,2020,EU27+4,WEEE_generatedDedicated,WEEE_Cat6,speakerEEE2,n/a,n/a,c-p,0.000478,%,1
OBS,2020,EU27+4,WEEE_generatedDedicated,WEEE_Cat6,speakerEEE2,otherMetalsAndMetalAlloys,Ag,e-m,0.0875,%,2
OBS,2020,EU27+4,WEEE_generatedDedicated,WEEE_Cat6,speakerEEE2,otherMetalsAndMetalAlloys,Al,e-m,0.9,%,2
OBS,2020,EU27+4,WEEE_generatedDedicated,WEEE_Cat6,speakerEEE2,otherMetalsAndMetalAlloys,Dy,e-m,0.1,%,2
OBS,2020,EU27+4,WEEE_generatedDedicated,WEEE_Cat6,speakerEEE2,otherMetalsAndMetalAlloys,n/a,m-c,0.0583,%,2
OBS,2020,EU27+4,WEEE_generatedDedicated,WEEE_Cat6,speakerEEE2,plastics,Ag,e-m,0.179,%,2
OBS,2020,EU27+4,WEEE_generatedDedicated,WEEE_Cat6,speakerEEE2,plastics,n/a,m-c,0.179,%,2
OBS,2020,EU27+4,WEEE_generatedDedicated,WEEE_Cat6,speakerEEE2,undefinedAndMixedMaterials,Ag,e-m,0.0127,%,2
OBS,2020,EU27+4,WEEE_generatedDedicated,WEEE_Cat6,speakerEEE2,undefinedAndMixedMaterials,n/a,m-c,0.0127,%,2
OBS,2020,EU27+4,WEEE_generatedDedicated,WEEE_Cat6,switch,n/a,n/a,c-p,0.0000955,%,1
OBS,2020,EU27+4,WEEE_generatedDedicated,WEEE_Cat6,tonerCartridge,n/a,n/a,c-p,0.0266,%,1
OBS,2020,EU27+4,WEEE_generatedDedicated,WEEE_Cat6,transformator,CuAndCuAlloys,Ag,e-m,0.422,%,2
OBS,2020,EU27+4,WEEE_generatedDedicated,WEEE_Cat6,transformator,CuAndCuAlloys,Dy,e-m,0.75,%,2
OBS,2020,EU27+4,WEEE_generatedDedicated,WEEE_Cat6,transformator,CuAndCuAlloys,Zr,e-m,0.25,%,2
OBS,2020,EU27+4,WEEE_generatedDedicated,WEEE_Cat6,transformator,CuAndCuAlloys,n/a,m-c,0.5,%,2
OBS,2020,EU27+4,WEEE_generatedDedicated,WEEE_Cat6,transformator,ferrousMetals,Ag,e-m,0.422,%,2
OBS,2020,EU27+4,WEEE_generatedDedicated,WEEE_Cat6,transformator,ferrousMetals,Cu,e-m,0.18,%,2
OBS,2020,EU27+4,WEEE_generatedDedicated,WEEE_Cat6,transformator,ferrousMetals,Ga,e-m,0.725,%,2
OBS,2020,EU27+4,WEEE_generatedDedicated,WEEE_Cat6,transformator,ferrousMetals,Mo,e-m,0.01,%,2
OBS,2020,EU27+4,WEEE_generatedDedicated,WEEE_Cat6,transformator,ferrousMetals,O,e-m,0.08,%,2
OBS,2020,EU27+4,WEEE_generatedDedicated,WEEE_Cat6,transformator,ferrousMetals,Sm,e-m,0.005,%,2
OBS,2020,EU27+4,WEEE_generatedDedicated,WEEE_Cat6,transformator,ferrousMetals,n/a,m-c,0.5,%,2
OBS,2020,EU27+4,WEEE_generatedDedicated,WEEE_Cat6,transformator,n/a,n/a,c-p,0.00201,%,1
OBS,2020,EU27+4,WEEE_generatedDedicated,WEEE_Cat6,transmission,AlAndAlAlloys,n/a,m-c,0.5,%,1
OBS,2020,EU27+4,WEEE_generatedDedicated,WEEE_Cat6,transmission,ferrousMetals,Ag,e-m,0.714,%,1
OBS,2020,EU27+4,WEEE_generatedDedicated,WEEE_Cat6,transmission,ferrousMetals,Cu,e-m,0.18,%,1
OBS,2020,EU27+4,WEEE_generatedDedicated,WEEE_Cat6,transmission,ferrousMetals,Ga,e-m,0.725,%,1
OBS,2020,EU27+4,WEEE_generatedDedicated,WEEE_Cat6,transmission,ferrousMetals,Mo,e-m,0.01,%,1
OBS,2020,EU27+4,WEEE_generatedDedicated,WEEE_Cat6,transmission,ferrousMetals,O,e-m,0.08,%,1
OBS,2020,EU27+4,WEEE_generatedDedicated,WEEE_Cat6,transmission,ferrousMetals,Sm,e-m,0.005,%,1
OBS,2020,EU27+4,WEEE_generatedDedicated,WEEE_Cat6,transmission,ferrousMetals,n/a,m-c,0.444,%,1
OBS,2020,EU27+4,WEEE_generatedDedicated,WEEE_Cat6,transmission,n/a,n/a,c-p,0.00692,%,1
OBS,2020,EU27+4,WEEE_generatedDedicated,WEEE_Cat6,transmission,plastics,Ag,e-m,0.286,%,1
OBS,2020,EU27+4,WEEE_generatedDedicated,WEEE_Cat6,transmission,plastics,n/a,m-c,0.0563,%,1
OBS,2020,EU27+4,WEEE_generatedDedicated,WEEE_Cat6,transmitter,CuAndCuAlloys,Ag,e-m,0.0625,%,1
OBS,2020,EU27+4,WEEE_generatedDedicated,WEEE_Cat6,transmitter,CuAndCuAlloys,Dy,e-m,0.75,%,1
OBS,2020,EU27+4,WEEE_generatedDedicated,WEEE_Cat6,transmitter,CuAndCuAlloys,Zr,e-m,0.25,%,1
OBS,2020,EU27+4,WEEE_generatedDedicated,WEEE_Cat6,transmitter,CuAndCuAlloys,n/a,m-c,0.0625,%,1
OBS,2020,EU27+4,WEEE_generatedDedicated,WEEE_Cat6,transmitter,ferrousMetals,Ag,e-m,0.25,%,1
OBS,2020,EU27+4,WEEE_generatedDedicated,WEEE_Cat6,transmitter,ferrousMetals,Ca,e-m,0.033,%,1
OBS,2020,EU27+4,WEEE_generatedDedicated,WEEE_Cat6,transmitter,ferrousMetals,Ga,e-m,0.938,%,1
OBS,2020,EU27+4,WEEE_generatedDedicated,WEEE_Cat6,transmitter,ferrousMetals,Mo,e-m,0.0075,%,1
OBS,2020,EU27+4,WEEE_generatedDedicated,WEEE_Cat6,transmitter,ferrousMetals,Sm,e-m,0.022,%,1
OBS,2020,EU27+4,WEEE_generatedDedicated,WEEE_Cat6,transmitter,ferrousMetals,n/a,m-c,0.25,%,1
OBS,2020,EU27+4,WEEE_generatedDedicated,WEEE_Cat6,transmitter,n/a,n/a,c-p,0.000277,%,1
OBS,2020,EU27+4,WEEE_generatedDedicated,WEEE_Cat6,transmitter,plastics,Ag,e-m,0.313,%,1
OBS,2020,EU27+4,WEEE_generatedDedicated,WEEE_Cat6,transmitter,plastics,n/a,m-c,0.313,%,1
OBS,2020,EU27+4,WEEE_generatedDedicated,WEEE_Cat6,wheel,ferrousMetals,Ag,e-m,0.287,%,1
OBS,2020,EU27+4,WEEE_generatedDedicated,WEEE_Cat6,wheel,ferrousMetals,Cu,e-m,0.18,%,1
OBS,2020,EU27+4,WEEE_generatedDedicated,WEEE_Cat6,wheel,ferrousMetals,Ga,e-m,0.725,%,1
OBS,2020,EU27+4,WEEE_generatedDedicated,WEEE_Cat6,wheel,ferrousMetals,Mo,e-m,0.01,%,1
OBS,2020,EU27+4,WEEE_generatedDedicated,WEEE_Cat6,wheel,ferrousMetals,O,e-m,0.08,%,1
OBS,2020,EU27+4,WEEE_generatedDedicated,WEEE_Cat6,wheel,ferrousMetals,Sm,e-m,0.005,%,1
OBS,2020,EU27+4,WEEE_generatedDedicated,WEEE_Cat6,wheel,ferrousMetals,n/a,m-c,0.126,%,1
OBS,2020,EU27+4,WEEE_generatedDedicated,WEEE_Cat6,wheel,n/a,n/a,c-p,0.00919,%,1
OBS,2020,EU27+4,WEEE_generatedDedicated,WEEE_Cat6,wheel,plastics,Ag,e-m,0.278,%,1
OBS,2020,EU27+4,WEEE_generatedDedicated,WEEE_Cat6,wheel,plastics,n/a,m-c,0.151,%,1
OBS,2020,EU27+4,WEEE_generatedDedicated,WEEE_Cat6,wheel,polymerPA6GF30,Ag,e-m,0.546,%,1
OBS,2020,EU27+4,WEEE_generatedDedicated,WEEE_Cat6,wheel,polymerPA6GF30,n/a,m-c,0.298,%,1
OBS,2020,EU27+4,WEEE_generatedDedicated,WEEE_Cat6,wheel,polymerPPTF20,Ag,e-m,0.546,%,1
OBS,2020,EU27+4,WEEE_generatedDedicated,WEEE_Cat6,wheel,polymerPPTF20,n/a,m-c,0.298,%,1
OBS,2020,EU27+4,WEEE_generatedDedicated,WEEE_Cat6,wheel,polymerPPTF30,Ag,e-m,0.177,%,1
OBS,2020,EU27+4,WEEE_generatedDedicated,WEEE_Cat6,wheel,polymerPPTF30,n/a,m-c,0.0963,%,1
