flow,product,component,material,Ag,Al,As,Bi,Ca,Cl,Cu,Dy,Ga,Mn,Mo,O,Pd,Sc,Sm,Sr,Zr,total
WEEE_generatedDedicated,WEEE_Cat1,ComponentShadowWEEE,AlAndAlAlloys,0.14405798311831,,0.116058156646385,,,,0.0615779751519515,,0.0794984235261221,0.128782955775645,0.452705452863689,,,,0.32197416748995,,,1.3046551145720526
WEEE_generatedDedicated,WEEE_Cat1,ComponentShadowWEEE,CuAndCuAlloys,0.0051714190969611,,,,,,,0.0942614767901097,,,,,,,,,0.500947824775238,0.6003807206623089
WEEE_generatedDedicated,WEEE_Cat1,ComponentShadowWEEE,aggregateBinderMixedMaterials,0.0251945347285593,,,,,,,,,,,,,,,,,0.0251945347285593
WEEE_generatedDedicated,WEEE_Cat1,ComponentShadowWEEE,ferrousMetals,0.391511662703717,,,,0.449870550333178,,0.381859069434109,,0.220836877641241,,0.253780489236713,0.329827086255868,,,0.575647508575708,,,2.603333244180534
WEEE_generatedDedicated,WEEE_Cat1,ComponentShadowWEEE,glass,0.0427393929734044,,,,,,,,,,,,0.101938906181409,0.354776946605381,,,0.150326223005585,0.6497814687657795
WEEE_generatedDedicated,WEEE_Cat1,ComponentShadowWEEE,glassAndCeramics,0.491343624834963,,,,,,,,,,,,0.490480894345129,0.123188076871586,,,0.393763563606519,1.4987761596581968
WEEE_generatedDedicated,WEEE_Cat1,ComponentShadowWEEE,non-ferrousMetals,0.5722030069704,0.59140340591256,0.130187527055596,,0.481853268155503,0.253933916662773,0.0518464624522962,0.241961301812682,0.269441757450682,0.395304382229967,0.427571759600634,0.163479780831576,0.101071553610275,,0.57423216495423,0.148247004711119,0.372545302318705,4.775282594728998
WEEE_generatedDedicated,WEEE_Cat1,ComponentShadowWEEE,otherMetalsAndMetalAlloys,0.26221894852052,0.493048731233755,,,,,,0.259888023079371,,,,,,,,,,1.015155702833646
WEEE_generatedDedicated,WEEE_Cat1,ComponentShadowWEEE,otherMinerals,0.168963980311539,,,,,,,,,,,,0.399354872074916,0.310159125355837,,,0.190746228420011,1.069224206162303
WEEE_generatedDedicated,WEEE_Cat1,ComponentShadowWEEE,otherOrUndefinedMaterials,0.0135291978522684,,,,,,,,,,,,,,,,,0.0135291978522684
WEEE_generatedDedicated,WEEE_Cat1,ComponentShadowWEEE,otherOrganics,0.21609864257809,,,,,,,,,,,,,,,,,0.21609864257809
WEEE_generatedDedicated,WEEE_Cat1,ComponentShadowWEEE,plastics,0.193464622016145,,,,,,,,,,,,,,,,,0.193464622016145
WEEE_generatedDedicated,WEEE_Cat1,ComponentShadowWEEE,undefinedAndMixedMaterials,0.10896439611113,,,,,,,,,,,,,,,,,0.10896439611113
WEEE_generatedDedicated,WEEE_Cat1,ComponentShadowWEEE,wood,0.140019059312552,,,,,,,,,,,,,,,,,0.140019059312552
WEEE_generatedDedicated,WEEE_Cat1,LidarSensor (&lt;15cm),AlAndAlAlloys,0.319112841371211,,0.266831943575475,,,,0.458691030010658,,0.20602009093715,0.397999485710244,0.537198209183324,,,,0.0974247676312886,,,2.2832783684193503
WEEE_generatedDedicated,WEEE_Cat1,LidarSensor (&lt;15cm),CuAndCuAlloys,0.215766792642024,,,,,,,0.549119243157542,,,,,,,,,0.566452153148544,1.3313381889481102
WEEE_generatedDedicated,WEEE_Cat1,LidarSensor (&lt;15cm),ferrousMetals,0.204943429518809,,,,0.150704604267427,,0.328649212567313,,0.230911644165488,,0.543286755061929,0.554238919775809,,,0.558673082201086,,,2.571407647557861
WEEE_generatedDedicated,WEEE_Cat1,LidarSensor (&lt;15cm),glass,0.296518988017441,,,,,,,,,,,,0.264069007794015,0.477136005762955,,,0.566443620501416,1.6041676220758267
WEEE_generatedDedicated,WEEE_Cat1,LidarSensor (&lt;15cm),plastics,0.38493615425836,,,,,,,,,,,,,,,,,0.38493615425836
WEEE_generatedDedicated,WEEE_Cat1,MagnetSensor,CuAndCuAlloys,0.548028992201406,,,,,,,0.248569526239934,,,,,,,,,0.120074241121369,0.916672759562709
WEEE_generatedDedicated,WEEE_Cat1,MagnetSensor,ferrousMetals,0.283535777230228,,,,0.339036965147031,,,,0.425505460958929,,0.43873508067865,,,,0.577416794573593,,,2.064230078588431
WEEE_generatedDedicated,WEEE_Cat1,MagnetSensor,plastics,0.456402449685429,,,,,,,,,,,,,,,,,0.456402449685429
WEEE_generatedDedicated,WEEE_Cat1,PCBWEEECat,otherOrUndefinedMaterials,0.33975880996626,,,,,,,,,,,,,,,,,0.33975880996626
WEEE_generatedDedicated,WEEE_Cat1,PCBunspecified,ferrousMetals,0.53214577539793,,,,,,0.255923084672253,,0.480131849723489,,0.252780198182048,0.14768361580715,,,0.0771297230083522,,,1.7457942467912222
WEEE_generatedDedicated,WEEE_Cat1,PVBacksheet,plasticComposites,0.314590508958083,,,,,,,,,,,,,,,,,0.314590508958083
WEEE_generatedDedicated,WEEE_Cat1,PVBacksheet,plastics,0.0332698987492531,,,,,,,,,,,,,,,,,0.0332698987492531
WEEE_generatedDedicated,WEEE_Cat1,PVEncapsulationEVA,plastics,0.405638325801208,,,,,,,,,,,,,,,,,0.405638325801208
WEEE_generatedDedicated,WEEE_Cat1,PVFrameAl,CuAndCuAlloys,0.230793434272004,,0.0272595806380729,,,,0.168487292664366,,0.380480961317271,0.448411837452755,0.140925601152235,,,,0.336004663258977,,,1.732363370755681
WEEE_generatedDedicated,WEEE_Cat1,PVSolarGlass,glass,0.241993152859789,,,,,,,,,,,,0.423523006431487,0.543150006272859,,,0.171602285074179,1.380268450638314
WEEE_generatedDedicated,WEEE_Cat1,PVcellSi,otherOrUndefinedMaterials,0.428933565709403,,,,,,,,,,,,,,,,,0.428933565709403
WEEE_generatedDedicated,WEEE_Cat1,WEEEEvaporator,CuAndCuAlloys,0.4920579672258,,,,,,,0.245176856679493,,,,,,,,,0.423185425236014,1.160420249141307
WEEE_generatedDedicated,WEEE_Cat1,WEEEEvaporator,steelAndSteelAlloys,0.403644759450127,,,,,,0.0270656275823039,,0.0744695135040511,,0.594622411968785,0.512617945481157,,,0.0511485900627709,,,1.663568848049195
WEEE_generatedDedicated,WEEE_Cat1,brush,AlAndAlAlloys,0.408962997320481,,0.214954735403481,,,,0.370650662737733,,0.217866199731203,0.555886111630622,0.323648322959434,,,,0.474673349470115,,,2.566642379253069
WEEE_generatedDedicated,WEEE_Cat1,brush,ferrousMetals,0.0828716153933229,,,,0.589870490938515,,,,0.13179004434215,,0.412730262000727,,,,0.30739539132054,,,1.5246578039952547
WEEE_generatedDedicated,WEEE_Cat1,brush,plastics,0.511491113453669,,,,,,,,,,,,,,,,,0.511491113453669
WEEE_generatedDedicated,WEEE_Cat1,cableUnspecified,AlAndAlAlloys,0.361179444560356,,0.313443095961074,,,,0.258822138074804,,0.104290855282973,0.319055583166779,0.507324186432231,,,,0.247762796631467,,,2.111878100109684
WEEE_generatedDedicated,WEEE_Cat1,cableUnspecified,CuAndCuAlloys,0.0420855339561244,,,,,,,0.269683381673872,,,,,,,,,0.537456784136455,0.8492256997664515
WEEE_generatedDedicated,WEEE_Cat1,cableUnspecified,ferrousMetals,0.35519928436906,,,,,,0.33379194023293,,0.14239779371363,,0.223573370580304,0.0581182547688417,,,0.14686828801454,,,1.2599489316793058
WEEE_generatedDedicated,WEEE_Cat1,cableUnspecified,plastics,0.336363088478691,,,,,,,,,,,,,,,,,0.336363088478691
WEEE_generatedDedicated,WEEE_Cat1,cableWPlug,plastics,0.569427684741627,,,,,,,,,,,,,,,,,0.569427684741627
WEEE_generatedDedicated,WEEE_Cat1,cableWithConnector,CuAndCuAlloys,0.135001660543891,,,,,,,0.300308167689414,,,,,,,,,0.311909872554561,0.747219700787866
WEEE_generatedDedicated,WEEE_Cat1,cables,otherOrUndefinedMaterials,0.346871167116237,,,,,,,,,,,,,,,,,0.346871167116237
WEEE_generatedDedicated,WEEE_Cat1,cablewire,AlAndAlAlloys,0.21067286312396,,0.111114317840117,,,,0.216218477526693,,0.387743896891945,0.100234031997828,0.345441118850391,,,,0.564043749297856,,,1.93546845552879
WEEE_generatedDedicated,WEEE_Cat1,cablewire,CuAndCuAlloys,0.227608431515251,,,,,,,0.289559978723715,,,,,,,,,0.469251734635634,0.9864201448746
WEEE_generatedDedicated,WEEE_Cat1,cablewire,ferrousMetals,0.270677948911147,,,,0.0662161582010858,,,,0.478945563033779,,0.107877562414124,,,,0.140696541432805,,,1.0644137739929407
WEEE_generatedDedicated,WEEE_Cat1,cablewire,plastics,0.353552223043047,,,,,,,,,,,,,,,,,0.353552223043047
WEEE_generatedDedicated,WEEE_Cat1,capElectrolytic,CuAndCuAlloys,0.427935877305784,,,,,,,0.578097748467952,,,,,,,,,0.301647928776163,1.307681554549899
WEEE_generatedDedicated,WEEE_Cat1,capElectrolytic,undefinedAndMixedMaterials,0.360581942496066,,,,,,,,,,,,,,,,,0.360581942496066
WEEE_generatedDedicated,WEEE_Cat1,casingPlasticBased,AlAndAlAlloys,0.219367014587902,,0.47751333358669,,,,0.594840278970035,,0.0859494107580689,0.149053209633328,0.326070200924459,,,,0.0465668124341203,,,1.8993602608946034
WEEE_generatedDedicated,WEEE_Cat1,casingPlasticBased,CuAndCuAlloys,0.23942698648973,,,,,,,0.0897865193455586,,,,,,,,,0.323706592487455,0.6529200983227436
WEEE_generatedDedicated,WEEE_Cat1,casingPlasticBased,ferrousMetals,0.152952110147121,,,,0.524884333652693,,0.409147426108459,,0.555408571174932,,0.429479510657948,0.385739763642369,,,0.0977970510429272,,,2.5554087664264493
WEEE_generatedDedicated,WEEE_Cat1,casingPlasticBased,otherOrganics,0.367816753578044,,,,,,,,,,,,,,,,,0.367816753578044
WEEE_generatedDedicated,WEEE_Cat1,casingPlasticBased,plastics,0.348183549547187,,,,,,,,,,,,,,,,,0.348183549547187
WEEE_generatedDedicated,WEEE_Cat1,casingPlasticBased,polymerPA6GF30,0.0140367339077397,,,,,,,,,,,,,,,,,0.0140367339077397
WEEE_generatedDedicated,WEEE_Cat1,casingPlasticBased,polymerPPGF30,0.319240826434865,,,,,,,,,,,,,,,,,0.319240826434865
WEEE_generatedDedicated,WEEE_Cat1,casingPlasticBased,polymerPPTF30,0.299138942653682,,,,,,,,,,,,,,,,,0.299138942653682
WEEE_generatedDedicated,WEEE_Cat1,casingSteelBased,ferrousMetals,0.292352062259518,,,,,,0.562814716483061,,0.122525375518238,,0.0379397058114025,0.0967764166380177,,,0.230444334655386,,,1.3428526113656232
WEEE_generatedDedicated,WEEE_Cat1,casingUnspecified,AlAndAlAlloys,0.397484664505974,,0.0541104530285021,,,,0.37633728382087,,0.455254891387409,0.288733209300879,0.23845461674066,,,,0.0895567155365662,,,1.8999318343208604
WEEE_generatedDedicated,WEEE_Cat1,casingUnspecified,CuAndCuAlloys,0.150616384748377,,,,,,,0.524165675139038,,,,,,,,,0.527559653977894,1.202341713865309
WEEE_generatedDedicated,WEEE_Cat1,casingUnspecified,ferrousMetals,0.341968388788508,,,,,,0.206104845472409,,0.0209540857741452,,0.0512391159288276,0.172664040284266,,,0.161825333948276,,,0.9547558101964317
WEEE_generatedDedicated,WEEE_Cat1,casingUnspecified,glass,0.445696736802032,,,,,,,,,,,,0.373002047367234,0.188285311354939,,,0.539747750857788,1.5467318463819932
WEEE_generatedDedicated,WEEE_Cat1,casingUnspecified,otherMetalsAndMetalAlloys,0.120271523876721,0.0881175667589707,,,,,,0.0383346690285528,,,,,,,,,,0.24672375966424454
WEEE_generatedDedicated,WEEE_Cat1,casingUnspecified,plastics,0.445370053640479,,,,,,,,,,,,,,,,,0.445370053640479
WEEE_generatedDedicated,WEEE_Cat1,casingUnspecified,undefinedAndMixedMaterials,0.0774000412529925,,,,,,,,,,,,,,,,,0.0774000412529925
WEEE_generatedDedicated,WEEE_Cat1,compressor,CuAndCuAlloys,0.0918522784907936,,0.358237926513036,,,,0.560422563021933,0.576043684058782,0.151231726109192,0.305956235800668,0.292675162833423,,,,0.0885073119959637,,0.262141846830745,2.6870687356545364
WEEE_generatedDedicated,WEEE_Cat1,compressor,glass,0.0053424335372394,,,,,,,,,,,,0.0257269820514913,0.278500378087511,,,0.441048229850541,0.7506180235267828
WEEE_generatedDedicated,WEEE_Cat1,compressor,otherFerrousAlloys,0.2713283053937,,,,0.149153754748794,,,,0.46396132159478,,0.245478760498046,,,,0.0606618398590083,,,1.1905839820943283
WEEE_generatedDedicated,WEEE_Cat1,compressor,otherOrUndefinedMaterials,0.40472561397535,,,,,,,,,,,,,,,,,0.40472561397535
WEEE_generatedDedicated,WEEE_Cat1,compressor,plastics,0.522201192561617,,,,,,,,,,,,,,,,,0.522201192561617
WEEE_generatedDedicated,WEEE_Cat1,compressor,steelAndSteelAlloys,0.564431400142506,,,,,,0.441845457293167,,0.102127619914535,,0.334040983298385,0.240805950985007,,,0.583667625952197,,,2.2669190375857973
WEEE_generatedDedicated,WEEE_Cat1,displayCRT,AlAndAlAlloys,0.265054726915899,,0.400309287518443,,,,0.259584273201917,,0.309460053114633,0.563406565792442,0.440612450156566,,,,0.562757869486755,,,2.801185226186655
WEEE_generatedDedicated,WEEE_Cat1,displayCRT,glass,0.137813993998353,,,,,,,,,,,,0.550327070641721,0.28265077769058,,,0.27389569105094,1.244687533381594
WEEE_generatedDedicated,WEEE_Cat1,displayLCD,AlAndAlAlloys,0.310646750038995,,0.364548162031341,,,,0.482934056365618,,0.333557094082974,0.323146785509935,0.474279122266683,,,,0.16361887976086,,,2.452730850056406
WEEE_generatedDedicated,WEEE_Cat1,displayLCD,CuAndCuAlloys,0.37908091831146,,,,,,,0.0192883197816253,,,,,,,,,0.265729870658049,0.6640991087511343
WEEE_generatedDedicated,WEEE_Cat1,displayLCD,ferrousMetals,0.31474196197982,,,,,,0.426992360569106,,0.42207850417857,,0.389961689441327,0.279895475757465,,,0.211375464712048,,,2.045045456638336
WEEE_generatedDedicated,WEEE_Cat1,displayLCD,glass,0.10737675972164,,,,,,,,,,,,0.452166108872545,0.529271078952606,,,0.267837266823893,1.356651214370684
WEEE_generatedDedicated,WEEE_Cat1,displayLCD,plastics,0.147151283316107,,,,,,,,,,,,,,,,,0.147151283316107
WEEE_generatedDedicated,WEEE_Cat1,displayLCD,undefinedAndMixedMaterials,0.0171097417115491,,,,,,,,,,,,,,,,,0.0171097417115491
WEEE_generatedDedicated,WEEE_Cat1,displayOther,AlAndAlAlloys,0.317175689844964,,0.454301317311715,,,,0.39619233301744,,0.580273839545391,0.362606430955405,0.191877739874372,,,,0.483407123289509,,,2.785834473838796
WEEE_generatedDedicated,WEEE_Cat1,displayOther,CuAndCuAlloys,0.400032335069249,,,,,,,0.383091584123399,,,,,,,,,0.301851682113068,1.084975601305716
WEEE_generatedDedicated,WEEE_Cat1,displayOther,ferrousMetals,0.0453263521190155,,,,,,0.218420793961503,,0.561231107065319,,0.0119704870482779,0.250469176253193,,,0.223248328094555,,,1.3106662445418633
WEEE_generatedDedicated,WEEE_Cat1,displayOther,glass,0.0869942626334479,,,,,,,,,,,,0.178739800790054,0.0787595159943092,,,0.595597075532255,0.9400906549500662
WEEE_generatedDedicated,WEEE_Cat1,displayOther,otherMetalsAndMetalAlloys,0.16996788141569,0.281554420992323,,,,,,0.451560824371345,,,,,,,,,,0.903083126779358
WEEE_generatedDedicated,WEEE_Cat1,displayOther,plastics,0.50932535715427,,,,,,,,,,,,,,,,,0.50932535715427
WEEE_generatedDedicated,WEEE_Cat1,displayOther,undefinedAndMixedMaterials,0.405640923180119,,,,,,,,,,,,,,,,,0.405640923180119
WEEE_generatedDedicated,WEEE_Cat1,driveCDDInt,AlAndAlAlloys,0.186911908892462,,0.555534506481395,,,,0.0340554523304598,,0.107733870285464,0.211318380346323,0.0221587146215239,,,,0.0299735330141301,,,1.1476863659717578
WEEE_generatedDedicated,WEEE_Cat1,driveCDDInt,CuAndCuAlloys,0.264841008955877,,,,,,,0.173647806367138,,,,,,,,,0.207328767957467,0.645817583280482
WEEE_generatedDedicated,WEEE_Cat1,driveCDDInt,ferrousMetals,0.505759578889085,,,,,,0.501595799275054,,0.553039557048116,,0.260987473306587,0.465006808675811,,,0.208182900281201,,,2.494572117475854
WEEE_generatedDedicated,WEEE_Cat1,driveCDDInt,otherMetalsAndMetalAlloys,0.0115285713998889,0.101204360990627,,,,,,0.259064312849493,,,,,,,,,,0.3717972452400089
WEEE_generatedDedicated,WEEE_Cat1,driveCDDInt,plastics,0.54115049134475,,,,,,,,,,,,,,,,,0.54115049134475
WEEE_generatedDedicated,WEEE_Cat1,driveCDDInt,undefinedAndMixedMaterials,0.219272489533716,,,,,,,,,,,,,,,,,0.219272489533716
WEEE_generatedDedicated,WEEE_Cat1,driveFDD,AlAndAlAlloys,0.282038360342741,,0.386959439487329,,,,0.14080968208735,,0.213416339902025,0.321320809492169,0.228950748448502,,,,0.359572882277297,,,1.933068262037413
WEEE_generatedDedicated,WEEE_Cat1,driveFDD,ferrousMetals,0.064954475061733,,,,,,0.0380950683905358,,0.200838356598248,,0.146180638740843,0.130474689987987,,,0.209008497536352,,,0.7895517263156988
WEEE_generatedDedicated,WEEE_Cat1,driveHDD,AlAndAlAlloys,0.367984884166369,,0.255154205294497,,,,0.0046291545056297,,0.595795888822064,0.561133299424735,0.311662477853917,,,,0.468270152644515,,,2.564630062711727
WEEE_generatedDedicated,WEEE_Cat1,driveHDD,CuAndCuAlloys,0.0393332925929125,,,,,,,0.411825520622553,,,,,,,,,0.121241810852557,0.5724006240680225
WEEE_generatedDedicated,WEEE_Cat1,driveHDD,ferrousMetals,0.169348614335548,,,,,,0.269576013401833,,0.159792898290448,,0.39737300725466,0.242832807257169,,,0.125951795735642,,,1.3648751362753
WEEE_generatedDedicated,WEEE_Cat1,driveHDD,otherMetalsAndMetalAlloys,0.504724249401253,0.0593528053072258,,,,,,0.270812844462862,,,,,,,,,,0.8348898991713408
WEEE_generatedDedicated,WEEE_Cat1,driveHDD,plastics,0.33438547409519,,,,,,,,,,,,,,,,,0.33438547409519
WEEE_generatedDedicated,WEEE_Cat1,driveHDD,undefinedAndMixedMaterials,0.197268886309915,,,,,,,,,,,,,,,,,0.197268886309915
WEEE_generatedDedicated,WEEE_Cat1,driveUnspecified,CuAndCuAlloys,0.535695428880739,,,,,,,0.392672648331504,,,,,,,,,0.191858702989659,1.120226780201902
WEEE_generatedDedicated,WEEE_Cat1,driveUnspecified,ferrousMetals,0.443511544788273,,,,,,0.0227474785566201,,0.143480372376886,,0.0838567789731387,0.578403323819773,,,0.347214500713589,,,1.6192139992282797
WEEE_generatedDedicated,WEEE_Cat1,driveUnspecified,plastics,0.506329717221587,,,,,,,,,,,,,,,,,0.506329717221587
WEEE_generatedDedicated,WEEE_Cat1,driveUnspecified,undefinedAndMixedMaterials,0.360987594735919,,,,,,,,,,,,,,,,,0.360987594735919
WEEE_generatedDedicated,WEEE_Cat1,electricEngine,AlAndAlAlloys,0.1794745192835,,0.177980405854268,,,,0.40587659067618,,0.412786774344894,0.378694974310684,0.24708230291712,,,,0.017496557437088,,,1.8193921248237341
WEEE_generatedDedicated,WEEE_Cat1,electricEngine,CuAndCuAlloys,0.0735927942458397,,,,,,,0.512961334069376,,,,,,,,,0.526269708577913,1.1128238368931287
WEEE_generatedDedicated,WEEE_Cat1,electricEngine,carbon,0.224669280383372,,,,,,,,,,,,0.523218176889596,0.268197727388717,,,0.172410347371035,1.1884955320327202
WEEE_generatedDedicated,WEEE_Cat1,electricEngine,ferrousMetals,0.484603574585389,,,,0.195807247665088,,0.274130514709101,,0.0560994516638892,,0.155475425147762,0.115191080701436,,,0.307151241164072,,,1.5884585356367371
WEEE_generatedDedicated,WEEE_Cat1,electricEngine,otherOrganics,0.202026758545766,,,,,,,,,,,,,,,,,0.202026758545766
WEEE_generatedDedicated,WEEE_Cat1,electricEngine,plastics,0.582389751973809,,,,,,,,,,,,,,,,,0.582389751973809
WEEE_generatedDedicated,WEEE_Cat1,filterFoamBased,plastics,0.503455703100362,,,,,,,,,,,,,,,,,0.503455703100362
WEEE_generatedDedicated,WEEE_Cat1,gear,plastics,0.387651483856507,,,,,,,,,,,,,,,,,0.387651483856507
WEEE_generatedDedicated,WEEE_Cat1,heatingCoolingEEEairCondenser,CuAndCuAlloys,0.0136813545117428,,,,,,,0.002805856379504,,,,,,,,,0.0170706992812964,0.0335579101725432
WEEE_generatedDedicated,WEEE_Cat1,heatingCoolingEEEairCondenser,otherOrUndefinedMaterials,0.594532593826134,,,,,,,,,,,,,,,,,0.594532593826134
WEEE_generatedDedicated,WEEE_Cat1,heatingCoolingEEEairCondenser,plastics,0.492818498128742,,,,,,,,,,,,,,,,,0.492818498128742
WEEE_generatedDedicated,WEEE_Cat1,heatingCoolingEEEairCondenser,steelAndSteelAlloys,0.195598389560163,,,,,,0.354718499006162,,0.594334523966515,,0.447587153442646,0.162818697588872,,,0.282787623993485,,,2.037844887557843
WEEE_generatedDedicated,WEEE_Cat1,heatingCoolingEEEfan,AlAndAlAlloys,0.193390205058538,,0.516959987236721,,,,0.496512774784703,,0.279440985064833,0.428700787216571,0.482091744913049,,,,0.333591932617016,,,2.730688416891431
WEEE_generatedDedicated,WEEE_Cat1,heatingCoolingEEEfan,CuAndCuAlloys,0.0182598934054507,,,,,,,0.473496126234401,,,,,,,,,0.380215843044757,0.8719718626846087
WEEE_generatedDedicated,WEEE_Cat1,heatingCoolingEEEfan,ferrousMetals,0.224006628595887,,,,0.0746659255071095,,0.458935820815609,,0.0492065922540366,,0.1473236603447,0.229835437473215,,,0.554910428441714,,,1.7388844934322711
WEEE_generatedDedicated,WEEE_Cat1,heatingCoolingEEEfan,plastics,0.563591722134402,,,,,,,,,,,,,,,,,0.563591722134402
WEEE_generatedDedicated,WEEE_Cat1,heatingCoolingEEEfan,steelAndSteelAlloys,0.171249780172664,,,,,,0.552029408503521,,0.443071200758794,,0.453756577883836,0.0779806848772897,,,0.105970442661942,,,1.8040580948580467
WEEE_generatedDedicated,WEEE_Cat1,heatingCoolingEEEfan,undefinedAndMixedMaterials,0.539559752501798,,,,,,,,,,,,,,,,,0.539559752501798
WEEE_generatedDedicated,WEEE_Cat1,heatingCoolingEEEheatSink,AlAndAlAlloys,0.364845952245371,,0.245408145845759,,,,0.485385472816407,,0.565143832645586,0.319144227609229,0.10820729430447,,,,0.370513271393665,,,2.458648196860487
WEEE_generatedDedicated,WEEE_Cat1,heatingCoolingEEEheatSink,CuAndCuAlloys,0.595045177502916,,,,,,,0.471821301911637,,,,,,,,,0.0479544945201515,1.1148209739347046
WEEE_generatedDedicated,WEEE_Cat1,heatingCoolingEEEheatSink,ferrousMetals,0.0504396811431614,,,,,,0.0440924423000993,,0.25179541749251,,0.221324254069117,0.0397976895200182,,,0.33407828206288,,,0.9415277665877859
WEEE_generatedDedicated,WEEE_Cat1,heatingCoolingEEEheatSink,otherMetalsAndMetalAlloys,0.204805583523053,0.204576856950655,,,,,,0.541815752717333,,,,,,,,,,0.9511981931910409
WEEE_generatedDedicated,WEEE_Cat1,heatingCoolingEEEheatSink,plastics,0.509315910034445,,,,,,,,,,,,,,,,,0.509315910034445
WEEE_generatedDedicated,WEEE_Cat1,heatingCoolingEEEheatSink,undefinedAndMixedMaterials,0.565522366554853,,,,,,,,,,,,,,,,,0.565522366554853
WEEE_generatedDedicated,WEEE_Cat1,inductor,CuAndCuAlloys,0.540255531494655,,,,,,,0.364921041628021,,,,,,,,,0.30377949985995,1.2089560729826259
WEEE_generatedDedicated,WEEE_Cat1,inductor,ferrousMetals,0.493820399791344,,,,,,0.284695815653395,,0.382501598958678,,0.361038770503353,0.185832974993399,,,0.543851496073799,,,2.2517410559739677
WEEE_generatedDedicated,WEEE_Cat1,inductor,plastics,0.199941434714095,,,,,,,,,,,,,,,,,0.199941434714095
WEEE_generatedDedicated,WEEE_Cat1,keyboard,AlAndAlAlloys,0.0985190302355297,,0.303402995743724,,,,0.245951333798397,,0.32925993796875,0.112200246637803,0.497564213968372,,,,0.473001616253613,,,2.0598993746061884
WEEE_generatedDedicated,WEEE_Cat1,keyboard,CuAndCuAlloys,0.423822852396731,,,,,,,0.0833624853483927,,,,,,,,,0.549914507699997,1.0570998454451206
WEEE_generatedDedicated,WEEE_Cat1,keyboard,ferrousMetals,0.392611332220784,,,,,,0.495756208937345,,0.319615309213769,,0.384907436197045,0.514896156675826,,,0.117570619468108,,,2.225357062712877
WEEE_generatedDedicated,WEEE_Cat1,keyboard,otherMetalsAndMetalAlloys,0.290364158989902,0.282788564979731,,,,,,0.313548541167658,,,,,,,,,,0.886701265137291
WEEE_generatedDedicated,WEEE_Cat1,keyboard,plastics,0.0107470197933981,,,,,,,,,,,,,,,,,0.0107470197933981
WEEE_generatedDedicated,WEEE_Cat1,keyboard,undefinedAndMixedMaterials,0.263373193979167,,,,,,,,,,,,,,,,,0.263373193979167
WEEE_generatedDedicated,WEEE_Cat1,knob,AlAndAlAlloys,0.314868904669215,,0.135741478299037,,,,0.407397258325776,,0.502063266167004,0.0967998613970524,0.572216485563652,,,,0.273198592533664,,,2.3022858469554004
WEEE_generatedDedicated,WEEE_Cat1,knob,ferrousMetals,0.431168227723322,,,,0.449640631368973,,,,0.59632313020793,,0.582698325423157,,,,0.0823866667336837,,,2.1422169814570657
WEEE_generatedDedicated,WEEE_Cat1,knob,plastics,0.0628942509314987,,,,,,,,,,,,,,,,,0.0628942509314987
WEEE_generatedDedicated,WEEE_Cat1,lenseAssembly,AlAndAlAlloys,0.220125745856614,,0.385407988331791,,,,0.236554463685968,,0.0344801579967318,0.357631514228042,0.143799360930945,,,,0.571352662283165,,,1.9493518933132568
WEEE_generatedDedicated,WEEE_Cat1,lenseAssembly,CuAndCuAlloys,0.427862583012186,,,,,,,0.333771821962449,,,,,,,,,0.232382777184022,0.994017182158657
WEEE_generatedDedicated,WEEE_Cat1,lenseAssembly,ferrousMetals,0.092173205276765,,,,,,0.530669203941051,,0.439466977330324,,0.0373765499581014,0.44342771902185,,,0.442521508751529,,,1.9856351642796206
WEEE_generatedDedicated,WEEE_Cat1,lenseAssembly,glass,0.170752433492934,,,,,,,,,,,,0.194165851182536,0.0350627163847611,,,0.479604854504283,0.8795858555645141
WEEE_generatedDedicated,WEEE_Cat1,lenseAssembly,plastics,0.232653292543262,,,,,,,,,,,,,,,,,0.232653292543262
WEEE_generatedDedicated,WEEE_Cat1,lenseAssembly,undefinedAndMixedMaterials,0.0326841504025228,,,,,,,,,,,,,,,,,0.0326841504025228
WEEE_generatedDedicated,WEEE_Cat1,lightingFlash,AlAndAlAlloys,0.470840017465458,,0.583367387796328,,,,0.383919772836718,,0.513137723896927,0.206100240155212,0.368481607190445,,,,0.408269697414891,,,2.9341164467559793
WEEE_generatedDedicated,WEEE_Cat1,lightingFlash,CuAndCuAlloys,0.486065045004604,,,,,,,0.0387325264319548,,,,,,,,,0.31959193226011,0.8443895036966689
WEEE_generatedDedicated,WEEE_Cat1,lightingFlash,ferrousMetals,0.0289582164973229,,,,,,0.1643882151423,,0.597825399923604,,0.488879499200872,0.548567122417557,,,0.552303969378699,,,2.3809224225603547
WEEE_generatedDedicated,WEEE_Cat1,lightingFlash,glass,0.516120746775308,,,,,,,,,,,,0.579707001887063,0.0378084952925425,,,0.436183867523722,1.5698201114786354
WEEE_generatedDedicated,WEEE_Cat1,lightingFlash,plastics,0.220145595128658,,,,,,,,,,,,,,,,,0.220145595128658
WEEE_generatedDedicated,WEEE_Cat1,lightingFlash,undefinedAndMixedMaterials,0.125926689520186,,,,,,,,,,,,,,,,,0.125926689520186
WEEE_generatedDedicated,WEEE_Cat1,magnetPermanent,otherOrUndefinedMaterials,0.281501907648119,,,,,,,,,,,,,,,,,0.281501907648119
WEEE_generatedDedicated,WEEE_Cat1,mainboardInclCPUgpu,AlAndAlAlloys,0.125526040806504,,0.336540238436409,,,,0.0958147934021491,,0.11146250023286,0.193564513353177,0.006323540077941,,,,0.309391032944196,,,1.178622659253236
WEEE_generatedDedicated,WEEE_Cat1,mainboardInclCPUgpu,CuAndCuAlloys,0.106178843025291,,,,,,,0.143472614833802,,,,,,,,,0.405795515628173,0.655446973487266
WEEE_generatedDedicated,WEEE_Cat1,mainboardInclCPUgpu,ferrousMetals,0.213761128082287,,,,,,0.424685383624917,,0.313265298091153,,0.384495256993706,0.0053244376632276,,,0.252313898044087,,,1.5938454024993776
WEEE_generatedDedicated,WEEE_Cat1,mainboardInclCPUgpu,otherMetalsAndMetalAlloys,0.317984644794665,0.390844583618125,,,,,,0.172726727197583,,,,,,,,,,0.8815559556103729
WEEE_generatedDedicated,WEEE_Cat1,mainboardInclCPUgpu,plastics,0.40494670336228,,,,,,,,,,,,,,,,,0.40494670336228
WEEE_generatedDedicated,WEEE_Cat1,mainboardInclCPUgpu,undefinedAndMixedMaterials,0.23062583469826,,,,,,,,,,,,,,,,,0.23062583469826
WEEE_generatedDedicated,WEEE_Cat1,non-electricCoil,AlAndAlAlloys,0.0996937850194352,,0.382532662652332,,,,0.589907170769312,,0.102656825022676,0.301191320975916,0.109141072593496,,,,0.288502505028665,,,1.873625342061832
WEEE_generatedDedicated,WEEE_Cat1,non-electricCoil,ferrousMetals,0.502217900227591,,,,0.177309702544193,,,,0.551745737802286,,0.158882003649309,,,,0.0122868857964725,,,1.4024422300198514
WEEE_generatedDedicated,WEEE_Cat1,non-electricCoil,plastics,0.0117893899456517,,,,,,,,,,,,,,,,,0.0117893899456517
WEEE_generatedDedicated,WEEE_Cat1,onOffSwitch,CuAndCuAlloys,0.566906026937806,,,,,,,0.0624403237900815,,,,,,,,,0.1577945355374,0.7871408862652874
WEEE_generatedDedicated,WEEE_Cat1,onOffSwitch,plastics,0.385105037399361,,,,,,,,,,,,,,,,,0.385105037399361
WEEE_generatedDedicated,WEEE_Cat1,otherElectricCompUnspecified,AlAndAlAlloys,0.119651882405636,,0.31054158007353,,,,0.07906173940959,,0.345472288304947,0.213003712244655,0.244908873411154,,,,0.314370800103921,,,1.627010875953433
WEEE_generatedDedicated,WEEE_Cat1,otherElectricCompUnspecified,CuAndCuAlloys,0.358793591239053,,,,,,,0.587254644936556,,,,,,,,,0.476722316069591,1.4227705522452
WEEE_generatedDedicated,WEEE_Cat1,otherElectricCompUnspecified,ferrousMetals,0.599403523461077,,,,,,0.0678582697335732,,0.174676900508486,,0.0310143561693361,0.256819050698527,,,0.0724215866629674,,,1.2021936872339667
WEEE_generatedDedicated,WEEE_Cat1,otherElectricCompUnspecified,glass,0.500598753060056,,,,,,,,,,,,0.102115920016652,0.273762460961294,,,0.45514993448879,1.331627068526792
WEEE_generatedDedicated,WEEE_Cat1,otherElectricCompUnspecified,otherMetalsAndMetalAlloys,6.03717204490817e-05,0.292125155130712,,,,,,0.304295454277507,,,,,,,,,,0.5964809811286681
WEEE_generatedDedicated,WEEE_Cat1,otherElectricCompUnspecified,otherOrUndefinedMaterials,0.411821519301402,,,,,,,,,,,,,,,,,0.411821519301402
WEEE_generatedDedicated,WEEE_Cat1,otherElectricCompUnspecified,plastics,0.372021533872997,,,,,,,,,,,,,,,,,0.372021533872997
WEEE_generatedDedicated,WEEE_Cat1,otherElectricCompUnspecified,undefinedAndMixedMaterials,0.512385518049566,,,,,,,,,,,,,,,,,0.512385518049566
WEEE_generatedDedicated,WEEE_Cat1,otherNonElectricCompUnspecified,AlAndAlAlloys,0.194869188141777,,0.362848710862283,,,,0.0898740030313655,,0.485300916060139,0.416649762961183,0.353659493780101,,,,0.114220078096606,,,2.017422152933454
WEEE_generatedDedicated,WEEE_Cat1,otherNonElectricCompUnspecified,CuAndCuAlloys,0.0172260119489694,,0.360559212395949,,,,0.049020283910436,0.130855074502648,0.235411859941462,0.505269212306731,0.119253299914419,,,,0.474555804421189,,0.0719440305103767,1.9640947898521801
WEEE_generatedDedicated,WEEE_Cat1,otherNonElectricCompUnspecified,ferrousMetals,0.536061644115343,,,,0.0552782091529724,,0.314206941046485,,0.284766923273056,,0.0274765384699683,0.350099236840306,,,0.162387198041959,,,1.73027669094009
WEEE_generatedDedicated,WEEE_Cat1,otherNonElectricCompUnspecified,plastics,0.0783619898442614,,,,,,,,,,,,,,,,,0.0783619898442614
WEEE_generatedDedicated,WEEE_Cat1,otherNonElectricCompUnspecified,steelAndSteelAlloys,0.481306350368858,,,,,,0.518099391906226,,0.490190821524545,,0.306193817169888,0.436996918568704,,,0.201259894214445,,,2.434047193752666
WEEE_generatedDedicated,WEEE_Cat1,otherNonElectricCompUnspecified,undefinedAndMixedMaterials,0.278474844188199,,,,,,,,,,,,,,,,,0.278474844188199
WEEE_generatedDedicated,WEEE_Cat1,passiveJunctionBox,CuAndCuAlloys,0.562827600229012,,,,,,,0.0416532505944157,,,,,,,,0.0531544753514791,0.022606980910174,0.6802423070850808
WEEE_generatedDedicated,WEEE_Cat1,passiveJunctionBox,otherOrUndefinedMaterials,0.505528708368641,,,,,,,,,,,,,,,,,0.505528708368641
WEEE_generatedDedicated,WEEE_Cat1,passiveJunctionBox,plastics,0.407408384740134,,,,,,,,,,,,,,,,,0.407408384740134
WEEE_generatedDedicated,WEEE_Cat1,pcbWEEECat,plastics,0.305987875210257,,,,,,,,,,,,,,,,,0.305987875210257
WEEE_generatedDedicated,WEEE_Cat1,powerSupply,AlAndAlAlloys,0.322315524289285,,0.156065102244504,,,,0.570556278902926,,0.396376698362884,0.565145052076264,0.444219526552885,,,,0.452484552988151,,,2.9071627354168994
WEEE_generatedDedicated,WEEE_Cat1,powerSupply,CuAndCuAlloys,0.493810446426692,,,,,,,0.490922947402395,,,,,,,,,0.457638526753152,1.442371920582239
WEEE_generatedDedicated,WEEE_Cat1,powerSupply,ferrousMetals,0.315016496337136,,,,,,0.282879225269921,,0.447064706611528,,0.0210132297141288,0.170334267892832,,,0.228356681178184,,,1.46466460700373
WEEE_generatedDedicated,WEEE_Cat1,powerSupply,otherMetalsAndMetalAlloys,0.247463187369895,0.164164860456762,,,,,,0.427006594806543,,,,,,,,,,0.8386346426332001
WEEE_generatedDedicated,WEEE_Cat1,powerSupply,plastics,0.343253960343334,,,,,,,,,,,,,,,,,0.343253960343334
WEEE_generatedDedicated,WEEE_Cat1,powerSupply,undefinedAndMixedMaterials,0.254145525912812,,,,,,,,,,,,,,,,,0.254145525912812
WEEE_generatedDedicated,WEEE_Cat1,pump,ironWroughtAndCast,0.249826206239823,,,,0.458054607912106,,,,0.442633637343495,,0.0592599971292251,,,,0.597188246173074,,,1.806962694797723
WEEE_generatedDedicated,WEEE_Cat1,pump,steelAndSteelAlloys,0.160706250109066,,,,,,0.366433640862528,,0.239250757644591,,0.566528041891762,0.226523074763783,,,0.541043256281637,,,2.100485021553367
WEEE_generatedDedicated,WEEE_Cat1,refrigerant,otherOrUndefinedMaterials,0.277538343951283,,,,,,,,,,,,,,,,,0.277538343951283
WEEE_generatedDedicated,WEEE_Cat1,remoteControl,AlAndAlAlloys,0.391816713162928,,0.522504211877585,,,,0.263743685025319,,0.535079269617564,0.474674175550959,0.238348980010291,,,,0.0183316041796999,,,2.4444986394243458
WEEE_generatedDedicated,WEEE_Cat1,remoteControl,CuAndCuAlloys,0.0854134310441222,,,,,,,0.0860027704093393,,,,,,,,,0.0122380560577182,0.1836542575111797
WEEE_generatedDedicated,WEEE_Cat1,remoteControl,ferrousMetals,0.268873984657423,,,,,,0.471219138375609,,0.0194391108058395,,0.195340194085241,0.497330634663748,,,0.453328346084544,,,1.9055314086724047
WEEE_generatedDedicated,WEEE_Cat1,remoteControl,otherOrUndefinedMaterials,0.0607553033303111,,,,,,,,,,,,,,,,,0.0607553033303111
WEEE_generatedDedicated,WEEE_Cat1,remoteControl,plastics,0.444021637314277,,,,,,,,,,,,,,,,,0.444021637314277
WEEE_generatedDedicated,WEEE_Cat1,remoteControl,undefinedAndMixedMaterials,0.512636226493842,,,,,,,,,,,,,,,,,0.512636226493842
WEEE_generatedDedicated,WEEE_Cat1,rotor,ferrousMetals,0.0123534996366311,,,,,,0.168850549714637,,0.539991048654699,,0.195547274852565,0.0464573938571255,,,0.119055203281111,,,1.0822549699967687
WEEE_generatedDedicated,WEEE_Cat1,rotor,plastics,0.444307025024873,,,,,,,,,,,,,,,,,0.444307025024873
WEEE_generatedDedicated,WEEE_Cat1,screw,CuAndCuAlloys,0.514486265310465,,,,,,,0.188784015401283,,,,,,,,,0.24415189758659,0.9474221782983381
WEEE_generatedDedicated,WEEE_Cat1,screw,ferrousMetals,0.288591026812918,,,,0.12988875266713,,,,0.43676117109585,,0.195114215633352,,,,0.194752926878106,,,1.245108093087356
WEEE_generatedDedicated,WEEE_Cat1,shadowComponentWEEE,CuAndCuAlloys,0.56267078519449,,0.0664175253769941,,,,0.461977642775135,0.441577725349231,0.531203132149638,0.162505861824035,0.143243689125577,,,,0.21593382729278,0.288043343748231,0.233057406011478,3.106630938847589
WEEE_generatedDedicated,WEEE_Cat1,shadowComponentWEEE,bitumen,0.204707652145082,,,,,,,,,,,,,,,,,0.204707652145082
WEEE_generatedDedicated,WEEE_Cat1,shadowComponentWEEE,ceramicComposites,0.336611641844156,,,,,,,,,,,,,,,,,0.336611641844156
WEEE_generatedDedicated,WEEE_Cat1,shadowComponentWEEE,concrete,0.172843116120309,,,,,,,,,,,,,,,,,0.172843116120309
WEEE_generatedDedicated,WEEE_Cat1,shadowComponentWEEE,glass,0.437408691502346,,,,,,,,,,,,0.376097699831558,0.189428774326225,,,0.312464102665013,1.315399268325142
WEEE_generatedDedicated,WEEE_Cat1,shadowComponentWEEE,ironWroughtAndCast,0.0278010433997024,,,,0.417084190669909,,,,0.1008702107778,,0.349886221015214,,,,0.558901565077635,,,1.4545432309402604
WEEE_generatedDedicated,WEEE_Cat1,shadowComponentWEEE,oil4,0.579332570353743,,,,,,,,,,,,,,,,,0.579332570353743
WEEE_generatedDedicated,WEEE_Cat1,shadowComponentWEEE,otherMetalsAndMetalAlloys,0.110153189727214,0.111976670976437,0.228803073533756,0.476525213267448,0.388980189460691,0.375351411219617,,0.0787699319862209,0.240104568985995,0.0723578434220216,0.0900096521790985,0.223657901180849,,,0.186758575757403,,0.0391337267502411,2.622581948446992
WEEE_generatedDedicated,WEEE_Cat1,shadowComponentWEEE,otherOrUndefinedMaterials,0.387158381177603,,,,,,,,,,,,,,,,,0.387158381177603
WEEE_generatedDedicated,WEEE_Cat1,shadowComponentWEEE,otherOrganics,0.339933136337732,,,,,,,,,,,,,,,,,0.339933136337732
WEEE_generatedDedicated,WEEE_Cat1,shadowComponentWEEE,plasticComposites,0.190745761456998,,,,,,,,,,,,,,,,,0.190745761456998
WEEE_generatedDedicated,WEEE_Cat1,shadowComponentWEEE,plastics,0.060458313326044,,,,,,,,,,,,,,,,,0.060458313326044
WEEE_generatedDedicated,WEEE_Cat1,shadowComponentWEEE,reinforcedPlastics,0.438380252682287,,,,,,,,,,,,,,,,,0.438380252682287
WEEE_generatedDedicated,WEEE_Cat1,shadowComponentWEEE,sand,0.519294386362513,,,,,,,,,,,,0.257834104838265,0.078017339237732,,,0.468685594340828,1.3238314247793381
WEEE_generatedDedicated,WEEE_Cat1,shadowComponentWEEE,steelAndSteelAlloys,0.201474872713436,,,,,,0.259819176333249,,0.375194639462969,,0.529380384936941,0.527130684428051,,,0.0674759968130825,,,1.9604757546877285
WEEE_generatedDedicated,WEEE_Cat1,speakerEEE2,AlAndAlAlloys,0.283318828840063,,0.518640034598132,,,,0.215432738797782,,0.0485318872402738,0.553898048196814,0.21115017633079,,,,0.564404544678761,,,2.3953762586826155
WEEE_generatedDedicated,WEEE_Cat1,speakerEEE2,CuAndCuAlloys,0.428122800221332,,,,,,,0.471233976118039,,,,,,,,,0.0884591792586881,0.9878159555980591
WEEE_generatedDedicated,WEEE_Cat1,speakerEEE2,ferrousMetals,0.340716285343077,,,,,,0.431729384324173,,0.210414480163767,,0.335578277002093,0.472545293567392,,,0.27274643307878,,,2.0637301534792822
WEEE_generatedDedicated,WEEE_Cat1,speakerEEE2,otherMetalsAndMetalAlloys,0.0131085372508035,0.405433382847395,,,,,,0.157381875074435,,,,,,,,,,0.5759237951726335
WEEE_generatedDedicated,WEEE_Cat1,speakerEEE2,plastics,0.0283906086283629,,,,,,,,,,,,,,,,,0.0283906086283629
WEEE_generatedDedicated,WEEE_Cat1,speakerEEE2,undefinedAndMixedMaterials,0.245458470262073,,,,,,,,,,,,,,,,,0.245458470262073
WEEE_generatedDedicated,WEEE_Cat1,transformator,CuAndCuAlloys,0.102452244499305,,,,,,,0.390055299510058,,,,,,,,,0.0075864747893301,0.5000940187986931
WEEE_generatedDedicated,WEEE_Cat1,transformator,ferrousMetals,0.0907299071825646,,,,,,0.0570023083216037,,0.454743660518241,,0.255886427295354,0.417052212412313,,,0.266260140833266,,,1.5416746565633421
WEEE_generatedDedicated,WEEE_Cat1,transmission,ferrousMetals,0.0243502161220637,,,,,,0.227491735769055,,0.564956182419731,,0.294059060999275,0.501271203114731,,,0.184486880258061,,,1.7966152786829164
WEEE_generatedDedicated,WEEE_Cat1,transmission,plastics,0.558969211482285,,,,,,,,,,,,,,,,,0.558969211482285
WEEE_generatedDedicated,WEEE_Cat1,transmitter,CuAndCuAlloys,0.374544005070846,,,,,,,0.2843948599767,,,,,,,,,0.300040630154925,0.958979495202471
WEEE_generatedDedicated,WEEE_Cat1,transmitter,ferrousMetals,0.436454457767731,,,,0.117915619116501,,,,0.512619701011285,,0.447350881323924,,,,0.541642537734515,,,2.0559831969539557
WEEE_generatedDedicated,WEEE_Cat1,transmitter,plastics,0.488360494986044,,,,,,,,,,,,,,,,,0.488360494986044
WEEE_generatedDedicated,WEEE_Cat1,wheel,ferrousMetals,0.228521089343557,,,,,,0.477908318085645,,0.148570113364031,,0.585599344325821,0.294369539982449,,,0.507370494539783,,,2.242338899641286
WEEE_generatedDedicated,WEEE_Cat1,wheel,plastics,0.218864540437252,,,,,,,,,,,,,,,,,0.218864540437252
WEEE_generatedDedicated,WEEE_Cat1,wheel,polymerPA6GF30,0.504314484940547,,,,,,,,,,,,,,,,,0.504314484940547
WEEE_generatedDedicated,WEEE_Cat1,wheel,polymerPPTF20,0.115135176083216,,,,,,,,,,,,,,,,,0.115135176083216
WEEE_generatedDedicated,WEEE_Cat1,wheel,polymerPPTF30,0.0918727083694778,,,,,,,,,,,,,,,,,0.0918727083694778
WEEE_generatedDedicated,WEEE_Cat2,ComponentShadowWEEE,AlAndAlAlloys,0.358411427252884,,0.137227325192521,,,,0.485011090387464,,0.137673545388024,0.409653878776731,0.213354003694322,,,,0.240187647119202,,,1.981518917811148
WEEE_generatedDedicated,WEEE_Cat2,ComponentShadowWEEE,CuAndCuAlloys,0.36040429087859,,,,,,,0.559196026714414,,,,,,,,,0.135825775300349,1.0554260928933532
WEEE_generatedDedicated,WEEE_Cat2,ComponentShadowWEEE,aggregateBinderMixedMaterials,0.290156993206149,,,,,,,,,,,,,,,,,0.290156993206149
WEEE_generatedDedicated,WEEE_Cat2,ComponentShadowWEEE,ferrousMetals,0.375472594086005,,,,0.59075823253064,,0.543403126699434,,0.0226225879612335,,0.313370646976596,0.31722842773329,,,0.53547457103029,,,2.6983301870174885
WEEE_generatedDedicated,WEEE_Cat2,ComponentShadowWEEE,glass,0.083524294625825,,,,,,,,,,,,0.250979994573331,0.103984755519456,,,0.574704999609857,1.013194044328469
WEEE_generatedDedicated,WEEE_Cat2,ComponentShadowWEEE,glassAndCeramics,0.420781159162904,,,,,,,,,,,,0.133489858798703,0.0572557636057555,,,0.0981550512026916,0.7096818327700541
WEEE_generatedDedicated,WEEE_Cat2,ComponentShadowWEEE,non-ferrousMetals,0.542597834512034,0.412280232521578,0.0305414517717576,,0.0801810146397709,0.454287152442229,0.287102749795633,0.282096479213594,0.193728813376659,0.244973250440065,0.590079626328221,0.116824585639476,0.276441432174661,,0.0089111206045344,0.302276977816986,0.159465682914083,3.9817884041912817
WEEE_generatedDedicated,WEEE_Cat2,ComponentShadowWEEE,otherMetalsAndMetalAlloys,0.461482681126944,0.584067090876759,,,,,,0.478654439414449,,,,,,,,,,1.524204211418152
WEEE_generatedDedicated,WEEE_Cat2,ComponentShadowWEEE,otherMinerals,0.174188110427553,,,,,,,,,,,,0.0958920789725872,0.53153036124612,,,0.336700033381636,1.1383105840278962
WEEE_generatedDedicated,WEEE_Cat2,ComponentShadowWEEE,otherOrUndefinedMaterials,0.229857575321796,,,,,,,,,,,,,,,,,0.229857575321796
WEEE_generatedDedicated,WEEE_Cat2,ComponentShadowWEEE,otherOrganics,0.47906886638429,,,,,,,,,,,,,,,,,0.47906886638429
WEEE_generatedDedicated,WEEE_Cat2,ComponentShadowWEEE,plastics,0.032275996617024,,,,,,,,,,,,,,,,,0.032275996617024
WEEE_generatedDedicated,WEEE_Cat2,ComponentShadowWEEE,undefinedAndMixedMaterials,0.346506965657991,,,,,,,,,,,,,,,,,0.346506965657991
WEEE_generatedDedicated,WEEE_Cat2,ComponentShadowWEEE,wood,0.089141868988583,,,,,,,,,,,,,,,,,0.089141868988583
WEEE_generatedDedicated,WEEE_Cat2,LidarSensor (&lt;15cm),AlAndAlAlloys,0.19289395006116,,0.378536852034697,,,,0.11665949512674,,0.0399408265030692,0.443515730239902,0.45883699036405,,,,0.545395117712574,,,2.1757789620421923
WEEE_generatedDedicated,WEEE_Cat2,LidarSensor (&lt;15cm),CuAndCuAlloys,0.456351303755031,,,,,,,0.0798169010748303,,,,,,,,,0.373926763599855,0.9100949684297163
WEEE_generatedDedicated,WEEE_Cat2,LidarSensor (&lt;15cm),ferrousMetals,0.366748500935614,,,,0.418589964066246,,0.341909364917461,,0.58772734065922,,0.183062250470607,0.00031308980009,,,0.254906727608253,,,2.153257238457491
WEEE_generatedDedicated,WEEE_Cat2,LidarSensor (&lt;15cm),glass,0.24866012161146,,,,,,,,,,,,0.0563939209924765,0.538910318725747,,,0.481977269771472,1.3259416311011556
WEEE_generatedDedicated,WEEE_Cat2,LidarSensor (&lt;15cm),plastics,0.565812073115725,,,,,,,,,,,,,,,,,0.565812073115725
WEEE_generatedDedicated,WEEE_Cat2,MagnetSensor,CuAndCuAlloys,0.293943556419972,,,,,,,0.516947050339627,,,,,,,,,0.22146072490172,1.0323513316613189
WEEE_generatedDedicated,WEEE_Cat2,MagnetSensor,ferrousMetals,0.567572772106584,,,,0.0279380673115726,,,,0.191836151439276,,0.33749056812566,,,,0.0510002236827009,,,1.1758377826657935
WEEE_generatedDedicated,WEEE_Cat2,MagnetSensor,plastics,0.0542311504447119,,,,,,,,,,,,,,,,,0.0542311504447119
WEEE_generatedDedicated,WEEE_Cat2,PCBWEEECat,otherOrUndefinedMaterials,0.253057564695744,,,,,,,,,,,,,,,,,0.253057564695744
WEEE_generatedDedicated,WEEE_Cat2,PCBunspecified,ferrousMetals,0.498308296031875,,,,,,0.0882675393242286,,0.143946738198943,,0.563303219580632,0.093722643817592,,,0.388897345290835,,,1.7764457822441055
WEEE_generatedDedicated,WEEE_Cat2,PVBacksheet,plasticComposites,0.26005648571445,,,,,,,,,,,,,,,,,0.26005648571445
WEEE_generatedDedicated,WEEE_Cat2,PVBacksheet,plastics,0.102280453428977,,,,,,,,,,,,,,,,,0.102280453428977
WEEE_generatedDedicated,WEEE_Cat2,PVEncapsulationEVA,plastics,0.104489267680483,,,,,,,,,,,,,,,,,0.104489267680483
WEEE_generatedDedicated,WEEE_Cat2,PVFrameAl,CuAndCuAlloys,0.528694039313391,,0.303025766787072,,,,0.10365079255791,,0.165971621139039,0.353652396110512,0.335360452615969,,,,0.53331519087322,,,2.323670259397113
WEEE_generatedDedicated,WEEE_Cat2,PVSolarGlass,glass,0.295504387575014,,,,,,,,,,,,0.271528215594438,0.172335102601833,,,0.400587550705797,1.139955256477082
WEEE_generatedDedicated,WEEE_Cat2,PVcellSi,otherOrUndefinedMaterials,0.155078222505462,,,,,,,,,,,,,,,,,0.155078222505462
WEEE_generatedDedicated,WEEE_Cat2,WEEEEvaporator,CuAndCuAlloys,0.317241266119426,,,,,,,0.569063706429754,,,,,,,,,0.23670843122264,1.12301340377182
WEEE_generatedDedicated,WEEE_Cat2,WEEEEvaporator,steelAndSteelAlloys,0.578788829196196,,,,,,0.565857279775725,,0.368121003965296,,0.589391200994583,0.558907581153795,,,0.0172679668153429,,,2.678333861900938
WEEE_generatedDedicated,WEEE_Cat2,brush,AlAndAlAlloys,0.362624228202711,,0.399858623119116,,,,0.303865451572643,,0.513294214961986,0.169372227860672,0.391743115362117,,,,0.500651248146106,,,2.641409109225351
WEEE_generatedDedicated,WEEE_Cat2,brush,ferrousMetals,0.0820432159073237,,,,0.237884643588443,,,,0.281489149777868,,0.101810568233222,,,,0.405957533099054,,,1.1091851106059107
WEEE_generatedDedicated,WEEE_Cat2,brush,plastics,0.35029470051555,,,,,,,,,,,,,,,,,0.35029470051555
WEEE_generatedDedicated,WEEE_Cat2,cableUnspecified,AlAndAlAlloys,0.049490161158965,,0.330464499616136,,,,0.407791097540251,,0.024679395409562,0.29206044619858,0.312199286515169,,,,0.407839329038258,,,1.824524215476921
WEEE_generatedDedicated,WEEE_Cat2,cableUnspecified,CuAndCuAlloys,0.1860006222778,,,,,,,0.217068395627006,,,,,,,,,0.0777741857268715,0.4808432036316775
WEEE_generatedDedicated,WEEE_Cat2,cableUnspecified,ferrousMetals,0.587854628417418,,,,,,0.0324447287128023,,0.121222298158677,,0.491073065635356,0.221790970314434,,,0.53256163243559,,,1.9869473236742774
WEEE_generatedDedicated,WEEE_Cat2,cableUnspecified,plastics,0.216499719105957,,,,,,,,,,,,,,,,,0.216499719105957
WEEE_generatedDedicated,WEEE_Cat2,cableWPlug,plastics,0.384365281563022,,,,,,,,,,,,,,,,,0.384365281563022
WEEE_generatedDedicated,WEEE_Cat2,cableWithConnector,CuAndCuAlloys,0.1621749572064,,,,,,,0.0141835280816495,,,,,,,,,0.466989005227925,0.6433474905159745
WEEE_generatedDedicated,WEEE_Cat2,cables,otherOrUndefinedMaterials,0.371167654883523,,,,,,,,,,,,,,,,,0.371167654883523
WEEE_generatedDedicated,WEEE_Cat2,cablewire,AlAndAlAlloys,0.068755087385185,,0.45990109936544,,,,0.525262643464914,,0.252888005141942,0.588525391218616,0.147605023143881,,,,0.555364076901863,,,2.598301326621841
WEEE_generatedDedicated,WEEE_Cat2,cablewire,CuAndCuAlloys,0.512791916718496,,,,,,,0.0475068842797943,,,,,,,,,0.138313900296874,0.6986127012951643
WEEE_generatedDedicated,WEEE_Cat2,cablewire,ferrousMetals,0.365759428831241,,,,0.599908741221,,,,0.296003667220115,,0.279132442178465,,,,0.013992350781099,,,1.55479663023192
WEEE_generatedDedicated,WEEE_Cat2,cablewire,plastics,0.316483655005913,,,,,,,,,,,,,,,,,0.316483655005913
WEEE_generatedDedicated,WEEE_Cat2,capElectrolytic,CuAndCuAlloys,0.4300853941254,,,,,,,0.541027359101363,,,,,,,,,0.213110743555478,1.184223496782241
WEEE_generatedDedicated,WEEE_Cat2,capElectrolytic,undefinedAndMixedMaterials,0.0746729196802681,,,,,,,,,,,,,,,,,0.0746729196802681
WEEE_generatedDedicated,WEEE_Cat2,casingPlasticBased,AlAndAlAlloys,0.209990274920462,,0.0405228888953415,,,,0.0553988303906551,,0.42260004362437,0.363110100390353,0.572773535842891,,,,0.320413845418618,,,1.984809519482691
WEEE_generatedDedicated,WEEE_Cat2,casingPlasticBased,CuAndCuAlloys,0.0858977890061923,,,,,,,0.107555074772438,,,,,,,,,0.134936628605818,0.3283894923844483
WEEE_generatedDedicated,WEEE_Cat2,casingPlasticBased,ferrousMetals,0.276017027039086,,,,0.321987866030441,,0.254698167258379,,0.201289907451453,,0.240866872167925,0.0162810481125843,,,0.35920873818782,,,1.6703496262476882
WEEE_generatedDedicated,WEEE_Cat2,casingPlasticBased,otherOrganics,0.0381820496666345,,,,,,,,,,,,,,,,,0.0381820496666345
WEEE_generatedDedicated,WEEE_Cat2,casingPlasticBased,plastics,0.272626881921854,,,,,,,,,,,,,,,,,0.272626881921854
WEEE_generatedDedicated,WEEE_Cat2,casingPlasticBased,polymerPA6GF30,0.301590339257548,,,,,,,,,,,,,,,,,0.301590339257548
WEEE_generatedDedicated,WEEE_Cat2,casingPlasticBased,polymerPPGF30,0.232088652475436,,,,,,,,,,,,,,,,,0.232088652475436
WEEE_generatedDedicated,WEEE_Cat2,casingPlasticBased,polymerPPTF30,0.0098460020693419,,,,,,,,,,,,,,,,,0.0098460020693419
WEEE_generatedDedicated,WEEE_Cat2,casingSteelBased,ferrousMetals,0.407423819220225,,,,,,0.0571748618534413,,0.154922383406593,,0.169997808157392,0.240654285997129,,,0.219204279410668,,,1.2493774380454483
WEEE_generatedDedicated,WEEE_Cat2,casingUnspecified,AlAndAlAlloys,0.374867933652056,,0.128470669128414,,,,0.449774654877906,,0.360153235384489,0.528714153292134,0.0551656103087607,,,,0.575602272920621,,,2.4727485295643805
WEEE_generatedDedicated,WEEE_Cat2,casingUnspecified,CuAndCuAlloys,0.384251714432018,,,,,,,0.127600378102194,,,,,,,,,0.124384971548804,0.6362370640830161
WEEE_generatedDedicated,WEEE_Cat2,casingUnspecified,ferrousMetals,0.0543469155628062,,,,,,0.483631462704319,,0.0586960347659746,,0.164203152204492,0.0029634192066412,,,0.126657549817781,,,0.890498534262014
WEEE_generatedDedicated,WEEE_Cat2,casingUnspecified,glass,0.461197370228525,,,,,,,,,,,,0.297355237315384,0.141418138385092,,,0.12620824936616,1.026178995295161
WEEE_generatedDedicated,WEEE_Cat2,casingUnspecified,otherMetalsAndMetalAlloys,0.216567049802041,0.358071046441151,,,,,,0.463511538671257,,,,,,,,,,1.038149634914449
WEEE_generatedDedicated,WEEE_Cat2,casingUnspecified,plastics,0.27178575216776,,,,,,,,,,,,,,,,,0.27178575216776
WEEE_generatedDedicated,WEEE_Cat2,casingUnspecified,undefinedAndMixedMaterials,0.46391536890833,,,,,,,,,,,,,,,,,0.46391536890833
WEEE_generatedDedicated,WEEE_Cat2,compressor,CuAndCuAlloys,0.38005638317959,,0.339693708899649,,,,0.119899628970829,0.289868827967731,0.336288418240362,0.323902026753683,0.500963254296038,,,,0.0485511990471241,,0.183543554259011,2.522767001614017
WEEE_generatedDedicated,WEEE_Cat2,compressor,glass,0.17664626292036,,,,,,,,,,,,0.541467405601251,0.435749081160849,,,0.441942210010743,1.595804959693203
WEEE_generatedDedicated,WEEE_Cat2,compressor,otherFerrousAlloys,0.242214795454183,,,,0.373640720792232,,,,0.0709968624244403,,0.363269304673671,,,,0.240923319968265,,,1.2910450033127914
WEEE_generatedDedicated,WEEE_Cat2,compressor,otherOrUndefinedMaterials,0.437976280577538,,,,,,,,,,,,,,,,,0.437976280577538
WEEE_generatedDedicated,WEEE_Cat2,compressor,plastics,0.480881353138499,,,,,,,,,,,,,,,,,0.480881353138499
WEEE_generatedDedicated,WEEE_Cat2,compressor,steelAndSteelAlloys,0.199979368726735,,,,,,0.0246338451492594,,0.215721260626005,,0.0975728482297295,0.588614642918159,,,0.552496210843404,,,1.6790181764932917
WEEE_generatedDedicated,WEEE_Cat2,displayCRT,AlAndAlAlloys,0.203028353614058,,0.467948247441455,,,,0.240485241958367,,0.102749942797433,0.409218962946009,0.337842032573866,,,,0.316549850508918,,,2.077822631840106
WEEE_generatedDedicated,WEEE_Cat2,displayCRT,glass,0.402279646015433,,,,,,,,,,,,0.29718313643911,0.287800322307113,,,0.50947021865495,1.496733323416606
WEEE_generatedDedicated,WEEE_Cat2,displayLCD,AlAndAlAlloys,0.0670361884398113,,0.186285803797584,,,,0.133077087612082,,0.293151282213908,0.270659057241631,0.0273812902763658,,,,0.102909786651128,,,1.0805004962325102
WEEE_generatedDedicated,WEEE_Cat2,displayLCD,CuAndCuAlloys,0.0198638628427495,,,,,,,0.154220393736997,,,,,,,,,0.584037337635793,0.7581215942155395
WEEE_generatedDedicated,WEEE_Cat2,displayLCD,ferrousMetals,0.397913527507049,,,,,,0.206413796534214,,0.130493407358346,,0.235525028859233,0.39168283817185,,,0.195150090649184,,,1.557178689079876
WEEE_generatedDedicated,WEEE_Cat2,displayLCD,glass,0.219594694438749,,,,,,,,,,,,0.32993438802589,0.198324800871158,,,0.46008351913893,1.2079374024747271
WEEE_generatedDedicated,WEEE_Cat2,displayLCD,plastics,0.253396209275643,,,,,,,,,,,,,,,,,0.253396209275643
WEEE_generatedDedicated,WEEE_Cat2,displayLCD,undefinedAndMixedMaterials,0.299153934951671,,,,,,,,,,,,,,,,,0.299153934951671
WEEE_generatedDedicated,WEEE_Cat2,displayOther,AlAndAlAlloys,0.0878293568651667,,0.381360923530744,,,,0.308778466635618,,0.212069080698996,0.59780575312108,0.118872334598243,,,,0.520824072417178,,,2.2275399878670257
WEEE_generatedDedicated,WEEE_Cat2,displayOther,CuAndCuAlloys,0.347307087161314,,,,,,,0.008826120615396,,,,,,,,,0.0460461795357935,0.40217938731250347
WEEE_generatedDedicated,WEEE_Cat2,displayOther,ferrousMetals,0.0857932453061154,,,,,,0.093175198897496,,0.242002383601189,,0.430020543181852,0.58390886842022,,,0.226683080950981,,,1.6615833203578536
WEEE_generatedDedicated,WEEE_Cat2,displayOther,glass,0.499415657727221,,,,,,,,,,,,0.529835492809686,0.349746864403448,,,0.161968662608627,1.540966677548982
WEEE_generatedDedicated,WEEE_Cat2,displayOther,otherMetalsAndMetalAlloys,0.365164833328495,0.0098363603349917,,,,,,0.20972898508917,,,,,,,,,,0.5847301787526566
WEEE_generatedDedicated,WEEE_Cat2,displayOther,plastics,0.391411818965176,,,,,,,,,,,,,,,,,0.391411818965176
WEEE_generatedDedicated,WEEE_Cat2,displayOther,undefinedAndMixedMaterials,0.315039625850646,,,,,,,,,,,,,,,,,0.315039625850646
WEEE_generatedDedicated,WEEE_Cat2,driveCDDInt,AlAndAlAlloys,0.54036552629344,,0.065172612826311,,,,0.407390559670745,,0.0657230071063524,0.0618085036717144,0.479593774028402,,,,0.500705369030201,,,2.120759352627166
WEEE_generatedDedicated,WEEE_Cat2,driveCDDInt,CuAndCuAlloys,0.028938903055115,,,,,,,0.529746910812396,,,,,,,,,0.404276544361922,0.9629623582294331
WEEE_generatedDedicated,WEEE_Cat2,driveCDDInt,ferrousMetals,0.218234987013442,,,,,,0.0727496664621367,,0.228620299156493,,0.529369482649237,0.33365176157393,,,0.0143612712626371,,,1.3969874681178758
WEEE_generatedDedicated,WEEE_Cat2,driveCDDInt,otherMetalsAndMetalAlloys,0.370333143666878,0.36418046884446,,,,,,0.354600965671657,,,,,,,,,,1.089114578182995
WEEE_generatedDedicated,WEEE_Cat2,driveCDDInt,plastics,0.269874775656694,,,,,,,,,,,,,,,,,0.269874775656694
WEEE_generatedDedicated,WEEE_Cat2,driveCDDInt,undefinedAndMixedMaterials,0.141731861178844,,,,,,,,,,,,,,,,,0.141731861178844
WEEE_generatedDedicated,WEEE_Cat2,driveFDD,AlAndAlAlloys,0.547470035064753,,0.177927737392942,,,,0.346118844626563,,0.54529225886754,0.545126684786601,0.599664887501571,,,,0.128963309189019,,,2.890563757428989
WEEE_generatedDedicated,WEEE_Cat2,driveFDD,ferrousMetals,0.0057084793386203,,,,,,0.278235698200072,,0.10312769148348,,0.359626074731765,0.225801058359596,,,0.444516078371162,,,1.4170150804846953
WEEE_generatedDedicated,WEEE_Cat2,driveHDD,AlAndAlAlloys,0.515132025833443,,0.28178765246629,,,,0.560140482617715,,0.204203012582353,0.296940688160053,0.30681012781617,,,,0.448349880258721,,,2.613363869734745
WEEE_generatedDedicated,WEEE_Cat2,driveHDD,CuAndCuAlloys,0.579392241388866,,,,,,,0.0881840483517228,,,,,,,,,0.0590576421736243,0.7266339319142131
WEEE_generatedDedicated,WEEE_Cat2,driveHDD,ferrousMetals,0.228504829018946,,,,,,0.423101456830257,,0.573796102475626,,0.529076342927099,0.377666773139512,,,0.120979897616286,,,2.253125402007726
WEEE_generatedDedicated,WEEE_Cat2,driveHDD,otherMetalsAndMetalAlloys,0.20899422625605,0.479007174665617,,,,,,0.384351871125797,,,,,,,,,,1.072353272047464
WEEE_generatedDedicated,WEEE_Cat2,driveHDD,plastics,0.595355921598084,,,,,,,,,,,,,,,,,0.595355921598084
WEEE_generatedDedicated,WEEE_Cat2,driveHDD,undefinedAndMixedMaterials,0.265041023192788,,,,,,,,,,,,,,,,,0.265041023192788
WEEE_generatedDedicated,WEEE_Cat2,driveUnspecified,CuAndCuAlloys,0.0003596460790125,,,,,,,0.520466844445404,,,,,,,,,0.477550506455272,0.9983769969796885
WEEE_generatedDedicated,WEEE_Cat2,driveUnspecified,ferrousMetals,0.0028873028687982,,,,,,0.174388543348377,,0.465233290982576,,0.480999530570736,0.0689622485325877,,,0.461149069147008,,,1.6536199854500828
WEEE_generatedDedicated,WEEE_Cat2,driveUnspecified,plastics,0.0801654863994983,,,,,,,,,,,,,,,,,0.0801654863994983
WEEE_generatedDedicated,WEEE_Cat2,driveUnspecified,undefinedAndMixedMaterials,0.416668127434358,,,,,,,,,,,,,,,,,0.416668127434358
WEEE_generatedDedicated,WEEE_Cat2,electricEngine,AlAndAlAlloys,0.324674842537067,,0.465436761878047,,,,0.513379083277241,,0.524657660003337,0.384599250989441,0.18208239283423,,,,0.0438062571980923,,,2.4386362487174553
WEEE_generatedDedicated,WEEE_Cat2,electricEngine,CuAndCuAlloys,0.361274756431775,,,,,,,0.143091739146546,,,,,,,,,0.14157015496933,0.6459366505476509
WEEE_generatedDedicated,WEEE_Cat2,electricEngine,carbon,0.582013329571205,,,,,,,,,,,,0.172778678191431,0.142461184574701,,,0.43643529779982,1.333688490137157
WEEE_generatedDedicated,WEEE_Cat2,electricEngine,ferrousMetals,0.491486822706962,,,,0.464829952011002,,0.477807044208096,,0.409043787653089,,0.4468234282233,0.399820088082917,,,0.230673569461487,,,2.920484692346853
WEEE_generatedDedicated,WEEE_Cat2,electricEngine,otherOrganics,0.0643362090785636,,,,,,,,,,,,,,,,,0.0643362090785636
WEEE_generatedDedicated,WEEE_Cat2,electricEngine,plastics,0.029069285840218,,,,,,,,,,,,,,,,,0.029069285840218
WEEE_generatedDedicated,WEEE_Cat2,filterFoamBased,plastics,0.456256054017622,,,,,,,,,,,,,,,,,0.456256054017622
WEEE_generatedDedicated,WEEE_Cat2,gear,plastics,0.220756640491611,,,,,,,,,,,,,,,,,0.220756640491611
WEEE_generatedDedicated,WEEE_Cat2,heatingCoolingEEEairCondenser,CuAndCuAlloys,0.355294239657758,,,,,,,0.176291067451896,,,,,,,,,0.424330382576515,0.955915689686169
WEEE_generatedDedicated,WEEE_Cat2,heatingCoolingEEEairCondenser,otherOrUndefinedMaterials,0.483316335898279,,,,,,,,,,,,,,,,,0.483316335898279
WEEE_generatedDedicated,WEEE_Cat2,heatingCoolingEEEairCondenser,plastics,0.101472651548822,,,,,,,,,,,,,,,,,0.101472651548822
WEEE_generatedDedicated,WEEE_Cat2,heatingCoolingEEEairCondenser,steelAndSteelAlloys,0.276995170153155,,,,,,0.517715697481528,,0.0569445084981447,,0.195537304848677,0.293339197791942,,,0.125197750369405,,,1.4657296291428517
WEEE_generatedDedicated,WEEE_Cat2,heatingCoolingEEEfan,AlAndAlAlloys,0.0523945120388522,,0.197136157871873,,,,0.0599145167775069,,0.140916831553728,0.580704155163578,0.376582222966812,,,,0.0536361765274193,,,1.4612845728997692
WEEE_generatedDedicated,WEEE_Cat2,heatingCoolingEEEfan,CuAndCuAlloys,0.583219651591956,,,,,,,0.498799047605651,,,,,,,,,0.0728445272655901,1.1548632264631973
WEEE_generatedDedicated,WEEE_Cat2,heatingCoolingEEEfan,ferrousMetals,0.417422074413914,,,,0.30837165004524,,0.336765382676276,,0.138602107116051,,0.0566265516966025,0.545533311826805,,,0.0697163994233844,,,1.8730374771982727
WEEE_generatedDedicated,WEEE_Cat2,heatingCoolingEEEfan,plastics,0.0583223983616676,,,,,,,,,,,,,,,,,0.0583223983616676
WEEE_generatedDedicated,WEEE_Cat2,heatingCoolingEEEfan,steelAndSteelAlloys,0.456146223157421,,,,,,0.381869533843019,,0.561276613763656,,0.111960868781127,0.26418461144841,,,0.42560517951401,,,2.201043030507643
WEEE_generatedDedicated,WEEE_Cat2,heatingCoolingEEEfan,undefinedAndMixedMaterials,0.185728778096439,,,,,,,,,,,,,,,,,0.185728778096439
WEEE_generatedDedicated,WEEE_Cat2,heatingCoolingEEEheatSink,AlAndAlAlloys,0.417269372003616,,0.342423072412378,,,,0.146942739045252,,0.16237763023797,0.442831065373615,0.317435391596016,,,,0.107487218067929,,,1.936766488736776
WEEE_generatedDedicated,WEEE_Cat2,heatingCoolingEEEheatSink,CuAndCuAlloys,0.160352505599302,,,,,,,0.111165001241563,,,,,,,,,0.0756048928075153,0.3471223996483803
WEEE_generatedDedicated,WEEE_Cat2,heatingCoolingEEEheatSink,ferrousMetals,0.582145864302512,,,,,,0.451092586622574,,0.353406021173584,,0.345756819418863,0.111033451750895,,,0.498759228743249,,,2.3421939720116773
WEEE_generatedDedicated,WEEE_Cat2,heatingCoolingEEEheatSink,otherMetalsAndMetalAlloys,0.546272174016475,0.0913334092407057,,,,,,0.114395331392468,,,,,,,,,,0.7520009146496487
WEEE_generatedDedicated,WEEE_Cat2,heatingCoolingEEEheatSink,plastics,0.0375610324765014,,,,,,,,,,,,,,,,,0.0375610324765014
WEEE_generatedDedicated,WEEE_Cat2,heatingCoolingEEEheatSink,undefinedAndMixedMaterials,0.372200193325573,,,,,,,,,,,,,,,,,0.372200193325573
WEEE_generatedDedicated,WEEE_Cat2,inductor,CuAndCuAlloys,0.513089164890874,,,,,,,0.374102108919049,,,,,,,,,0.592308867152605,1.4795001409625281
WEEE_generatedDedicated,WEEE_Cat2,inductor,ferrousMetals,0.564828531873453,,,,,,0.143782430842776,,0.414613870227165,,0.577373485398504,0.344784653291576,,,0.341592319378899,,,2.386975291012373
WEEE_generatedDedicated,WEEE_Cat2,inductor,plastics,0.0817645070370959,,,,,,,,,,,,,,,,,0.0817645070370959
WEEE_generatedDedicated,WEEE_Cat2,keyboard,AlAndAlAlloys,0.0922996488189181,,0.573462548280515,,,,0.529037302071557,,0.0658229300942407,0.492800041854238,0.284413532208454,,,,0.250955374380646,,,2.288791377708569
WEEE_generatedDedicated,WEEE_Cat2,keyboard,CuAndCuAlloys,0.402580076112714,,,,,,,0.159640822393775,,,,,,,,,0.407439325925222,0.969660224431711
WEEE_generatedDedicated,WEEE_Cat2,keyboard,ferrousMetals,0.276651805461422,,,,,,0.576885711498875,,0.0010955960975138,,0.147801194991203,0.230810719749341,,,0.225644725222912,,,1.4588897530212668
WEEE_generatedDedicated,WEEE_Cat2,keyboard,otherMetalsAndMetalAlloys,0.489915533684256,0.24810558671986,,,,,,0.327743419659401,,,,,,,,,,1.0657645400635172
WEEE_generatedDedicated,WEEE_Cat2,keyboard,plastics,0.0454961542770464,,,,,,,,,,,,,,,,,0.0454961542770464
WEEE_generatedDedicated,WEEE_Cat2,keyboard,undefinedAndMixedMaterials,0.451268804569636,,,,,,,,,,,,,,,,,0.451268804569636
WEEE_generatedDedicated,WEEE_Cat2,knob,AlAndAlAlloys,0.56915658459468,,0.468981646424678,,,,0.320146622040673,,0.113277735834747,0.0405092835344797,0.0475656718207461,,,,0.135227004181919,,,1.6948645484319227
WEEE_generatedDedicated,WEEE_Cat2,knob,ferrousMetals,0.166331683639129,,,,0.169294451718245,,,,0.165028052390764,,0.390801847995558,,,,0.473713537783505,,,1.365169573527201
WEEE_generatedDedicated,WEEE_Cat2,knob,plastics,0.328253260494151,,,,,,,,,,,,,,,,,0.328253260494151
WEEE_generatedDedicated,WEEE_Cat2,lenseAssembly,AlAndAlAlloys,0.591721954904124,,0.371032421894372,,,,0.137508747391835,,0.493453211002918,0.100560864096534,0.11390353421207,,,,0.468198080640193,,,2.276378814142046
WEEE_generatedDedicated,WEEE_Cat2,lenseAssembly,CuAndCuAlloys,0.196245117053431,,,,,,,0.498791124042686,,,,,,,,,0.0207511196545108,0.7157873607506279
WEEE_generatedDedicated,WEEE_Cat2,lenseAssembly,ferrousMetals,0.0528104648433806,,,,,,0.325406961126389,,0.226895562922317,,0.10300780227442,0.503958046956691,,,0.537694694570503,,,1.7497735326937005
WEEE_generatedDedicated,WEEE_Cat2,lenseAssembly,glass,0.423427381856824,,,,,,,,,,,,0.0401518054704956,0.425290015721828,,,0.130636981935454,1.0195061849846017
WEEE_generatedDedicated,WEEE_Cat2,lenseAssembly,plastics,0.321369899732217,,,,,,,,,,,,,,,,,0.321369899732217
WEEE_generatedDedicated,WEEE_Cat2,lenseAssembly,undefinedAndMixedMaterials,0.148978642095958,,,,,,,,,,,,,,,,,0.148978642095958
WEEE_generatedDedicated,WEEE_Cat2,lightingFlash,AlAndAlAlloys,0.269253675749951,,0.217989553885895,,,,0.35042931470098,,0.0554593208144949,0.550457572043918,0.226952209560514,,,,0.214689883607477,,,1.8852315303632299
WEEE_generatedDedicated,WEEE_Cat2,lightingFlash,CuAndCuAlloys,0.587877706532834,,,,,,,0.018835543630432,,,,,,,,,0.10260580149921,0.7093190516624761
WEEE_generatedDedicated,WEEE_Cat2,lightingFlash,ferrousMetals,0.543786358313786,,,,,,0.374710691086162,,0.572435876688876,,0.542191553994084,0.238598348519564,,,0.536841680373738,,,2.80856450897621
WEEE_generatedDedicated,WEEE_Cat2,lightingFlash,glass,0.381778404423748,,,,,,,,,,,,0.594506734293286,0.434886444321654,,,0.351615853932539,1.762787436971227
WEEE_generatedDedicated,WEEE_Cat2,lightingFlash,plastics,0.392666639972478,,,,,,,,,,,,,,,,,0.392666639972478
WEEE_generatedDedicated,WEEE_Cat2,lightingFlash,undefinedAndMixedMaterials,0.051376527597159,,,,,,,,,,,,,,,,,0.051376527597159
WEEE_generatedDedicated,WEEE_Cat2,magnetPermanent,otherOrUndefinedMaterials,0.092279132313222,,,,,,,,,,,,,,,,,0.092279132313222
WEEE_generatedDedicated,WEEE_Cat2,mainboardInclCPUgpu,AlAndAlAlloys,0.51977724743189,,0.121147472653097,,,,0.39518765098437,,0.487357993896602,0.291810888795212,0.442987684884027,,,,0.167929056113372,,,2.42619799475857
WEEE_generatedDedicated,WEEE_Cat2,mainboardInclCPUgpu,CuAndCuAlloys,0.0492968799432675,,,,,,,0.426551159582128,,,,,,,,,0.415105560014929,0.8909535995403245
WEEE_generatedDedicated,WEEE_Cat2,mainboardInclCPUgpu,ferrousMetals,0.107278762180814,,,,,,0.134228703446189,,0.490055905250026,,0.454954573590159,0.344198765726139,,,0.24009000061149,,,1.7708067108048169
WEEE_generatedDedicated,WEEE_Cat2,mainboardInclCPUgpu,otherMetalsAndMetalAlloys,0.0754245958901599,0.0417021622863379,,,,,,0.406439425988854,,,,,,,,,,0.5235661841653518
WEEE_generatedDedicated,WEEE_Cat2,mainboardInclCPUgpu,plastics,0.147810916113353,,,,,,,,,,,,,,,,,0.147810916113353
WEEE_generatedDedicated,WEEE_Cat2,mainboardInclCPUgpu,undefinedAndMixedMaterials,0.525268473628943,,,,,,,,,,,,,,,,,0.525268473628943
WEEE_generatedDedicated,WEEE_Cat2,non-electricCoil,AlAndAlAlloys,0.0204103486524381,,0.371580546665617,,,,0.0197698465220756,,0.530674872704697,0.0002192079178736,0.526485553708779,,,,0.422189896076651,,,1.8913302722481313
WEEE_generatedDedicated,WEEE_Cat2,non-electricCoil,ferrousMetals,0.20042198516764,,,,0.0314988413911858,,,,0.460174389523525,,0.393968359141836,,,,0.164874616952534,,,1.2509381921767209
WEEE_generatedDedicated,WEEE_Cat2,non-electricCoil,plastics,0.15730085432157,,,,,,,,,,,,,,,,,0.15730085432157
WEEE_generatedDedicated,WEEE_Cat2,onOffSwitch,CuAndCuAlloys,0.361482531474613,,,,,,,0.19241183076069,,,,,,,,,0.236560167519736,0.7904545297550389
WEEE_generatedDedicated,WEEE_Cat2,onOffSwitch,plastics,0.203681753138945,,,,,,,,,,,,,,,,,0.203681753138945
WEEE_generatedDedicated,WEEE_Cat2,otherElectricCompUnspecified,AlAndAlAlloys,0.043723314409487,,0.394978844801228,,,,0.331880860165903,,0.430016958891151,0.140320734826199,0.310727153360989,,,,0.521073919269119,,,2.1727217857240757
WEEE_generatedDedicated,WEEE_Cat2,otherElectricCompUnspecified,CuAndCuAlloys,0.544107672261911,,,,,,,0.177548424896874,,,,,,,,,0.567950937210629,1.2896070343694142
WEEE_generatedDedicated,WEEE_Cat2,otherElectricCompUnspecified,ferrousMetals,0.556989053533653,,,,,,0.378240633655663,,0.296182620424844,,0.0951395217082883,0.41671938883013,,,0.140003823062976,,,1.8832750412155543
WEEE_generatedDedicated,WEEE_Cat2,otherElectricCompUnspecified,glass,0.466215854585121,,,,,,,,,,,,0.540961027304243,0.351403593790804,,,0.369406375308784,1.727986850988952
WEEE_generatedDedicated,WEEE_Cat2,otherElectricCompUnspecified,otherMetalsAndMetalAlloys,0.119622393158027,0.243537217972541,,,,,,0.020860243821498,,,,,,,,,,0.384019854952066
WEEE_generatedDedicated,WEEE_Cat2,otherElectricCompUnspecified,otherOrUndefinedMaterials,0.267657019150615,,,,,,,,,,,,,,,,,0.267657019150615
WEEE_generatedDedicated,WEEE_Cat2,otherElectricCompUnspecified,plastics,0.357904245344206,,,,,,,,,,,,,,,,,0.357904245344206
WEEE_generatedDedicated,WEEE_Cat2,otherElectricCompUnspecified,undefinedAndMixedMaterials,0.419270206274162,,,,,,,,,,,,,,,,,0.419270206274162
WEEE_generatedDedicated,WEEE_Cat2,otherNonElectricCompUnspecified,AlAndAlAlloys,0.0801956781893228,,0.154796607400861,,,,0.420031597300508,,0.140427112216027,0.362654011028433,0.452827210705482,,,,0.332666216062653,,,1.943598432903287
WEEE_generatedDedicated,WEEE_Cat2,otherNonElectricCompUnspecified,CuAndCuAlloys,0.181108363244664,,0.262237736888517,,,,0.43232769783814,0.403409174778035,0.0003980284831102,0.373208655048498,0.148510447681706,,,,0.431292064471213,,0.0554110432548457,2.2879032116887292
WEEE_generatedDedicated,WEEE_Cat2,otherNonElectricCompUnspecified,ferrousMetals,0.155166249353051,,,,0.250907826303111,,0.18308076843218,,0.0059995477441465,,0.0807630878921231,0.46381217211526,,,0.510442869253507,,,1.6501725210933786
WEEE_generatedDedicated,WEEE_Cat2,otherNonElectricCompUnspecified,plastics,0.0806630412615564,,,,,,,,,,,,,,,,,0.0806630412615564
WEEE_generatedDedicated,WEEE_Cat2,otherNonElectricCompUnspecified,steelAndSteelAlloys,0.483214213257056,,,,,,0.203468919537334,,0.525271109611406,,0.363488941605588,0.255916769521736,,,0.116237219708234,,,1.947597173241354
WEEE_generatedDedicated,WEEE_Cat2,otherNonElectricCompUnspecified,undefinedAndMixedMaterials,0.249930900116923,,,,,,,,,,,,,,,,,0.249930900116923
WEEE_generatedDedicated,WEEE_Cat2,passiveJunctionBox,CuAndCuAlloys,0.0845421331073069,,,,,,,0.0041705539164967,,,,,,,,0.537012726416559,0.546934534338676,1.1726599477790385
WEEE_generatedDedicated,WEEE_Cat2,passiveJunctionBox,otherOrUndefinedMaterials,0.0254460601457842,,,,,,,,,,,,,,,,,0.0254460601457842
WEEE_generatedDedicated,WEEE_Cat2,passiveJunctionBox,plastics,0.553181122613221,,,,,,,,,,,,,,,,,0.553181122613221
WEEE_generatedDedicated,WEEE_Cat2,pcbWEEECat,plastics,0.0755439595675149,,,,,,,,,,,,,,,,,0.0755439595675149
WEEE_generatedDedicated,WEEE_Cat2,powerSupply,AlAndAlAlloys,0.306738007753835,,0.401951920077511,,,,0.461800153866216,,0.0900042652970606,0.583629556952062,0.379645145412367,,,,0.474238064741233,,,2.6980071141002844
WEEE_generatedDedicated,WEEE_Cat2,powerSupply,CuAndCuAlloys,0.3283459586302,,,,,,,0.513787415832258,,,,,,,,,0.54377804485498,1.385911419317438
WEEE_generatedDedicated,WEEE_Cat2,powerSupply,ferrousMetals,0.0453212997280403,,,,,,0.227644539151495,,0.232649733976881,,0.26727303377014,0.0860721419331379,,,0.195222712750594,,,1.0541834613102883
WEEE_generatedDedicated,WEEE_Cat2,powerSupply,otherMetalsAndMetalAlloys,0.576916474822292,0.574168912638782,,,,,,0.562202489513638,,,,,,,,,,1.7132878769747122
WEEE_generatedDedicated,WEEE_Cat2,powerSupply,plastics,0.505287295036202,,,,,,,,,,,,,,,,,0.505287295036202
WEEE_generatedDedicated,WEEE_Cat2,powerSupply,undefinedAndMixedMaterials,0.449530297745418,,,,,,,,,,,,,,,,,0.449530297745418
WEEE_generatedDedicated,WEEE_Cat2,pump,ironWroughtAndCast,0.379568865718145,,,,0.090338365455073,,,,0.189503075727725,,0.01682589023635,,,,0.488759410646622,,,1.164995607783915
WEEE_generatedDedicated,WEEE_Cat2,pump,steelAndSteelAlloys,0.581374188095849,,,,,,0.112681011038081,,0.312678113893115,,0.357086306890142,0.594970795129874,,,0.235858562381713,,,2.194648977428774
WEEE_generatedDedicated,WEEE_Cat2,refrigerant,otherOrUndefinedMaterials,0.398578423673671,,,,,,,,,,,,,,,,,0.398578423673671
WEEE_generatedDedicated,WEEE_Cat2,remoteControl,AlAndAlAlloys,0.379789560272554,,0.461168060476888,,,,0.0886023306712167,,0.398398834192954,0.364964187143392,0.555826391465906,,,,0.560892353686188,,,2.809641717909099
WEEE_generatedDedicated,WEEE_Cat2,remoteControl,CuAndCuAlloys,0.329496495769059,,,,,,,0.097893124036597,,,,,,,,,0.491170881408602,0.9185605012142579
WEEE_generatedDedicated,WEEE_Cat2,remoteControl,ferrousMetals,0.348299173213287,,,,,,0.583151939291433,,0.412920823606035,,0.132071347620082,0.24847182388893,,,0.0516429935494919,,,1.7765581011692588
WEEE_generatedDedicated,WEEE_Cat2,remoteControl,otherOrUndefinedMaterials,0.347291962775885,,,,,,,,,,,,,,,,,0.347291962775885
WEEE_generatedDedicated,WEEE_Cat2,remoteControl,plastics,0.374088958643431,,,,,,,,,,,,,,,,,0.374088958643431
WEEE_generatedDedicated,WEEE_Cat2,remoteControl,undefinedAndMixedMaterials,0.0380969915849748,,,,,,,,,,,,,,,,,0.0380969915849748
WEEE_generatedDedicated,WEEE_Cat2,rotor,ferrousMetals,0.0347493462514443,,,,,,0.361085692684883,,0.542974581861784,,0.517653119985704,0.214117852217233,,,0.452197128269384,,,2.1227777212704324
WEEE_generatedDedicated,WEEE_Cat2,rotor,plastics,0.193938018348608,,,,,,,,,,,,,,,,,0.193938018348608
WEEE_generatedDedicated,WEEE_Cat2,screw,CuAndCuAlloys,0.0866708999914967,,,,,,,0.129803581133982,,,,,,,,,0.585194321429138,0.8016688025546166
WEEE_generatedDedicated,WEEE_Cat2,screw,ferrousMetals,0.136732449682734,,,,0.157003651265667,,,,0.377181955651931,,0.509390155814829,,,,0.24524273635059,,,1.425550948765751
WEEE_generatedDedicated,WEEE_Cat2,shadowComponentWEEE,CuAndCuAlloys,0.134424051364394,,0.279251576773018,,,,0.535770920512709,0.176792248325203,0.578872965336462,0.194948353842512,0.383778014753083,,,,0.0520516141785288,0.545493745790905,0.221623891205173,3.103007382081988
WEEE_generatedDedicated,WEEE_Cat2,shadowComponentWEEE,bitumen,0.207958892421579,,,,,,,,,,,,,,,,,0.207958892421579
WEEE_generatedDedicated,WEEE_Cat2,shadowComponentWEEE,ceramicComposites,0.148125700724198,,,,,,,,,,,,,,,,,0.148125700724198
WEEE_generatedDedicated,WEEE_Cat2,shadowComponentWEEE,concrete,0.450484555053543,,,,,,,,,,,,,,,,,0.450484555053543
WEEE_generatedDedicated,WEEE_Cat2,shadowComponentWEEE,glass,0.401701448542051,,,,,,,,,,,,0.332546235337863,0.423585404201918,,,0.429331098524941,1.587164186606773
WEEE_generatedDedicated,WEEE_Cat2,shadowComponentWEEE,ironWroughtAndCast,0.392117003796549,,,,0.0924378629651926,,,,0.521413107209366,,0.295737961336401,,,,0.10320300067869,,,1.4049089359861986
WEEE_generatedDedicated,WEEE_Cat2,shadowComponentWEEE,oil4,0.58112413669504,,,,,,,,,,,,,,,,,0.58112413669504
WEEE_generatedDedicated,WEEE_Cat2,shadowComponentWEEE,otherMetalsAndMetalAlloys,0.0960795543407435,0.328337904171804,0.322318933738464,0.424737905655134,0.0032757639994096,0.441521804251794,,0.464065440764044,0.369147658481243,0.265027457420556,0.336468621713753,0.24022005050917,,,0.147689116598716,,0.591091549080917,4.029981760725748
WEEE_generatedDedicated,WEEE_Cat2,shadowComponentWEEE,otherOrUndefinedMaterials,0.598635740098748,,,,,,,,,,,,,,,,,0.598635740098748
WEEE_generatedDedicated,WEEE_Cat2,shadowComponentWEEE,otherOrganics,0.143701813023416,,,,,,,,,,,,,,,,,0.143701813023416
WEEE_generatedDedicated,WEEE_Cat2,shadowComponentWEEE,plasticComposites,0.415771549527284,,,,,,,,,,,,,,,,,0.415771549527284
WEEE_generatedDedicated,WEEE_Cat2,shadowComponentWEEE,plastics,0.479652207694508,,,,,,,,,,,,,,,,,0.479652207694508
WEEE_generatedDedicated,WEEE_Cat2,shadowComponentWEEE,reinforcedPlastics,0.214045447971727,,,,,,,,,,,,,,,,,0.214045447971727
WEEE_generatedDedicated,WEEE_Cat2,shadowComponentWEEE,sand,0.573606056584317,,,,,,,,,,,,0.213464130693485,0.206647084245331,,,0.24604461019831,1.2397618817214429
WEEE_generatedDedicated,WEEE_Cat2,shadowComponentWEEE,steelAndSteelAlloys,0.437749005608528,,,,,,0.305883651854123,,0.114220594600894,,0.52227129555454,0.300029303586862,,,0.103689494840943,,,1.7838433460458898
WEEE_generatedDedicated,WEEE_Cat2,speakerEEE2,AlAndAlAlloys,0.0041799461143339,,0.519730306913936,,,,0.41241424004484,,0.161451450885674,0.513689882632232,0.440040299997036,,,,0.359861399095391,,,2.411367525683443
WEEE_generatedDedicated,WEEE_Cat2,speakerEEE2,CuAndCuAlloys,0.533531077856415,,,,,,,0.058156664431301,,,,,,,,,0.379185751315099,0.9708734936028149
WEEE_generatedDedicated,WEEE_Cat2,speakerEEE2,ferrousMetals,0.468021736293243,,,,,,0.522207955283015,,0.017096736428009,,0.383956920933866,0.0403589073176202,,,0.434016274931018,,,1.8656585311867713
WEEE_generatedDedicated,WEEE_Cat2,speakerEEE2,otherMetalsAndMetalAlloys,0.472695476691315,0.551245932138215,,,,,,0.465646913850734,,,,,,,,,,1.489588322680264
WEEE_generatedDedicated,WEEE_Cat2,speakerEEE2,plastics,0.161366431260288,,,,,,,,,,,,,,,,,0.161366431260288
WEEE_generatedDedicated,WEEE_Cat2,speakerEEE2,undefinedAndMixedMaterials,0.431126244780695,,,,,,,,,,,,,,,,,0.431126244780695
WEEE_generatedDedicated,WEEE_Cat2,transformator,CuAndCuAlloys,0.221821686477538,,,,,,,0.206491911040698,,,,,,,,,0.313488626165838,0.741802223684074
WEEE_generatedDedicated,WEEE_Cat2,transformator,ferrousMetals,0.301684597010575,,,,,,0.331280715391041,,0.261044605818711,,0.245064930901211,0.330353649298384,,,0.360374413157018,,,1.8298029115769399
WEEE_generatedDedicated,WEEE_Cat2,transmission,ferrousMetals,0.519031586990997,,,,,,0.381454541320117,,0.135196556370906,,0.0346291079158214,0.506314637479349,,,0.0924147920926151,,,1.6690412221698057
WEEE_generatedDedicated,WEEE_Cat2,transmission,plastics,0.0240616795178288,,,,,,,,,,,,,,,,,0.0240616795178288
WEEE_generatedDedicated,WEEE_Cat2,transmitter,CuAndCuAlloys,0.319489570064004,,,,,,,0.159211997201151,,,,,,,,,0.35901777946679,0.837719346731945
WEEE_generatedDedicated,WEEE_Cat2,transmitter,ferrousMetals,0.513927295688016,,,,0.303867580295078,,,,0.335515525950365,,0.0669496757559526,,,,0.0538814259176939,,,1.2741415036071053
WEEE_generatedDedicated,WEEE_Cat2,transmitter,plastics,0.163218757260301,,,,,,,,,,,,,,,,,0.163218757260301
WEEE_generatedDedicated,WEEE_Cat2,wheel,ferrousMetals,0.432812558781529,,,,,,0.521526667923516,,0.384433525975513,,0.338417670241683,0.539985457801757,,,0.0215881621416773,,,2.238764042865675
WEEE_generatedDedicated,WEEE_Cat2,wheel,plastics,0.363121274366783,,,,,,,,,,,,,,,,,0.363121274366783
WEEE_generatedDedicated,WEEE_Cat2,wheel,polymerPA6GF30,0.260779341495026,,,,,,,,,,,,,,,,,0.260779341495026
WEEE_generatedDedicated,WEEE_Cat2,wheel,polymerPPTF20,0.30032001416138,,,,,,,,,,,,,,,,,0.30032001416138
WEEE_generatedDedicated,WEEE_Cat2,wheel,polymerPPTF30,0.161985243592893,,,,,,,,,,,,,,,,,0.161985243592893
WEEE_generatedDedicated,WEEE_Cat3,ComponentShadowWEEE,AlAndAlAlloys,0.521684138411718,,0.0763808529269789,,,,0.542196768499819,,0.454425282700951,0.462773583495732,0.545233436082335,,,,0.377630196183825,,,2.980324258301359
WEEE_generatedDedicated,WEEE_Cat3,ComponentShadowWEEE,CuAndCuAlloys,0.402930357868698,,,,,,,0.349148067397967,,,,,,,,,0.553508793239375,1.30558721850604
WEEE_generatedDedicated,WEEE_Cat3,ComponentShadowWEEE,aggregateBinderMixedMaterials,0.37155121272429,,,,,,,,,,,,,,,,,0.37155121272429
WEEE_generatedDedicated,WEEE_Cat3,ComponentShadowWEEE,ferrousMetals,0.0794947936475671,,,,0.57713844871856,,0.2218766032807,,0.119992841629748,,0.420569045295915,0.426449929697178,,,0.300859214164828,,,2.1463808764344963
WEEE_generatedDedicated,WEEE_Cat3,ComponentShadowWEEE,glass,0.18801228517647,,,,,,,,,,,,0.591283699434907,0.196897999105318,,,0.0076383674662288,0.9838323511829239
WEEE_generatedDedicated,WEEE_Cat3,ComponentShadowWEEE,glassAndCeramics,0.377355024603703,,,,,,,,,,,,0.21841946408026,0.528691721664029,,,0.515370083602825,1.639836293950817
WEEE_generatedDedicated,WEEE_Cat3,ComponentShadowWEEE,non-ferrousMetals,0.194773762004475,0.155422189240613,0.372664180425837,,0.3343161648257,0.0904246746934742,0.520133180712199,0.0838422968789481,0.456636797481881,0.0161139685984572,0.197654892062455,0.0070115026566397,0.363452981584612,,0.203041575039149,0.394376778640759,0.0372947692424706,3.42715971408767
WEEE_generatedDedicated,WEEE_Cat3,ComponentShadowWEEE,otherMetalsAndMetalAlloys,0.288801412832565,0.519798647825748,,,,,,0.44568077957235,,,,,,,,,,1.254280840230663
WEEE_generatedDedicated,WEEE_Cat3,ComponentShadowWEEE,otherMinerals,0.130936370816259,,,,,,,,,,,,0.0273283264532087,0.0491985408211632,,,0.416637488370228,0.6241007264608589
WEEE_generatedDedicated,WEEE_Cat3,ComponentShadowWEEE,otherOrUndefinedMaterials,0.123576018811486,,,,,,,,,,,,,,,,,0.123576018811486
WEEE_generatedDedicated,WEEE_Cat3,ComponentShadowWEEE,otherOrganics,0.0293455484391737,,,,,,,,,,,,,,,,,0.0293455484391737
WEEE_generatedDedicated,WEEE_Cat3,ComponentShadowWEEE,plastics,0.509439261553941,,,,,,,,,,,,,,,,,0.509439261553941
WEEE_generatedDedicated,WEEE_Cat3,ComponentShadowWEEE,undefinedAndMixedMaterials,0.274147966299202,,,,,,,,,,,,,,,,,0.274147966299202
WEEE_generatedDedicated,WEEE_Cat3,ComponentShadowWEEE,wood,0.105652798773211,,,,,,,,,,,,,,,,,0.105652798773211
WEEE_generatedDedicated,WEEE_Cat3,LidarSensor (&lt;15cm),AlAndAlAlloys,0.0408780445122381,,0.274942799557236,,,,0.427213920876998,,0.0488106317158965,0.506237336774367,0.399090954938961,,,,0.150392318150564,,,1.8475660065262605
WEEE_generatedDedicated,WEEE_Cat3,LidarSensor (&lt;15cm),CuAndCuAlloys,0.278290903433263,,,,,,,0.139960726580873,,,,,,,,,0.417333413418761,0.8355850434328971
WEEE_generatedDedicated,WEEE_Cat3,LidarSensor (&lt;15cm),ferrousMetals,0.389793606316595,,,,0.345142710557411,,0.505811330160562,,0.322702003803057,,0.167411446833737,0.162769996060009,,,0.56237489473709,,,2.456005988468461
WEEE_generatedDedicated,WEEE_Cat3,LidarSensor (&lt;15cm),glass,0.301812871523318,,,,,,,,,,,,0.115809303074796,0.0228843230679148,,,0.405738626390684,0.8462451240567128
WEEE_generatedDedicated,WEEE_Cat3,LidarSensor (&lt;15cm),plastics,0.0843973959644496,,,,,,,,,,,,,,,,,0.0843973959644496
WEEE_generatedDedicated,WEEE_Cat3,MagnetSensor,CuAndCuAlloys,0.0705778598313812,,,,,,,0.426676370190061,,,,,,,,,0.140196661814485,0.6374508918359272
WEEE_generatedDedicated,WEEE_Cat3,MagnetSensor,ferrousMetals,0.413810360371365,,,,0.173114529583539,,,,0.551746364042171,,0.562488526535461,,,,0.055236771771033,,,1.756396552303569
WEEE_generatedDedicated,WEEE_Cat3,MagnetSensor,plastics,0.473677027407079,,,,,,,,,,,,,,,,,0.473677027407079
WEEE_generatedDedicated,WEEE_Cat3,PCBWEEECat,otherOrUndefinedMaterials,0.162675871763097,,,,,,,,,,,,,,,,,0.162675871763097
WEEE_generatedDedicated,WEEE_Cat3,PCBunspecified,ferrousMetals,0.476854186197378,,,,,,0.542977802845161,,0.170150522889247,,0.378658076294283,0.592526341366813,,,0.41394913576931,,,2.5751160653621916
WEEE_generatedDedicated,WEEE_Cat3,PVBacksheet,plasticComposites,0.0114846599572816,,,,,,,,,,,,,,,,,0.0114846599572816
WEEE_generatedDedicated,WEEE_Cat3,PVBacksheet,plastics,0.303342068776738,,,,,,,,,,,,,,,,,0.303342068776738
WEEE_generatedDedicated,WEEE_Cat3,PVEncapsulationEVA,plastics,0.377262529585318,,,,,,,,,,,,,,,,,0.377262529585318
WEEE_generatedDedicated,WEEE_Cat3,PVFrameAl,CuAndCuAlloys,0.218331914894659,,0.398960031011486,,,,0.452811246211178,,0.590653203492974,0.265537235807553,0.211464417483374,,,,0.258587036503816,,,2.39634508540504
WEEE_generatedDedicated,WEEE_Cat3,PVSolarGlass,glass,0.520140503473401,,,,,,,,,,,,0.550875617049021,0.145608427484644,,,0.147967661948031,1.364592209955097
WEEE_generatedDedicated,WEEE_Cat3,PVcellSi,otherOrUndefinedMaterials,0.411466712879372,,,,,,,,,,,,,,,,,0.411466712879372
WEEE_generatedDedicated,WEEE_Cat3,WEEEEvaporator,CuAndCuAlloys,0.276517447395728,,,,,,,0.045755566246774,,,,,,,,,0.428331075872559,0.750604089515061
WEEE_generatedDedicated,WEEE_Cat3,WEEEEvaporator,steelAndSteelAlloys,0.34322752821426,,,,,,0.0694852666005731,,0.309207561716704,,0.156210295009678,0.130599619508948,,,0.0065810807954185,,,1.0153113518455816
WEEE_generatedDedicated,WEEE_Cat3,brush,AlAndAlAlloys,0.383019704870415,,0.275930792338778,,,,0.139502065971499,,0.147750605697353,0.094323546948536,0.302659951153955,,,,0.262932596226216,,,1.6061192632067518
WEEE_generatedDedicated,WEEE_Cat3,brush,ferrousMetals,0.38380619801436,,,,0.3532656673523,,,,0.366308453982216,,0.222128293448376,,,,0.0240358102450889,,,1.349544423042341
WEEE_generatedDedicated,WEEE_Cat3,brush,plastics,0.376998589690912,,,,,,,,,,,,,,,,,0.376998589690912
WEEE_generatedDedicated,WEEE_Cat3,cableUnspecified,AlAndAlAlloys,0.271131361888423,,0.134289566998874,,,,0.101374194735923,,0.546599544136273,0.576850681761135,0.12817174400789,,,,0.258062311521644,,,2.0164794050501618
WEEE_generatedDedicated,WEEE_Cat3,cableUnspecified,CuAndCuAlloys,0.222548849766643,,,,,,,0.518868015405182,,,,,,,,,0.387435272807611,1.128852137979436
WEEE_generatedDedicated,WEEE_Cat3,cableUnspecified,ferrousMetals,0.189826504452688,,,,,,0.592451945727138,,0.280389236473423,,0.552345510433658,0.592616973258599,,,0.351293064816559,,,2.558923235162065
WEEE_generatedDedicated,WEEE_Cat3,cableUnspecified,plastics,0.392344134754709,,,,,,,,,,,,,,,,,0.392344134754709
WEEE_generatedDedicated,WEEE_Cat3,cableWPlug,plastics,0.439936291825262,,,,,,,,,,,,,,,,,0.439936291825262
WEEE_generatedDedicated,WEEE_Cat3,cableWithConnector,CuAndCuAlloys,0.300990081277984,,,,,,,0.570162059389398,,,,,,,,,0.513347222334365,1.384499363001747
WEEE_generatedDedicated,WEEE_Cat3,cables,otherOrUndefinedMaterials,0.396306162606913,,,,,,,,,,,,,,,,,0.396306162606913
WEEE_generatedDedicated,WEEE_Cat3,cablewire,AlAndAlAlloys,0.162372768812852,,0.32884063046033,,,,0.101874467705499,,0.315505670939305,0.45798673837983,0.288680575008222,,,,0.488783063605497,,,2.144043914911535
WEEE_generatedDedicated,WEEE_Cat3,cablewire,CuAndCuAlloys,0.0890011718452526,,,,,,,0.503524244581764,,,,,,,,,0.561504445175963,1.1540298616029796
WEEE_generatedDedicated,WEEE_Cat3,cablewire,ferrousMetals,0.539048304656792,,,,0.326872534430558,,,,0.391103108562899,,0.23940944660703,,,,0.0202705895869136,,,1.5167039838441927
WEEE_generatedDedicated,WEEE_Cat3,cablewire,plastics,0.457746396076295,,,,,,,,,,,,,,,,,0.457746396076295
WEEE_generatedDedicated,WEEE_Cat3,capElectrolytic,CuAndCuAlloys,0.214055709076745,,,,,,,0.172490311562739,,,,,,,,,0.0479263320468158,0.4344723526862998
WEEE_generatedDedicated,WEEE_Cat3,capElectrolytic,undefinedAndMixedMaterials,0.224149338516149,,,,,,,,,,,,,,,,,0.224149338516149
WEEE_generatedDedicated,WEEE_Cat3,casingPlasticBased,AlAndAlAlloys,0.0128309225730196,,0.438134904617008,,,,0.388009480161066,,0.33030189261947,0.386183866409213,0.0480573825550632,,,,0.466861464199058,,,2.070379913133898
WEEE_generatedDedicated,WEEE_Cat3,casingPlasticBased,CuAndCuAlloys,0.55054857545048,,,,,,,0.0529403907621713,,,,,,,,,0.4321319512083,1.0356209174209512
WEEE_generatedDedicated,WEEE_Cat3,casingPlasticBased,ferrousMetals,0.375747413015165,,,,0.232342776242113,,0.256218158568074,,0.31255917360912,,0.0430190416815972,0.370306896959754,,,0.0667871394495045,,,1.6569805995253277
WEEE_generatedDedicated,WEEE_Cat3,casingPlasticBased,otherOrganics,0.480179766730233,,,,,,,,,,,,,,,,,0.480179766730233
WEEE_generatedDedicated,WEEE_Cat3,casingPlasticBased,plastics,0.0721711179033579,,,,,,,,,,,,,,,,,0.0721711179033579
WEEE_generatedDedicated,WEEE_Cat3,casingPlasticBased,polymerPA6GF30,0.0107405520585721,,,,,,,,,,,,,,,,,0.0107405520585721
WEEE_generatedDedicated,WEEE_Cat3,casingPlasticBased,polymerPPGF30,0.0591336223324066,,,,,,,,,,,,,,,,,0.0591336223324066
WEEE_generatedDedicated,WEEE_Cat3,casingPlasticBased,polymerPPTF30,0.457388720254037,,,,,,,,,,,,,,,,,0.457388720254037
WEEE_generatedDedicated,WEEE_Cat3,casingSteelBased,ferrousMetals,0.349305858647085,,,,,,0.332917290146784,,0.0892600554347983,,0.570728734228606,0.0209228466290429,,,0.441287781438304,,,1.8044225665246203
WEEE_generatedDedicated,WEEE_Cat3,casingUnspecified,AlAndAlAlloys,0.107033979691996,,0.569460481389423,,,,0.487698800925453,,0.352875703332271,0.332259230387059,0.556716536952558,,,,0.474401597758229,,,2.880446330436989
WEEE_generatedDedicated,WEEE_Cat3,casingUnspecified,CuAndCuAlloys,0.0162099307332667,,,,,,,0.496389320872398,,,,,,,,,0.0225491257234697,0.5351483773291343
WEEE_generatedDedicated,WEEE_Cat3,casingUnspecified,ferrousMetals,0.244901823217006,,,,,,0.462160630917728,,0.556604283241218,,0.360317197041859,0.268710117886634,,,0.337400115536983,,,2.230094167841428
WEEE_generatedDedicated,WEEE_Cat3,casingUnspecified,glass,0.422027121001256,,,,,,,,,,,,0.0164106119340314,0.0803449805682751,,,0.209457209668724,0.7282399231722865
WEEE_generatedDedicated,WEEE_Cat3,casingUnspecified,otherMetalsAndMetalAlloys,0.0588901065670313,0.422410798114565,,,,,,0.51736240507031,,,,,,,,,,0.9986633097519062
WEEE_generatedDedicated,WEEE_Cat3,casingUnspecified,plastics,0.3614865157637,,,,,,,,,,,,,,,,,0.3614865157637
WEEE_generatedDedicated,WEEE_Cat3,casingUnspecified,undefinedAndMixedMaterials,0.412844625318668,,,,,,,,,,,,,,,,,0.412844625318668
WEEE_generatedDedicated,WEEE_Cat3,compressor,CuAndCuAlloys,0.411152937095261,,0.473976696433823,,,,0.0722332483740218,0.542849886673803,0.380107688620608,0.566677928918854,0.349176231454086,,,,0.575905159720098,,0.149183383443501,3.5212631607340557
WEEE_generatedDedicated,WEEE_Cat3,compressor,glass,0.120776284910188,,,,,,,,,,,,0.210220475278234,0.333050921612338,,,0.0169022064601776,0.6809498882609376
WEEE_generatedDedicated,WEEE_Cat3,compressor,otherFerrousAlloys,0.546544701752367,,,,0.0462459488012948,,,,0.101175984952886,,0.175533191318342,,,,0.312407311341839,,,1.181907138166729
WEEE_generatedDedicated,WEEE_Cat3,compressor,otherOrUndefinedMaterials,0.0526013343389189,,,,,,,,,,,,,,,,,0.0526013343389189
WEEE_generatedDedicated,WEEE_Cat3,compressor,plastics,0.502200067806028,,,,,,,,,,,,,,,,,0.502200067806028
WEEE_generatedDedicated,WEEE_Cat3,compressor,steelAndSteelAlloys,0.548415824453003,,,,,,0.445172246040138,,0.0128514786720283,,0.496142377354712,0.355269227771368,,,0.5631857080667,,,2.4210368623579495
WEEE_generatedDedicated,WEEE_Cat3,displayCRT,AlAndAlAlloys,0.428752508202202,,0.567424138361922,,,,0.539325490624423,,0.499258350765006,0.396725862375672,0.0123693803994124,,,,0.0055876055807161,,,2.4494433363093533
WEEE_generatedDedicated,WEEE_Cat3,displayCRT,glass,0.499687701774176,,,,,,,,,,,,0.349263118085854,0.313375123571205,,,0.0152320684351424,1.1775580118663773
WEEE_generatedDedicated,WEEE_Cat3,displayLCD,AlAndAlAlloys,0.490980084516642,,0.274337268490696,,,,0.214881942862125,,0.475120244203564,0.227432060034261,0.421211763450534,,,,0.359657188742565,,,2.4636205523003873
WEEE_generatedDedicated,WEEE_Cat3,displayLCD,CuAndCuAlloys,0.538113541770971,,,,,,,0.278505285658625,,,,,,,,,0.399735697516595,1.216354524946191
WEEE_generatedDedicated,WEEE_Cat3,displayLCD,ferrousMetals,0.133889377823144,,,,,,0.355858869923584,,0.263954986421099,,0.503780040228013,0.295903574830886,,,0.0971026673015769,,,1.6504895165283031
WEEE_generatedDedicated,WEEE_Cat3,displayLCD,glass,0.0922125184834492,,,,,,,,,,,,0.270012451956248,0.176040831369601,,,0.0766225497973626,0.6148883516066609
WEEE_generatedDedicated,WEEE_Cat3,displayLCD,plastics,0.179764149775446,,,,,,,,,,,,,,,,,0.179764149775446
WEEE_generatedDedicated,WEEE_Cat3,displayLCD,undefinedAndMixedMaterials,0.553468109730127,,,,,,,,,,,,,,,,,0.553468109730127
WEEE_generatedDedicated,WEEE_Cat3,displayOther,AlAndAlAlloys,0.546491981460421,,0.225158679929194,,,,0.360245222322739,,0.23632470877205,0.473174472599025,0.123405459706602,,,,0.154141804004703,,,2.118942328794734
WEEE_generatedDedicated,WEEE_Cat3,displayOther,CuAndCuAlloys,0.373974963349394,,,,,,,0.157477154230789,,,,,,,,,0.33249257874333,0.8639446963235129
WEEE_generatedDedicated,WEEE_Cat3,displayOther,ferrousMetals,0.140936226181878,,,,,,0.543104429039084,,0.191302775447068,,0.335157078874321,0.44574060874938,,,0.22371157921761,,,1.879952697509341
WEEE_generatedDedicated,WEEE_Cat3,displayOther,glass,0.269959042978606,,,,,,,,,,,,0.245887382114042,0.407352390075163,,,0.0605427871078985,0.9837416022757095
WEEE_generatedDedicated,WEEE_Cat3,displayOther,otherMetalsAndMetalAlloys,0.547433446118788,0.253283454337382,,,,,,0.106165204878707,,,,,,,,,,0.9068821053348769
WEEE_generatedDedicated,WEEE_Cat3,displayOther,plastics,0.165516203279859,,,,,,,,,,,,,,,,,0.165516203279859
WEEE_generatedDedicated,WEEE_Cat3,displayOther,undefinedAndMixedMaterials,0.526044765671214,,,,,,,,,,,,,,,,,0.526044765671214
WEEE_generatedDedicated,WEEE_Cat3,driveCDDInt,AlAndAlAlloys,0.557163390604095,,0.122035590483669,,,,0.321533120428947,,0.279195878141486,0.0868921853167638,0.155906510520746,,,,0.390301728746855,,,1.9130284042425616
WEEE_generatedDedicated,WEEE_Cat3,driveCDDInt,CuAndCuAlloys,0.309729023835967,,,,,,,0.199295744344162,,,,,,,,,0.476343790890762,0.9853685590708909
WEEE_generatedDedicated,WEEE_Cat3,driveCDDInt,ferrousMetals,0.0464167359677661,,,,,,0.132728305306712,,0.437638536376629,,0.554015897658696,0.350655126263895,,,0.390994805210334,,,1.9124494067840323
WEEE_generatedDedicated,WEEE_Cat3,driveCDDInt,otherMetalsAndMetalAlloys,0.0702760542053919,0.323124948478204,,,,,,0.533404973299397,,,,,,,,,,0.9268059759829929
WEEE_generatedDedicated,WEEE_Cat3,driveCDDInt,plastics,0.174254816848073,,,,,,,,,,,,,,,,,0.174254816848073
WEEE_generatedDedicated,WEEE_Cat3,driveCDDInt,undefinedAndMixedMaterials,0.551856876125271,,,,,,,,,,,,,,,,,0.551856876125271
WEEE_generatedDedicated,WEEE_Cat3,driveFDD,AlAndAlAlloys,0.501752037616162,,0.481170420107976,,,,0.0126793583003566,,0.384051124698014,0.36383532286048,0.316540174011127,,,,0.56606884411291,,,2.6260972817070254
WEEE_generatedDedicated,WEEE_Cat3,driveFDD,ferrousMetals,0.353745922790629,,,,,,0.190146123846196,,0.55925622803122,,0.0263134517883205,0.0979029384593419,,,0.335625400610625,,,1.5629900655263325
WEEE_generatedDedicated,WEEE_Cat3,driveHDD,AlAndAlAlloys,0.502120318380888,,0.541237215066554,,,,0.028754680176838,,0.45014011661326,0.17590639307834,0.0319879121319165,,,,0.560842726766123,,,2.2909893622139195
WEEE_generatedDedicated,WEEE_Cat3,driveHDD,CuAndCuAlloys,0.532404419103522,,,,,,,0.389132922410175,,,,,,,,,0.576358421630464,1.497895763144161
WEEE_generatedDedicated,WEEE_Cat3,driveHDD,ferrousMetals,0.482978877311127,,,,,,0.392201740799543,,0.341622948186939,,0.215386708695375,0.279922812656782,,,0.577845705115347,,,2.289958792765113
WEEE_generatedDedicated,WEEE_Cat3,driveHDD,otherMetalsAndMetalAlloys,0.105973936051762,0.204931178478641,,,,,,0.0882226471543179,,,,,,,,,,0.39912776168472097
WEEE_generatedDedicated,WEEE_Cat3,driveHDD,plastics,0.177457079839221,,,,,,,,,,,,,,,,,0.177457079839221
WEEE_generatedDedicated,WEEE_Cat3,driveHDD,undefinedAndMixedMaterials,0.0063755346566722,,,,,,,,,,,,,,,,,0.0063755346566722
WEEE_generatedDedicated,WEEE_Cat3,driveUnspecified,CuAndCuAlloys,0.519379946907012,,,,,,,0.331281483839847,,,,,,,,,0.283977201342696,1.134638632089555
WEEE_generatedDedicated,WEEE_Cat3,driveUnspecified,ferrousMetals,0.177113099080028,,,,,,0.413088544754438,,0.439502226752968,,0.206195103778733,0.167356530213674,,,0.559832443430051,,,1.9630879480098922
WEEE_generatedDedicated,WEEE_Cat3,driveUnspecified,plastics,0.0368000858826242,,,,,,,,,,,,,,,,,0.0368000858826242
WEEE_generatedDedicated,WEEE_Cat3,driveUnspecified,undefinedAndMixedMaterials,0.17413999092857,,,,,,,,,,,,,,,,,0.17413999092857
WEEE_generatedDedicated,WEEE_Cat3,electricEngine,AlAndAlAlloys,0.362492521936192,,0.261789638420552,,,,0.135409899803409,,0.195007175972423,0.553621285323946,0.298370437912535,,,,0.251560039659558,,,2.058250999028615
WEEE_generatedDedicated,WEEE_Cat3,electricEngine,CuAndCuAlloys,0.522649075230588,,,,,,,0.0014194730810248,,,,,,,,,0.438737048803366,0.9628055971149787
WEEE_generatedDedicated,WEEE_Cat3,electricEngine,carbon,0.126383058358773,,,,,,,,,,,,0.132703341571554,0.503053613103388,,,0.542624787358101,1.304764800391816
WEEE_generatedDedicated,WEEE_Cat3,electricEngine,ferrousMetals,0.0292278076630207,,,,0.494149719172388,,0.599397690372753,,0.515006469763638,,0.140308419706872,0.0542145517363242,,,0.276133406552628,,,2.1084380649676238
WEEE_generatedDedicated,WEEE_Cat3,electricEngine,otherOrganics,0.284793408643365,,,,,,,,,,,,,,,,,0.284793408643365
WEEE_generatedDedicated,WEEE_Cat3,electricEngine,plastics,0.0927622890115076,,,,,,,,,,,,,,,,,0.0927622890115076
WEEE_generatedDedicated,WEEE_Cat3,filterFoamBased,plastics,0.586482933620685,,,,,,,,,,,,,,,,,0.586482933620685
WEEE_generatedDedicated,WEEE_Cat3,gear,plastics,0.128393506076966,,,,,,,,,,,,,,,,,0.128393506076966
WEEE_generatedDedicated,WEEE_Cat3,heatingCoolingEEEairCondenser,CuAndCuAlloys,0.0704788180467859,,,,,,,0.212321670097738,,,,,,,,,0.0457530123078689,0.3285535004523928
WEEE_generatedDedicated,WEEE_Cat3,heatingCoolingEEEairCondenser,otherOrUndefinedMaterials,0.369960106442644,,,,,,,,,,,,,,,,,0.369960106442644
WEEE_generatedDedicated,WEEE_Cat3,heatingCoolingEEEairCondenser,plastics,0.0977818762645399,,,,,,,,,,,,,,,,,0.0977818762645399
WEEE_generatedDedicated,WEEE_Cat3,heatingCoolingEEEairCondenser,steelAndSteelAlloys,0.500647415628682,,,,,,0.228304171142114,,0.270315094568787,,0.22537090890094,0.0723292104712957,,,0.370752733795521,,,1.6677195345073397
WEEE_generatedDedicated,WEEE_Cat3,heatingCoolingEEEfan,AlAndAlAlloys,0.433717973144603,,0.205716017204327,,,,0.202976142266092,,0.0841152399426011,0.318886107103874,0.239907049340792,,,,0.106725247910848,,,1.5920437769131373
WEEE_generatedDedicated,WEEE_Cat3,heatingCoolingEEEfan,CuAndCuAlloys,0.516120226538001,,,,,,,0.0586200939257014,,,,,,,,,0.253683730677245,0.8284240511409475
WEEE_generatedDedicated,WEEE_Cat3,heatingCoolingEEEfan,ferrousMetals,0.134521212207441,,,,0.598593804160175,,0.467118968069913,,0.494466745736262,,0.587143941551812,0.27454286810412,,,0.0667148859754177,,,2.6231024258051407
WEEE_generatedDedicated,WEEE_Cat3,heatingCoolingEEEfan,plastics,0.199586809806585,,,,,,,,,,,,,,,,,0.199586809806585
WEEE_generatedDedicated,WEEE_Cat3,heatingCoolingEEEfan,steelAndSteelAlloys,0.294496029824857,,,,,,0.408891891264509,,0.0520677807699702,,0.240583398339192,0.0925364772933579,,,0.0046645305559391,,,1.0932401080478251
WEEE_generatedDedicated,WEEE_Cat3,heatingCoolingEEEfan,undefinedAndMixedMaterials,0.330016273136603,,,,,,,,,,,,,,,,,0.330016273136603
WEEE_generatedDedicated,WEEE_Cat3,heatingCoolingEEEheatSink,AlAndAlAlloys,0.571800348126428,,0.165019388924107,,,,0.544046958805651,,0.360800019185671,0.422993614035244,0.503131675480011,,,,0.142362852695663,,,2.710154857252775
WEEE_generatedDedicated,WEEE_Cat3,heatingCoolingEEEheatSink,CuAndCuAlloys,0.550578760153697,,,,,,,0.302121830496672,,,,,,,,,0.0213032730041147,0.8740038636544838
WEEE_generatedDedicated,WEEE_Cat3,heatingCoolingEEEheatSink,ferrousMetals,0.111809418418889,,,,,,0.0908310390411292,,0.419366440300372,,0.247286672360464,0.359780344894419,,,0.577997085174352,,,1.807071000189625
WEEE_generatedDedicated,WEEE_Cat3,heatingCoolingEEEheatSink,otherMetalsAndMetalAlloys,0.196379417442441,0.452275486835444,,,,,,0.0655173838964247,,,,,,,,,,0.7141722881743097
WEEE_generatedDedicated,WEEE_Cat3,heatingCoolingEEEheatSink,plastics,0.0906663545389963,,,,,,,,,,,,,,,,,0.0906663545389963
WEEE_generatedDedicated,WEEE_Cat3,heatingCoolingEEEheatSink,undefinedAndMixedMaterials,0.0206627817784063,,,,,,,,,,,,,,,,,0.0206627817784063
WEEE_generatedDedicated,WEEE_Cat3,inductor,CuAndCuAlloys,0.527595989485438,,,,,,,0.299165547879186,,,,,,,,,0.153693555293614,0.980455092658238
WEEE_generatedDedicated,WEEE_Cat3,inductor,ferrousMetals,0.204931022296324,,,,,,0.488185980454024,,0.524177428018994,,0.0326277359127996,0.315134972523141,,,0.0023332931558334,,,1.5673904323611159
WEEE_generatedDedicated,WEEE_Cat3,inductor,plastics,0.428093247684695,,,,,,,,,,,,,,,,,0.428093247684695
WEEE_generatedDedicated,WEEE_Cat3,keyboard,AlAndAlAlloys,0.0559726126389318,,0.0764129174287276,,,,0.252516591629246,,0.180907489367024,0.398352007397344,0.492049542012618,,,,0.445120493929262,,,1.9013316544031533
WEEE_generatedDedicated,WEEE_Cat3,keyboard,CuAndCuAlloys,0.539078936575312,,,,,,,0.568481173139043,,,,,,,,,0.297649487967331,1.405209597681686
WEEE_generatedDedicated,WEEE_Cat3,keyboard,ferrousMetals,0.108610349565513,,,,,,0.340057442323149,,0.515517057918442,,0.483574613285755,0.203418488908808,,,0.237026157838501,,,1.8882041098401678
WEEE_generatedDedicated,WEEE_Cat3,keyboard,otherMetalsAndMetalAlloys,0.236825859523255,0.279099240201991,,,,,,0.249550020697562,,,,,,,,,,0.7654751204228081
WEEE_generatedDedicated,WEEE_Cat3,keyboard,plastics,0.322628557369474,,,,,,,,,,,,,,,,,0.322628557369474
WEEE_generatedDedicated,WEEE_Cat3,keyboard,undefinedAndMixedMaterials,0.0126050167004932,,,,,,,,,,,,,,,,,0.0126050167004932
WEEE_generatedDedicated,WEEE_Cat3,knob,AlAndAlAlloys,0.190486338994574,,0.297322990396901,,,,0.491107835534429,,0.303132801890043,0.141130077824336,0.0252473977220077,,,,0.0467741076587165,,,1.4952015500210072
WEEE_generatedDedicated,WEEE_Cat3,knob,ferrousMetals,0.0167286053446581,,,,0.585989296142661,,,,0.390099692423582,,0.0943338853882286,,,,0.532108424137281,,,1.6192599034364106
WEEE_generatedDedicated,WEEE_Cat3,knob,plastics,0.290075050017043,,,,,,,,,,,,,,,,,0.290075050017043
WEEE_generatedDedicated,WEEE_Cat3,lenseAssembly,AlAndAlAlloys,0.337059659360673,,0.136580914803107,,,,0.367616417346769,,0.0291170739349342,0.0092374599266933,0.543701623693101,,,,0.253069025017066,,,1.6763821740823435
WEEE_generatedDedicated,WEEE_Cat3,lenseAssembly,CuAndCuAlloys,0.467248064613913,,,,,,,0.313256079519643,,,,,,,,,0.0813882315765092,0.8618923757100653
WEEE_generatedDedicated,WEEE_Cat3,lenseAssembly,ferrousMetals,0.499772522869249,,,,,,0.134476216546249,,0.0487731885350201,,0.590957577407825,0.366075365276652,,,0.0776372978702414,,,1.7176921685052364
WEEE_generatedDedicated,WEEE_Cat3,lenseAssembly,glass,0.216175588383584,,,,,,,,,,,,0.263817335203637,0.484008692339634,,,0.457188693078054,1.421190309004909
WEEE_generatedDedicated,WEEE_Cat3,lenseAssembly,plastics,0.0377635408980858,,,,,,,,,,,,,,,,,0.0377635408980858
WEEE_generatedDedicated,WEEE_Cat3,lenseAssembly,undefinedAndMixedMaterials,0.128643140333086,,,,,,,,,,,,,,,,,0.128643140333086
WEEE_generatedDedicated,WEEE_Cat3,lightingFlash,AlAndAlAlloys,0.0055741444552474,,0.176770282332937,,,,0.117572564278075,,0.257014706008777,0.0474462190510334,0.337009714190784,,,,0.120452788344762,,,1.061840418661616
WEEE_generatedDedicated,WEEE_Cat3,lightingFlash,CuAndCuAlloys,0.431719561853204,,,,,,,0.432291409067042,,,,,,,,,0.138340664408528,1.002351635328774
WEEE_generatedDedicated,WEEE_Cat3,lightingFlash,ferrousMetals,0.121128659622551,,,,,,0.565045905184997,,0.289239632285026,,0.451926940329718,0.0510730062357666,,,0.0511399709441624,,,1.529554114602221
WEEE_generatedDedicated,WEEE_Cat3,lightingFlash,glass,0.0956197734849409,,,,,,,,,,,,0.512017476977909,0.464168233246991,,,0.0621728896542122,1.1339783733640532
WEEE_generatedDedicated,WEEE_Cat3,lightingFlash,plastics,0.424147742243299,,,,,,,,,,,,,,,,,0.424147742243299
WEEE_generatedDedicated,WEEE_Cat3,lightingFlash,undefinedAndMixedMaterials,0.326259056151967,,,,,,,,,,,,,,,,,0.326259056151967
WEEE_generatedDedicated,WEEE_Cat3,magnetPermanent,otherOrUndefinedMaterials,0.0150481843856977,,,,,,,,,,,,,,,,,0.0150481843856977
WEEE_generatedDedicated,WEEE_Cat3,mainboardInclCPUgpu,AlAndAlAlloys,0.491254247178697,,0.466591661615396,,,,0.555817148864935,,0.195021163697761,0.0593400498414336,0.285654311556133,,,,0.314003758715971,,,2.3676823414703265
WEEE_generatedDedicated,WEEE_Cat3,mainboardInclCPUgpu,CuAndCuAlloys,0.235797702549141,,,,,,,0.303789582421017,,,,,,,,,0.364458865596588,0.904046150566746
WEEE_generatedDedicated,WEEE_Cat3,mainboardInclCPUgpu,ferrousMetals,0.312536927169619,,,,,,0.428051117484045,,0.452866916704951,,0.578436647207306,0.379311392456002,,,0.146004346788702,,,2.297207347810625
WEEE_generatedDedicated,WEEE_Cat3,mainboardInclCPUgpu,otherMetalsAndMetalAlloys,0.325490220685971,0.324469452639948,,,,,,0.231348967601091,,,,,,,,,,0.88130864092701
WEEE_generatedDedicated,WEEE_Cat3,mainboardInclCPUgpu,plastics,0.0081494540583335,,,,,,,,,,,,,,,,,0.0081494540583335
WEEE_generatedDedicated,WEEE_Cat3,mainboardInclCPUgpu,undefinedAndMixedMaterials,0.49641616872952,,,,,,,,,,,,,,,,,0.49641616872952
WEEE_generatedDedicated,WEEE_Cat3,non-electricCoil,AlAndAlAlloys,0.36429286535229,,0.0251645291417992,,,,0.41297782855567,,0.100887837030724,0.530390545376584,0.599390641712897,,,,0.0205874194609456,,,2.0536916666309097
WEEE_generatedDedicated,WEEE_Cat3,non-electricCoil,ferrousMetals,0.218367484981187,,,,0.0051958418959841,,,,0.0147603289035102,,0.380309745899012,,,,0.310885822419007,,,0.9295192240987002
WEEE_generatedDedicated,WEEE_Cat3,non-electricCoil,plastics,0.579112861040056,,,,,,,,,,,,,,,,,0.579112861040056
WEEE_generatedDedicated,WEEE_Cat3,onOffSwitch,CuAndCuAlloys,0.575423469318422,,,,,,,0.521941834258049,,,,,,,,,0.313513952299168,1.410879255875639
WEEE_generatedDedicated,WEEE_Cat3,onOffSwitch,plastics,0.419909260680527,,,,,,,,,,,,,,,,,0.419909260680527
WEEE_generatedDedicated,WEEE_Cat3,otherElectricCompUnspecified,AlAndAlAlloys,0.495882692461976,,0.391941106352858,,,,0.153950701601156,,0.586214222794532,0.436552071133322,0.0221837323834022,,,,0.164019629604129,,,2.250744156331375
WEEE_generatedDedicated,WEEE_Cat3,otherElectricCompUnspecified,CuAndCuAlloys,0.402153666771691,,,,,,,0.238817969437161,,,,,,,,,0.198721930384884,0.839693566593736
WEEE_generatedDedicated,WEEE_Cat3,otherElectricCompUnspecified,ferrousMetals,0.208848038929447,,,,,,0.527053111531309,,0.268804124763101,,0.0954214660341614,0.472346008946657,,,0.486267608047854,,,2.058740358252529
WEEE_generatedDedicated,WEEE_Cat3,otherElectricCompUnspecified,glass,0.360519330705533,,,,,,,,,,,,0.471794146387073,0.0266526310795401,,,0.0647752238485267,0.9237413320206728
WEEE_generatedDedicated,WEEE_Cat3,otherElectricCompUnspecified,otherMetalsAndMetalAlloys,0.0039995566448957,0.184110683942427,,,,,,0.533928380540251,,,,,,,,,,0.7220386211275738
WEEE_generatedDedicated,WEEE_Cat3,otherElectricCompUnspecified,otherOrUndefinedMaterials,0.376674543298346,,,,,,,,,,,,,,,,,0.376674543298346
WEEE_generatedDedicated,WEEE_Cat3,otherElectricCompUnspecified,plastics,0.013018643147775,,,,,,,,,,,,,,,,,0.013018643147775
WEEE_generatedDedicated,WEEE_Cat3,otherElectricCompUnspecified,undefinedAndMixedMaterials,0.133751067112678,,,,,,,,,,,,,,,,,0.133751067112678
WEEE_generatedDedicated,WEEE_Cat3,otherNonElectricCompUnspecified,AlAndAlAlloys,0.340931509204208,,0.301015586863567,,,,0.285283683412915,,0.230977976450301,0.474800632353995,0.0774299671889206,,,,0.417927903458363,,,2.1283672589322697
WEEE_generatedDedicated,WEEE_Cat3,otherNonElectricCompUnspecified,CuAndCuAlloys,0.375281642740331,,0.567173677722129,,,,0.278242516940606,0.0791282875447682,0.165322154768948,0.384108950474942,0.369878026068607,,,,0.300212469122259,,0.454935231141946,2.974282956524536
WEEE_generatedDedicated,WEEE_Cat3,otherNonElectricCompUnspecified,ferrousMetals,0.334292323920753,,,,0.559983694238944,,0.23271901912605,,0.213142138576866,,0.0017797819567762,0.380461215301772,,,0.277795280135118,,,2.000173453256279
WEEE_generatedDedicated,WEEE_Cat3,otherNonElectricCompUnspecified,plastics,0.0378110640983269,,,,,,,,,,,,,,,,,0.0378110640983269
WEEE_generatedDedicated,WEEE_Cat3,otherNonElectricCompUnspecified,steelAndSteelAlloys,0.393888486536565,,,,,,0.528383161364145,,0.162255038777493,,0.0453184559603963,0.415867626504277,,,0.567059793409131,,,2.1127725625520073
WEEE_generatedDedicated,WEEE_Cat3,otherNonElectricCompUnspecified,undefinedAndMixedMaterials,0.345403048593479,,,,,,,,,,,,,,,,,0.345403048593479
WEEE_generatedDedicated,WEEE_Cat3,passiveJunctionBox,CuAndCuAlloys,0.193075824988081,,,,,,,0.109961942453815,,,,,,,,0.459269833644021,0.50503851874521,1.267346119831127
WEEE_generatedDedicated,WEEE_Cat3,passiveJunctionBox,otherOrUndefinedMaterials,0.184182576702407,,,,,,,,,,,,,,,,,0.184182576702407
WEEE_generatedDedicated,WEEE_Cat3,passiveJunctionBox,plastics,0.33574943201454,,,,,,,,,,,,,,,,,0.33574943201454
WEEE_generatedDedicated,WEEE_Cat3,pcbWEEECat,plastics,0.408001847233157,,,,,,,,,,,,,,,,,0.408001847233157
WEEE_generatedDedicated,WEEE_Cat3,powerSupply,AlAndAlAlloys,0.47130722942662,,0.341210662192835,,,,0.56671670720312,,0.0993002330448621,0.326233378692325,0.0180369710124985,,,,0.290548026023931,,,2.113353207596192
WEEE_generatedDedicated,WEEE_Cat3,powerSupply,CuAndCuAlloys,0.432137915347665,,,,,,,0.526532608901138,,,,,,,,,0.178333360604041,1.1370038848528439
WEEE_generatedDedicated,WEEE_Cat3,powerSupply,ferrousMetals,0.233664183386011,,,,,,0.570303092884081,,0.413765905036929,,0.34347718698167,0.227275592217332,,,0.129496700196951,,,1.917982660702974
WEEE_generatedDedicated,WEEE_Cat3,powerSupply,otherMetalsAndMetalAlloys,0.534808375537569,0.148303581839503,,,,,,0.15562447450434,,,,,,,,,,0.838736431881412
WEEE_generatedDedicated,WEEE_Cat3,powerSupply,plastics,0.12396118162911,,,,,,,,,,,,,,,,,0.12396118162911
WEEE_generatedDedicated,WEEE_Cat3,powerSupply,undefinedAndMixedMaterials,0.549246087182131,,,,,,,,,,,,,,,,,0.549246087182131
WEEE_generatedDedicated,WEEE_Cat3,pump,ironWroughtAndCast,0.25703064823112,,,,0.235572634529871,,,,0.475276000569962,,0.327582296322188,,,,0.24588115053248,,,1.541342730185621
WEEE_generatedDedicated,WEEE_Cat3,pump,steelAndSteelAlloys,0.294873182713793,,,,,,0.101657610919471,,0.463757293047717,,0.0037396219581695,0.524565894191615,,,0.0875427783671614,,,1.476136381197927
WEEE_generatedDedicated,WEEE_Cat3,refrigerant,otherOrUndefinedMaterials,0.280606820237183,,,,,,,,,,,,,,,,,0.280606820237183
WEEE_generatedDedicated,WEEE_Cat3,remoteControl,AlAndAlAlloys,0.110655332890034,,0.325402055485726,,,,0.298764311552988,,0.456447610123934,0.315173862676717,0.448227206449448,,,,0.161393648191197,,,2.116064027370044
WEEE_generatedDedicated,WEEE_Cat3,remoteControl,CuAndCuAlloys,0.355334709572489,,,,,,,0.380297554699442,,,,,,,,,0.186704536690055,0.9223368009619861
WEEE_generatedDedicated,WEEE_Cat3,remoteControl,ferrousMetals,0.469070275112996,,,,,,0.203836890495106,,0.363123344487614,,0.384020843011308,0.480958861630947,,,0.154096467502955,,,2.055106682240926
WEEE_generatedDedicated,WEEE_Cat3,remoteControl,otherOrUndefinedMaterials,0.270456875901023,,,,,,,,,,,,,,,,,0.270456875901023
WEEE_generatedDedicated,WEEE_Cat3,remoteControl,plastics,0.0726900899771565,,,,,,,,,,,,,,,,,0.0726900899771565
WEEE_generatedDedicated,WEEE_Cat3,remoteControl,undefinedAndMixedMaterials,0.311179626604116,,,,,,,,,,,,,,,,,0.311179626604116
WEEE_generatedDedicated,WEEE_Cat3,rotor,ferrousMetals,0.520249015728087,,,,,,0.0131402736372801,,0.2382493070851,,0.206001422118428,0.087198998543619,,,0.0539095778811215,,,1.1187485949936355
WEEE_generatedDedicated,WEEE_Cat3,rotor,plastics,0.373694196834163,,,,,,,,,,,,,,,,,0.373694196834163
WEEE_generatedDedicated,WEEE_Cat3,screw,CuAndCuAlloys,0.495774094180342,,,,,,,0.256759848587054,,,,,,,,,0.334049114477093,1.086583057244489
WEEE_generatedDedicated,WEEE_Cat3,screw,ferrousMetals,0.0351639304453941,,,,0.0142870009080947,,,,0.120969882794523,,0.441112549978232,,,,0.261047038746184,,,0.8725804028724278
WEEE_generatedDedicated,WEEE_Cat3,shadowComponentWEEE,CuAndCuAlloys,0.235868247423297,,0.275676493187077,,,,0.352975848504336,0.273676478835808,0.40558234419168,0.539422738210296,0.0700342791340504,,,,0.0766064703347724,0.238290489483127,0.402828173631426,2.87096156293587
WEEE_generatedDedicated,WEEE_Cat3,shadowComponentWEEE,bitumen,0.0649528469074165,,,,,,,,,,,,,,,,,0.0649528469074165
WEEE_generatedDedicated,WEEE_Cat3,shadowComponentWEEE,ceramicComposites,0.260294826289411,,,,,,,,,,,,,,,,,0.260294826289411
WEEE_generatedDedicated,WEEE_Cat3,shadowComponentWEEE,concrete,0.0002463981901102,,,,,,,,,,,,,,,,,0.0002463981901102
WEEE_generatedDedicated,WEEE_Cat3,shadowComponentWEEE,glass,0.376504807949683,,,,,,,,,,,,0.220186577189814,0.186997284954914,,,0.366519879490341,1.150208549584752
WEEE_generatedDedicated,WEEE_Cat3,shadowComponentWEEE,ironWroughtAndCast,0.419783980040217,,,,0.0243445850146341,,,,0.475017956869441,,0.306274538833606,,,,0.12987687339726,,,1.355297934155158
WEEE_generatedDedicated,WEEE_Cat3,shadowComponentWEEE,oil4,0.455989768279995,,,,,,,,,,,,,,,,,0.455989768279995
WEEE_generatedDedicated,WEEE_Cat3,shadowComponentWEEE,otherMetalsAndMetalAlloys,0.226885171474024,0.224629525857452,0.092774572702163,0.272367339084593,0.37181579568887,0.248124415887691,,0.465445042657035,0.0031875582316789,0.548450951091687,0.372753655926926,0.234368462450776,,,0.231091666692993,,0.172407934680366,3.464302092426255
WEEE_generatedDedicated,WEEE_Cat3,shadowComponentWEEE,otherOrUndefinedMaterials,0.215170413729644,,,,,,,,,,,,,,,,,0.215170413729644
WEEE_generatedDedicated,WEEE_Cat3,shadowComponentWEEE,otherOrganics,0.455463689896976,,,,,,,,,,,,,,,,,0.455463689896976
WEEE_generatedDedicated,WEEE_Cat3,shadowComponentWEEE,plasticComposites,0.0749931697573916,,,,,,,,,,,,,,,,,0.0749931697573916
WEEE_generatedDedicated,WEEE_Cat3,shadowComponentWEEE,plastics,0.39877547424021,,,,,,,,,,,,,,,,,0.39877547424021
WEEE_generatedDedicated,WEEE_Cat3,shadowComponentWEEE,reinforcedPlastics,0.338958287943031,,,,,,,,,,,,,,,,,0.338958287943031
WEEE_generatedDedicated,WEEE_Cat3,shadowComponentWEEE,sand,0.169238556460339,,,,,,,,,,,,0.049412241384036,0.516376451484816,,,0.064304934533316,0.799332183862507
WEEE_generatedDedicated,WEEE_Cat3,shadowComponentWEEE,steelAndSteelAlloys,0.110257265296627,,,,,,0.4026723789268,,0.569082501612616,,0.495839733979262,0.456444644749546,,,0.172281471894362,,,2.206577996459213
WEEE_generatedDedicated,WEEE_Cat3,speakerEEE2,AlAndAlAlloys,0.0400786389751686,,0.59156968507889,,,,0.292834210588374,,0.319964450910274,0.523581633328882,0.403894126389203,,,,0.289785583603821,,,2.4617083288746127
WEEE_generatedDedicated,WEEE_Cat3,speakerEEE2,CuAndCuAlloys,0.480708431357123,,,,,,,0.558633104840409,,,,,,,,,0.250958784415681,1.290300320613213
WEEE_generatedDedicated,WEEE_Cat3,speakerEEE2,ferrousMetals,0.531169778351334,,,,,,0.187608224461537,,0.118242810060498,,0.487835393637969,0.529070150976964,,,0.254325235353303,,,2.1082515928416052
WEEE_generatedDedicated,WEEE_Cat3,speakerEEE2,otherMetalsAndMetalAlloys,0.48692793749903,0.163250040191492,,,,,,0.20854325711314,,,,,,,,,,0.858721234803662
WEEE_generatedDedicated,WEEE_Cat3,speakerEEE2,plastics,0.564913599058987,,,,,,,,,,,,,,,,,0.564913599058987
WEEE_generatedDedicated,WEEE_Cat3,speakerEEE2,undefinedAndMixedMaterials,0.459770684064456,,,,,,,,,,,,,,,,,0.459770684064456
WEEE_generatedDedicated,WEEE_Cat3,transformator,CuAndCuAlloys,0.595375282067712,,,,,,,0.0900169389302472,,,,,,,,,0.409713663495357,1.0951058844933161
WEEE_generatedDedicated,WEEE_Cat3,transformator,ferrousMetals,0.518517608340529,,,,,,0.580489445272999,,0.465677726204433,,0.278801903019956,0.272603340573496,,,0.0858042613804528,,,2.201894284791866
WEEE_generatedDedicated,WEEE_Cat3,transmission,ferrousMetals,0.434876541349039,,,,,,0.441775230136944,,0.496696018695044,,0.400484423695862,0.562486171755201,,,0.301542504121898,,,2.6378608897539877
WEEE_generatedDedicated,WEEE_Cat3,transmission,plastics,0.493235818999089,,,,,,,,,,,,,,,,,0.493235818999089
WEEE_generatedDedicated,WEEE_Cat3,transmitter,CuAndCuAlloys,0.454477344334206,,,,,,,0.503095386649561,,,,,,,,,0.597399882861235,1.554972613845002
WEEE_generatedDedicated,WEEE_Cat3,transmitter,ferrousMetals,0.321386415517072,,,,0.256072180098512,,,,0.556598786107734,,0.300592685326949,,,,0.30558099686516,,,1.7402310639154268
WEEE_generatedDedicated,WEEE_Cat3,transmitter,plastics,0.591191080626817,,,,,,,,,,,,,,,,,0.591191080626817
WEEE_generatedDedicated,WEEE_Cat3,wheel,ferrousMetals,0.372748234078275,,,,,,0.001182112695608,,0.131708412323532,,0.392496383140007,0.44523869804352,,,0.0640802086992323,,,1.4074540489801741
WEEE_generatedDedicated,WEEE_Cat3,wheel,plastics,0.11385220156702,,,,,,,,,,,,,,,,,0.11385220156702
WEEE_generatedDedicated,WEEE_Cat3,wheel,polymerPA6GF30,0.0707803946594419,,,,,,,,,,,,,,,,,0.0707803946594419
WEEE_generatedDedicated,WEEE_Cat3,wheel,polymerPPTF20,0.0429448408663217,,,,,,,,,,,,,,,,,0.0429448408663217
WEEE_generatedDedicated,WEEE_Cat3,wheel,polymerPPTF30,0.153925607720295,,,,,,,,,,,,,,,,,0.153925607720295
WEEE_generatedDedicated,WEEE_Cat4a,ComponentShadowWEEE,AlAndAlAlloys,0.132780078261385,,0.354054452305541,,,,0.139833475699312,,0.590242395629974,0.229033499579171,0.170182091931492,,,,0.572889823774855,,,2.1890158171817298
WEEE_generatedDedicated,WEEE_Cat4a,ComponentShadowWEEE,CuAndCuAlloys,0.165336269444681,,,,,,,0.393470397907074,,,,,,,,,0.235508551850955,0.79431521920271
WEEE_generatedDedicated,WEEE_Cat4a,ComponentShadowWEEE,aggregateBinderMixedMaterials,0.253058744605118,,,,,,,,,,,,,,,,,0.253058744605118
WEEE_generatedDedicated,WEEE_Cat4a,ComponentShadowWEEE,ferrousMetals,0.173455111924173,,,,0.455941448101185,,0.524737796681215,,0.513386049146288,,0.370835483848472,0.520605453029513,,,0.261031654373687,,,2.819992997104533
WEEE_generatedDedicated,WEEE_Cat4a,ComponentShadowWEEE,glass,0.115312432123253,,,,,,,,,,,,0.334856816823826,0.43362299133037,,,0.261729596692788,1.1455218369702371
WEEE_generatedDedicated,WEEE_Cat4a,ComponentShadowWEEE,glassAndCeramics,0.358216134849722,,,,,,,,,,,,0.1287602878861,0.0909983025111561,,,0.233387198869602,0.81136192411658
WEEE_generatedDedicated,WEEE_Cat4a,ComponentShadowWEEE,non-ferrousMetals,0.101658868591263,0.403628468123772,0.593286189707876,,0.435959078918813,0.557613735519703,0.553761121195042,0.168043018806294,0.507567676311812,0.0752581506917834,0.156313501592905,0.0659785320749104,0.248144967568633,,0.459863263283718,0.486252703522041,0.126477776884187,4.9398070527927525
WEEE_generatedDedicated,WEEE_Cat4a,ComponentShadowWEEE,otherMetalsAndMetalAlloys,0.220060516364404,0.317572007599575,,,,,,0.208084508970733,,,,,,,,,,0.745717032934712
WEEE_generatedDedicated,WEEE_Cat4a,ComponentShadowWEEE,otherMinerals,0.151206095741631,,,,,,,,,,,,0.0472274935344889,0.27152793663154,,,0.548627835875355,1.018589361783015
WEEE_generatedDedicated,WEEE_Cat4a,ComponentShadowWEEE,otherOrUndefinedMaterials,0.188631472895847,,,,,,,,,,,,,,,,,0.188631472895847
WEEE_generatedDedicated,WEEE_Cat4a,ComponentShadowWEEE,otherOrganics,0.293329781064173,,,,,,,,,,,,,,,,,0.293329781064173
WEEE_generatedDedicated,WEEE_Cat4a,ComponentShadowWEEE,plastics,0.0943718958382526,,,,,,,,,,,,,,,,,0.0943718958382526
WEEE_generatedDedicated,WEEE_Cat4a,ComponentShadowWEEE,undefinedAndMixedMaterials,0.549963648139999,,,,,,,,,,,,,,,,,0.549963648139999
WEEE_generatedDedicated,WEEE_Cat4a,ComponentShadowWEEE,wood,0.574842146199409,,,,,,,,,,,,,,,,,0.574842146199409
WEEE_generatedDedicated,WEEE_Cat4a,LidarSensor (&lt;15cm),AlAndAlAlloys,0.359071172722213,,0.316899999648343,,,,0.360499508915289,,0.192989439424858,0.169903924509924,0.0360206277308664,,,,0.389365943656336,,,1.8247506166078291
WEEE_generatedDedicated,WEEE_Cat4a,LidarSensor (&lt;15cm),CuAndCuAlloys,0.192148945754434,,,,,,,0.313270172563915,,,,,,,,,0.313611059739441,0.81903017805779
WEEE_generatedDedicated,WEEE_Cat4a,LidarSensor (&lt;15cm),ferrousMetals,0.210901940577918,,,,0.569777146049353,,0.52049658366925,,0.463736355418168,,0.0774554413805693,0.339664295497006,,,0.102370828880106,,,2.2844025914723702
WEEE_generatedDedicated,WEEE_Cat4a,LidarSensor (&lt;15cm),glass,0.442373971211518,,,,,,,,,,,,0.282367597280782,0.270234844835019,,,0.0812843774827653,1.0762607908100843
WEEE_generatedDedicated,WEEE_Cat4a,LidarSensor (&lt;15cm),plastics,0.424283662431552,,,,,,,,,,,,,,,,,0.424283662431552
WEEE_generatedDedicated,WEEE_Cat4a,MagnetSensor,CuAndCuAlloys,0.498170735791143,,,,,,,0.275641876397884,,,,,,,,,0.227305658715582,1.001118270904609
WEEE_generatedDedicated,WEEE_Cat4a,MagnetSensor,ferrousMetals,0.121239891616767,,,,0.303656898513056,,,,0.0112747331908534,,0.501173863241006,,,,0.497410238957042,,,1.4347556255187244
WEEE_generatedDedicated,WEEE_Cat4a,MagnetSensor,plastics,0.364451132507941,,,,,,,,,,,,,,,,,0.364451132507941
WEEE_generatedDedicated,WEEE_Cat4a,PCBWEEECat,otherOrUndefinedMaterials,0.432118115489264,,,,,,,,,,,,,,,,,0.432118115489264
WEEE_generatedDedicated,WEEE_Cat4a,PCBunspecified,ferrousMetals,0.585374479651692,,,,,,0.344722627361568,,0.221808651499441,,0.129424032794298,0.417594907228339,,,0.0712549271977607,,,1.7701796257330986
WEEE_generatedDedicated,WEEE_Cat4a,PVBacksheet,plasticComposites,0.449430084167214,,,,,,,,,,,,,,,,,0.449430084167214
WEEE_generatedDedicated,WEEE_Cat4a,PVBacksheet,plastics,0.176951212550228,,,,,,,,,,,,,,,,,0.176951212550228
WEEE_generatedDedicated,WEEE_Cat4a,PVEncapsulationEVA,plastics,0.397029046505655,,,,,,,,,,,,,,,,,0.397029046505655
WEEE_generatedDedicated,WEEE_Cat4a,PVFrameAl,CuAndCuAlloys,0.167687980309624,,0.587243231605278,,,,0.0561008061157019,,0.204546153320727,0.160893109934397,0.0901011090773049,,,,0.311002254154765,,,1.577574644517798
WEEE_generatedDedicated,WEEE_Cat4a,PVSolarGlass,glass,0.0517134146922619,,,,,,,,,,,,0.357942514673473,0.282634188082178,,,0.215788945474741,0.908079062922654
WEEE_generatedDedicated,WEEE_Cat4a,PVcellSi,otherOrUndefinedMaterials,0.555074456322075,,,,,,,,,,,,,,,,,0.555074456322075
WEEE_generatedDedicated,WEEE_Cat4a,WEEEEvaporator,CuAndCuAlloys,0.305146140367881,,,,,,,0.129023101913679,,,,,,,,,0.0165456614903168,0.4507149037718768
WEEE_generatedDedicated,WEEE_Cat4a,WEEEEvaporator,steelAndSteelAlloys,0.490447173977016,,,,,,0.433840357051805,,0.553079083549922,,0.434644149027389,0.418795048499933,,,0.402001107014969,,,2.7328069191210336
WEEE_generatedDedicated,WEEE_Cat4a,brush,AlAndAlAlloys,0.113152096622696,,0.402342635353955,,,,0.0501705542357446,,0.474135819380436,0.189232191747219,0.209428959095219,,,,0.430346998522692,,,1.8688092549579616
WEEE_generatedDedicated,WEEE_Cat4a,brush,ferrousMetals,0.0596953522425552,,,,0.176204995008486,,,,0.0079905909288708,,0.262334445773093,,,,0.150789358734107,,,0.657014742687112
WEEE_generatedDedicated,WEEE_Cat4a,brush,plastics,0.11399752842522,,,,,,,,,,,,,,,,,0.11399752842522
WEEE_generatedDedicated,WEEE_Cat4a,cableUnspecified,AlAndAlAlloys,0.546276920870944,,0.146602324300098,,,,0.321877283209843,,0.368170854879776,0.474652259548101,0.309809830207317,,,,0.0583043976157998,,,2.225693870631879
WEEE_generatedDedicated,WEEE_Cat4a,cableUnspecified,CuAndCuAlloys,0.0907738010339202,,,,,,,0.558825450627083,,,,,,,,,0.0967315245342737,0.7463307761952769
WEEE_generatedDedicated,WEEE_Cat4a,cableUnspecified,ferrousMetals,0.3178422220737,,,,,,0.277781296556426,,0.456798509212133,,0.0521668534491646,0.0440499426878508,,,0.009383167318044,,,1.1580219912973184
WEEE_generatedDedicated,WEEE_Cat4a,cableUnspecified,plastics,0.287355475830869,,,,,,,,,,,,,,,,,0.287355475830869
WEEE_generatedDedicated,WEEE_Cat4a,cableWPlug,plastics,0.111620576010657,,,,,,,,,,,,,,,,,0.111620576010657
WEEE_generatedDedicated,WEEE_Cat4a,cableWithConnector,CuAndCuAlloys,0.251070815423365,,,,,,,0.351620230643163,,,,,,,,,0.498863531510141,1.101554577576669
WEEE_generatedDedicated,WEEE_Cat4a,cables,otherOrUndefinedMaterials,0.469583784548478,,,,,,,,,,,,,,,,,0.469583784548478
WEEE_generatedDedicated,WEEE_Cat4a,cablewire,AlAndAlAlloys,0.350640030934705,,0.558204870528365,,,,0.0756999292525791,,0.37860947832723,0.0866483639323146,0.0030758805845108,,,,0.597973276690682,,,2.0508518302503864
WEEE_generatedDedicated,WEEE_Cat4a,cablewire,CuAndCuAlloys,0.290722112374868,,,,,,,0.372817813110005,,,,,,,,,0.282674235487672,0.9462141609725451
WEEE_generatedDedicated,WEEE_Cat4a,cablewire,ferrousMetals,0.211381507494178,,,,0.194558336903478,,,,0.567647538621672,,0.298883654993383,,,,0.342546434112135,,,1.6150174721248458
WEEE_generatedDedicated,WEEE_Cat4a,cablewire,plastics,0.483254550044525,,,,,,,,,,,,,,,,,0.483254550044525
WEEE_generatedDedicated,WEEE_Cat4a,capElectrolytic,CuAndCuAlloys,0.544820153459394,,,,,,,0.568410964502205,,,,,,,,,0.595589475412769,1.708820593374368
WEEE_generatedDedicated,WEEE_Cat4a,capElectrolytic,undefinedAndMixedMaterials,0.278626566959877,,,,,,,,,,,,,,,,,0.278626566959877
WEEE_generatedDedicated,WEEE_Cat4a,casingPlasticBased,AlAndAlAlloys,0.302535731464803,,0.383383867018458,,,,0.380793963511002,,0.0415973355242041,0.382385283993557,0.421853244874568,,,,0.195345448326064,,,2.107894874712656
WEEE_generatedDedicated,WEEE_Cat4a,casingPlasticBased,CuAndCuAlloys,0.510078830953209,,,,,,,0.059373687899181,,,,,,,,,0.148485009268156,0.717937528120546
WEEE_generatedDedicated,WEEE_Cat4a,casingPlasticBased,ferrousMetals,0.325724090677974,,,,0.0290282521264707,,0.227772987947403,,0.447330714843176,,0.0338469126195706,0.46340808779169,,,0.463774981973773,,,1.990886027980057
WEEE_generatedDedicated,WEEE_Cat4a,casingPlasticBased,otherOrganics,0.192044889111749,,,,,,,,,,,,,,,,,0.192044889111749
WEEE_generatedDedicated,WEEE_Cat4a,casingPlasticBased,plastics,0.105437605522624,,,,,,,,,,,,,,,,,0.105437605522624
WEEE_generatedDedicated,WEEE_Cat4a,casingPlasticBased,polymerPA6GF30,0.0071634616322806,,,,,,,,,,,,,,,,,0.0071634616322806
WEEE_generatedDedicated,WEEE_Cat4a,casingPlasticBased,polymerPPGF30,0.186741389324983,,,,,,,,,,,,,,,,,0.186741389324983
WEEE_generatedDedicated,WEEE_Cat4a,casingPlasticBased,polymerPPTF30,0.474046446609859,,,,,,,,,,,,,,,,,0.474046446609859
WEEE_generatedDedicated,WEEE_Cat4a,casingSteelBased,ferrousMetals,0.46680800351142,,,,,,0.300471958483365,,0.573134973545117,,0.114623682957038,0.13676895195532,,,0.391249310311826,,,1.9830568807640858
WEEE_generatedDedicated,WEEE_Cat4a,casingUnspecified,AlAndAlAlloys,0.0421137369036829,,0.470424018160134,,,,0.271582843632592,,0.35048102847929,0.431722933177286,0.395526828832334,,,,0.118245396277436,,,2.080096785462755
WEEE_generatedDedicated,WEEE_Cat4a,casingUnspecified,CuAndCuAlloys,0.171303762028659,,,,,,,0.0798294703505512,,,,,,,,,0.49865761598869,0.7497908483679002
WEEE_generatedDedicated,WEEE_Cat4a,casingUnspecified,ferrousMetals,0.0310141438793847,,,,,,0.529944578222494,,0.269122084214196,,0.254231118475787,0.291222713971579,,,0.291883354044922,,,1.6674179928083628
WEEE_generatedDedicated,WEEE_Cat4a,casingUnspecified,glass,0.553534162899894,,,,,,,,,,,,0.137067987545029,0.46421137818901,,,0.3625854306082,1.5173989592421329
WEEE_generatedDedicated,WEEE_Cat4a,casingUnspecified,otherMetalsAndMetalAlloys,0.13454874855783,0.434359213634729,,,,,,0.219631210159692,,,,,,,,,,0.788539172352251
WEEE_generatedDedicated,WEEE_Cat4a,casingUnspecified,plastics,0.174824647920329,,,,,,,,,,,,,,,,,0.174824647920329
WEEE_generatedDedicated,WEEE_Cat4a,casingUnspecified,undefinedAndMixedMaterials,0.0740413646137725,,,,,,,,,,,,,,,,,0.0740413646137725
WEEE_generatedDedicated,WEEE_Cat4a,compressor,CuAndCuAlloys,0.156844716792773,,0.493536688424578,,,,0.498646246566157,0.0400255458681355,0.206134193421637,0.147912103873216,0.347594605111053,,,,0.141900811096184,,0.559695779149454,2.5922906903031873
WEEE_generatedDedicated,WEEE_Cat4a,compressor,glass,0.0275302803666163,,,,,,,,,,,,0.0475174160098933,0.271964100058619,,,0.46633599781496,0.8133477942500886
WEEE_generatedDedicated,WEEE_Cat4a,compressor,otherFerrousAlloys,0.408209025254195,,,,0.511507182391518,,,,0.398543903889973,,0.304417563505564,,,,0.367962945408981,,,1.990640620450231
WEEE_generatedDedicated,WEEE_Cat4a,compressor,otherOrUndefinedMaterials,0.25844414442134,,,,,,,,,,,,,,,,,0.25844414442134
WEEE_generatedDedicated,WEEE_Cat4a,compressor,plastics,0.275977026261088,,,,,,,,,,,,,,,,,0.275977026261088
WEEE_generatedDedicated,WEEE_Cat4a,compressor,steelAndSteelAlloys,0.335303048321967,,,,,,0.516234258298444,,0.167568341913182,,0.514064716831785,0.058664086889797,,,0.0148638972461133,,,1.6066983495012883
WEEE_generatedDedicated,WEEE_Cat4a,displayCRT,AlAndAlAlloys,0.348980340019323,,0.591504587775705,,,,0.0791053668227392,,0.351056114990152,0.0384924761308965,0.0035317201880944,,,,0.090896949242005,,,1.503567555168915
WEEE_generatedDedicated,WEEE_Cat4a,displayCRT,glass,0.448266659240778,,,,,,,,,,,,0.394860415614079,0.162888690891748,,,0.582038470625631,1.5880542363722359
WEEE_generatedDedicated,WEEE_Cat4a,displayLCD,AlAndAlAlloys,0.0742653878548532,,0.0200673655725992,,,,0.0246918438881849,,0.418674807580241,0.401954495944553,0.288389071938359,,,,0.0769097276402199,,,1.3049527004190102
WEEE_generatedDedicated,WEEE_Cat4a,displayLCD,CuAndCuAlloys,0.281370692723714,,,,,,,0.553934930329569,,,,,,,,,0.16912457934371,1.0044302023969929
WEEE_generatedDedicated,WEEE_Cat4a,displayLCD,ferrousMetals,0.434794277880788,,,,,,0.413976917822629,,0.128723202599805,,0.577085889108122,0.55450924385891,,,0.022904007856819,,,2.1319935391270732
WEEE_generatedDedicated,WEEE_Cat4a,displayLCD,glass,0.504519752062917,,,,,,,,,,,,0.233480726236042,0.180084789742777,,,0.002550175220682,0.920635443262418
WEEE_generatedDedicated,WEEE_Cat4a,displayLCD,plastics,0.284302018084346,,,,,,,,,,,,,,,,,0.284302018084346
WEEE_generatedDedicated,WEEE_Cat4a,displayLCD,undefinedAndMixedMaterials,0.526559482559905,,,,,,,,,,,,,,,,,0.526559482559905
WEEE_generatedDedicated,WEEE_Cat4a,displayOther,AlAndAlAlloys,0.366008105275147,,0.549006867190672,,,,0.139814190918974,,0.350027530138066,0.106532247467009,0.511416474471312,,,,0.109619691764918,,,2.132425107226098
WEEE_generatedDedicated,WEEE_Cat4a,displayOther,CuAndCuAlloys,0.240133598849503,,,,,,,0.500079953937453,,,,,,,,,0.512051823711403,1.2522653764983591
WEEE_generatedDedicated,WEEE_Cat4a,displayOther,ferrousMetals,0.423631795268767,,,,,,0.524002482368978,,0.588724031390246,,0.578905518372235,0.0294438506247299,,,0.281617823395479,,,2.4263255014204343
WEEE_generatedDedicated,WEEE_Cat4a,displayOther,glass,0.279143564401144,,,,,,,,,,,,0.0664027124427496,0.0367691130721055,,,0.260037102479955,0.642352492395954
WEEE_generatedDedicated,WEEE_Cat4a,displayOther,otherMetalsAndMetalAlloys,0.210177563190494,0.447337670438087,,,,,,0.109384871778003,,,,,,,,,,0.766900105406584
WEEE_generatedDedicated,WEEE_Cat4a,displayOther,plastics,0.141019473441155,,,,,,,,,,,,,,,,,0.141019473441155
WEEE_generatedDedicated,WEEE_Cat4a,displayOther,undefinedAndMixedMaterials,0.0254523222360909,,,,,,,,,,,,,,,,,0.0254523222360909
WEEE_generatedDedicated,WEEE_Cat4a,driveCDDInt,AlAndAlAlloys,0.212236840117544,,0.191924600397264,,,,0.123186689408196,,0.564876760561138,0.433208284465536,0.211212997993112,,,,0.500438811280912,,,2.237084984223702
WEEE_generatedDedicated,WEEE_Cat4a,driveCDDInt,CuAndCuAlloys,0.420785739977806,,,,,,,0.245186836126111,,,,,,,,,0.48127855350984,1.147251129613757
WEEE_generatedDedicated,WEEE_Cat4a,driveCDDInt,ferrousMetals,0.185314356273407,,,,,,0.504913306167481,,0.45513775991325,,0.163893266837339,0.190626306296834,,,0.148596179672595,,,1.648481175160906
WEEE_generatedDedicated,WEEE_Cat4a,driveCDDInt,otherMetalsAndMetalAlloys,0.469034542191621,0.0346380832386842,,,,,,0.471276899296425,,,,,,,,,,0.9749495247267302
WEEE_generatedDedicated,WEEE_Cat4a,driveCDDInt,plastics,0.543058266343248,,,,,,,,,,,,,,,,,0.543058266343248
WEEE_generatedDedicated,WEEE_Cat4a,driveCDDInt,undefinedAndMixedMaterials,0.461226152516869,,,,,,,,,,,,,,,,,0.461226152516869
WEEE_generatedDedicated,WEEE_Cat4a,driveFDD,AlAndAlAlloys,0.201715664615659,,0.300922879018635,,,,0.073834820261214,,0.501020545949141,0.303286984324819,0.0153828811835927,,,,0.143511223521243,,,1.5396749988743037
WEEE_generatedDedicated,WEEE_Cat4a,driveFDD,ferrousMetals,0.535803062070251,,,,,,0.259320651423107,,0.54433439409725,,0.395544484095275,0.21996418888347,,,0.397466077155928,,,2.3524328577252813
WEEE_generatedDedicated,WEEE_Cat4a,driveHDD,AlAndAlAlloys,0.462620075731133,,0.483122879872013,,,,0.0990213349153527,,0.381811291310368,0.434265948998027,0.490694323551978,,,,0.239877779440308,,,2.5914136338191796
WEEE_generatedDedicated,WEEE_Cat4a,driveHDD,CuAndCuAlloys,0.443409939573815,,,,,,,0.303009944102455,,,,,,,,,0.213106772961859,0.9595266566381291
WEEE_generatedDedicated,WEEE_Cat4a,driveHDD,ferrousMetals,0.474214657454793,,,,,,0.219649398474111,,0.128308517908398,,0.138907893449245,0.429439219609005,,,0.33452531945612,,,1.725045006351672
WEEE_generatedDedicated,WEEE_Cat4a,driveHDD,otherMetalsAndMetalAlloys,0.372613365095752,0.15547778690165,,,,,,0.021995875421499,,,,,,,,,,0.5500870274189009
WEEE_generatedDedicated,WEEE_Cat4a,driveHDD,plastics,0.146769907071098,,,,,,,,,,,,,,,,,0.146769907071098
WEEE_generatedDedicated,WEEE_Cat4a,driveHDD,undefinedAndMixedMaterials,0.0348364624711726,,,,,,,,,,,,,,,,,0.0348364624711726
WEEE_generatedDedicated,WEEE_Cat4a,driveUnspecified,CuAndCuAlloys,0.562772187214765,,,,,,,0.059430165211571,,,,,,,,,0.0205467430476243,0.6427490954739602
WEEE_generatedDedicated,WEEE_Cat4a,driveUnspecified,ferrousMetals,0.341040981636915,,,,,,0.561023003474277,,0.539211283297185,,0.110368584696955,0.0778248077737481,,,0.23969886890644,,,1.8691675297855201
WEEE_generatedDedicated,WEEE_Cat4a,driveUnspecified,plastics,0.552949421618129,,,,,,,,,,,,,,,,,0.552949421618129
WEEE_generatedDedicated,WEEE_Cat4a,driveUnspecified,undefinedAndMixedMaterials,0.0891118097758827,,,,,,,,,,,,,,,,,0.0891118097758827
WEEE_generatedDedicated,WEEE_Cat4a,electricEngine,AlAndAlAlloys,0.259498498336814,,0.38947546341658,,,,0.243512500592914,,0.0057386749056657,0.451879814147957,0.149104177442099,,,,0.20895154473665,,,1.7081606735786798
WEEE_generatedDedicated,WEEE_Cat4a,electricEngine,CuAndCuAlloys,0.467463688191398,,,,,,,0.51240657842425,,,,,,,,,0.193475368652569,1.173345635268217
WEEE_generatedDedicated,WEEE_Cat4a,electricEngine,carbon,0.22524879846666,,,,,,,,,,,,0.147727206173408,0.0609435090207205,,,0.16209155416975,0.5960110678305385
WEEE_generatedDedicated,WEEE_Cat4a,electricEngine,ferrousMetals,0.246915284591508,,,,0.43367673505694,,0.273315931725058,,0.211094820383027,,0.401220844570144,0.361169036304373,,,0.45066940380637,,,2.37806205643742
WEEE_generatedDedicated,WEEE_Cat4a,electricEngine,otherOrganics,0.215908578169214,,,,,,,,,,,,,,,,,0.215908578169214
WEEE_generatedDedicated,WEEE_Cat4a,electricEngine,plastics,0.136943981321447,,,,,,,,,,,,,,,,,0.136943981321447
WEEE_generatedDedicated,WEEE_Cat4a,filterFoamBased,plastics,0.301424601825107,,,,,,,,,,,,,,,,,0.301424601825107
WEEE_generatedDedicated,WEEE_Cat4a,gear,plastics,0.421742067350566,,,,,,,,,,,,,,,,,0.421742067350566
WEEE_generatedDedicated,WEEE_Cat4a,heatingCoolingEEEairCondenser,CuAndCuAlloys,0.25343494250704,,,,,,,0.118212654039042,,,,,,,,,0.56371629490407,0.9353638914501521
WEEE_generatedDedicated,WEEE_Cat4a,heatingCoolingEEEairCondenser,otherOrUndefinedMaterials,0.193130971990929,,,,,,,,,,,,,,,,,0.193130971990929
WEEE_generatedDedicated,WEEE_Cat4a,heatingCoolingEEEairCondenser,plastics,0.0917772471315083,,,,,,,,,,,,,,,,,0.0917772471315083
WEEE_generatedDedicated,WEEE_Cat4a,heatingCoolingEEEairCondenser,steelAndSteelAlloys,0.458366011744169,,,,,,0.490426190236719,,0.5767548812778,,0.0254765639196406,0.515724480725824,,,0.524827565561963,,,2.5915756934661154
WEEE_generatedDedicated,WEEE_Cat4a,heatingCoolingEEEfan,AlAndAlAlloys,0.442320216935679,,0.563926739521131,,,,0.0811236518386741,,0.322726071117823,0.442771639059195,0.495596004606167,,,,0.501965981819644,,,2.850430304898313
WEEE_generatedDedicated,WEEE_Cat4a,heatingCoolingEEEfan,CuAndCuAlloys,0.172019758202924,,,,,,,0.480040289849736,,,,,,,,,0.266488775235685,0.918548823288345
WEEE_generatedDedicated,WEEE_Cat4a,heatingCoolingEEEfan,ferrousMetals,0.503480559787982,,,,0.196605226193242,,0.210086393064144,,0.545484794063929,,0.288814438055215,0.18847630906165,,,0.507878117424508,,,2.44082583765067
WEEE_generatedDedicated,WEEE_Cat4a,heatingCoolingEEEfan,plastics,0.533386393624169,,,,,,,,,,,,,,,,,0.533386393624169
WEEE_generatedDedicated,WEEE_Cat4a,heatingCoolingEEEfan,steelAndSteelAlloys,0.0259832539264688,,,,,,0.2433940915781,,0.21792249932429,,0.46090280229395,0.20818833771682,,,0.198239422316717,,,1.3546304071563458
WEEE_generatedDedicated,WEEE_Cat4a,heatingCoolingEEEfan,undefinedAndMixedMaterials,0.532701308999717,,,,,,,,,,,,,,,,,0.532701308999717
WEEE_generatedDedicated,WEEE_Cat4a,heatingCoolingEEEheatSink,AlAndAlAlloys,0.590165353953728,,0.422187059814726,,,,0.530277291280324,,0.289664469091242,0.0940522024237038,0.240889974879767,,,,0.366647292693777,,,2.533883644137268
WEEE_generatedDedicated,WEEE_Cat4a,heatingCoolingEEEheatSink,CuAndCuAlloys,0.366059249888973,,,,,,,0.217803150992122,,,,,,,,,0.31821074952058,0.902073150401675
WEEE_generatedDedicated,WEEE_Cat4a,heatingCoolingEEEheatSink,ferrousMetals,0.589570844587679,,,,,,0.282163141658952,,0.572226272697779,,0.419953544392957,0.49704354130404,,,0.0866267481023809,,,2.447584092743788
WEEE_generatedDedicated,WEEE_Cat4a,heatingCoolingEEEheatSink,otherMetalsAndMetalAlloys,0.0378426913390425,0.133449881651269,,,,,,0.577190448170673,,,,,,,,,,0.7484830211609845
WEEE_generatedDedicated,WEEE_Cat4a,heatingCoolingEEEheatSink,plastics,0.383251509242787,,,,,,,,,,,,,,,,,0.383251509242787
WEEE_generatedDedicated,WEEE_Cat4a,heatingCoolingEEEheatSink,undefinedAndMixedMaterials,0.0289030949628001,,,,,,,,,,,,,,,,,0.0289030949628001
WEEE_generatedDedicated,WEEE_Cat4a,inductor,CuAndCuAlloys,0.331323349209077,,,,,,,0.327971383665268,,,,,,,,,0.13383570249586,0.793130435370205
WEEE_generatedDedicated,WEEE_Cat4a,inductor,ferrousMetals,0.033657384146845,,,,,,0.592403907100895,,0.14848946236235,,0.0154988654449438,0.0619031018079284,,,0.506114524466892,,,1.3580672453298541
WEEE_generatedDedicated,WEEE_Cat4a,inductor,plastics,0.327074642159543,,,,,,,,,,,,,,,,,0.327074642159543
WEEE_generatedDedicated,WEEE_Cat4a,keyboard,AlAndAlAlloys,0.442834933819379,,0.151057992137811,,,,0.403486156246399,,0.162371174431744,0.229452427784213,0.0551371390585535,,,,0.253361124014322,,,1.6977009474924216
WEEE_generatedDedicated,WEEE_Cat4a,keyboard,CuAndCuAlloys,0.0316158749477919,,,,,,,0.413049005209697,,,,,,,,,0.52143168206552,0.9660965622230089
WEEE_generatedDedicated,WEEE_Cat4a,keyboard,ferrousMetals,0.384296215494493,,,,,,0.142973031844206,,0.239427768631687,,0.45297106895441,0.599850030948603,,,0.57734773891317,,,2.3968658547865687
WEEE_generatedDedicated,WEEE_Cat4a,keyboard,otherMetalsAndMetalAlloys,0.457682829217573,0.0755038134904254,,,,,,0.413580823044993,,,,,,,,,,0.9467674657529913
WEEE_generatedDedicated,WEEE_Cat4a,keyboard,plastics,0.367713613654765,,,,,,,,,,,,,,,,,0.367713613654765
WEEE_generatedDedicated,WEEE_Cat4a,keyboard,undefinedAndMixedMaterials,0.0200545021215219,,,,,,,,,,,,,,,,,0.0200545021215219
WEEE_generatedDedicated,WEEE_Cat4a,knob,AlAndAlAlloys,0.491766607220783,,0.570351046373522,,,,0.104648280692371,,0.191156227470454,0.114973752482577,0.322331583660932,,,,0.552028372359471,,,2.34725587026011
WEEE_generatedDedicated,WEEE_Cat4a,knob,ferrousMetals,0.542936772895608,,,,0.560539993278775,,,,0.539360186293138,,0.255268232044994,,,,0.232996717136255,,,2.13110190164877
WEEE_generatedDedicated,WEEE_Cat4a,knob,plastics,0.560194487715326,,,,,,,,,,,,,,,,,0.560194487715326
WEEE_generatedDedicated,WEEE_Cat4a,lenseAssembly,AlAndAlAlloys,0.0835111535283203,,0.267217470653358,,,,0.107366061458836,,0.291994197474198,0.0593166004040897,0.433801783473982,,,,0.0274202604096337,,,1.2706275274024177
WEEE_generatedDedicated,WEEE_Cat4a,lenseAssembly,CuAndCuAlloys,0.296767665343331,,,,,,,0.0931145308288095,,,,,,,,,0.328754461109399,0.7186366572815395
WEEE_generatedDedicated,WEEE_Cat4a,lenseAssembly,ferrousMetals,0.579032717458387,,,,,,0.542865343090726,,0.38747377783126,,0.282043444473064,0.481370483287347,,,0.592310778026413,,,2.865096544167197
WEEE_generatedDedicated,WEEE_Cat4a,lenseAssembly,glass,0.369560612128989,,,,,,,,,,,,0.563832284067741,0.440025345307953,,,0.0910108933859499,1.4644291348906329
WEEE_generatedDedicated,WEEE_Cat4a,lenseAssembly,plastics,0.0100002912447134,,,,,,,,,,,,,,,,,0.0100002912447134
WEEE_generatedDedicated,WEEE_Cat4a,lenseAssembly,undefinedAndMixedMaterials,0.246195407620485,,,,,,,,,,,,,,,,,0.246195407620485
WEEE_generatedDedicated,WEEE_Cat4a,lightingFlash,AlAndAlAlloys,0.031107083086513,,0.357662006703046,,,,0.438624420634729,,0.186098884507383,0.186794357993848,0.227422037678917,,,,0.401118135056522,,,1.828826925660958
WEEE_generatedDedicated,WEEE_Cat4a,lightingFlash,CuAndCuAlloys,0.152982992890811,,,,,,,0.0551264612787902,,,,,,,,,0.213790232514352,0.42189968668395317
WEEE_generatedDedicated,WEEE_Cat4a,lightingFlash,ferrousMetals,0.245885060141099,,,,,,0.383538541789921,,0.439306162142938,,0.0310105784779022,0.367429012924565,,,0.553813946942954,,,2.0209833024193795
WEEE_generatedDedicated,WEEE_Cat4a,lightingFlash,glass,0.0201740530529837,,,,,,,,,,,,0.300470629674148,0.140277879516987,,,0.587532134278163,1.0484546965222816
WEEE_generatedDedicated,WEEE_Cat4a,lightingFlash,plastics,0.0784306714432517,,,,,,,,,,,,,,,,,0.0784306714432517
WEEE_generatedDedicated,WEEE_Cat4a,lightingFlash,undefinedAndMixedMaterials,0.580702047113566,,,,,,,,,,,,,,,,,0.580702047113566
WEEE_generatedDedicated,WEEE_Cat4a,magnetPermanent,otherOrUndefinedMaterials,0.372789883580895,,,,,,,,,,,,,,,,,0.372789883580895
WEEE_generatedDedicated,WEEE_Cat4a,mainboardInclCPUgpu,AlAndAlAlloys,0.277714848823856,,0.526641379546287,,,,0.314902434282721,,0.348205362915215,0.432313067296085,0.584342192294522,,,,0.428824674492978,,,2.9129439596516638
WEEE_generatedDedicated,WEEE_Cat4a,mainboardInclCPUgpu,CuAndCuAlloys,0.16341245335214,,,,,,,0.333832974284395,,,,,,,,,0.300872309200635,0.79811773683717
WEEE_generatedDedicated,WEEE_Cat4a,mainboardInclCPUgpu,ferrousMetals,0.221020345991434,,,,,,0.473706153113294,,0.0083494943291577,,0.0418033980575718,0.277219190126317,,,0.573508151532341,,,1.5956067331501156
WEEE_generatedDedicated,WEEE_Cat4a,mainboardInclCPUgpu,otherMetalsAndMetalAlloys,0.216610885208525,0.467916732311862,,,,,,0.137472794301074,,,,,,,,,,0.822000411821461
WEEE_generatedDedicated,WEEE_Cat4a,mainboardInclCPUgpu,plastics,0.359293863997285,,,,,,,,,,,,,,,,,0.359293863997285
WEEE_generatedDedicated,WEEE_Cat4a,mainboardInclCPUgpu,undefinedAndMixedMaterials,0.19117995509442,,,,,,,,,,,,,,,,,0.19117995509442
WEEE_generatedDedicated,WEEE_Cat4a,non-electricCoil,AlAndAlAlloys,0.504973412817424,,0.0949562701236683,,,,0.393347833276036,,0.303324778050705,0.155434881329232,0.148512584853771,,,,0.581436876055646,,,2.1819866365064824
WEEE_generatedDedicated,WEEE_Cat4a,non-electricCoil,ferrousMetals,0.0441506261791108,,,,0.0718083258470906,,,,0.499229709866999,,0.361140440394549,,,,0.229367857989848,,,1.2056969602775975
WEEE_generatedDedicated,WEEE_Cat4a,non-electricCoil,plastics,0.450671950554218,,,,,,,,,,,,,,,,,0.450671950554218
WEEE_generatedDedicated,WEEE_Cat4a,onOffSwitch,CuAndCuAlloys,0.558330546612536,,,,,,,0.0025254356358021,,,,,,,,,0.120183551340554,0.6810395335888921
WEEE_generatedDedicated,WEEE_Cat4a,onOffSwitch,plastics,0.0815122620883671,,,,,,,,,,,,,,,,,0.0815122620883671
WEEE_generatedDedicated,WEEE_Cat4a,otherElectricCompUnspecified,AlAndAlAlloys,0.0826175597520588,,0.320990309106438,,,,0.0514658663423458,,0.377812714258611,0.378074948730218,0.500382309464494,,,,0.151550365377819,,,1.8628940730319845
WEEE_generatedDedicated,WEEE_Cat4a,otherElectricCompUnspecified,CuAndCuAlloys,0.367722417910283,,,,,,,0.445145498981367,,,,,,,,,0.475157048346955,1.2880249652386049
WEEE_generatedDedicated,WEEE_Cat4a,otherElectricCompUnspecified,ferrousMetals,0.342157213431328,,,,,,0.475246767660235,,0.594621090482213,,0.0369648558184683,0.131562265602001,,,0.425500343129494,,,2.006052536123739
WEEE_generatedDedicated,WEEE_Cat4a,otherElectricCompUnspecified,glass,0.328790800597499,,,,,,,,,,,,0.340125793794483,0.16602524992314,,,0.424457727750285,1.259399572065407
WEEE_generatedDedicated,WEEE_Cat4a,otherElectricCompUnspecified,otherMetalsAndMetalAlloys,0.230702333940876,0.355927420862584,,,,,,0.444421399102875,,,,,,,,,,1.031051153906335
WEEE_generatedDedicated,WEEE_Cat4a,otherElectricCompUnspecified,otherOrUndefinedMaterials,0.376564652926317,,,,,,,,,,,,,,,,,0.376564652926317
WEEE_generatedDedicated,WEEE_Cat4a,otherElectricCompUnspecified,plastics,0.509981244464554,,,,,,,,,,,,,,,,,0.509981244464554
WEEE_generatedDedicated,WEEE_Cat4a,otherElectricCompUnspecified,undefinedAndMixedMaterials,0.267014610380871,,,,,,,,,,,,,,,,,0.267014610380871
WEEE_generatedDedicated,WEEE_Cat4a,otherNonElectricCompUnspecified,AlAndAlAlloys,0.345555730414272,,0.45439605072617,,,,0.591239542084436,,0.180125245196483,0.505532286913792,0.236966755204524,,,,0.169799921469277,,,2.483615532008954
WEEE_generatedDedicated,WEEE_Cat4a,otherNonElectricCompUnspecified,CuAndCuAlloys,0.381226985519374,,0.346643498579258,,,,0.0829866977145898,0.516688072432628,0.555549519161685,0.109928179913303,0.599245460951806,,,,0.138355806299585,,0.32811765384996,3.058741874422189
WEEE_generatedDedicated,WEEE_Cat4a,otherNonElectricCompUnspecified,ferrousMetals,0.321250966771128,,,,0.0832970034825058,,0.412662419033566,,0.221229458647116,,0.273448395206479,0.525269143346783,,,0.0027710139746891,,,1.839928400462267
WEEE_generatedDedicated,WEEE_Cat4a,otherNonElectricCompUnspecified,plastics,0.557028821425439,,,,,,,,,,,,,,,,,0.557028821425439
WEEE_generatedDedicated,WEEE_Cat4a,otherNonElectricCompUnspecified,steelAndSteelAlloys,0.122217774729619,,,,,,0.254713140948199,,0.285810828115621,,0.333529743590031,0.532985771626402,,,0.494516042912928,,,2.0237733019228
WEEE_generatedDedicated,WEEE_Cat4a,otherNonElectricCompUnspecified,undefinedAndMixedMaterials,0.0230549082454439,,,,,,,,,,,,,,,,,0.0230549082454439
WEEE_generatedDedicated,WEEE_Cat4a,passiveJunctionBox,CuAndCuAlloys,0.287980872935392,,,,,,,0.388882269612499,,,,,,,,0.460679556444956,0.554935387134911,1.692478086127758
WEEE_generatedDedicated,WEEE_Cat4a,passiveJunctionBox,otherOrUndefinedMaterials,0.591156383766481,,,,,,,,,,,,,,,,,0.591156383766481
WEEE_generatedDedicated,WEEE_Cat4a,passiveJunctionBox,plastics,0.405980360463585,,,,,,,,,,,,,,,,,0.405980360463585
WEEE_generatedDedicated,WEEE_Cat4a,pcbWEEECat,plastics,0.168744146621289,,,,,,,,,,,,,,,,,0.168744146621289
WEEE_generatedDedicated,WEEE_Cat4a,powerSupply,AlAndAlAlloys,0.266846839859342,,0.44520279220209,,,,0.236752509529177,,0.513709464131528,0.211500967788073,0.277636098827954,,,,0.58713927746783,,,2.538787949805994
WEEE_generatedDedicated,WEEE_Cat4a,powerSupply,CuAndCuAlloys,0.406392917116471,,,,,,,0.278987647834277,,,,,,,,,0.09963887281719,0.785019437767938
WEEE_generatedDedicated,WEEE_Cat4a,powerSupply,ferrousMetals,0.406283734977166,,,,,,0.100202563304223,,0.0243664845455922,,0.490523051933283,0.585573079817135,,,0.362947456465014,,,1.969896371042413
WEEE_generatedDedicated,WEEE_Cat4a,powerSupply,otherMetalsAndMetalAlloys,0.345946955942096,0.207882507865656,,,,,,0.269947988374509,,,,,,,,,,0.823777452182261
WEEE_generatedDedicated,WEEE_Cat4a,powerSupply,plastics,0.521603037932409,,,,,,,,,,,,,,,,,0.521603037932409
WEEE_generatedDedicated,WEEE_Cat4a,powerSupply,undefinedAndMixedMaterials,0.440624705898112,,,,,,,,,,,,,,,,,0.440624705898112
WEEE_generatedDedicated,WEEE_Cat4a,pump,ironWroughtAndCast,0.577561863496723,,,,0.508148128033589,,,,0.581356021554426,,0.186366237154431,,,,0.478402409959774,,,2.3318346601989433
WEEE_generatedDedicated,WEEE_Cat4a,pump,steelAndSteelAlloys,0.5644497865584,,,,,,0.577963513459908,,0.176358561700328,,0.0958447553435537,0.0164214794210147,,,0.209118544459423,,,1.6401566409426276
WEEE_generatedDedicated,WEEE_Cat4a,refrigerant,otherOrUndefinedMaterials,0.402411302199952,,,,,,,,,,,,,,,,,0.402411302199952
WEEE_generatedDedicated,WEEE_Cat4a,remoteControl,AlAndAlAlloys,0.0751201516467661,,0.445865437748613,,,,0.527621099730481,,0.590097637410348,0.23914796673124,0.147434107206933,,,,0.124646325546593,,,2.149932726020974
WEEE_generatedDedicated,WEEE_Cat4a,remoteControl,CuAndCuAlloys,0.491992757037235,,,,,,,0.195446346909852,,,,,,,,,0.529326042843139,1.2167651467902258
WEEE_generatedDedicated,WEEE_Cat4a,remoteControl,ferrousMetals,0.372219379933101,,,,,,0.535079962546097,,0.440183461272525,,0.389560205129949,0.213525196928188,,,0.248689955065332,,,2.1992581608751918
WEEE_generatedDedicated,WEEE_Cat4a,remoteControl,otherOrUndefinedMaterials,0.460554669123988,,,,,,,,,,,,,,,,,0.460554669123988
WEEE_generatedDedicated,WEEE_Cat4a,remoteControl,plastics,0.581951856907676,,,,,,,,,,,,,,,,,0.581951856907676
WEEE_generatedDedicated,WEEE_Cat4a,remoteControl,undefinedAndMixedMaterials,0.481081412467517,,,,,,,,,,,,,,,,,0.481081412467517
WEEE_generatedDedicated,WEEE_Cat4a,rotor,ferrousMetals,0.528756050783079,,,,,,0.39952348831246,,0.193462956918727,,0.245475032190053,0.546191480278249,,,0.447402123717443,,,2.360811132200011
WEEE_generatedDedicated,WEEE_Cat4a,rotor,plastics,0.266128112899352,,,,,,,,,,,,,,,,,0.266128112899352
WEEE_generatedDedicated,WEEE_Cat4a,screw,CuAndCuAlloys,0.596589206070773,,,,,,,0.3599941777932,,,,,,,,,0.463729114898821,1.420312498762794
WEEE_generatedDedicated,WEEE_Cat4a,screw,ferrousMetals,0.115140429348795,,,,0.31333500169519,,,,0.552123340783852,,0.0376158136552422,,,,0.125674392503849,,,1.1438889779869281
WEEE_generatedDedicated,WEEE_Cat4a,shadowComponentWEEE,CuAndCuAlloys,0.197094330276052,,0.463909548991636,,,,0.0269097431736361,0.2720761280369,0.598397407531827,0.576992256848139,0.168610371185484,,,,0.14656478422264,0.256899982734731,0.196702273458368,2.9041568264594133
WEEE_generatedDedicated,WEEE_Cat4a,shadowComponentWEEE,bitumen,0.510604442544826,,,,,,,,,,,,,,,,,0.510604442544826
WEEE_generatedDedicated,WEEE_Cat4a,shadowComponentWEEE,ceramicComposites,0.122721533868314,,,,,,,,,,,,,,,,,0.122721533868314
WEEE_generatedDedicated,WEEE_Cat4a,shadowComponentWEEE,concrete,0.0204426063876405,,,,,,,,,,,,,,,,,0.0204426063876405
WEEE_generatedDedicated,WEEE_Cat4a,shadowComponentWEEE,glass,0.156262677772736,,,,,,,,,,,,0.429454937655186,0.533716190627145,,,0.585826124959225,1.7052599310142922
WEEE_generatedDedicated,WEEE_Cat4a,shadowComponentWEEE,ironWroughtAndCast,0.573697788630296,,,,0.271035709155971,,,,0.568089644605988,,0.36429066636929,,,,0.116635385883117,,,1.893749194644662
WEEE_generatedDedicated,WEEE_Cat4a,shadowComponentWEEE,oil4,0.173225579330938,,,,,,,,,,,,,,,,,0.173225579330938
WEEE_generatedDedicated,WEEE_Cat4a,shadowComponentWEEE,otherMetalsAndMetalAlloys,0.230271765926372,0.453594988118703,0.373833375376236,0.434115701073491,0.527863309546075,0.424786422358198,,0.0684369371553653,0.154507959053827,0.513824041696272,0.380414460026347,0.162651409690892,,,0.0076337653677066,,0.528303401976317,4.260237537365802
WEEE_generatedDedicated,WEEE_Cat4a,shadowComponentWEEE,otherOrUndefinedMaterials,0.455749151497804,,,,,,,,,,,,,,,,,0.455749151497804
WEEE_generatedDedicated,WEEE_Cat4a,shadowComponentWEEE,otherOrganics,0.553145255246715,,,,,,,,,,,,,,,,,0.553145255246715
WEEE_generatedDedicated,WEEE_Cat4a,shadowComponentWEEE,plasticComposites,0.0640419686436231,,,,,,,,,,,,,,,,,0.0640419686436231
WEEE_generatedDedicated,WEEE_Cat4a,shadowComponentWEEE,plastics,0.171566763816211,,,,,,,,,,,,,,,,,0.171566763816211
WEEE_generatedDedicated,WEEE_Cat4a,shadowComponentWEEE,reinforcedPlastics,0.586142606889584,,,,,,,,,,,,,,,,,0.586142606889584
WEEE_generatedDedicated,WEEE_Cat4a,shadowComponentWEEE,sand,0.0162883474616812,,,,,,,,,,,,0.328747800207302,0.140921719574157,,,0.309505461570808,0.7954633288139481
WEEE_generatedDedicated,WEEE_Cat4a,shadowComponentWEEE,steelAndSteelAlloys,0.350391485434299,,,,,,0.0700167760563131,,0.0994816686240628,,0.203459998882061,0.375434743859405,,,0.441254514790564,,,1.540039187646705
WEEE_generatedDedicated,WEEE_Cat4a,speakerEEE2,AlAndAlAlloys,0.577644768971141,,0.314091111159151,,,,0.57054884874878,,0.231428229579429,0.084414267100362,0.238518960555032,,,,0.368484305189,,,2.385130491302895
WEEE_generatedDedicated,WEEE_Cat4a,speakerEEE2,CuAndCuAlloys,0.129202304401437,,,,,,,0.557236800309327,,,,,,,,,0.163667924600519,0.8501070293112829
WEEE_generatedDedicated,WEEE_Cat4a,speakerEEE2,ferrousMetals,0.355844955526136,,,,,,0.154457904279792,,0.403721171807268,,0.113275882479531,0.0069965866873753,,,0.597874590452462,,,1.6321710912325642
WEEE_generatedDedicated,WEEE_Cat4a,speakerEEE2,otherMetalsAndMetalAlloys,0.248899036585567,0.308546433192872,,,,,,0.358130752160078,,,,,,,,,,0.9155762219385171
WEEE_generatedDedicated,WEEE_Cat4a,speakerEEE2,plastics,0.237173871440013,,,,,,,,,,,,,,,,,0.237173871440013
WEEE_generatedDedicated,WEEE_Cat4a,speakerEEE2,undefinedAndMixedMaterials,0.140119982680437,,,,,,,,,,,,,,,,,0.140119982680437
WEEE_generatedDedicated,WEEE_Cat4a,transformator,CuAndCuAlloys,0.189028897088406,,,,,,,0.532988971228237,,,,,,,,,0.0995588272663973,0.8215766955830403
WEEE_generatedDedicated,WEEE_Cat4a,transformator,ferrousMetals,0.4160929746188,,,,,,0.40425850282019,,0.566715479952415,,0.448597138735611,0.186551747622976,,,0.449129449490465,,,2.471345293240457
WEEE_generatedDedicated,WEEE_Cat4a,transmission,ferrousMetals,0.277532788915883,,,,,,0.316146465659169,,0.0190801335110479,,0.262372300728377,0.393634736324353,,,0.354825363860116,,,1.623591788998946
WEEE_generatedDedicated,WEEE_Cat4a,transmission,plastics,0.23301176561078,,,,,,,,,,,,,,,,,0.23301176561078
WEEE_generatedDedicated,WEEE_Cat4a,transmitter,CuAndCuAlloys,0.256020770913782,,,,,,,0.541239872515047,,,,,,,,,0.244104878963659,1.041365522392488
WEEE_generatedDedicated,WEEE_Cat4a,transmitter,ferrousMetals,0.366873176773443,,,,0.309030697767581,,,,0.564097880943714,,0.513546232524077,,,,0.476945709426887,,,2.230493697435702
WEEE_generatedDedicated,WEEE_Cat4a,transmitter,plastics,0.0839998882685169,,,,,,,,,,,,,,,,,0.0839998882685169
WEEE_generatedDedicated,WEEE_Cat4a,wheel,ferrousMetals,0.430217429391141,,,,,,0.202446927063662,,0.198517028336265,,0.392077699076669,0.573643607946227,,,0.0211668367341966,,,1.8180695285481607
WEEE_generatedDedicated,WEEE_Cat4a,wheel,plastics,0.408031286270768,,,,,,,,,,,,,,,,,0.408031286270768
WEEE_generatedDedicated,WEEE_Cat4a,wheel,polymerPA6GF30,0.34073175215456,,,,,,,,,,,,,,,,,0.34073175215456
WEEE_generatedDedicated,WEEE_Cat4a,wheel,polymerPPTF20,0.16402005543113,,,,,,,,,,,,,,,,,0.16402005543113
WEEE_generatedDedicated,WEEE_Cat4a,wheel,polymerPPTF30,0.0755778151474411,,,,,,,,,,,,,,,,,0.0755778151474411
WEEE_generatedDedicated,WEEE_Cat4b,ComponentShadowWEEE,AlAndAlAlloys,0.28757046141969,,0.068544501045966,,,,0.260436457615461,,0.249893953485372,0.374443004247706,0.343749361317687,,,,0.546346264341087,,,2.1309840034729692
WEEE_generatedDedicated,WEEE_Cat4b,ComponentShadowWEEE,CuAndCuAlloys,0.474065514881156,,,,,,,0.185825617751273,,,,,,,,,0.187199038394764,0.8470901710271931
WEEE_generatedDedicated,WEEE_Cat4b,ComponentShadowWEEE,aggregateBinderMixedMaterials,0.443784821956032,,,,,,,,,,,,,,,,,0.443784821956032
WEEE_generatedDedicated,WEEE_Cat4b,ComponentShadowWEEE,ferrousMetals,0.579113196732138,,,,0.137908855232022,,0.0059688014476357,,0.377979441429841,,0.485961065652408,0.0392644125467709,,,0.467648584820018,,,2.0938443578608332
WEEE_generatedDedicated,WEEE_Cat4b,ComponentShadowWEEE,glass,0.510596527353849,,,,,,,,,,,,0.484263062405652,0.166942056773475,,,0.54905620769651,1.710857854229486
WEEE_generatedDedicated,WEEE_Cat4b,ComponentShadowWEEE,glassAndCeramics,0.111659641994767,,,,,,,,,,,,0.249620582608559,0.464138165569159,,,0.1174081047564,0.9428264949288849
WEEE_generatedDedicated,WEEE_Cat4b,ComponentShadowWEEE,non-ferrousMetals,0.312089412179383,0.0764468046567814,0.182171998412542,,0.062109892297108,0.421336437751893,0.55216892715311,0.0852465522791438,0.0295246326897745,0.216866246718975,0.28043688955701,0.55600774415874,0.323591439711765,,0.096097207293133,0.29320902757664,0.479670533888038,3.9669737463240367
WEEE_generatedDedicated,WEEE_Cat4b,ComponentShadowWEEE,otherMetalsAndMetalAlloys,0.521042932036877,0.129691492770637,,,,,,0.273855506987651,,,,,,,,,,0.9245899317951649
WEEE_generatedDedicated,WEEE_Cat4b,ComponentShadowWEEE,otherMinerals,0.187604967830429,,,,,,,,,,,,0.108529392247567,0.120739512443463,,,0.16281786299287,0.579691735514329
WEEE_generatedDedicated,WEEE_Cat4b,ComponentShadowWEEE,otherOrUndefinedMaterials,0.545093395519515,,,,,,,,,,,,,,,,,0.545093395519515
WEEE_generatedDedicated,WEEE_Cat4b,ComponentShadowWEEE,otherOrganics,0.48950371730774,,,,,,,,,,,,,,,,,0.48950371730774
WEEE_generatedDedicated,WEEE_Cat4b,ComponentShadowWEEE,plastics,0.338858392422993,,,,,,,,,,,,,,,,,0.338858392422993
WEEE_generatedDedicated,WEEE_Cat4b,ComponentShadowWEEE,undefinedAndMixedMaterials,0.404317755660676,,,,,,,,,,,,,,,,,0.404317755660676
WEEE_generatedDedicated,WEEE_Cat4b,ComponentShadowWEEE,wood,0.197657394003117,,,,,,,,,,,,,,,,,0.197657394003117
WEEE_generatedDedicated,WEEE_Cat4b,LidarSensor (&lt;15cm),AlAndAlAlloys,0.454078407931479,,0.594958736069101,,,,0.555923776371299,,0.028794908399616,0.182824994500772,0.588731274524265,,,,0.177473919225031,,,2.5827860170215633
WEEE_generatedDedicated,WEEE_Cat4b,LidarSensor (&lt;15cm),CuAndCuAlloys,0.50107817743836,,,,,,,0.551966562612792,,,,,,,,,0.0311389904487105,1.0841837304998625
WEEE_generatedDedicated,WEEE_Cat4b,LidarSensor (&lt;15cm),ferrousMetals,0.181686976298687,,,,0.245864532491282,,0.554257415729634,,0.555796240632982,,0.31766922280504,0.200306843815698,,,0.546963341089886,,,2.6025445728632093
WEEE_generatedDedicated,WEEE_Cat4b,LidarSensor (&lt;15cm),glass,0.276058759561599,,,,,,,,,,,,0.405653760579302,0.385651532504044,,,0.429912844302578,1.4972768969475228
WEEE_generatedDedicated,WEEE_Cat4b,LidarSensor (&lt;15cm),plastics,0.476976136368786,,,,,,,,,,,,,,,,,0.476976136368786
WEEE_generatedDedicated,WEEE_Cat4b,MagnetSensor,CuAndCuAlloys,0.562238123352109,,,,,,,0.0559375162856119,,,,,,,,,0.582033652550959,1.20020929218868
WEEE_generatedDedicated,WEEE_Cat4b,MagnetSensor,ferrousMetals,0.520349049185414,,,,0.0183055493823707,,,,0.528686774171879,,0.589601501652199,,,,0.309198342356123,,,1.9661412167479857
WEEE_generatedDedicated,WEEE_Cat4b,MagnetSensor,plastics,0.292473170641555,,,,,,,,,,,,,,,,,0.292473170641555
WEEE_generatedDedicated,WEEE_Cat4b,PCBWEEECat,otherOrUndefinedMaterials,0.549658397223799,,,,,,,,,,,,,,,,,0.549658397223799
WEEE_generatedDedicated,WEEE_Cat4b,PCBunspecified,ferrousMetals,0.126846937758738,,,,,,0.316583716265851,,0.211976197372891,,0.0183102590550868,0.406474543668859,,,0.418742270510685,,,1.498933924632111
WEEE_generatedDedicated,WEEE_Cat4b,PVBacksheet,plasticComposites,0.0812551676789522,,,,,,,,,,,,,,,,,0.0812551676789522
WEEE_generatedDedicated,WEEE_Cat4b,PVBacksheet,plastics,0.586513260573675,,,,,,,,,,,,,,,,,0.586513260573675
WEEE_generatedDedicated,WEEE_Cat4b,PVEncapsulationEVA,plastics,0.475638779369331,,,,,,,,,,,,,,,,,0.475638779369331
WEEE_generatedDedicated,WEEE_Cat4b,PVFrameAl,CuAndCuAlloys,0.157935791170389,,0.235716450262729,,,,0.160854678928902,,0.522487409289323,0.217295015036663,0.27495367040023,,,,0.375562048180069,,,1.9448050632683052
WEEE_generatedDedicated,WEEE_Cat4b,PVSolarGlass,glass,0.226924896616375,,,,,,,,,,,,0.298909948503375,0.299493465362319,,,0.420872815193964,1.246201125676033
WEEE_generatedDedicated,WEEE_Cat4b,PVcellSi,otherOrUndefinedMaterials,0.431977347349414,,,,,,,,,,,,,,,,,0.431977347349414
WEEE_generatedDedicated,WEEE_Cat4b,WEEEEvaporator,CuAndCuAlloys,0.1765317623524,,,,,,,0.0600723812880072,,,,,,,,,0.203911031895421,0.4405151755358282
WEEE_generatedDedicated,WEEE_Cat4b,WEEEEvaporator,steelAndSteelAlloys,0.279832701839453,,,,,,0.207691223446406,,0.445221849950642,,0.421905259194637,0.507234663551422,,,0.462920556325919,,,2.324806254308479
WEEE_generatedDedicated,WEEE_Cat4b,brush,AlAndAlAlloys,0.364209872809735,,0.307879702924233,,,,0.508403678495659,,0.586545898764466,0.153619557772328,0.0552141055951146,,,,0.268618094202893,,,2.2444909105644286
WEEE_generatedDedicated,WEEE_Cat4b,brush,ferrousMetals,0.454939628295182,,,,0.210605169585248,,,,0.113389818841803,,0.0681555211588692,,,,0.221915183354158,,,1.0690053212352602
WEEE_generatedDedicated,WEEE_Cat4b,brush,plastics,0.0880301546549541,,,,,,,,,,,,,,,,,0.0880301546549541
WEEE_generatedDedicated,WEEE_Cat4b,cableUnspecified,AlAndAlAlloys,0.141291751360748,,0.350873607660503,,,,0.527832702821051,,0.479754866141834,0.0478310253787121,0.319986125925452,,,,0.369469727840504,,,2.237039807128804
WEEE_generatedDedicated,WEEE_Cat4b,cableUnspecified,CuAndCuAlloys,0.0182705375241786,,,,,,,0.0660432964051165,,,,,,,,,0.282384536804759,0.3666983707340541
WEEE_generatedDedicated,WEEE_Cat4b,cableUnspecified,ferrousMetals,0.0445792768194819,,,,,,0.0452974284264027,,0.564827914068832,,0.129247675883845,0.109965484844254,,,0.380689454773691,,,1.2746072348165067
WEEE_generatedDedicated,WEEE_Cat4b,cableUnspecified,plastics,0.283327328176371,,,,,,,,,,,,,,,,,0.283327328176371
WEEE_generatedDedicated,WEEE_Cat4b,cableWPlug,plastics,0.5583162937025,,,,,,,,,,,,,,,,,0.5583162937025
WEEE_generatedDedicated,WEEE_Cat4b,cableWithConnector,CuAndCuAlloys,0.341545614957163,,,,,,,0.324498729222776,,,,,,,,,0.484111553931098,1.1501558981110371
WEEE_generatedDedicated,WEEE_Cat4b,cables,otherOrUndefinedMaterials,0.0699260636522254,,,,,,,,,,,,,,,,,0.0699260636522254
WEEE_generatedDedicated,WEEE_Cat4b,cablewire,AlAndAlAlloys,0.0901193467602509,,0.386491639662436,,,,0.309150030540792,,0.248608010797066,0.322336133097771,0.511245396154811,,,,0.536541206474379,,,2.404491763487506
WEEE_generatedDedicated,WEEE_Cat4b,cablewire,CuAndCuAlloys,0.452714354981592,,,,,,,0.0759472415437531,,,,,,,,,0.293368071965352,0.8220296684906971
WEEE_generatedDedicated,WEEE_Cat4b,cablewire,ferrousMetals,0.447659081918176,,,,0.329571929580578,,,,0.0447785113143482,,0.449271070614586,,,,0.21461155386716,,,1.485892147294848
WEEE_generatedDedicated,WEEE_Cat4b,cablewire,plastics,0.0719706924026898,,,,,,,,,,,,,,,,,0.0719706924026898
WEEE_generatedDedicated,WEEE_Cat4b,capElectrolytic,CuAndCuAlloys,0.227939251945662,,,,,,,0.34285256174465,,,,,,,,,0.5213513680149,1.092143181705212
WEEE_generatedDedicated,WEEE_Cat4b,capElectrolytic,undefinedAndMixedMaterials,0.591221923374113,,,,,,,,,,,,,,,,,0.591221923374113
WEEE_generatedDedicated,WEEE_Cat4b,casingPlasticBased,AlAndAlAlloys,0.426576416043363,,0.0664319183335911,,,,0.331282768434198,,0.0251768632362463,0.363822064354185,0.0743465283679947,,,,0.258565208081069,,,1.546201766850647
WEEE_generatedDedicated,WEEE_Cat4b,casingPlasticBased,CuAndCuAlloys,0.418560980084613,,,,,,,0.507904501556721,,,,,,,,,0.468322403320695,1.394787884962029
WEEE_generatedDedicated,WEEE_Cat4b,casingPlasticBased,ferrousMetals,0.0726631367423782,,,,0.209541731256353,,0.594471390430445,,0.280512030415613,,0.538551149593907,0.4014509825805,,,0.218410426905399,,,2.3156008479245953
WEEE_generatedDedicated,WEEE_Cat4b,casingPlasticBased,otherOrganics,0.344392286261712,,,,,,,,,,,,,,,,,0.344392286261712
WEEE_generatedDedicated,WEEE_Cat4b,casingPlasticBased,plastics,0.567350533144476,,,,,,,,,,,,,,,,,0.567350533144476
WEEE_generatedDedicated,WEEE_Cat4b,casingPlasticBased,polymerPA6GF30,0.401044393805632,,,,,,,,,,,,,,,,,0.401044393805632
WEEE_generatedDedicated,WEEE_Cat4b,casingPlasticBased,polymerPPGF30,0.288602898548737,,,,,,,,,,,,,,,,,0.288602898548737
WEEE_generatedDedicated,WEEE_Cat4b,casingPlasticBased,polymerPPTF30,0.116332860633361,,,,,,,,,,,,,,,,,0.116332860633361
WEEE_generatedDedicated,WEEE_Cat4b,casingSteelBased,ferrousMetals,0.503901696926613,,,,,,0.46705643047658,,0.228054892004618,,0.287965114619418,0.368078574017145,,,0.480049592885482,,,2.335106300929856
WEEE_generatedDedicated,WEEE_Cat4b,casingUnspecified,AlAndAlAlloys,0.526521833650464,,0.0378144186976898,,,,0.597141606419755,,0.281083177588862,0.104512703082288,0.140535863120149,,,,0.446571638087373,,,2.1341812406465808
WEEE_generatedDedicated,WEEE_Cat4b,casingUnspecified,CuAndCuAlloys,0.19453716917308,,,,,,,0.473390198456998,,,,,,,,,0.0660857084186226,0.7340130760487006
WEEE_generatedDedicated,WEEE_Cat4b,casingUnspecified,ferrousMetals,0.0704325874661065,,,,,,0.0857403094662009,,0.179355025189973,,0.124796979647936,0.16468085009649,,,0.137726525265102,,,0.7627322771318084
WEEE_generatedDedicated,WEEE_Cat4b,casingUnspecified,glass,0.343957770055686,,,,,,,,,,,,0.368800696429152,0.458654369755809,,,0.178501110991223,1.3499139472318697
WEEE_generatedDedicated,WEEE_Cat4b,casingUnspecified,otherMetalsAndMetalAlloys,0.108082585792858,0.0476847382841247,,,,,,0.139247092036639,,,,,,,,,,0.29501441611362167
WEEE_generatedDedicated,WEEE_Cat4b,casingUnspecified,plastics,0.445552289664255,,,,,,,,,,,,,,,,,0.445552289664255
WEEE_generatedDedicated,WEEE_Cat4b,casingUnspecified,undefinedAndMixedMaterials,0.118278204878672,,,,,,,,,,,,,,,,,0.118278204878672
WEEE_generatedDedicated,WEEE_Cat4b,compressor,CuAndCuAlloys,0.256736249871979,,0.462097904049698,,,,0.102505562935608,0.583512110376751,0.315402996746435,0.476831012571562,0.495633265143781,,,,0.464931993710486,,0.201383356411851,3.359034451818151
WEEE_generatedDedicated,WEEE_Cat4b,compressor,glass,0.184020209601574,,,,,,,,,,,,0.334189784831449,0.0233233511539723,,,0.408014844013589,0.9495481896005843
WEEE_generatedDedicated,WEEE_Cat4b,compressor,otherFerrousAlloys,0.105375375616368,,,,0.0341881923340184,,,,0.0177747293272549,,0.595536728584039,,,,0.237068257747002,,,0.9899432836086823
WEEE_generatedDedicated,WEEE_Cat4b,compressor,otherOrUndefinedMaterials,0.405776081994986,,,,,,,,,,,,,,,,,0.405776081994986
WEEE_generatedDedicated,WEEE_Cat4b,compressor,plastics,0.573212363779063,,,,,,,,,,,,,,,,,0.573212363779063
WEEE_generatedDedicated,WEEE_Cat4b,compressor,steelAndSteelAlloys,0.198341748593278,,,,,,0.361946852828973,,0.0604486185069141,,0.0125851096845665,0.421275251915027,,,0.332215461083949,,,1.3868130426127077
WEEE_generatedDedicated,WEEE_Cat4b,displayCRT,AlAndAlAlloys,0.203001113787154,,0.3661781868258,,,,0.155719775466077,,0.520689171379192,0.013679101466971,0.138730840704171,,,,0.39789360119008,,,1.7958917908194452
WEEE_generatedDedicated,WEEE_Cat4b,displayCRT,glass,0.214046953575414,,,,,,,,,,,,0.37792905076885,0.298795863534852,,,0.471934006299212,1.362705874178328
WEEE_generatedDedicated,WEEE_Cat4b,displayLCD,AlAndAlAlloys,0.19326126505408,,0.17246187699875,,,,0.34260792768847,,0.414295686247805,0.180694449414357,0.0704606227269879,,,,0.0592147639442334,,,1.4329965920746834
WEEE_generatedDedicated,WEEE_Cat4b,displayLCD,CuAndCuAlloys,0.211776542758846,,,,,,,0.497802290918873,,,,,,,,,0.0592744348858591,0.7688532685635782
WEEE_generatedDedicated,WEEE_Cat4b,displayLCD,ferrousMetals,0.477384031814771,,,,,,0.282919931144835,,0.1324714928208,,0.0876107066228827,0.543468520535873,,,0.531897649922643,,,2.055752332861805
WEEE_generatedDedicated,WEEE_Cat4b,displayLCD,glass,0.0361149255058953,,,,,,,,,,,,0.0260741069312277,0.0933346477125333,,,0.420992181780867,0.5765158619305233
WEEE_generatedDedicated,WEEE_Cat4b,displayLCD,plastics,0.434950032040884,,,,,,,,,,,,,,,,,0.434950032040884
WEEE_generatedDedicated,WEEE_Cat4b,displayLCD,undefinedAndMixedMaterials,0.222858526383305,,,,,,,,,,,,,,,,,0.222858526383305
WEEE_generatedDedicated,WEEE_Cat4b,displayOther,AlAndAlAlloys,0.551225668582236,,0.273717929446953,,,,0.245175005757181,,0.088573033316228,0.204623651849067,0.188486131068393,,,,0.418933664281329,,,1.970735084301387
WEEE_generatedDedicated,WEEE_Cat4b,displayOther,CuAndCuAlloys,0.269523301177174,,,,,,,0.31089492762976,,,,,,,,,0.385007378375711,0.9654256071826449
WEEE_generatedDedicated,WEEE_Cat4b,displayOther,ferrousMetals,0.548226322883903,,,,,,0.207136607123577,,0.411404015883239,,0.220013426357115,0.211217485635536,,,0.060723353280197,,,1.658721211163567
WEEE_generatedDedicated,WEEE_Cat4b,displayOther,glass,0.0944442380400846,,,,,,,,,,,,0.354911568637788,0.519140915519778,,,0.135318302770245,1.1038150249678957
WEEE_generatedDedicated,WEEE_Cat4b,displayOther,otherMetalsAndMetalAlloys,0.509820273705636,0.421884808822456,,,,,,0.547587360081714,,,,,,,,,,1.479292442609806
WEEE_generatedDedicated,WEEE_Cat4b,displayOther,plastics,0.268182703052112,,,,,,,,,,,,,,,,,0.268182703052112
WEEE_generatedDedicated,WEEE_Cat4b,displayOther,undefinedAndMixedMaterials,0.198403831316199,,,,,,,,,,,,,,,,,0.198403831316199
WEEE_generatedDedicated,WEEE_Cat4b,driveCDDInt,AlAndAlAlloys,0.12348662785124,,0.536011854128752,,,,0.418080673762385,,0.175170681127437,0.0075460926230854,0.402776408884392,,,,0.373716056017234,,,2.0367883943945255
WEEE_generatedDedicated,WEEE_Cat4b,driveCDDInt,CuAndCuAlloys,0.223563650907725,,,,,,,0.0066346056858465,,,,,,,,,0.0023421261025353,0.23254038269610683
WEEE_generatedDedicated,WEEE_Cat4b,driveCDDInt,ferrousMetals,0.0996661884271759,,,,,,0.414871614732573,,0.0169508794719043,,0.271654141504008,0.426439046812157,,,0.162147853561639,,,1.391729724509457
WEEE_generatedDedicated,WEEE_Cat4b,driveCDDInt,otherMetalsAndMetalAlloys,0.309784621536098,0.199937279596988,,,,,,0.4754082588447,,,,,,,,,,0.985130159977786
WEEE_generatedDedicated,WEEE_Cat4b,driveCDDInt,plastics,0.0974723381888657,,,,,,,,,,,,,,,,,0.0974723381888657
WEEE_generatedDedicated,WEEE_Cat4b,driveCDDInt,undefinedAndMixedMaterials,0.57998100660708,,,,,,,,,,,,,,,,,0.57998100660708
WEEE_generatedDedicated,WEEE_Cat4b,driveFDD,AlAndAlAlloys,0.543326302052932,,0.0463780976879551,,,,0.464175246619896,,0.173772133703631,0.543590012899307,0.257575932792011,,,,0.509687942288093,,,2.538505668043825
WEEE_generatedDedicated,WEEE_Cat4b,driveFDD,ferrousMetals,0.120216030182578,,,,,,0.137812154825162,,0.18105253113343,,0.120207927376093,0.0805655765802175,,,0.197221218754459,,,0.8370754388519395
WEEE_generatedDedicated,WEEE_Cat4b,driveHDD,AlAndAlAlloys,0.543884749248055,,0.37997329888325,,,,0.414378841985633,,0.0597233280203425,0.0510502992209047,0.359292364357944,,,,0.362138496799743,,,2.1704413785158723
WEEE_generatedDedicated,WEEE_Cat4b,driveHDD,CuAndCuAlloys,0.260879355287468,,,,,,,0.42965458385122,,,,,,,,,0.388038423883209,1.078572363021897
WEEE_generatedDedicated,WEEE_Cat4b,driveHDD,ferrousMetals,0.47622923837605,,,,,,0.491892702577128,,0.431879418948148,,0.336540171519939,0.0696506652795462,,,0.387711808493954,,,2.1939040051947654
WEEE_generatedDedicated,WEEE_Cat4b,driveHDD,otherMetalsAndMetalAlloys,0.58901243577211,0.274936091658277,,,,,,0.256247068755444,,,,,,,,,,1.1201955961858312
WEEE_generatedDedicated,WEEE_Cat4b,driveHDD,plastics,0.50511053769185,,,,,,,,,,,,,,,,,0.50511053769185
WEEE_generatedDedicated,WEEE_Cat4b,driveHDD,undefinedAndMixedMaterials,0.127677369408617,,,,,,,,,,,,,,,,,0.127677369408617
WEEE_generatedDedicated,WEEE_Cat4b,driveUnspecified,CuAndCuAlloys,0.179625122522682,,,,,,,0.462388459937846,,,,,,,,,0.250558933785418,0.8925725162459459
WEEE_generatedDedicated,WEEE_Cat4b,driveUnspecified,ferrousMetals,0.53111319105742,,,,,,0.478164656356457,,0.386152395937016,,0.361169963537609,0.51390713615381,,,0.487305293882668,,,2.75781263692498
WEEE_generatedDedicated,WEEE_Cat4b,driveUnspecified,plastics,0.465048314829218,,,,,,,,,,,,,,,,,0.465048314829218
WEEE_generatedDedicated,WEEE_Cat4b,driveUnspecified,undefinedAndMixedMaterials,0.39813002142651,,,,,,,,,,,,,,,,,0.39813002142651
WEEE_generatedDedicated,WEEE_Cat4b,electricEngine,AlAndAlAlloys,0.20236593687542,,0.486851452117167,,,,0.191503353793353,,0.155543692003273,0.492927824461955,0.48139600788195,,,,0.0148917988407957,,,2.025480065973914
WEEE_generatedDedicated,WEEE_Cat4b,electricEngine,CuAndCuAlloys,0.124265055260134,,,,,,,0.136131532967635,,,,,,,,,0.337672016475952,0.598068604703721
WEEE_generatedDedicated,WEEE_Cat4b,electricEngine,carbon,0.233611108035591,,,,,,,,,,,,0.572023558478453,0.0500147843511931,,,0.492415452458413,1.34806490332365
WEEE_generatedDedicated,WEEE_Cat4b,electricEngine,ferrousMetals,0.203752123753481,,,,0.212624922837071,,0.508068056057331,,0.507567456592919,,0.0824561244847569,0.584817865883194,,,0.169211577419741,,,2.2684981270284936
WEEE_generatedDedicated,WEEE_Cat4b,electricEngine,otherOrganics,0.382189470151141,,,,,,,,,,,,,,,,,0.382189470151141
WEEE_generatedDedicated,WEEE_Cat4b,electricEngine,plastics,0.149829449243689,,,,,,,,,,,,,,,,,0.149829449243689
WEEE_generatedDedicated,WEEE_Cat4b,filterFoamBased,plastics,0.0491530731473109,,,,,,,,,,,,,,,,,0.0491530731473109
WEEE_generatedDedicated,WEEE_Cat4b,gear,plastics,0.592905242752198,,,,,,,,,,,,,,,,,0.592905242752198
WEEE_generatedDedicated,WEEE_Cat4b,heatingCoolingEEEairCondenser,CuAndCuAlloys,0.196324041266046,,,,,,,0.483130480907332,,,,,,,,,0.476171437683195,1.155625959856573
WEEE_generatedDedicated,WEEE_Cat4b,heatingCoolingEEEairCondenser,otherOrUndefinedMaterials,0.0510119143128573,,,,,,,,,,,,,,,,,0.0510119143128573
WEEE_generatedDedicated,WEEE_Cat4b,heatingCoolingEEEairCondenser,plastics,0.128027731235067,,,,,,,,,,,,,,,,,0.128027731235067
WEEE_generatedDedicated,WEEE_Cat4b,heatingCoolingEEEairCondenser,steelAndSteelAlloys,0.525156254928114,,,,,,0.327987376165672,,0.490884313411957,,0.0304618135389549,0.333384123410164,,,0.324004458395693,,,2.0318783398505547
WEEE_generatedDedicated,WEEE_Cat4b,heatingCoolingEEEfan,AlAndAlAlloys,0.585607794725672,,0.139946449525525,,,,0.455625228703583,,0.390993626928039,0.271031064152173,0.590662041865735,,,,0.363529129392681,,,2.797395335293408
WEEE_generatedDedicated,WEEE_Cat4b,heatingCoolingEEEfan,CuAndCuAlloys,0.276595226896532,,,,,,,0.0055016870919012,,,,,,,,,0.419341691608538,0.7014386055969712
WEEE_generatedDedicated,WEEE_Cat4b,heatingCoolingEEEfan,ferrousMetals,0.397259017381397,,,,0.371521069826774,,0.263072377249072,,0.132260911417084,,0.0261072052676473,0.341580445440267,,,0.443502806555068,,,1.9753038331373092
WEEE_generatedDedicated,WEEE_Cat4b,heatingCoolingEEEfan,plastics,0.208067905191203,,,,,,,,,,,,,,,,,0.208067905191203
WEEE_generatedDedicated,WEEE_Cat4b,heatingCoolingEEEfan,steelAndSteelAlloys,0.15394159765678,,,,,,0.50317255677426,,0.534391974313903,,0.220227378263887,0.585446759737215,,,0.21906693293976,,,2.216247199685805
WEEE_generatedDedicated,WEEE_Cat4b,heatingCoolingEEEfan,undefinedAndMixedMaterials,0.156120958561695,,,,,,,,,,,,,,,,,0.156120958561695
WEEE_generatedDedicated,WEEE_Cat4b,heatingCoolingEEEheatSink,AlAndAlAlloys,0.527332114280551,,0.479931727236804,,,,0.546425516852699,,0.0959810605917521,0.250840754879516,0.0416712711296612,,,,0.166059742925371,,,2.108242187896354
WEEE_generatedDedicated,WEEE_Cat4b,heatingCoolingEEEheatSink,CuAndCuAlloys,0.169028191395753,,,,,,,0.151824442529817,,,,,,,,,0.290407842816732,0.611260476742302
WEEE_generatedDedicated,WEEE_Cat4b,heatingCoolingEEEheatSink,ferrousMetals,0.0277248497955913,,,,,,0.0542406352087164,,0.172374040708723,,0.141648382118972,0.549211835019894,,,0.558280312704218,,,1.5034800555561145
WEEE_generatedDedicated,WEEE_Cat4b,heatingCoolingEEEheatSink,otherMetalsAndMetalAlloys,0.291224422642427,0.330166236888427,,,,,,0.545080492919431,,,,,,,,,,1.1664711524502849
WEEE_generatedDedicated,WEEE_Cat4b,heatingCoolingEEEheatSink,plastics,0.257504484230105,,,,,,,,,,,,,,,,,0.257504484230105
WEEE_generatedDedicated,WEEE_Cat4b,heatingCoolingEEEheatSink,undefinedAndMixedMaterials,0.219760372391385,,,,,,,,,,,,,,,,,0.219760372391385
WEEE_generatedDedicated,WEEE_Cat4b,inductor,CuAndCuAlloys,0.100249614040269,,,,,,,0.0209645379788778,,,,,,,,,0.127190160566581,0.24840431258572782
WEEE_generatedDedicated,WEEE_Cat4b,inductor,ferrousMetals,0.188446288290225,,,,,,0.422950543666027,,0.108958776128997,,0.57898159627814,0.580030839516039,,,0.0194702132669964,,,1.8988382571464244
WEEE_generatedDedicated,WEEE_Cat4b,inductor,plastics,0.144296008510016,,,,,,,,,,,,,,,,,0.144296008510016
WEEE_generatedDedicated,WEEE_Cat4b,keyboard,AlAndAlAlloys,0.205386579875739,,0.472188070033719,,,,0.126944942295549,,0.124027763851424,0.433557544196047,0.493889618111022,,,,0.340320704154444,,,2.196315222517944
WEEE_generatedDedicated,WEEE_Cat4b,keyboard,CuAndCuAlloys,0.226622622767392,,,,,,,0.116378221147273,,,,,,,,,0.21284044105993,0.5558412849745951
WEEE_generatedDedicated,WEEE_Cat4b,keyboard,ferrousMetals,0.443345056523457,,,,,,0.538648230925032,,0.197579915318141,,0.429625520523906,0.0779900209498646,,,0.165347143963831,,,1.8525358882042315
WEEE_generatedDedicated,WEEE_Cat4b,keyboard,otherMetalsAndMetalAlloys,0.50766176003017,0.0822345691665723,,,,,,0.482656156453681,,,,,,,,,,1.0725524856504234
WEEE_generatedDedicated,WEEE_Cat4b,keyboard,plastics,0.39910028881274,,,,,,,,,,,,,,,,,0.39910028881274
WEEE_generatedDedicated,WEEE_Cat4b,keyboard,undefinedAndMixedMaterials,0.110434781327832,,,,,,,,,,,,,,,,,0.110434781327832
WEEE_generatedDedicated,WEEE_Cat4b,knob,AlAndAlAlloys,0.209316514499354,,0.19182037796223,,,,0.401218622836548,,0.040153959737913,0.422614508409187,0.402302744529174,,,,0.117575860359992,,,1.785002588334398
WEEE_generatedDedicated,WEEE_Cat4b,knob,ferrousMetals,0.127851446552672,,,,0.55264159348285,,,,0.334576251963596,,0.373563437617497,,,,0.574898929193162,,,1.963531658809777
WEEE_generatedDedicated,WEEE_Cat4b,knob,plastics,0.240906858614957,,,,,,,,,,,,,,,,,0.240906858614957
WEEE_generatedDedicated,WEEE_Cat4b,lenseAssembly,AlAndAlAlloys,0.510731819753088,,0.230558362557461,,,,0.550624772786416,,0.219807689845753,0.529647750965273,0.536993795251101,,,,0.0362301804586271,,,2.614594371617719
WEEE_generatedDedicated,WEEE_Cat4b,lenseAssembly,CuAndCuAlloys,0.186520328366789,,,,,,,0.389993758253478,,,,,,,,,0.573889104198867,1.150403190819134
WEEE_generatedDedicated,WEEE_Cat4b,lenseAssembly,ferrousMetals,0.0551552387467182,,,,,,0.183628540178654,,0.263243639637759,,0.453580580588882,0.26285945849095,,,0.30412121992912,,,1.5225886775720832
WEEE_generatedDedicated,WEEE_Cat4b,lenseAssembly,glass,0.0494515195931486,,,,,,,,,,,,0.489943188478535,0.233301330053658,,,0.56641755949718,1.3391135976225215
WEEE_generatedDedicated,WEEE_Cat4b,lenseAssembly,plastics,0.266586473802509,,,,,,,,,,,,,,,,,0.266586473802509
WEEE_generatedDedicated,WEEE_Cat4b,lenseAssembly,undefinedAndMixedMaterials,0.257115633459405,,,,,,,,,,,,,,,,,0.257115633459405
WEEE_generatedDedicated,WEEE_Cat4b,lightingFlash,AlAndAlAlloys,0.137487314069068,,0.072916739046459,,,,0.538903048612699,,0.514887301634984,0.321219867860786,0.0424604921242821,,,,0.374945065544407,,,2.002819828892685
WEEE_generatedDedicated,WEEE_Cat4b,lightingFlash,CuAndCuAlloys,0.437574398062526,,,,,,,0.487065700132497,,,,,,,,,0.22396762900387,1.148607727198893
WEEE_generatedDedicated,WEEE_Cat4b,lightingFlash,ferrousMetals,0.429958649012597,,,,,,0.36614030176885,,0.110190801386076,,0.0925213659552222,0.24485595074533,,,0.212612241268804,,,1.4562793101368792
WEEE_generatedDedicated,WEEE_Cat4b,lightingFlash,glass,0.275188399327784,,,,,,,,,,,,0.396088588331466,0.438069523881239,,,0.331195141130483,1.440541652670972
WEEE_generatedDedicated,WEEE_Cat4b,lightingFlash,plastics,0.0375650646805169,,,,,,,,,,,,,,,,,0.0375650646805169
WEEE_generatedDedicated,WEEE_Cat4b,lightingFlash,undefinedAndMixedMaterials,0.390364243336027,,,,,,,,,,,,,,,,,0.390364243336027
WEEE_generatedDedicated,WEEE_Cat4b,magnetPermanent,otherOrUndefinedMaterials,0.177017776877506,,,,,,,,,,,,,,,,,0.177017776877506
WEEE_generatedDedicated,WEEE_Cat4b,mainboardInclCPUgpu,AlAndAlAlloys,0.466496760703685,,0.432176884433816,,,,0.331023724040855,,0.560476282898839,0.0339613319281163,0.282931084504087,,,,0.108814840730906,,,2.2158809092403042
WEEE_generatedDedicated,WEEE_Cat4b,mainboardInclCPUgpu,CuAndCuAlloys,0.591219570954447,,,,,,,0.218744817438986,,,,,,,,,0.105142608842783,0.915106997236216
WEEE_generatedDedicated,WEEE_Cat4b,mainboardInclCPUgpu,ferrousMetals,0.240811331404946,,,,,,0.0413567583755779,,0.0466744030961863,,0.0397292302844787,0.42610603957233,,,0.151207422453799,,,0.9458851851873179
WEEE_generatedDedicated,WEEE_Cat4b,mainboardInclCPUgpu,otherMetalsAndMetalAlloys,0.0673314920222606,0.420909329395389,,,,,,0.0770680826339207,,,,,,,,,,0.5653089040515703
WEEE_generatedDedicated,WEEE_Cat4b,mainboardInclCPUgpu,plastics,0.523082313637667,,,,,,,,,,,,,,,,,0.523082313637667
WEEE_generatedDedicated,WEEE_Cat4b,mainboardInclCPUgpu,undefinedAndMixedMaterials,0.406685645701015,,,,,,,,,,,,,,,,,0.406685645701015
WEEE_generatedDedicated,WEEE_Cat4b,non-electricCoil,AlAndAlAlloys,0.202416102317965,,0.521762244452634,,,,0.328786137163474,,0.402611181642076,0.526378835334292,0.117021907764738,,,,0.585240994889422,,,2.684217403564601
WEEE_generatedDedicated,WEEE_Cat4b,non-electricCoil,ferrousMetals,0.373491957213654,,,,0.166009841719884,,,,0.533089756301725,,0.128433425221752,,,,0.560970181457364,,,1.761995161914379
WEEE_generatedDedicated,WEEE_Cat4b,non-electricCoil,plastics,0.0400238309479442,,,,,,,,,,,,,,,,,0.0400238309479442
WEEE_generatedDedicated,WEEE_Cat4b,onOffSwitch,CuAndCuAlloys,0.408627709187592,,,,,,,0.382627051974071,,,,,,,,,0.108280952643206,0.899535713804869
WEEE_generatedDedicated,WEEE_Cat4b,onOffSwitch,plastics,0.272900555867221,,,,,,,,,,,,,,,,,0.272900555867221
WEEE_generatedDedicated,WEEE_Cat4b,otherElectricCompUnspecified,AlAndAlAlloys,0.0951449775298114,,0.327715034879755,,,,0.23320320499696,,0.214925552580782,0.0587167334029152,0.136609922825305,,,,0.216992108493518,,,1.2833075347090466
WEEE_generatedDedicated,WEEE_Cat4b,otherElectricCompUnspecified,CuAndCuAlloys,0.407174894567692,,,,,,,0.0755295441975012,,,,,,,,,0.56244570492694,1.0451501436921333
WEEE_generatedDedicated,WEEE_Cat4b,otherElectricCompUnspecified,ferrousMetals,0.0850938461900711,,,,,,0.365705775896553,,0.526969649516222,,0.172067492618465,0.510726994726542,,,0.240294061577834,,,1.9008578205256872
WEEE_generatedDedicated,WEEE_Cat4b,otherElectricCompUnspecified,glass,0.481724336167315,,,,,,,,,,,,0.0155181585088084,0.0505133952224535,,,0.572422233802436,1.1201781237010129
WEEE_generatedDedicated,WEEE_Cat4b,otherElectricCompUnspecified,otherMetalsAndMetalAlloys,0.27364277950973,0.380038426745981,,,,,,0.271773112412169,,,,,,,,,,0.9254543186678799
WEEE_generatedDedicated,WEEE_Cat4b,otherElectricCompUnspecified,otherOrUndefinedMaterials,0.415024171308149,,,,,,,,,,,,,,,,,0.415024171308149
WEEE_generatedDedicated,WEEE_Cat4b,otherElectricCompUnspecified,plastics,0.29644481738355,,,,,,,,,,,,,,,,,0.29644481738355
WEEE_generatedDedicated,WEEE_Cat4b,otherElectricCompUnspecified,undefinedAndMixedMaterials,0.583760145921297,,,,,,,,,,,,,,,,,0.583760145921297
WEEE_generatedDedicated,WEEE_Cat4b,otherNonElectricCompUnspecified,AlAndAlAlloys,0.102411839280778,,0.224371498204717,,,,0.0777756767809361,,0.286457041129364,0.47238982125785,0.326861293747622,,,,0.006142714686212,,,1.4964098850874792
WEEE_generatedDedicated,WEEE_Cat4b,otherNonElectricCompUnspecified,CuAndCuAlloys,0.207104269196168,,0.0207306313409446,,,,0.250226158488377,0.0626869338671049,0.161080545357234,0.390076656828788,0.42992165974919,,,,0.018401811882489,,0.136808780084426,1.6770374467947216
WEEE_generatedDedicated,WEEE_Cat4b,otherNonElectricCompUnspecified,ferrousMetals,0.37757933101529,,,,0.291611065498587,,0.0038877362705638,,0.508250934473817,,0.241243348994344,0.159535509816895,,,0.58901216198037,,,2.1711200880498667
WEEE_generatedDedicated,WEEE_Cat4b,otherNonElectricCompUnspecified,plastics,0.127237762238588,,,,,,,,,,,,,,,,,0.127237762238588
WEEE_generatedDedicated,WEEE_Cat4b,otherNonElectricCompUnspecified,steelAndSteelAlloys,0.543086530082005,,,,,,0.0835844225960266,,0.268338721967197,,0.491100809275062,0.500719462083416,,,0.262664249856271,,,2.149494195859978
WEEE_generatedDedicated,WEEE_Cat4b,otherNonElectricCompUnspecified,undefinedAndMixedMaterials,0.457427376769525,,,,,,,,,,,,,,,,,0.457427376769525
WEEE_generatedDedicated,WEEE_Cat4b,passiveJunctionBox,CuAndCuAlloys,0.586849363963192,,,,,,,0.589470177163901,,,,,,,,0.289145252617928,0.0892826014019322,1.5547473951469533
WEEE_generatedDedicated,WEEE_Cat4b,passiveJunctionBox,otherOrUndefinedMaterials,0.109063239197721,,,,,,,,,,,,,,,,,0.109063239197721
WEEE_generatedDedicated,WEEE_Cat4b,passiveJunctionBox,plastics,0.487827141353894,,,,,,,,,,,,,,,,,0.487827141353894
WEEE_generatedDedicated,WEEE_Cat4b,pcbWEEECat,plastics,0.448185763010812,,,,,,,,,,,,,,,,,0.448185763010812
WEEE_generatedDedicated,WEEE_Cat4b,powerSupply,AlAndAlAlloys,0.241284483413086,,0.0634167580443786,,,,0.391818544826245,,0.465345792803124,0.38824662037644,0.0307200498382296,,,,0.40655921352359,,,1.9873914628250933
WEEE_generatedDedicated,WEEE_Cat4b,powerSupply,CuAndCuAlloys,0.160594402687585,,,,,,,0.331050396825,,,,,,,,,0.293212386498903,0.784857186011488
WEEE_generatedDedicated,WEEE_Cat4b,powerSupply,ferrousMetals,0.593066405503457,,,,,,0.452346970723394,,0.462563517069899,,0.555827779248033,0.374135292100874,,,0.354967587975221,,,2.792907552620878
WEEE_generatedDedicated,WEEE_Cat4b,powerSupply,otherMetalsAndMetalAlloys,0.248211540314635,0.311291783894663,,,,,,0.506664980002929,,,,,,,,,,1.066168304212227
WEEE_generatedDedicated,WEEE_Cat4b,powerSupply,plastics,0.121224562135034,,,,,,,,,,,,,,,,,0.121224562135034
WEEE_generatedDedicated,WEEE_Cat4b,powerSupply,undefinedAndMixedMaterials,0.174848150862323,,,,,,,,,,,,,,,,,0.174848150862323
WEEE_generatedDedicated,WEEE_Cat4b,pump,ironWroughtAndCast,0.0047587114940516,,,,0.0247432918354945,,,,0.298781890535306,,0.0412170094093719,,,,0.187394671679862,,,0.556895574954086
WEEE_generatedDedicated,WEEE_Cat4b,pump,steelAndSteelAlloys,0.111364615434637,,,,,,0.341675035864852,,0.248668852957245,,0.061949547410887,0.490637972818999,,,0.487811354339853,,,1.742107378826473
WEEE_generatedDedicated,WEEE_Cat4b,refrigerant,otherOrUndefinedMaterials,0.436122986319012,,,,,,,,,,,,,,,,,0.436122986319012
WEEE_generatedDedicated,WEEE_Cat4b,remoteControl,AlAndAlAlloys,0.310145419307335,,0.0092744972858143,,,,0.145932536715509,,0.400581327759827,0.469516085048428,0.196192344922461,,,,0.397027737312665,,,1.9286699483520393
WEEE_generatedDedicated,WEEE_Cat4b,remoteControl,CuAndCuAlloys,0.558668675203541,,,,,,,0.571599416458088,,,,,,,,,0.495415909048475,1.625684000710104
WEEE_generatedDedicated,WEEE_Cat4b,remoteControl,ferrousMetals,0.236998407347905,,,,,,0.300160402988172,,0.434053397196349,,0.0123128020089473,0.195326819498774,,,0.459421774339758,,,1.6382736033799052
WEEE_generatedDedicated,WEEE_Cat4b,remoteControl,otherOrUndefinedMaterials,0.575498753742336,,,,,,,,,,,,,,,,,0.575498753742336
WEEE_generatedDedicated,WEEE_Cat4b,remoteControl,plastics,0.585084931859725,,,,,,,,,,,,,,,,,0.585084931859725
WEEE_generatedDedicated,WEEE_Cat4b,remoteControl,undefinedAndMixedMaterials,0.296934661738018,,,,,,,,,,,,,,,,,0.296934661738018
WEEE_generatedDedicated,WEEE_Cat4b,rotor,ferrousMetals,0.0816788340847503,,,,,,0.194804708656596,,0.557462742816513,,0.186495941448318,0.23255338203787,,,0.0800454506254632,,,1.3330410596695104
WEEE_generatedDedicated,WEEE_Cat4b,rotor,plastics,0.0537963871668458,,,,,,,,,,,,,,,,,0.0537963871668458
WEEE_generatedDedicated,WEEE_Cat4b,screw,CuAndCuAlloys,0.150393961639219,,,,,,,0.404384486128083,,,,,,,,,0.567972593583107,1.122751041350409
WEEE_generatedDedicated,WEEE_Cat4b,screw,ferrousMetals,0.583475327147618,,,,0.510493808809619,,,,0.553184758057324,,0.0115148493190852,,,,0.0736747725811729,,,1.7323435159148193
WEEE_generatedDedicated,WEEE_Cat4b,shadowComponentWEEE,CuAndCuAlloys,0.278545039107221,,0.125301298722596,,,,0.133912267446785,0.0659016067551649,0.10052469799091,0.402531773108051,0.395811231553845,,,,0.388637782122433,0.577649803192189,0.105786869190146,2.5746023691893405
WEEE_generatedDedicated,WEEE_Cat4b,shadowComponentWEEE,bitumen,0.0958327090036958,,,,,,,,,,,,,,,,,0.0958327090036958
WEEE_generatedDedicated,WEEE_Cat4b,shadowComponentWEEE,ceramicComposites,0.587469430444902,,,,,,,,,,,,,,,,,0.587469430444902
WEEE_generatedDedicated,WEEE_Cat4b,shadowComponentWEEE,concrete,0.014217569432513,,,,,,,,,,,,,,,,,0.014217569432513
WEEE_generatedDedicated,WEEE_Cat4b,shadowComponentWEEE,glass,0.129742704180606,,,,,,,,,,,,0.255772779808932,0.469769333527376,,,0.498094760509726,1.35337957802664
WEEE_generatedDedicated,WEEE_Cat4b,shadowComponentWEEE,ironWroughtAndCast,0.492396775727837,,,,0.291676529831789,,,,0.286954652097452,,0.360794063920946,,,,0.340627114987037,,,1.772449136565061
WEEE_generatedDedicated,WEEE_Cat4b,shadowComponentWEEE,oil4,0.196690208806826,,,,,,,,,,,,,,,,,0.196690208806826
WEEE_generatedDedicated,WEEE_Cat4b,shadowComponentWEEE,otherMetalsAndMetalAlloys,0.306452667094098,0.487492081327788,0.456564727309056,0.411985464579586,0.523045599788727,0.204715339429107,,0.148656897310613,0.260701180590012,0.281921121634228,0.211135175126799,0.122721178498642,,,0.342017411596629,,0.134719380901764,3.892128225187049
WEEE_generatedDedicated,WEEE_Cat4b,shadowComponentWEEE,otherOrUndefinedMaterials,0.0239935134352558,,,,,,,,,,,,,,,,,0.0239935134352558
WEEE_generatedDedicated,WEEE_Cat4b,shadowComponentWEEE,otherOrganics,0.369033153096015,,,,,,,,,,,,,,,,,0.369033153096015
WEEE_generatedDedicated,WEEE_Cat4b,shadowComponentWEEE,plasticComposites,0.421235780235285,,,,,,,,,,,,,,,,,0.421235780235285
WEEE_generatedDedicated,WEEE_Cat4b,shadowComponentWEEE,plastics,0.187979894050889,,,,,,,,,,,,,,,,,0.187979894050889
WEEE_generatedDedicated,WEEE_Cat4b,shadowComponentWEEE,reinforcedPlastics,0.375269605573835,,,,,,,,,,,,,,,,,0.375269605573835
WEEE_generatedDedicated,WEEE_Cat4b,shadowComponentWEEE,sand,0.540027011521341,,,,,,,,,,,,0.130362473987234,0.0711611942078394,,,0.0959359898861388,0.8374866696025532
WEEE_generatedDedicated,WEEE_Cat4b,shadowComponentWEEE,steelAndSteelAlloys,0.195016632169722,,,,,,0.523687427415506,,0.0588810311343824,,0.235208038272143,0.225404732090389,,,0.188683482097718,,,1.4268813431798604
WEEE_generatedDedicated,WEEE_Cat4b,speakerEEE2,AlAndAlAlloys,0.598395203053821,,0.0994929518840357,,,,0.0347097669078909,,0.234639148298279,0.332967506510416,0.255687111771884,,,,0.180122205938726,,,1.7360138943650525
WEEE_generatedDedicated,WEEE_Cat4b,speakerEEE2,CuAndCuAlloys,0.127362917105437,,,,,,,0.49153892048496,,,,,,,,,0.210135235563766,0.829037073154163
WEEE_generatedDedicated,WEEE_Cat4b,speakerEEE2,ferrousMetals,0.391115501430933,,,,,,0.34755309741902,,0.352354909466644,,0.347371832457932,0.487103960477756,,,0.432207330925046,,,2.3577066321773312
WEEE_generatedDedicated,WEEE_Cat4b,speakerEEE2,otherMetalsAndMetalAlloys,0.118151040830419,0.295293533276653,,,,,,0.0773329179452953,,,,,,,,,,0.49077749205236726
WEEE_generatedDedicated,WEEE_Cat4b,speakerEEE2,plastics,0.388978595829378,,,,,,,,,,,,,,,,,0.388978595829378
WEEE_generatedDedicated,WEEE_Cat4b,speakerEEE2,undefinedAndMixedMaterials,0.0339530281726467,,,,,,,,,,,,,,,,,0.0339530281726467
WEEE_generatedDedicated,WEEE_Cat4b,transformator,CuAndCuAlloys,0.0195060093226515,,,,,,,0.197903167671021,,,,,,,,,0.334706626083584,0.5521158030772565
WEEE_generatedDedicated,WEEE_Cat4b,transformator,ferrousMetals,0.234690528982841,,,,,,0.328193312584668,,0.148859897945551,,0.397624770278686,0.53409617819142,,,0.448059327757813,,,2.091524015740979
WEEE_generatedDedicated,WEEE_Cat4b,transmission,ferrousMetals,0.365545564791287,,,,,,0.215003436611027,,0.473227418082037,,0.287767589590493,0.459096729677045,,,0.453718751766812,,,2.2543594905187008
WEEE_generatedDedicated,WEEE_Cat4b,transmission,plastics,0.23720471282618,,,,,,,,,,,,,,,,,0.23720471282618
WEEE_generatedDedicated,WEEE_Cat4b,transmitter,CuAndCuAlloys,0.004841245968518,,,,,,,0.103851578461374,,,,,,,,,0.532569755086017,0.641262579515909
WEEE_generatedDedicated,WEEE_Cat4b,transmitter,ferrousMetals,0.0464111893219316,,,,0.0935989553061726,,,,0.439624479084659,,0.504358126751007,,,,0.441773733821024,,,1.5257664842847942
WEEE_generatedDedicated,WEEE_Cat4b,transmitter,plastics,0.365528699864044,,,,,,,,,,,,,,,,,0.365528699864044
WEEE_generatedDedicated,WEEE_Cat4b,wheel,ferrousMetals,0.0084766932369239,,,,,,0.284584173980866,,0.261344554041074,,0.523693148010184,0.541972154146938,,,0.303621903006517,,,1.923692626422503
WEEE_generatedDedicated,WEEE_Cat4b,wheel,plastics,0.478434601902102,,,,,,,,,,,,,,,,,0.478434601902102
WEEE_generatedDedicated,WEEE_Cat4b,wheel,polymerPA6GF30,0.377042869309606,,,,,,,,,,,,,,,,,0.377042869309606
WEEE_generatedDedicated,WEEE_Cat4b,wheel,polymerPPTF20,0.124003330144685,,,,,,,,,,,,,,,,,0.124003330144685
WEEE_generatedDedicated,WEEE_Cat4b,wheel,polymerPPTF30,0.275230688151666,,,,,,,,,,,,,,,,,0.275230688151666
WEEE_generatedDedicated,WEEE_Cat5,ComponentShadowWEEE,AlAndAlAlloys,0.196442821134511,,0.272115671396384,,,,0.494798529426558,,0.170069534750178,0.230756699085628,0.275707679054802,,,,0.301159584020283,,,1.941050518868344
WEEE_generatedDedicated,WEEE_Cat5,ComponentShadowWEEE,CuAndCuAlloys,0.576158398961524,,,,,,,0.0628266510794826,,,,,,,,,0.513761500795832,1.1527465508368386
WEEE_generatedDedicated,WEEE_Cat5,ComponentShadowWEEE,aggregateBinderMixedMaterials,0.0614871537695063,,,,,,,,,,,,,,,,,0.0614871537695063
WEEE_generatedDedicated,WEEE_Cat5,ComponentShadowWEEE,ferrousMetals,0.0137189353975289,,,,0.221557237694003,,0.209033550695424,,0.566947644717621,,0.0791526182818312,0.14265570461236,,,0.471842255577763,,,1.7049079469765311
WEEE_generatedDedicated,WEEE_Cat5,ComponentShadowWEEE,glass,0.157617804497852,,,,,,,,,,,,0.380136458836835,0.159250574817782,,,0.3611980962472,1.0582029343996688
WEEE_generatedDedicated,WEEE_Cat5,ComponentShadowWEEE,glassAndCeramics,0.357953188841401,,,,,,,,,,,,0.55432033349658,0.243025929347385,,,0.115148358664062,1.270447810349428
WEEE_generatedDedicated,WEEE_Cat5,ComponentShadowWEEE,non-ferrousMetals,0.510588049025809,0.284670691794032,0.207411618803645,,0.264680065770339,0.307171895215979,0.521424516616437,0.195153169498621,0.532039701642606,0.598531022188623,0.491218746938638,0.212354019597337,0.542012060927006,,0.371153936596647,0.479516357258695,0.141832168189298,5.659758020063712
WEEE_generatedDedicated,WEEE_Cat5,ComponentShadowWEEE,otherMetalsAndMetalAlloys,0.596243371642312,0.24591696078553,,,,,,0.422947288887796,,,,,,,,,,1.265107621315638
WEEE_generatedDedicated,WEEE_Cat5,ComponentShadowWEEE,otherMinerals,0.256553464039627,,,,,,,,,,,,0.388180934616391,0.143910566440058,,,0.463160084337904,1.25180504943398
WEEE_generatedDedicated,WEEE_Cat5,ComponentShadowWEEE,otherOrUndefinedMaterials,0.498154904865141,,,,,,,,,,,,,,,,,0.498154904865141
WEEE_generatedDedicated,WEEE_Cat5,ComponentShadowWEEE,otherOrganics,0.253583152501337,,,,,,,,,,,,,,,,,0.253583152501337
WEEE_generatedDedicated,WEEE_Cat5,ComponentShadowWEEE,plastics,0.422092169122417,,,,,,,,,,,,,,,,,0.422092169122417
WEEE_generatedDedicated,WEEE_Cat5,ComponentShadowWEEE,undefinedAndMixedMaterials,0.409191676301978,,,,,,,,,,,,,,,,,0.409191676301978
WEEE_generatedDedicated,WEEE_Cat5,ComponentShadowWEEE,wood,0.36054588083696,,,,,,,,,,,,,,,,,0.36054588083696
WEEE_generatedDedicated,WEEE_Cat5,LidarSensor (&lt;15cm),AlAndAlAlloys,0.0589480030929131,,0.364097805533438,,,,0.1406956727896,,0.527119627813246,0.584374439183308,0.586339516996389,,,,0.442951962647081,,,2.704527028055975
WEEE_generatedDedicated,WEEE_Cat5,LidarSensor (&lt;15cm),CuAndCuAlloys,0.412710589676901,,,,,,,0.259219646654961,,,,,,,,,0.272935158757492,0.944865395089354
WEEE_generatedDedicated,WEEE_Cat5,LidarSensor (&lt;15cm),ferrousMetals,0.0985280004906083,,,,0.0625871708236588,,0.1442095711464,,0.0167583581033526,,0.246745706904246,0.146296458861979,,,0.503549151642378,,,1.2186744179726228
WEEE_generatedDedicated,WEEE_Cat5,LidarSensor (&lt;15cm),glass,0.123046135329793,,,,,,,,,,,,0.439992287859581,0.154671544472555,,,0.4081862097628,1.1258961774247291
WEEE_generatedDedicated,WEEE_Cat5,LidarSensor (&lt;15cm),plastics,0.268183977171198,,,,,,,,,,,,,,,,,0.268183977171198
WEEE_generatedDedicated,WEEE_Cat5,MagnetSensor,CuAndCuAlloys,0.193503590494278,,,,,,,0.156992515184712,,,,,,,,,0.479659260685557,0.830155366364547
WEEE_generatedDedicated,WEEE_Cat5,MagnetSensor,ferrousMetals,0.21030763197992,,,,0.248504155195509,,,,0.429284008913414,,0.432836339912241,,,,0.180517462622951,,,1.501449598624035
WEEE_generatedDedicated,WEEE_Cat5,MagnetSensor,plastics,0.20104312941411,,,,,,,,,,,,,,,,,0.20104312941411
WEEE_generatedDedicated,WEEE_Cat5,PCBWEEECat,otherOrUndefinedMaterials,0.126914734612244,,,,,,,,,,,,,,,,,0.126914734612244
WEEE_generatedDedicated,WEEE_Cat5,PCBunspecified,ferrousMetals,0.580583003880688,,,,,,0.25630603911428,,0.210097609227954,,0.534873207246199,0.176779895765779,,,0.421816953697563,,,2.180456708932463
WEEE_generatedDedicated,WEEE_Cat5,PVBacksheet,plasticComposites,0.106700815170765,,,,,,,,,,,,,,,,,0.106700815170765
WEEE_generatedDedicated,WEEE_Cat5,PVBacksheet,plastics,0.271218968130627,,,,,,,,,,,,,,,,,0.271218968130627
WEEE_generatedDedicated,WEEE_Cat5,PVEncapsulationEVA,plastics,0.552260353401705,,,,,,,,,,,,,,,,,0.552260353401705
WEEE_generatedDedicated,WEEE_Cat5,PVFrameAl,CuAndCuAlloys,0.464283761059656,,0.249934699328972,,,,0.148714374769308,,0.159024385354291,0.0633422523998647,0.316985779673931,,,,0.368291589339908,,,1.7705768419259307
WEEE_generatedDedicated,WEEE_Cat5,PVSolarGlass,glass,0.59425593745689,,,,,,,,,,,,0.199361990476444,0.0623541426940084,,,0.139866224481677,0.9958382951090193
WEEE_generatedDedicated,WEEE_Cat5,PVcellSi,otherOrUndefinedMaterials,0.0611839363776512,,,,,,,,,,,,,,,,,0.0611839363776512
WEEE_generatedDedicated,WEEE_Cat5,WEEEEvaporator,CuAndCuAlloys,0.110281439658181,,,,,,,0.0951452897781927,,,,,,,,,0.531508054255496,0.7369347836918696
WEEE_generatedDedicated,WEEE_Cat5,WEEEEvaporator,steelAndSteelAlloys,0.0344769099658241,,,,,,0.280334445003713,,0.300978915221541,,0.474219672361907,0.317113675717601,,,0.288300160138172,,,1.6954237784087582
WEEE_generatedDedicated,WEEE_Cat5,brush,AlAndAlAlloys,0.384380536784705,,0.322476095687398,,,,0.224684466896401,,0.534192084344913,0.266677134494369,0.421518535631401,,,,0.442858691674612,,,2.5967875455137994
WEEE_generatedDedicated,WEEE_Cat5,brush,ferrousMetals,0.144386513903664,,,,0.58129597609827,,,,0.199426881764859,,0.424217370437155,,,,0.468496313749481,,,1.817823055953429
WEEE_generatedDedicated,WEEE_Cat5,brush,plastics,0.585651669985248,,,,,,,,,,,,,,,,,0.585651669985248
WEEE_generatedDedicated,WEEE_Cat5,cableUnspecified,AlAndAlAlloys,0.453989696066587,,0.187449679786543,,,,0.336832551050041,,0.410063857086637,0.130914877342623,0.278664929019989,,,,0.313312043886065,,,2.1112276342384853
WEEE_generatedDedicated,WEEE_Cat5,cableUnspecified,CuAndCuAlloys,0.0559524532594371,,,,,,,0.436520069674325,,,,,,,,,0.134055981374856,0.6265285043086181
WEEE_generatedDedicated,WEEE_Cat5,cableUnspecified,ferrousMetals,0.490220873793701,,,,,,0.187185585633993,,0.369967387907502,,0.207872586014073,0.586216814941957,,,0.460805931857631,,,2.302269180148857
WEEE_generatedDedicated,WEEE_Cat5,cableUnspecified,plastics,0.596961579090735,,,,,,,,,,,,,,,,,0.596961579090735
WEEE_generatedDedicated,WEEE_Cat5,cableWPlug,plastics,0.539081648697366,,,,,,,,,,,,,,,,,0.539081648697366
WEEE_generatedDedicated,WEEE_Cat5,cableWithConnector,CuAndCuAlloys,0.35483050210852,,,,,,,0.432782985046028,,,,,,,,,0.220107796163178,1.007721283317726
WEEE_generatedDedicated,WEEE_Cat5,cables,otherOrUndefinedMaterials,0.463609640728176,,,,,,,,,,,,,,,,,0.463609640728176
WEEE_generatedDedicated,WEEE_Cat5,cablewire,AlAndAlAlloys,0.286637430905012,,0.0604005432183591,,,,0.16432072266826,,0.0730104664563408,0.286601789652069,0.56241191248584,,,,0.235962757001638,,,1.6693456223875187
WEEE_generatedDedicated,WEEE_Cat5,cablewire,CuAndCuAlloys,0.143635149984962,,,,,,,0.431062935533448,,,,,,,,,0.0267233481611877,0.6014214336795977
WEEE_generatedDedicated,WEEE_Cat5,cablewire,ferrousMetals,0.380803663191385,,,,0.133633862927215,,,,0.516481000182626,,0.151087255196151,,,,0.200827118009043,,,1.38283289950642
WEEE_generatedDedicated,WEEE_Cat5,cablewire,plastics,0.58524908755554,,,,,,,,,,,,,,,,,0.58524908755554
WEEE_generatedDedicated,WEEE_Cat5,capElectrolytic,CuAndCuAlloys,0.227170792543225,,,,,,,0.522320789990549,,,,,,,,,0.181263830758118,0.930755413291892
WEEE_generatedDedicated,WEEE_Cat5,capElectrolytic,undefinedAndMixedMaterials,0.0932384950176275,,,,,,,,,,,,,,,,,0.0932384950176275
WEEE_generatedDedicated,WEEE_Cat5,casingPlasticBased,AlAndAlAlloys,0.0841811703936555,,0.536135787886268,,,,0.111474036500844,,0.487025938113081,0.530804313155471,0.0251534822077475,,,,0.399137298272051,,,2.173912026529118
WEEE_generatedDedicated,WEEE_Cat5,casingPlasticBased,CuAndCuAlloys,0.585542177232689,,,,,,,0.566511926200584,,,,,,,,,0.346255215417009,1.498309318850282
WEEE_generatedDedicated,WEEE_Cat5,casingPlasticBased,ferrousMetals,0.337118625905814,,,,0.120234504450259,,0.538858736541395,,0.194922052485766,,0.0094570959444281,0.0638219383940487,,,0.0506653427382668,,,1.3150782964599776
WEEE_generatedDedicated,WEEE_Cat5,casingPlasticBased,otherOrganics,0.418740706254699,,,,,,,,,,,,,,,,,0.418740706254699
WEEE_generatedDedicated,WEEE_Cat5,casingPlasticBased,plastics,0.579544163316132,,,,,,,,,,,,,,,,,0.579544163316132
WEEE_generatedDedicated,WEEE_Cat5,casingPlasticBased,polymerPA6GF30,0.570317060569746,,,,,,,,,,,,,,,,,0.570317060569746
WEEE_generatedDedicated,WEEE_Cat5,casingPlasticBased,polymerPPGF30,0.12663079248038,,,,,,,,,,,,,,,,,0.12663079248038
WEEE_generatedDedicated,WEEE_Cat5,casingPlasticBased,polymerPPTF30,0.204217768677421,,,,,,,,,,,,,,,,,0.204217768677421
WEEE_generatedDedicated,WEEE_Cat5,casingSteelBased,ferrousMetals,0.217344398936154,,,,,,0.404323779274037,,0.364991887361708,,0.242594590742702,0.355271766892452,,,0.311439085070789,,,1.895965508277842
WEEE_generatedDedicated,WEEE_Cat5,casingUnspecified,AlAndAlAlloys,0.180730429004163,,0.207625605593201,,,,0.405739283125931,,0.360074318837382,0.501204429532258,0.438751444893585,,,,0.375569263488038,,,2.469694774474558
WEEE_generatedDedicated,WEEE_Cat5,casingUnspecified,CuAndCuAlloys,0.357987407982911,,,,,,,0.129265380448595,,,,,,,,,0.052362520299387,0.539615308730893
WEEE_generatedDedicated,WEEE_Cat5,casingUnspecified,ferrousMetals,0.465220491181318,,,,,,0.575112538962731,,0.494774681703327,,0.43932972468429,0.214343148083257,,,0.0757727185795748,,,2.2645533031944978
WEEE_generatedDedicated,WEEE_Cat5,casingUnspecified,glass,0.547580527858449,,,,,,,,,,,,0.580325462727226,0.162672495940653,,,0.201780923646521,1.492359410172849
WEEE_generatedDedicated,WEEE_Cat5,casingUnspecified,otherMetalsAndMetalAlloys,0.275003582535831,0.0783450689110196,,,,,,0.158995624643425,,,,,,,,,,0.5123442760902757
WEEE_generatedDedicated,WEEE_Cat5,casingUnspecified,plastics,0.38715219884543,,,,,,,,,,,,,,,,,0.38715219884543
WEEE_generatedDedicated,WEEE_Cat5,casingUnspecified,undefinedAndMixedMaterials,0.298162183685672,,,,,,,,,,,,,,,,,0.298162183685672
WEEE_generatedDedicated,WEEE_Cat5,compressor,CuAndCuAlloys,0.296143281263649,,0.301914075455061,,,,0.496897780652515,0.410915712709343,0.489321713541095,0.537346177908905,0.0639699197740307,,,,0.551509330532238,,0.0562984150905438,3.2043164069273806
WEEE_generatedDedicated,WEEE_Cat5,compressor,glass,0.472449187210923,,,,,,,,,,,,0.580053118982129,0.174955590051119,,,0.460068531852732,1.6875264280969031
WEEE_generatedDedicated,WEEE_Cat5,compressor,otherFerrousAlloys,0.485778855986411,,,,0.0080601057857891,,,,0.431230563247296,,0.42859561043875,,,,0.0219614673631794,,,1.3756266028214257
WEEE_generatedDedicated,WEEE_Cat5,compressor,otherOrUndefinedMaterials,0.25476574300371,,,,,,,,,,,,,,,,,0.25476574300371
WEEE_generatedDedicated,WEEE_Cat5,compressor,plastics,0.0152025362407544,,,,,,,,,,,,,,,,,0.0152025362407544
WEEE_generatedDedicated,WEEE_Cat5,compressor,steelAndSteelAlloys,0.149756517759771,,,,,,0.248678541755047,,0.48101973184066,,0.557051312413858,0.144611667063202,,,0.0776285188326715,,,1.6587462896652094
WEEE_generatedDedicated,WEEE_Cat5,displayCRT,AlAndAlAlloys,0.341915381981382,,0.257142340887645,,,,0.467022291187426,,0.252307253888465,0.0511067900985746,0.24393161857,,,,0.416561940634546,,,2.0299876172480387
WEEE_generatedDedicated,WEEE_Cat5,displayCRT,glass,0.184796080561269,,,,,,,,,,,,0.130860511678304,0.23353300182514,,,0.42982934946369,0.979018943528403
WEEE_generatedDedicated,WEEE_Cat5,displayLCD,AlAndAlAlloys,0.503058367138645,,0.170260191006761,,,,0.190647559407005,,0.277464365399137,0.473366306037708,0.477445516958756,,,,0.414583657735443,,,2.506825963683455
WEEE_generatedDedicated,WEEE_Cat5,displayLCD,CuAndCuAlloys,0.23369751456466,,,,,,,0.147731979093053,,,,,,,,,0.523643709810541,0.905073203468254
WEEE_generatedDedicated,WEEE_Cat5,displayLCD,ferrousMetals,0.588180624242981,,,,,,0.462560613597862,,0.418802361793103,,0.466452872795947,0.0033771974432426,,,0.324419725723055,,,2.26379339559619
WEEE_generatedDedicated,WEEE_Cat5,displayLCD,glass,0.0720783302530226,,,,,,,,,,,,0.534757924056361,0.128980962219297,,,0.554789894275336,1.2906071108040167
WEEE_generatedDedicated,WEEE_Cat5,displayLCD,plastics,0.0363186839417055,,,,,,,,,,,,,,,,,0.0363186839417055
WEEE_generatedDedicated,WEEE_Cat5,displayLCD,undefinedAndMixedMaterials,0.177465306683396,,,,,,,,,,,,,,,,,0.177465306683396
WEEE_generatedDedicated,WEEE_Cat5,displayOther,AlAndAlAlloys,0.208135899364613,,0.353045217896874,,,,0.166323667986678,,0.569588067864703,0.204880491766402,0.540831780561998,,,,0.199772779787744,,,2.2425779052290116
WEEE_generatedDedicated,WEEE_Cat5,displayOther,CuAndCuAlloys,0.11411387011512,,,,,,,0.515978710682996,,,,,,,,,0.129584271691177,0.759676852489293
WEEE_generatedDedicated,WEEE_Cat5,displayOther,ferrousMetals,0.0198482835174067,,,,,,0.42946186826712,,0.424040679924812,,0.0738472554280462,0.541472731043558,,,0.275641796775624,,,1.7643126149565669
WEEE_generatedDedicated,WEEE_Cat5,displayOther,glass,0.174826110068366,,,,,,,,,,,,0.269288235361393,0.244515707875791,,,0.335569789189566,1.024199842495116
WEEE_generatedDedicated,WEEE_Cat5,displayOther,otherMetalsAndMetalAlloys,0.157099798711398,0.266654004444098,,,,,,0.521735935948548,,,,,,,,,,0.945489739104044
WEEE_generatedDedicated,WEEE_Cat5,displayOther,plastics,0.217347124784866,,,,,,,,,,,,,,,,,0.217347124784866
WEEE_generatedDedicated,WEEE_Cat5,displayOther,undefinedAndMixedMaterials,0.136269787104711,,,,,,,,,,,,,,,,,0.136269787104711
WEEE_generatedDedicated,WEEE_Cat5,driveCDDInt,AlAndAlAlloys,0.490719820553089,,0.267749887146629,,,,0.137485435064451,,0.550154777288014,0.531818002600097,0.506677056725711,,,,0.0805086820839151,,,2.565113661461906
WEEE_generatedDedicated,WEEE_Cat5,driveCDDInt,CuAndCuAlloys,0.207531202780576,,,,,,,0.348587733043224,,,,,,,,,0.530112726372971,1.086231662196771
WEEE_generatedDedicated,WEEE_Cat5,driveCDDInt,ferrousMetals,0.292371811821759,,,,,,0.450819747422651,,0.591100660531658,,0.555549546281289,0.556866516802371,,,0.467770348624693,,,2.914478631484421
WEEE_generatedDedicated,WEEE_Cat5,driveCDDInt,otherMetalsAndMetalAlloys,0.472947980991375,0.525668343802661,,,,,,0.171346455346078,,,,,,,,,,1.169962780140114
WEEE_generatedDedicated,WEEE_Cat5,driveCDDInt,plastics,0.00162798223074,,,,,,,,,,,,,,,,,0.00162798223074
WEEE_generatedDedicated,WEEE_Cat5,driveCDDInt,undefinedAndMixedMaterials,0.298026688586007,,,,,,,,,,,,,,,,,0.298026688586007
WEEE_generatedDedicated,WEEE_Cat5,driveFDD,AlAndAlAlloys,0.271683871578803,,0.378155849664698,,,,0.477752695601591,,0.269517538730891,0.323958935348245,0.463398814227941,,,,0.0395347193523363,,,2.2240024245045054
WEEE_generatedDedicated,WEEE_Cat5,driveFDD,ferrousMetals,0.227191522242328,,,,,,0.444883242192069,,0.337047366001586,,0.0273854457951485,0.217147556857686,,,0.582074326335681,,,1.8357294594244986
WEEE_generatedDedicated,WEEE_Cat5,driveHDD,AlAndAlAlloys,0.220910072656564,,0.175048374017778,,,,0.320611133486963,,0.0056834914221241,0.229157583667096,0.0937518029889083,,,,0.0476241196697842,,,1.0927865779092176
WEEE_generatedDedicated,WEEE_Cat5,driveHDD,CuAndCuAlloys,0.439502821882789,,,,,,,0.17556509442743,,,,,,,,,0.150504997047596,0.7655729133578151
WEEE_generatedDedicated,WEEE_Cat5,driveHDD,ferrousMetals,0.289259872703223,,,,,,0.384029719057208,,0.413412976734996,,0.419711792296918,0.188767249492606,,,0.275397511158497,,,1.970579121443448
WEEE_generatedDedicated,WEEE_Cat5,driveHDD,otherMetalsAndMetalAlloys,0.445777629348594,0.409680394218801,,,,,,0.0063656361790569,,,,,,,,,,0.8618236597464519
WEEE_generatedDedicated,WEEE_Cat5,driveHDD,plastics,0.475107718670379,,,,,,,,,,,,,,,,,0.475107718670379
WEEE_generatedDedicated,WEEE_Cat5,driveHDD,undefinedAndMixedMaterials,0.295474788554843,,,,,,,,,,,,,,,,,0.295474788554843
WEEE_generatedDedicated,WEEE_Cat5,driveUnspecified,CuAndCuAlloys,0.516391675967621,,,,,,,0.439056193315834,,,,,,,,,0.458093171036532,1.413541040319987
WEEE_generatedDedicated,WEEE_Cat5,driveUnspecified,ferrousMetals,0.481669984561885,,,,,,0.123962566286351,,0.318883966130068,,0.165767377511035,0.369841045071092,,,0.224502574876392,,,1.6846275144368228
WEEE_generatedDedicated,WEEE_Cat5,driveUnspecified,plastics,0.433154731004381,,,,,,,,,,,,,,,,,0.433154731004381
WEEE_generatedDedicated,WEEE_Cat5,driveUnspecified,undefinedAndMixedMaterials,0.498965863375692,,,,,,,,,,,,,,,,,0.498965863375692
WEEE_generatedDedicated,WEEE_Cat5,electricEngine,AlAndAlAlloys,0.510183260190199,,0.0190614213137138,,,,0.248707760793439,,0.161617209596207,0.270988801361514,0.475969245608121,,,,0.239517213053233,,,1.9260449119164267
WEEE_generatedDedicated,WEEE_Cat5,electricEngine,CuAndCuAlloys,0.0374035506059373,,,,,,,0.0658726465451584,,,,,,,,,0.316348376564009,0.4196245737151047
WEEE_generatedDedicated,WEEE_Cat5,electricEngine,carbon,0.359528124878662,,,,,,,,,,,,0.0488453041183232,0.153009546386038,,,0.541937855688725,1.1033208310717482
WEEE_generatedDedicated,WEEE_Cat5,electricEngine,ferrousMetals,0.57394863552787,,,,0.340910390747205,,0.070139198670219,,0.472519899152286,,0.414185673914036,0.500423660993995,,,0.409237727537069,,,2.78136518654268
WEEE_generatedDedicated,WEEE_Cat5,electricEngine,otherOrganics,0.146350230742009,,,,,,,,,,,,,,,,,0.146350230742009
WEEE_generatedDedicated,WEEE_Cat5,electricEngine,plastics,0.148190338204481,,,,,,,,,,,,,,,,,0.148190338204481
WEEE_generatedDedicated,WEEE_Cat5,filterFoamBased,plastics,0.103459059131691,,,,,,,,,,,,,,,,,0.103459059131691
WEEE_generatedDedicated,WEEE_Cat5,gear,plastics,0.448188424228834,,,,,,,,,,,,,,,,,0.448188424228834
WEEE_generatedDedicated,WEEE_Cat5,heatingCoolingEEEairCondenser,CuAndCuAlloys,0.330176222796514,,,,,,,0.379552208568271,,,,,,,,,0.111365950945373,0.821094382310158
WEEE_generatedDedicated,WEEE_Cat5,heatingCoolingEEEairCondenser,otherOrUndefinedMaterials,0.150650060214296,,,,,,,,,,,,,,,,,0.150650060214296
WEEE_generatedDedicated,WEEE_Cat5,heatingCoolingEEEairCondenser,plastics,0.188833516482135,,,,,,,,,,,,,,,,,0.188833516482135
WEEE_generatedDedicated,WEEE_Cat5,heatingCoolingEEEairCondenser,steelAndSteelAlloys,0.333417818321212,,,,,,0.379766979469694,,0.293448602207707,,0.28234580509207,0.0869346797724009,,,0.295647004963925,,,1.671560889827009
WEEE_generatedDedicated,WEEE_Cat5,heatingCoolingEEEfan,AlAndAlAlloys,0.209694283721942,,0.214077091843126,,,,0.0925335115953694,,0.246698415393219,0.142983113461522,0.306995352583843,,,,0.36860958271018,,,1.5815913513092015
WEEE_generatedDedicated,WEEE_Cat5,heatingCoolingEEEfan,CuAndCuAlloys,0.120666515735862,,,,,,,0.16148626438559,,,,,,,,,0.52449449164677,0.806647271768222
WEEE_generatedDedicated,WEEE_Cat5,heatingCoolingEEEfan,ferrousMetals,0.435551958448984,,,,0.51951561054217,,0.0074360835715565,,0.355507811027257,,0.194739479700935,0.54882288678736,,,0.244595750068131,,,2.3061695801463933
WEEE_generatedDedicated,WEEE_Cat5,heatingCoolingEEEfan,plastics,0.34279223307332,,,,,,,,,,,,,,,,,0.34279223307332
WEEE_generatedDedicated,WEEE_Cat5,heatingCoolingEEEfan,steelAndSteelAlloys,0.169395103483713,,,,,,0.561498961580576,,0.32261996412316,,0.376990627071206,0.281473890195187,,,0.223224805104352,,,1.9352033515581941
WEEE_generatedDedicated,WEEE_Cat5,heatingCoolingEEEfan,undefinedAndMixedMaterials,0.244632995585572,,,,,,,,,,,,,,,,,0.244632995585572
WEEE_generatedDedicated,WEEE_Cat5,heatingCoolingEEEheatSink,AlAndAlAlloys,0.441675672206953,,0.35437867509278,,,,0.0129624702072698,,0.416871500985373,0.210426262947121,0.526576634858378,,,,0.315569949559013,,,2.278461165856888
WEEE_generatedDedicated,WEEE_Cat5,heatingCoolingEEEheatSink,CuAndCuAlloys,0.0360889024842721,,,,,,,0.0350742359285364,,,,,,,,,0.287638879037995,0.35880201745080353
WEEE_generatedDedicated,WEEE_Cat5,heatingCoolingEEEheatSink,ferrousMetals,0.218017903502591,,,,,,0.177627703898999,,0.516712212566808,,0.0178470606383887,0.0408011028227358,,,0.0046844285266389,,,0.9756904119561615
WEEE_generatedDedicated,WEEE_Cat5,heatingCoolingEEEheatSink,otherMetalsAndMetalAlloys,0.11659140941839,0.335236743972057,,,,,,0.100882955683318,,,,,,,,,,0.552711109073765
WEEE_generatedDedicated,WEEE_Cat5,heatingCoolingEEEheatSink,plastics,0.526123697956984,,,,,,,,,,,,,,,,,0.526123697956984
WEEE_generatedDedicated,WEEE_Cat5,heatingCoolingEEEheatSink,undefinedAndMixedMaterials,0.0066798101432161,,,,,,,,,,,,,,,,,0.0066798101432161
WEEE_generatedDedicated,WEEE_Cat5,inductor,CuAndCuAlloys,0.141497495495417,,,,,,,0.509132729689525,,,,,,,,,0.0236995713170576,0.6743297965019996
WEEE_generatedDedicated,WEEE_Cat5,inductor,ferrousMetals,0.408600689494284,,,,,,0.0638989823508219,,0.116319106562187,,0.116714713934018,0.188138010216526,,,0.417717400179768,,,1.311388902737605
WEEE_generatedDedicated,WEEE_Cat5,inductor,plastics,0.351449210723813,,,,,,,,,,,,,,,,,0.351449210723813
WEEE_generatedDedicated,WEEE_Cat5,keyboard,AlAndAlAlloys,0.435212944068145,,0.530576775091709,,,,0.53183664778085,,0.471577887169793,0.541633164325184,0.340885848072198,,,,0.40914601696237,,,3.260869283470249
WEEE_generatedDedicated,WEEE_Cat5,keyboard,CuAndCuAlloys,0.034316337295557,,,,,,,0.543315441932675,,,,,,,,,0.0538094010055915,0.6314411802338235
WEEE_generatedDedicated,WEEE_Cat5,keyboard,ferrousMetals,0.538093643947813,,,,,,0.478070485922671,,0.142331912337511,,0.156502368561458,0.0853598381233703,,,0.343543539372602,,,1.7439017882654253
WEEE_generatedDedicated,WEEE_Cat5,keyboard,otherMetalsAndMetalAlloys,0.141361747805523,0.252267911972342,,,,,,0.486933158276594,,,,,,,,,,0.880562818054459
WEEE_generatedDedicated,WEEE_Cat5,keyboard,plastics,0.343020929090361,,,,,,,,,,,,,,,,,0.343020929090361
WEEE_generatedDedicated,WEEE_Cat5,keyboard,undefinedAndMixedMaterials,0.483129830363191,,,,,,,,,,,,,,,,,0.483129830363191
WEEE_generatedDedicated,WEEE_Cat5,knob,AlAndAlAlloys,0.53831043057133,,0.0995007434232633,,,,0.595794620175571,,0.212642469534936,0.438019202072184,0.178499203510604,,,,0.572480012214886,,,2.6352466815027746
WEEE_generatedDedicated,WEEE_Cat5,knob,ferrousMetals,0.492128132854497,,,,0.0002298796901235,,,,0.13368043502855,,0.382647219672833,,,,0.170279123261758,,,1.1789647905077616
WEEE_generatedDedicated,WEEE_Cat5,knob,plastics,0.412348206442322,,,,,,,,,,,,,,,,,0.412348206442322
WEEE_generatedDedicated,WEEE_Cat5,lenseAssembly,AlAndAlAlloys,0.0487570340190245,,0.233458870322894,,,,0.569834604165323,,0.210369436117718,0.377760206053732,0.0684554163514249,,,,0.185835335911899,,,1.6944709029420155
WEEE_generatedDedicated,WEEE_Cat5,lenseAssembly,CuAndCuAlloys,0.209157220120836,,,,,,,0.0031955184116291,,,,,,,,,0.103297837006174,0.3156505755386391
WEEE_generatedDedicated,WEEE_Cat5,lenseAssembly,ferrousMetals,0.32373768736829,,,,,,0.212341766031159,,0.117909266711659,,0.394111113001035,0.291112378800596,,,0.213000305872328,,,1.552212517785067
WEEE_generatedDedicated,WEEE_Cat5,lenseAssembly,glass,0.399303122481318,,,,,,,,,,,,0.241281361939522,0.501142654900217,,,0.483865309291205,1.6255924486122622
WEEE_generatedDedicated,WEEE_Cat5,lenseAssembly,plastics,0.265899522332001,,,,,,,,,,,,,,,,,0.265899522332001
WEEE_generatedDedicated,WEEE_Cat5,lenseAssembly,undefinedAndMixedMaterials,0.303272662122056,,,,,,,,,,,,,,,,,0.303272662122056
WEEE_generatedDedicated,WEEE_Cat5,lightingFlash,AlAndAlAlloys,0.0793101161368641,,0.0925359992651536,,,,0.0612013332285453,,0.0708556049177046,0.435026842866869,0.109695587248141,,,,0.397619756739897,,,1.2462452404031747
WEEE_generatedDedicated,WEEE_Cat5,lightingFlash,CuAndCuAlloys,0.509391912113405,,,,,,,0.297586731035379,,,,,,,,,0.457610524891163,1.264589168039947
WEEE_generatedDedicated,WEEE_Cat5,lightingFlash,ferrousMetals,0.221836410371333,,,,,,0.173371703822799,,0.360246572862295,,0.0728012457594051,0.380397318461397,,,0.0420640998470374,,,1.2507173511242666
WEEE_generatedDedicated,WEEE_Cat5,lightingFlash,glass,0.162585464549826,,,,,,,,,,,,0.153160703108099,0.406783144870093,,,0.188434261161389,0.9109635736894071
WEEE_generatedDedicated,WEEE_Cat5,lightingFlash,plastics,0.598924642826345,,,,,,,,,,,,,,,,,0.598924642826345
WEEE_generatedDedicated,WEEE_Cat5,lightingFlash,undefinedAndMixedMaterials,0.0495848424938225,,,,,,,,,,,,,,,,,0.0495848424938225
WEEE_generatedDedicated,WEEE_Cat5,magnetPermanent,otherOrUndefinedMaterials,0.288902426190839,,,,,,,,,,,,,,,,,0.288902426190839
WEEE_generatedDedicated,WEEE_Cat5,mainboardInclCPUgpu,AlAndAlAlloys,0.542969735918169,,0.543957137180666,,,,0.0352213170924836,,0.495054734128855,0.276891785666022,0.212138698950824,,,,0.430055119856349,,,2.5362885287933685
WEEE_generatedDedicated,WEEE_Cat5,mainboardInclCPUgpu,CuAndCuAlloys,0.45973354710218,,,,,,,0.0668723506142368,,,,,,,,,0.372916623449387,0.8995225211658038
WEEE_generatedDedicated,WEEE_Cat5,mainboardInclCPUgpu,ferrousMetals,0.430670205700927,,,,,,0.275112383583491,,0.232856568590074,,0.242403611969822,0.584757971668971,,,0.512235364194424,,,2.278036105707709
WEEE_generatedDedicated,WEEE_Cat5,mainboardInclCPUgpu,otherMetalsAndMetalAlloys,0.585229043479599,0.519338166935297,,,,,,0.514233543922987,,,,,,,,,,1.618800754337883
WEEE_generatedDedicated,WEEE_Cat5,mainboardInclCPUgpu,plastics,0.249272537867593,,,,,,,,,,,,,,,,,0.249272537867593
WEEE_generatedDedicated,WEEE_Cat5,mainboardInclCPUgpu,undefinedAndMixedMaterials,0.379301039302338,,,,,,,,,,,,,,,,,0.379301039302338
WEEE_generatedDedicated,WEEE_Cat5,non-electricCoil,AlAndAlAlloys,0.574581976010758,,0.49008328678517,,,,0.0708079630651904,,0.392139845125166,0.260204141717747,0.593141196844282,,,,0.0885642223893038,,,2.4695226319376173
WEEE_generatedDedicated,WEEE_Cat5,non-electricCoil,ferrousMetals,0.43134679144503,,,,0.295351276604052,,,,0.352816565554481,,0.0570620969471663,,,,0.327375796480522,,,1.4639525270312514
WEEE_generatedDedicated,WEEE_Cat5,non-electricCoil,plastics,0.339515410830901,,,,,,,,,,,,,,,,,0.339515410830901
WEEE_generatedDedicated,WEEE_Cat5,onOffSwitch,CuAndCuAlloys,0.257873899256282,,,,,,,0.282437434173611,,,,,,,,,0.0954175290728299,0.6357288625027229
WEEE_generatedDedicated,WEEE_Cat5,onOffSwitch,plastics,0.239726733684206,,,,,,,,,,,,,,,,,0.239726733684206
WEEE_generatedDedicated,WEEE_Cat5,otherElectricCompUnspecified,AlAndAlAlloys,0.256001275419264,,0.252615784366307,,,,0.367293391937332,,0.194276747348911,0.181211097224172,0.355576066182953,,,,0.299164548993542,,,1.906138911472481
WEEE_generatedDedicated,WEEE_Cat5,otherElectricCompUnspecified,CuAndCuAlloys,0.502761525150443,,,,,,,0.122744819621667,,,,,,,,,0.582594692237163,1.208101037009273
WEEE_generatedDedicated,WEEE_Cat5,otherElectricCompUnspecified,ferrousMetals,0.23195952488736,,,,,,0.52825925373254,,0.324208167944338,,0.101207880016463,0.26334224112578,,,0.515722060441786,,,1.964699128148267
WEEE_generatedDedicated,WEEE_Cat5,otherElectricCompUnspecified,glass,0.215944107650283,,,,,,,,,,,,0.261692702883617,0.285399155872118,,,0.12817005359309,0.891206019999108
WEEE_generatedDedicated,WEEE_Cat5,otherElectricCompUnspecified,otherMetalsAndMetalAlloys,0.0305640218660833,0.324599492171318,,,,,,0.262999213967468,,,,,,,,,,0.6181627280048694
WEEE_generatedDedicated,WEEE_Cat5,otherElectricCompUnspecified,otherOrUndefinedMaterials,0.395770679731616,,,,,,,,,,,,,,,,,0.395770679731616
WEEE_generatedDedicated,WEEE_Cat5,otherElectricCompUnspecified,plastics,0.12155167805336,,,,,,,,,,,,,,,,,0.12155167805336
WEEE_generatedDedicated,WEEE_Cat5,otherElectricCompUnspecified,undefinedAndMixedMaterials,0.497298580343475,,,,,,,,,,,,,,,,,0.497298580343475
WEEE_generatedDedicated,WEEE_Cat5,otherNonElectricCompUnspecified,AlAndAlAlloys,0.484159833347841,,0.197118454784918,,,,0.520159455368285,,0.206107550440349,0.225437641452623,0.216940274442103,,,,0.40506524032143,,,2.2549884501575495
WEEE_generatedDedicated,WEEE_Cat5,otherNonElectricCompUnspecified,CuAndCuAlloys,0.0786789895103265,,0.0997481430574644,,,,0.211310282092614,0.350763967422906,0.559385001263505,0.062014205100504,0.520742771018585,,,,0.0728574936379252,,0.143151831072688,2.098652684176518
WEEE_generatedDedicated,WEEE_Cat5,otherNonElectricCompUnspecified,ferrousMetals,0.134384583931344,,,,0.402241772510933,,0.55341558191652,,0.113321616509123,,0.149196472581635,0.207948282259204,,,0.434040362168987,,,1.9945486718777459
WEEE_generatedDedicated,WEEE_Cat5,otherNonElectricCompUnspecified,plastics,0.524964723228266,,,,,,,,,,,,,,,,,0.524964723228266
WEEE_generatedDedicated,WEEE_Cat5,otherNonElectricCompUnspecified,steelAndSteelAlloys,0.0466020897996461,,,,,,0.0029515117074137,,0.519228166981258,,0.0600317759534998,0.0386525357077197,,,0.232452750780378,,,0.8999188309299152
WEEE_generatedDedicated,WEEE_Cat5,otherNonElectricCompUnspecified,undefinedAndMixedMaterials,0.503986546018776,,,,,,,,,,,,,,,,,0.503986546018776
WEEE_generatedDedicated,WEEE_Cat5,passiveJunctionBox,CuAndCuAlloys,0.0328315315212904,,,,,,,0.244093072136974,,,,,,,,0.38682569251146,0.113288038642116,0.7770383348118404
WEEE_generatedDedicated,WEEE_Cat5,passiveJunctionBox,otherOrUndefinedMaterials,0.161834098438182,,,,,,,,,,,,,,,,,0.161834098438182
WEEE_generatedDedicated,WEEE_Cat5,passiveJunctionBox,plastics,0.520023969156882,,,,,,,,,,,,,,,,,0.520023969156882
WEEE_generatedDedicated,WEEE_Cat5,pcbWEEECat,plastics,0.234763810366658,,,,,,,,,,,,,,,,,0.234763810366658
WEEE_generatedDedicated,WEEE_Cat5,powerSupply,AlAndAlAlloys,0.495340612908576,,0.171599730636742,,,,0.180833508120433,,0.0535670062610119,0.128806410397275,0.549476189026397,,,,0.372295221723005,,,1.95191867907344
WEEE_generatedDedicated,WEEE_Cat5,powerSupply,CuAndCuAlloys,0.227395347139202,,,,,,,0.193962977640189,,,,,,,,,0.296098806954857,0.717457131734248
WEEE_generatedDedicated,WEEE_Cat5,powerSupply,ferrousMetals,0.519053612631267,,,,,,0.135988109493622,,0.519331379668506,,0.362248799081879,0.479676292158405,,,0.0462386358276321,,,2.0625368288613113
WEEE_generatedDedicated,WEEE_Cat5,powerSupply,otherMetalsAndMetalAlloys,0.246730485227572,0.361441063267764,,,,,,0.037408637811738,,,,,,,,,,0.6455801863070739
WEEE_generatedDedicated,WEEE_Cat5,powerSupply,plastics,0.10847958467232,,,,,,,,,,,,,,,,,0.10847958467232
WEEE_generatedDedicated,WEEE_Cat5,powerSupply,undefinedAndMixedMaterials,0.316744204088054,,,,,,,,,,,,,,,,,0.316744204088054
WEEE_generatedDedicated,WEEE_Cat5,pump,ironWroughtAndCast,0.262752968784472,,,,0.462764633007064,,,,0.175680757882919,,0.543832719538459,,,,0.0802485625940432,,,1.5252796418069572
WEEE_generatedDedicated,WEEE_Cat5,pump,steelAndSteelAlloys,0.0057212275367084,,,,,,0.0471229650352455,,0.494743521628186,,0.490942423750574,0.249021477500113,,,0.269957166249768,,,1.557508781700595
WEEE_generatedDedicated,WEEE_Cat5,refrigerant,otherOrUndefinedMaterials,0.302924260954358,,,,,,,,,,,,,,,,,0.302924260954358
WEEE_generatedDedicated,WEEE_Cat5,remoteControl,AlAndAlAlloys,0.359046633809052,,0.0273366761137491,,,,0.22830398940528,,0.407153387290988,0.233726985024965,0.349889509527823,,,,0.37097622360706,,,1.9764334047789172
WEEE_generatedDedicated,WEEE_Cat5,remoteControl,CuAndCuAlloys,0.289632831671038,,,,,,,0.342556549120148,,,,,,,,,0.412534696354203,1.044724077145389
WEEE_generatedDedicated,WEEE_Cat5,remoteControl,ferrousMetals,0.145308824476447,,,,,,0.286610974073919,,0.216617133750381,,0.122608948674839,0.270066043821592,,,0.42621446472353,,,1.4674263895207078
WEEE_generatedDedicated,WEEE_Cat5,remoteControl,otherOrUndefinedMaterials,0.364117655849241,,,,,,,,,,,,,,,,,0.364117655849241
WEEE_generatedDedicated,WEEE_Cat5,remoteControl,plastics,0.40992518392517,,,,,,,,,,,,,,,,,0.40992518392517
WEEE_generatedDedicated,WEEE_Cat5,remoteControl,undefinedAndMixedMaterials,0.153811018965108,,,,,,,,,,,,,,,,,0.153811018965108
WEEE_generatedDedicated,WEEE_Cat5,rotor,ferrousMetals,0.243175307942626,,,,,,0.190825647943615,,0.156542596470935,,0.245583666810234,0.336578155994781,,,0.319638110632211,,,1.492343485794402
WEEE_generatedDedicated,WEEE_Cat5,rotor,plastics,0.502145303072242,,,,,,,,,,,,,,,,,0.502145303072242
WEEE_generatedDedicated,WEEE_Cat5,screw,CuAndCuAlloys,0.02015733847869,,,,,,,0.35476323296361,,,,,,,,,0.343988002648084,0.718908574090384
WEEE_generatedDedicated,WEEE_Cat5,screw,ferrousMetals,0.202088525134611,,,,0.112893961449709,,,,0.383565189016905,,0.174885845853701,,,,0.393741011562689,,,1.2671745330176152
WEEE_generatedDedicated,WEEE_Cat5,shadowComponentWEEE,CuAndCuAlloys,0.497249848960438,,0.209311946855725,,,,0.258362045734111,0.299912481135628,0.322085753173204,0.38439162758828,0.508064675238406,,,,0.227133321105941,0.131541256016827,0.157774081225315,2.995827037033875
WEEE_generatedDedicated,WEEE_Cat5,shadowComponentWEEE,bitumen,0.11231052293543,,,,,,,,,,,,,,,,,0.11231052293543
WEEE_generatedDedicated,WEEE_Cat5,shadowComponentWEEE,ceramicComposites,0.177356167369886,,,,,,,,,,,,,,,,,0.177356167369886
WEEE_generatedDedicated,WEEE_Cat5,shadowComponentWEEE,concrete,0.428361341352496,,,,,,,,,,,,,,,,,0.428361341352496
WEEE_generatedDedicated,WEEE_Cat5,shadowComponentWEEE,glass,0.0280395747835319,,,,,,,,,,,,0.359923609676795,0.104900594065225,,,0.2362326632136,0.7290964417391519
WEEE_generatedDedicated,WEEE_Cat5,shadowComponentWEEE,ironWroughtAndCast,0.265647446343436,,,,0.0150088529786475,,,,0.16791055646513,,0.31834596421095,,,,0.292676247611903,,,1.0595890676100665
WEEE_generatedDedicated,WEEE_Cat5,shadowComponentWEEE,oil4,0.0026797210147313,,,,,,,,,,,,,,,,,0.0026797210147313
WEEE_generatedDedicated,WEEE_Cat5,shadowComponentWEEE,otherMetalsAndMetalAlloys,0.0741014342141521,0.404547402069076,0.215306883761822,0.433363121373214,0.545991732793834,0.544037704693625,,0.372134189862778,0.189784977633687,0.277327670601253,0.389433309790243,0.198859740261443,,,0.0310175484654778,,0.215576281599555,3.8914819971201604
WEEE_generatedDedicated,WEEE_Cat5,shadowComponentWEEE,otherOrUndefinedMaterials,0.0607133324959409,,,,,,,,,,,,,,,,,0.0607133324959409
WEEE_generatedDedicated,WEEE_Cat5,shadowComponentWEEE,otherOrganics,0.0912007332204722,,,,,,,,,,,,,,,,,0.0912007332204722
WEEE_generatedDedicated,WEEE_Cat5,shadowComponentWEEE,plasticComposites,0.14089046547161,,,,,,,,,,,,,,,,,0.14089046547161
WEEE_generatedDedicated,WEEE_Cat5,shadowComponentWEEE,plastics,0.518942176536489,,,,,,,,,,,,,,,,,0.518942176536489
WEEE_generatedDedicated,WEEE_Cat5,shadowComponentWEEE,reinforcedPlastics,0.0359722896498051,,,,,,,,,,,,,,,,,0.0359722896498051
WEEE_generatedDedicated,WEEE_Cat5,shadowComponentWEEE,sand,0.404567197051192,,,,,,,,,,,,0.277439430552161,0.227028581659584,,,0.25380014985781,1.162835359120747
WEEE_generatedDedicated,WEEE_Cat5,shadowComponentWEEE,steelAndSteelAlloys,0.538427428856673,,,,,,0.126606911606529,,0.0856690391281637,,0.031019947742224,0.266997931662979,,,0.454395268933862,,,1.5031165279304308
WEEE_generatedDedicated,WEEE_Cat5,speakerEEE2,AlAndAlAlloys,0.258477299668809,,0.143207436053309,,,,0.304508251538003,,0.537438954887174,0.311311752526337,0.362547754761091,,,,0.0490113941480437,,,1.966502843582767
WEEE_generatedDedicated,WEEE_Cat5,speakerEEE2,CuAndCuAlloys,0.543658173887245,,,,,,,0.412323547370925,,,,,,,,,0.210156953781378,1.166138675039548
WEEE_generatedDedicated,WEEE_Cat5,speakerEEE2,ferrousMetals,0.282463970002846,,,,,,0.442564285930032,,0.0711194751454249,,0.0580093683265451,0.173082145446075,,,0.332119345746625,,,1.359358590597548
WEEE_generatedDedicated,WEEE_Cat5,speakerEEE2,otherMetalsAndMetalAlloys,0.474848107327969,0.453444388838757,,,,,,0.254403819952618,,,,,,,,,,1.182696316119344
WEEE_generatedDedicated,WEEE_Cat5,speakerEEE2,plastics,0.431315218825835,,,,,,,,,,,,,,,,,0.431315218825835
WEEE_generatedDedicated,WEEE_Cat5,speakerEEE2,undefinedAndMixedMaterials,0.273767180247355,,,,,,,,,,,,,,,,,0.273767180247355
WEEE_generatedDedicated,WEEE_Cat5,transformator,CuAndCuAlloys,0.266670109430304,,,,,,,0.467471398265255,,,,,,,,,0.398835930182623,1.132977437878182
WEEE_generatedDedicated,WEEE_Cat5,transformator,ferrousMetals,0.439057364305449,,,,,,0.0007729222537277,,0.270947501919858,,0.251950744666153,0.377812555741958,,,0.300939910534904,,,1.6414809994220496
WEEE_generatedDedicated,WEEE_Cat5,transmission,ferrousMetals,0.422514560151536,,,,,,0.0305671788392108,,0.372955942032913,,0.472426573693685,0.27241711433982,,,0.534764417712821,,,2.105645786769986
WEEE_generatedDedicated,WEEE_Cat5,transmission,plastics,0.517623156829994,,,,,,,,,,,,,,,,,0.517623156829994
WEEE_generatedDedicated,WEEE_Cat5,transmitter,CuAndCuAlloys,0.145311709056834,,,,,,,0.377612742199643,,,,,,,,,0.333656025532787,0.856580476789264
WEEE_generatedDedicated,WEEE_Cat5,transmitter,ferrousMetals,0.42441429625827,,,,0.167816642589608,,,,0.131369242834464,,0.280225193905372,,,,0.227760816936444,,,1.2315861925241578
WEEE_generatedDedicated,WEEE_Cat5,transmitter,plastics,0.46906862588956,,,,,,,,,,,,,,,,,0.46906862588956
WEEE_generatedDedicated,WEEE_Cat5,wheel,ferrousMetals,0.462566050798274,,,,,,0.440669369923969,,0.212369717238827,,0.440455059022369,0.326847574112656,,,0.276387858256555,,,2.1592956293526497
WEEE_generatedDedicated,WEEE_Cat5,wheel,plastics,0.427067590564305,,,,,,,,,,,,,,,,,0.427067590564305
WEEE_generatedDedicated,WEEE_Cat5,wheel,polymerPA6GF30,0.279486562171851,,,,,,,,,,,,,,,,,0.279486562171851
WEEE_generatedDedicated,WEEE_Cat5,wheel,polymerPPTF20,0.143383932906055,,,,,,,,,,,,,,,,,0.143383932906055
WEEE_generatedDedicated,WEEE_Cat5,wheel,polymerPPTF30,0.0349723392266207,,,,,,,,,,,,,,,,,0.0349723392266207
WEEE_generatedDedicated,WEEE_Cat6,ComponentShadowWEEE,AlAndAlAlloys,0.282302466679469,,0.291463732129971,,,,0.193538714137958,,0.0606521251169879,0.264890923533982,0.0616355040972417,,,,0.480463688862451,,,1.6349471545580607
WEEE_generatedDedicated,WEEE_Cat6,ComponentShadowWEEE,CuAndCuAlloys,0.297686345142349,,,,,,,0.112013124833952,,,,,,,,,0.222750726546089,0.63245019652239
WEEE_generatedDedicated,WEEE_Cat6,ComponentShadowWEEE,aggregateBinderMixedMaterials,0.0460351451878264,,,,,,,,,,,,,,,,,0.0460351451878264
WEEE_generatedDedicated,WEEE_Cat6,ComponentShadowWEEE,ferrousMetals,0.538001824037736,,,,0.346201321772055,,0.296267240199681,,0.0892449549128382,,0.14403974383411,0.0941953275100475,,,0.533757995240341,,,2.0417084075068086
WEEE_generatedDedicated,WEEE_Cat6,ComponentShadowWEEE,glass,0.435729625598449,,,,,,,,,,,,0.493393611670706,0.132906102266924,,,0.496826819282349,1.5588561588184282
WEEE_generatedDedicated,WEEE_Cat6,ComponentShadowWEEE,glassAndCeramics,0.424082823331765,,,,,,,,,,,,0.515107854478346,0.272505797610779,,,0.324281105185687,1.535977580606577
WEEE_generatedDedicated,WEEE_Cat6,ComponentShadowWEEE,non-ferrousMetals,0.269997270429127,0.542077600879364,0.559906820488223,,0.123239575256364,0.503614532923075,0.0061370845533133,0.339424379374167,0.555116133558198,0.154857989685664,0.350407374541233,0.383676926013693,0.10443258249152,,0.572356237313537,0.186737169224762,0.241191968883323,4.893173645615563
WEEE_generatedDedicated,WEEE_Cat6,ComponentShadowWEEE,otherMetalsAndMetalAlloys,0.580244765599969,0.259441671410349,,,,,,0.510602070577464,,,,,,,,,,1.350288507587782
WEEE_generatedDedicated,WEEE_Cat6,ComponentShadowWEEE,otherMinerals,0.538698716061231,,,,,,,,,,,,0.486338752974842,0.226669243205711,,,0.0283341754345116,1.2800408876762956
WEEE_generatedDedicated,WEEE_Cat6,ComponentShadowWEEE,otherOrUndefinedMaterials,0.118268262373248,,,,,,,,,,,,,,,,,0.118268262373248
WEEE_generatedDedicated,WEEE_Cat6,ComponentShadowWEEE,otherOrganics,0.158429697992503,,,,,,,,,,,,,,,,,0.158429697992503
WEEE_generatedDedicated,WEEE_Cat6,ComponentShadowWEEE,plastics,0.0151438841951837,,,,,,,,,,,,,,,,,0.0151438841951837
WEEE_generatedDedicated,WEEE_Cat6,ComponentShadowWEEE,undefinedAndMixedMaterials,0.518735221437924,,,,,,,,,,,,,,,,,0.518735221437924
WEEE_generatedDedicated,WEEE_Cat6,ComponentShadowWEEE,wood,0.486932084734754,,,,,,,,,,,,,,,,,0.486932084734754
WEEE_generatedDedicated,WEEE_Cat6,LidarSensor (&lt;15cm),AlAndAlAlloys,0.171862941961827,,0.563624537981204,,,,0.380646094666346,,0.573862557154776,0.344317153230616,0.0536792180836815,,,,0.407227804509296,,,2.495220307587746
WEEE_generatedDedicated,WEEE_Cat6,LidarSensor (&lt;15cm),CuAndCuAlloys,0.512201544320384,,,,,,,0.501716655394066,,,,,,,,,0.499955481502696,1.513873681217146
WEEE_generatedDedicated,WEEE_Cat6,LidarSensor (&lt;15cm),ferrousMetals,0.0265472580739793,,,,0.452597610777294,,0.0025402575696701,,0.178819429689261,,0.310098663399881,0.314349426274929,,,0.448052412875121,,,1.7330050586601353
WEEE_generatedDedicated,WEEE_Cat6,LidarSensor (&lt;15cm),glass,0.447709260962316,,,,,,,,,,,,0.0612773543244627,0.104941068187774,,,0.412017185548321,1.0259448690228736
WEEE_generatedDedicated,WEEE_Cat6,LidarSensor (&lt;15cm),plastics,0.0908164304878696,,,,,,,,,,,,,,,,,0.0908164304878696
WEEE_generatedDedicated,WEEE_Cat6,MagnetSensor,CuAndCuAlloys,0.428730579119326,,,,,,,0.558570838884602,,,,,,,,,0.553671528781047,1.5409729467849749
WEEE_generatedDedicated,WEEE_Cat6,MagnetSensor,ferrousMetals,0.355289255112745,,,,0.235468774824761,,,,0.199902847617072,,0.250821984915168,,,,0.161391676829367,,,1.202874539299113
WEEE_generatedDedicated,WEEE_Cat6,MagnetSensor,plastics,0.190102285192686,,,,,,,,,,,,,,,,,0.190102285192686
WEEE_generatedDedicated,WEEE_Cat6,PCBWEEECat,otherOrUndefinedMaterials,0.311553324686284,,,,,,,,,,,,,,,,,0.311553324686284
WEEE_generatedDedicated,WEEE_Cat6,PCBunspecified,ferrousMetals,0.0251392430818857,,,,,,0.476522050808771,,0.29717295327454,,0.505439696778795,0.112076309759061,,,0.541685657594729,,,1.9580359112977817
WEEE_generatedDedicated,WEEE_Cat6,PVBacksheet,plasticComposites,0.211233142824776,,,,,,,,,,,,,,,,,0.211233142824776
WEEE_generatedDedicated,WEEE_Cat6,PVBacksheet,plastics,0.582988349849511,,,,,,,,,,,,,,,,,0.582988349849511
WEEE_generatedDedicated,WEEE_Cat6,PVEncapsulationEVA,plastics,0.0523431208613246,,,,,,,,,,,,,,,,,0.0523431208613246
WEEE_generatedDedicated,WEEE_Cat6,PVFrameAl,CuAndCuAlloys,0.462371721809356,,0.193751331325925,,,,0.218641368467424,,0.112184345027947,0.22957362549955,0.0464908575071131,,,,0.427397526188739,,,1.690410775826054
WEEE_generatedDedicated,WEEE_Cat6,PVSolarGlass,glass,0.328013764621436,,,,,,,,,,,,0.207655386803749,0.444200738302239,,,0.421047463342837,1.400917353070261
WEEE_generatedDedicated,WEEE_Cat6,PVcellSi,otherOrUndefinedMaterials,0.489503635116456,,,,,,,,,,,,,,,,,0.489503635116456
WEEE_generatedDedicated,WEEE_Cat6,WEEEEvaporator,CuAndCuAlloys,0.173104007645606,,,,,,,0.427298656169907,,,,,,,,,0.49626862932831,1.096671293143823
WEEE_generatedDedicated,WEEE_Cat6,WEEEEvaporator,steelAndSteelAlloys,0.34167617377922,,,,,,0.516151946069338,,0.0338596889042171,,0.0966840482821828,0.313471501167261,,,0.230748510175329,,,1.532591868377548
WEEE_generatedDedicated,WEEE_Cat6,brush,AlAndAlAlloys,0.235675042034705,,0.476000185238308,,,,0.0933986682631741,,0.0478508060389387,0.0013411453353249,0.224875099948088,,,,0.0494078118780377,,,1.1285487587365763
WEEE_generatedDedicated,WEEE_Cat6,brush,ferrousMetals,0.539362196585004,,,,0.411036006214717,,,,0.02773596703179,,0.336781534491537,,,,0.578427880671037,,,1.893343584994085
WEEE_generatedDedicated,WEEE_Cat6,brush,plastics,0.0859996701356238,,,,,,,,,,,,,,,,,0.0859996701356238
WEEE_generatedDedicated,WEEE_Cat6,cableUnspecified,AlAndAlAlloys,0.316598388595451,,0.580341565850061,,,,0.100523154550661,,0.475827324845593,0.360347942879636,0.319099037502074,,,,0.351193435590599,,,2.503930849814075
WEEE_generatedDedicated,WEEE_Cat6,cableUnspecified,CuAndCuAlloys,0.366600124386259,,,,,,,0.56337869018419,,,,,,,,,0.283613245614828,1.213592060185277
WEEE_generatedDedicated,WEEE_Cat6,cableUnspecified,ferrousMetals,0.56932626882531,,,,,,0.161798048837809,,0.137871710367003,,0.0007590969195704,0.0253560550427429,,,0.3036677809882,,,1.1987789609806354
WEEE_generatedDedicated,WEEE_Cat6,cableUnspecified,plastics,0.175896230430584,,,,,,,,,,,,,,,,,0.175896230430584
WEEE_generatedDedicated,WEEE_Cat6,cableWPlug,plastics,0.322661784667545,,,,,,,,,,,,,,,,,0.322661784667545
WEEE_generatedDedicated,WEEE_Cat6,cableWithConnector,CuAndCuAlloys,0.025230490988018,,,,,,,0.323790665421857,,,,,,,,,0.296713981451487,0.645735137861362
WEEE_generatedDedicated,WEEE_Cat6,cables,otherOrUndefinedMaterials,0.0322680164238472,,,,,,,,,,,,,,,,,0.0322680164238472
WEEE_generatedDedicated,WEEE_Cat6,cablewire,AlAndAlAlloys,0.332493096402837,,0.32394298669909,,,,0.160873237089469,,0.165657030207328,0.20623755569833,0.546637619336151,,,,0.0589744681681383,,,1.7948159936013435
WEEE_generatedDedicated,WEEE_Cat6,cablewire,CuAndCuAlloys,0.570836967449783,,,,,,,0.280361660672406,,,,,,,,,0.0359743156633435,0.8871729437855325
WEEE_generatedDedicated,WEEE_Cat6,cablewire,ferrousMetals,0.0229503302553107,,,,0.304599397971744,,,,0.53465488723093,,0.431200679806474,,,,0.39188072485761,,,1.6852860201220687
WEEE_generatedDedicated,WEEE_Cat6,cablewire,plastics,0.25775886880625,,,,,,,,,,,,,,,,,0.25775886880625
WEEE_generatedDedicated,WEEE_Cat6,capElectrolytic,CuAndCuAlloys,0.386854596311849,,,,,,,0.263843742488942,,,,,,,,,0.538244918619154,1.188943257419945
WEEE_generatedDedicated,WEEE_Cat6,capElectrolytic,undefinedAndMixedMaterials,0.0174440208329509,,,,,,,,,,,,,,,,,0.0174440208329509
WEEE_generatedDedicated,WEEE_Cat6,casingPlasticBased,AlAndAlAlloys,0.412252538624879,,0.316582123289169,,,,0.130354132142269,,0.515041761256386,0.504434635001971,0.413407606051592,,,,0.0496188663286685,,,2.3416916626949345
WEEE_generatedDedicated,WEEE_Cat6,casingPlasticBased,CuAndCuAlloys,0.136539584441346,,,,,,,0.41525955576258,,,,,,,,,0.219050703791528,0.770849843995454
WEEE_generatedDedicated,WEEE_Cat6,casingPlasticBased,ferrousMetals,0.0467208429736495,,,,0.0572533210042405,,0.584414247780555,,0.155681009830222,,0.0984520684460386,0.205082733447117,,,0.331790548492437,,,1.4793947719742597
WEEE_generatedDedicated,WEEE_Cat6,casingPlasticBased,otherOrganics,0.5875701451541,,,,,,,,,,,,,,,,,0.5875701451541
WEEE_generatedDedicated,WEEE_Cat6,casingPlasticBased,plastics,0.362784002217956,,,,,,,,,,,,,,,,,0.362784002217956
WEEE_generatedDedicated,WEEE_Cat6,casingPlasticBased,polymerPA6GF30,0.295940042822682,,,,,,,,,,,,,,,,,0.295940042822682
WEEE_generatedDedicated,WEEE_Cat6,casingPlasticBased,polymerPPGF30,0.267137721226245,,,,,,,,,,,,,,,,,0.267137721226245
WEEE_generatedDedicated,WEEE_Cat6,casingPlasticBased,polymerPPTF30,0.129335461832028,,,,,,,,,,,,,,,,,0.129335461832028
WEEE_generatedDedicated,WEEE_Cat6,casingSteelBased,ferrousMetals,0.444347393549039,,,,,,0.222059484651129,,0.216230546902442,,0.168768569329359,0.414668121317526,,,0.177852496877984,,,1.643926612627479
WEEE_generatedDedicated,WEEE_Cat6,casingUnspecified,AlAndAlAlloys,0.576318268337562,,0.0889618683612917,,,,0.228781113894938,,0.407164003806001,0.217693747633018,0.490729694168533,,,,0.113961125125237,,,2.1236098213265806
WEEE_generatedDedicated,WEEE_Cat6,casingUnspecified,CuAndCuAlloys,0.0165835289750719,,,,,,,0.162394769509933,,,,,,,,,0.476608214568473,0.6555865130534779
WEEE_generatedDedicated,WEEE_Cat6,casingUnspecified,ferrousMetals,0.189581878143518,,,,,,0.407448575765252,,0.493597170439364,,0.503770601564174,0.208407989737043,,,0.354326339976073,,,2.1571325556254237
WEEE_generatedDedicated,WEEE_Cat6,casingUnspecified,glass,0.271794417081677,,,,,,,,,,,,0.151345190400496,0.415300746792628,,,0.357510298534084,1.195950652808885
WEEE_generatedDedicated,WEEE_Cat6,casingUnspecified,otherMetalsAndMetalAlloys,0.220684011587093,0.0254732838378392,,,,,,0.290294020779544,,,,,,,,,,0.5364513162044762
WEEE_generatedDedicated,WEEE_Cat6,casingUnspecified,plastics,0.170123593499068,,,,,,,,,,,,,,,,,0.170123593499068
WEEE_generatedDedicated,WEEE_Cat6,casingUnspecified,undefinedAndMixedMaterials,0.273286326056918,,,,,,,,,,,,,,,,,0.273286326056918
WEEE_generatedDedicated,WEEE_Cat6,compressor,CuAndCuAlloys,0.0105524240855587,,0.489431064914145,,,,0.235604892732438,0.271645456352972,0.571579559178123,0.485080102992725,0.229777697658867,,,,0.10876548659438,,0.199697420239355,2.602134104748564
WEEE_generatedDedicated,WEEE_Cat6,compressor,glass,0.0346211490799516,,,,,,,,,,,,0.574829786471934,0.579373785433967,,,0.262946928246195,1.4517716492320474
WEEE_generatedDedicated,WEEE_Cat6,compressor,otherFerrousAlloys,0.135831067411279,,,,0.338868498747927,,,,0.230284104682166,,0.176248462631324,,,,0.543310860697757,,,1.424542994170453
WEEE_generatedDedicated,WEEE_Cat6,compressor,otherOrUndefinedMaterials,0.383186402253427,,,,,,,,,,,,,,,,,0.383186402253427
WEEE_generatedDedicated,WEEE_Cat6,compressor,plastics,0.485787396201117,,,,,,,,,,,,,,,,,0.485787396201117
WEEE_generatedDedicated,WEEE_Cat6,compressor,steelAndSteelAlloys,0.306121504715898,,,,,,0.0811312471513272,,0.384975472252239,,0.167984174749362,0.181062009203518,,,0.168992056225496,,,1.29026646429784
WEEE_generatedDedicated,WEEE_Cat6,displayCRT,AlAndAlAlloys,0.585378789509868,,0.0229393499001692,,,,0.306229499636573,,0.555330090513818,0.334174412240605,0.208863963174663,,,,0.245137161269458,,,2.2580532662451542
WEEE_generatedDedicated,WEEE_Cat6,displayCRT,glass,0.449771193041846,,,,,,,,,,,,0.390507500599878,0.316860661005922,,,0.502467393768423,1.6596067484160688
WEEE_generatedDedicated,WEEE_Cat6,displayLCD,AlAndAlAlloys,0.516279200497938,,0.552070913159581,,,,0.397798026916995,,0.581723392330426,0.183976293750121,0.345887424319246,,,,0.0085579958390541,,,2.5862932468133613
WEEE_generatedDedicated,WEEE_Cat6,displayLCD,CuAndCuAlloys,0.226651266392461,,,,,,,0.192921786978625,,,,,,,,,0.082529236031589,0.502102289402675
WEEE_generatedDedicated,WEEE_Cat6,displayLCD,ferrousMetals,0.0752352873450145,,,,,,0.090927093499198,,0.381915734643988,,0.51377128238421,0.481534178223512,,,0.142737586108438,,,1.6861211622043606
WEEE_generatedDedicated,WEEE_Cat6,displayLCD,glass,0.380419392631447,,,,,,,,,,,,0.458601001375036,0.368587667100634,,,0.443383045285219,1.650991106392336
WEEE_generatedDedicated,WEEE_Cat6,displayLCD,plastics,0.596590324919531,,,,,,,,,,,,,,,,,0.596590324919531
WEEE_generatedDedicated,WEEE_Cat6,displayLCD,undefinedAndMixedMaterials,0.0789630447146117,,,,,,,,,,,,,,,,,0.0789630447146117
WEEE_generatedDedicated,WEEE_Cat6,displayOther,AlAndAlAlloys,0.251790997876844,,0.278702629420275,,,,0.497287134311942,,0.123563127648976,0.500060053314201,0.090006713529955,,,,0.0162049394882484,,,1.7576155955904413
WEEE_generatedDedicated,WEEE_Cat6,displayOther,CuAndCuAlloys,0.127771251041863,,,,,,,0.536550207316468,,,,,,,,,0.365956375055752,1.030277833414083
WEEE_generatedDedicated,WEEE_Cat6,displayOther,ferrousMetals,0.18271966429521,,,,,,0.271393452387024,,0.397725548182686,,0.176113684224649,0.0883626358766589,,,0.232522864576308,,,1.348837849542536
WEEE_generatedDedicated,WEEE_Cat6,displayOther,glass,0.0850499587250303,,,,,,,,,,,,0.481285379076816,0.501078330498759,,,0.274580665843873,1.3419943341444782
WEEE_generatedDedicated,WEEE_Cat6,displayOther,otherMetalsAndMetalAlloys,0.233726540691665,0.117880343423693,,,,,,0.459486669080711,,,,,,,,,,0.811093553196069
WEEE_generatedDedicated,WEEE_Cat6,displayOther,plastics,0.347221979173451,,,,,,,,,,,,,,,,,0.347221979173451
WEEE_generatedDedicated,WEEE_Cat6,displayOther,undefinedAndMixedMaterials,0.143962428197071,,,,,,,,,,,,,,,,,0.143962428197071
WEEE_generatedDedicated,WEEE_Cat6,driveCDDInt,AlAndAlAlloys,0.0947799403317054,,0.0417079903001492,,,,0.578351144300516,,0.0159521197635216,0.0760454233753923,0.229610627087931,,,,0.031390313050005,,,1.0678375582092205
WEEE_generatedDedicated,WEEE_Cat6,driveCDDInt,CuAndCuAlloys,0.483092733203113,,,,,,,0.505109696677233,,,,,,,,,0.500175918706918,1.488378348587264
WEEE_generatedDedicated,WEEE_Cat6,driveCDDInt,ferrousMetals,0.181178858228425,,,,,,0.368590161636654,,0.250563724648343,,0.241290379486819,0.567011825254236,,,0.0971694735857312,,,1.705804422840208
WEEE_generatedDedicated,WEEE_Cat6,driveCDDInt,otherMetalsAndMetalAlloys,0.0936084007127262,0.430494216027141,,,,,,0.0202382540686655,,,,,,,,,,0.5443408708085328
WEEE_generatedDedicated,WEEE_Cat6,driveCDDInt,plastics,0.323484976434066,,,,,,,,,,,,,,,,,0.323484976434066
WEEE_generatedDedicated,WEEE_Cat6,driveCDDInt,undefinedAndMixedMaterials,0.526389684316903,,,,,,,,,,,,,,,,,0.526389684316903
WEEE_generatedDedicated,WEEE_Cat6,driveFDD,AlAndAlAlloys,0.0807569071611,,0.191995564806814,,,,0.17885018472401,,0.0152952498455628,0.163310113346549,0.534548966828943,,,,0.0240073870681255,,,1.1887643737811042
WEEE_generatedDedicated,WEEE_Cat6,driveFDD,ferrousMetals,0.557878886066281,,,,,,0.508236318263736,,0.496295014321209,,0.405119783101649,0.172413688439898,,,0.256382894730373,,,2.396326584923146
WEEE_generatedDedicated,WEEE_Cat6,driveHDD,AlAndAlAlloys,0.220739662789639,,0.110335083580325,,,,0.223987395701328,,0.0806263794022598,0.446502861502083,0.221967627170384,,,,0.114614237476749,,,1.418773247622768
WEEE_generatedDedicated,WEEE_Cat6,driveHDD,CuAndCuAlloys,0.0505474850296394,,,,,,,0.0915121619920303,,,,,,,,,0.0169335114923671,0.1589931585140368
WEEE_generatedDedicated,WEEE_Cat6,driveHDD,ferrousMetals,0.552925705154228,,,,,,0.443793298591393,,0.412161018586871,,0.0560502052344907,0.595669980541039,,,0.535582146109332,,,2.596182354217354
WEEE_generatedDedicated,WEEE_Cat6,driveHDD,otherMetalsAndMetalAlloys,0.264618674667043,0.46743756289281,,,,,,0.412015865362821,,,,,,,,,,1.144072102922674
WEEE_generatedDedicated,WEEE_Cat6,driveHDD,plastics,0.0317296599376002,,,,,,,,,,,,,,,,,0.0317296599376002
WEEE_generatedDedicated,WEEE_Cat6,driveHDD,undefinedAndMixedMaterials,0.403273714873153,,,,,,,,,,,,,,,,,0.403273714873153
WEEE_generatedDedicated,WEEE_Cat6,driveUnspecified,CuAndCuAlloys,0.0031298391422382,,,,,,,0.177988487804137,,,,,,,,,0.142041756325909,0.3231600832722842
WEEE_generatedDedicated,WEEE_Cat6,driveUnspecified,ferrousMetals,0.408380539659698,,,,,,0.235187449922904,,0.068733794705351,,0.278828031616159,0.157959032125818,,,0.160832820144972,,,1.309921668174902
WEEE_generatedDedicated,WEEE_Cat6,driveUnspecified,plastics,0.0145107853608472,,,,,,,,,,,,,,,,,0.0145107853608472
WEEE_generatedDedicated,WEEE_Cat6,driveUnspecified,undefinedAndMixedMaterials,0.33954174405991,,,,,,,,,,,,,,,,,0.33954174405991
WEEE_generatedDedicated,WEEE_Cat6,electricEngine,AlAndAlAlloys,0.390192646057275,,0.246242194063705,,,,0.564717081824915,,0.274500839257468,0.337998529056489,0.473226744165999,,,,0.577884030169999,,,2.8647620645958503
WEEE_generatedDedicated,WEEE_Cat6,electricEngine,CuAndCuAlloys,0.399613913935213,,,,,,,0.0760077653236896,,,,,,,,,0.0806312575713207,0.5562529368302233
WEEE_generatedDedicated,WEEE_Cat6,electricEngine,carbon,0.508226810330013,,,,,,,,,,,,0.124301785080179,0.0249732739751717,,,0.338756513152051,0.9962583825374148
WEEE_generatedDedicated,WEEE_Cat6,electricEngine,ferrousMetals,0.0476884492270106,,,,0.381861141201042,,0.303413964010448,,0.0127319978663627,,0.074666903694601,0.442079069626684,,,0.0004718711279198,,,1.262913396754068
WEEE_generatedDedicated,WEEE_Cat6,electricEngine,otherOrganics,0.583720505157422,,,,,,,,,,,,,,,,,0.583720505157422
WEEE_generatedDedicated,WEEE_Cat6,electricEngine,plastics,0.239420845002583,,,,,,,,,,,,,,,,,0.239420845002583
WEEE_generatedDedicated,WEEE_Cat6,filterFoamBased,plastics,0.426375061699898,,,,,,,,,,,,,,,,,0.426375061699898
WEEE_generatedDedicated,WEEE_Cat6,gear,plastics,0.131147390180654,,,,,,,,,,,,,,,,,0.131147390180654
WEEE_generatedDedicated,WEEE_Cat6,heatingCoolingEEEairCondenser,CuAndCuAlloys,0.369795854699606,,,,,,,0.100625988745974,,,,,,,,,0.335814623757861,0.806236467203441
WEEE_generatedDedicated,WEEE_Cat6,heatingCoolingEEEairCondenser,otherOrUndefinedMaterials,0.42243570043531,,,,,,,,,,,,,,,,,0.42243570043531
WEEE_generatedDedicated,WEEE_Cat6,heatingCoolingEEEairCondenser,plastics,0.0019772755465626,,,,,,,,,,,,,,,,,0.0019772755465626
WEEE_generatedDedicated,WEEE_Cat6,heatingCoolingEEEairCondenser,steelAndSteelAlloys,0.492042572060823,,,,,,0.502179232368846,,0.458803388843905,,0.563642148284253,0.163180921005541,,,0.10947000758308,,,2.289318270146448
WEEE_generatedDedicated,WEEE_Cat6,heatingCoolingEEEfan,AlAndAlAlloys,0.437774406487691,,0.231251330713166,,,,0.0534570359602141,,0.360036000817069,0.446572164676923,0.276746526502847,,,,0.0010214958478747,,,1.8068589610057848
WEEE_generatedDedicated,WEEE_Cat6,heatingCoolingEEEfan,CuAndCuAlloys,0.21645973570893,,,,,,,0.109983963396233,,,,,,,,,0.489370162931877,0.8158138620370401
WEEE_generatedDedicated,WEEE_Cat6,heatingCoolingEEEfan,ferrousMetals,0.146371460654499,,,,0.212596417689689,,0.519725204704429,,0.380951005025353,,0.320465636564387,0.003195651532335,,,0.240385949784076,,,1.8236913259547678
WEEE_generatedDedicated,WEEE_Cat6,heatingCoolingEEEfan,plastics,0.383503547428482,,,,,,,,,,,,,,,,,0.383503547428482
WEEE_generatedDedicated,WEEE_Cat6,heatingCoolingEEEfan,steelAndSteelAlloys,0.258823280363471,,,,,,0.579079971501745,,0.369241298612485,,0.0958929717739807,0.545949565998662,,,0.0213741378536179,,,1.8703612261039615
WEEE_generatedDedicated,WEEE_Cat6,heatingCoolingEEEfan,undefinedAndMixedMaterials,0.256203328474124,,,,,,,,,,,,,,,,,0.256203328474124
WEEE_generatedDedicated,WEEE_Cat6,heatingCoolingEEEheatSink,AlAndAlAlloys,0.579340723394358,,0.583293157433759,,,,0.587679493670607,,0.326551041111608,0.0517194313708587,0.190052823118393,,,,0.327874195960237,,,2.646510866059821
WEEE_generatedDedicated,WEEE_Cat6,heatingCoolingEEEheatSink,CuAndCuAlloys,0.197566769245713,,,,,,,0.446942830551267,,,,,,,,,0.234145285909979,0.8786548857069589
WEEE_generatedDedicated,WEEE_Cat6,heatingCoolingEEEheatSink,ferrousMetals,0.188156378988797,,,,,,0.183286158519634,,0.103211653158086,,0.46609515878717,0.299849731746494,,,0.0697579843826072,,,1.3103570655827883
WEEE_generatedDedicated,WEEE_Cat6,heatingCoolingEEEheatSink,otherMetalsAndMetalAlloys,0.152186716352203,0.132595513894006,,,,,,0.0255397675873636,,,,,,,,,,0.31032199783357256
WEEE_generatedDedicated,WEEE_Cat6,heatingCoolingEEEheatSink,plastics,0.314511214177425,,,,,,,,,,,,,,,,,0.314511214177425
WEEE_generatedDedicated,WEEE_Cat6,heatingCoolingEEEheatSink,undefinedAndMixedMaterials,0.109981187776579,,,,,,,,,,,,,,,,,0.109981187776579
WEEE_generatedDedicated,WEEE_Cat6,inductor,CuAndCuAlloys,0.536559536164031,,,,,,,0.449860326334954,,,,,,,,,0.182677923891083,1.169097786390068
WEEE_generatedDedicated,WEEE_Cat6,inductor,ferrousMetals,0.375780205795803,,,,,,0.357139855215364,,0.26066504696809,,0.519357139737452,0.583231984458394,,,0.533731197067988,,,2.6299054292430912
WEEE_generatedDedicated,WEEE_Cat6,inductor,plastics,0.130298395048833,,,,,,,,,,,,,,,,,0.130298395048833
WEEE_generatedDedicated,WEEE_Cat6,keyboard,AlAndAlAlloys,0.309265040144638,,0.323958741035641,,,,0.568526398209799,,0.356647587005594,0.238626678562061,0.293360631054852,,,,0.0750060813582013,,,2.1653911573707862
WEEE_generatedDedicated,WEEE_Cat6,keyboard,CuAndCuAlloys,0.347588219833762,,,,,,,0.586206077003123,,,,,,,,,0.353578236499472,1.287372533336357
WEEE_generatedDedicated,WEEE_Cat6,keyboard,ferrousMetals,0.0389687395289235,,,,,,0.395112788544812,,0.585386386143959,,0.499313941194574,0.0288057853108773,,,0.540541898904565,,,2.088129539627711
WEEE_generatedDedicated,WEEE_Cat6,keyboard,otherMetalsAndMetalAlloys,0.108996710813349,0.514690738261265,,,,,,0.310849994359508,,,,,,,,,,0.934537443434122
WEEE_generatedDedicated,WEEE_Cat6,keyboard,plastics,0.234790647230105,,,,,,,,,,,,,,,,,0.234790647230105
WEEE_generatedDedicated,WEEE_Cat6,keyboard,undefinedAndMixedMaterials,0.0393787892970048,,,,,,,,,,,,,,,,,0.0393787892970048
WEEE_generatedDedicated,WEEE_Cat6,knob,AlAndAlAlloys,0.0060079694526554,,0.119994336680277,,,,0.4676416393341,,0.298781659444115,0.337058145755358,0.446365136030187,,,,0.226192725708682,,,1.9020416124053745
WEEE_generatedDedicated,WEEE_Cat6,knob,ferrousMetals,0.270798963409092,,,,0.198401390469612,,,,0.0807908679458533,,0.407490279867927,,,,0.560907716686395,,,1.5183892183788794
WEEE_generatedDedicated,WEEE_Cat6,knob,plastics,0.0258011777875927,,,,,,,,,,,,,,,,,0.0258011777875927
WEEE_generatedDedicated,WEEE_Cat6,lenseAssembly,AlAndAlAlloys,0.389068895629443,,0.40823942980022,,,,0.445844861070906,,0.116596885513857,0.174357069793335,0.535116674876012,,,,0.518696729894814,,,2.5879205465785873
WEEE_generatedDedicated,WEEE_Cat6,lenseAssembly,CuAndCuAlloys,0.515322851591725,,,,,,,0.26118479366803,,,,,,,,,0.0333254675490217,0.8098331128087767
WEEE_generatedDedicated,WEEE_Cat6,lenseAssembly,ferrousMetals,0.445854632848412,,,,,,0.564389439322595,,0.436442032938719,,0.471960275261867,0.357911156504774,,,0.267453634300963,,,2.54401117117733
WEEE_generatedDedicated,WEEE_Cat6,lenseAssembly,glass,0.107281581670322,,,,,,,,,,,,0.38170890364582,0.0182474847521602,,,0.31336587376456,0.8206038438328622
WEEE_generatedDedicated,WEEE_Cat6,lenseAssembly,plastics,0.107758895710748,,,,,,,,,,,,,,,,,0.107758895710748
WEEE_generatedDedicated,WEEE_Cat6,lenseAssembly,undefinedAndMixedMaterials,0.196322018183726,,,,,,,,,,,,,,,,,0.196322018183726
WEEE_generatedDedicated,WEEE_Cat6,lightingFlash,AlAndAlAlloys,0.158214499354427,,0.511459069085414,,,,0.0300502753422799,,0.52916587447413,0.237272741018402,0.500946409142576,,,,0.437902582983349,,,2.405011451400578
WEEE_generatedDedicated,WEEE_Cat6,lightingFlash,CuAndCuAlloys,0.484428052765816,,,,,,,0.331771321433527,,,,,,,,,0.0424796115891099,0.8586789857884529
WEEE_generatedDedicated,WEEE_Cat6,lightingFlash,ferrousMetals,0.426562359295131,,,,,,0.125391558440671,,0.407928733528734,,0.534699622398916,0.255254237476958,,,0.35932453935357,,,2.10916105049398
WEEE_generatedDedicated,WEEE_Cat6,lightingFlash,glass,0.288712818535089,,,,,,,,,,,,0.078061514365531,0.490225126212669,,,0.212166831153859,1.069166290267148
WEEE_generatedDedicated,WEEE_Cat6,lightingFlash,plastics,0.585133272553116,,,,,,,,,,,,,,,,,0.585133272553116
WEEE_generatedDedicated,WEEE_Cat6,lightingFlash,undefinedAndMixedMaterials,0.475378713992872,,,,,,,,,,,,,,,,,0.475378713992872
WEEE_generatedDedicated,WEEE_Cat6,magnetPermanent,otherOrUndefinedMaterials,0.371196765765524,,,,,,,,,,,,,,,,,0.371196765765524
WEEE_generatedDedicated,WEEE_Cat6,mainboardInclCPUgpu,AlAndAlAlloys,0.379720524570136,,0.294620712417304,,,,0.143059783229761,,0.454310043035029,0.191015120017722,0.150261035522963,,,,0.449126392657542,,,2.0621136114504566
WEEE_generatedDedicated,WEEE_Cat6,mainboardInclCPUgpu,CuAndCuAlloys,0.13706053216,,,,,,,0.589218075945073,,,,,,,,,0.492379174672123,1.218657782777196
WEEE_generatedDedicated,WEEE_Cat6,mainboardInclCPUgpu,ferrousMetals,0.425865942715868,,,,,,0.331374163667939,,0.274540356247471,,0.37462207558699,0.358439195892268,,,0.163235699325405,,,1.928077433435941
WEEE_generatedDedicated,WEEE_Cat6,mainboardInclCPUgpu,otherMetalsAndMetalAlloys,0.0622689929208327,0.556921078952512,,,,,,0.350338659711271,,,,,,,,,,0.9695287315846156
WEEE_generatedDedicated,WEEE_Cat6,mainboardInclCPUgpu,plastics,0.236982217617803,,,,,,,,,,,,,,,,,0.236982217617803
WEEE_generatedDedicated,WEEE_Cat6,mainboardInclCPUgpu,undefinedAndMixedMaterials,0.190777919731584,,,,,,,,,,,,,,,,,0.190777919731584
WEEE_generatedDedicated,WEEE_Cat6,non-electricCoil,AlAndAlAlloys,0.588428305041599,,0.468256381544919,,,,0.013945678340273,,0.515167703629825,0.409986032333122,0.195102706045023,,,,0.215574691318749,,,2.40646149825351
WEEE_generatedDedicated,WEEE_Cat6,non-electricCoil,ferrousMetals,0.0842583115520316,,,,0.511933867250576,,,,0.129144524094544,,0.291891095141253,,,,0.0116131141744353,,,1.02884091221284
WEEE_generatedDedicated,WEEE_Cat6,non-electricCoil,plastics,0.533990373077497,,,,,,,,,,,,,,,,,0.533990373077497
WEEE_generatedDedicated,WEEE_Cat6,onOffSwitch,CuAndCuAlloys,0.432902077186501,,,,,,,0.576890872707136,,,,,,,,,0.46028023479651,1.4700731846901471
WEEE_generatedDedicated,WEEE_Cat6,onOffSwitch,plastics,0.575594228758177,,,,,,,,,,,,,,,,,0.575594228758177
WEEE_generatedDedicated,WEEE_Cat6,otherElectricCompUnspecified,AlAndAlAlloys,0.575372929558192,,0.511346862459323,,,,0.109887806162253,,0.0790061098480604,0.520408243710729,0.118784606180301,,,,0.356467266047282,,,2.2712738239661405
WEEE_generatedDedicated,WEEE_Cat6,otherElectricCompUnspecified,CuAndCuAlloys,0.0809161444323762,,,,,,,0.141324203627997,,,,,,,,,0.164013396325323,0.38625374438569615
WEEE_generatedDedicated,WEEE_Cat6,otherElectricCompUnspecified,ferrousMetals,0.249862613319612,,,,,,0.144986057040192,,0.0580717720612306,,0.31961177651707,0.449738747637977,,,0.50883974746712,,,1.7311107140432016
WEEE_generatedDedicated,WEEE_Cat6,otherElectricCompUnspecified,glass,0.416034538332373,,,,,,,,,,,,0.269968975783001,0.178919103685633,,,0.168610447291016,1.033533065092023
WEEE_generatedDedicated,WEEE_Cat6,otherElectricCompUnspecified,otherMetalsAndMetalAlloys,0.300013116743141,0.573351660978076,,,,,,0.56541322807402,,,,,,,,,,1.4387780057952368
WEEE_generatedDedicated,WEEE_Cat6,otherElectricCompUnspecified,otherOrUndefinedMaterials,0.390249845648233,,,,,,,,,,,,,,,,,0.390249845648233
WEEE_generatedDedicated,WEEE_Cat6,otherElectricCompUnspecified,plastics,0.465236082036715,,,,,,,,,,,,,,,,,0.465236082036715
WEEE_generatedDedicated,WEEE_Cat6,otherElectricCompUnspecified,undefinedAndMixedMaterials,0.306370379732976,,,,,,,,,,,,,,,,,0.306370379732976
WEEE_generatedDedicated,WEEE_Cat6,otherNonElectricCompUnspecified,AlAndAlAlloys,0.398164078210056,,0.41215379006723,,,,0.228162528669807,,0.471755834853517,0.272729350907166,0.346058282661926,,,,0.385736129317884,,,2.514759994687586
WEEE_generatedDedicated,WEEE_Cat6,otherNonElectricCompUnspecified,CuAndCuAlloys,0.260275477249876,,0.0647431524079654,,,,0.0772542805570141,0.546243502286252,0.14534432905999,0.261518644863432,0.422685213353725,,,,0.513903721935835,,0.0572932661740416,2.3492615878881313
WEEE_generatedDedicated,WEEE_Cat6,otherNonElectricCompUnspecified,ferrousMetals,0.0922407584727234,,,,0.404231022918379,,0.0059347497325793,,0.345121753345349,,0.0680930524164042,0.550179264742793,,,0.124393962827748,,,1.5901945644559756
WEEE_generatedDedicated,WEEE_Cat6,otherNonElectricCompUnspecified,plastics,0.302823732613147,,,,,,,,,,,,,,,,,0.302823732613147
WEEE_generatedDedicated,WEEE_Cat6,otherNonElectricCompUnspecified,steelAndSteelAlloys,0.598739719930318,,,,,,0.429988785305669,,0.50707710243053,,0.419812725687717,0.199213842949751,,,0.202000454544903,,,2.3568326308488876
WEEE_generatedDedicated,WEEE_Cat6,otherNonElectricCompUnspecified,undefinedAndMixedMaterials,0.0689076182376818,,,,,,,,,,,,,,,,,0.0689076182376818
WEEE_generatedDedicated,WEEE_Cat6,passiveJunctionBox,CuAndCuAlloys,0.1103695867264,,,,,,,0.415599980224753,,,,,,,,0.324102437672669,0.0874064828651145,0.9374784874889365
WEEE_generatedDedicated,WEEE_Cat6,passiveJunctionBox,otherOrUndefinedMaterials,0.483065466572697,,,,,,,,,,,,,,,,,0.483065466572697
WEEE_generatedDedicated,WEEE_Cat6,passiveJunctionBox,plastics,0.520904714375345,,,,,,,,,,,,,,,,,0.520904714375345
WEEE_generatedDedicated,WEEE_Cat6,pcbWEEECat,plastics,0.0091989777638819,,,,,,,,,,,,,,,,,0.0091989777638819
WEEE_generatedDedicated,WEEE_Cat6,powerSupply,AlAndAlAlloys,0.161037781176779,,0.325260494848109,,,,0.3997957002919,,0.0303725704593513,0.384949367890082,0.429383425962209,,,,0.193120759313794,,,1.9239200999422241
WEEE_generatedDedicated,WEEE_Cat6,powerSupply,CuAndCuAlloys,0.537754861158997,,,,,,,0.133676073313209,,,,,,,,,0.118379833574231,0.7898107680464369
WEEE_generatedDedicated,WEEE_Cat6,powerSupply,ferrousMetals,0.258596638626005,,,,,,0.456920850410699,,0.156676799403533,,0.451342721396626,0.417392353173455,,,0.443551291116346,,,2.184480654126664
WEEE_generatedDedicated,WEEE_Cat6,powerSupply,otherMetalsAndMetalAlloys,0.0827819029596647,0.556519598079466,,,,,,0.592266426234238,,,,,,,,,,1.2315679272733688
WEEE_generatedDedicated,WEEE_Cat6,powerSupply,plastics,0.546464653618479,,,,,,,,,,,,,,,,,0.546464653618479
WEEE_generatedDedicated,WEEE_Cat6,powerSupply,undefinedAndMixedMaterials,0.0126681373930229,,,,,,,,,,,,,,,,,0.0126681373930229
WEEE_generatedDedicated,WEEE_Cat6,pump,ironWroughtAndCast,0.561027396073325,,,,0.0752741142970352,,,,0.108959240633755,,0.555230823293545,,,,0.0263664187628267,,,1.326857993060487
WEEE_generatedDedicated,WEEE_Cat6,pump,steelAndSteelAlloys,0.444538272670166,,,,,,0.453012868047447,,0.594061622628441,,0.313954541006204,0.232672091016354,,,0.185986214771858,,,2.2242256101404703
WEEE_generatedDedicated,WEEE_Cat6,refrigerant,otherOrUndefinedMaterials,0.143441572218379,,,,,,,,,,,,,,,,,0.143441572218379
WEEE_generatedDedicated,WEEE_Cat6,remoteControl,AlAndAlAlloys,0.367392458775639,,0.483310869008996,,,,0.311198367855142,,0.0619414262013082,0.0051890193228886,0.241086882816754,,,,0.421400298462172,,,1.8915193224428997
WEEE_generatedDedicated,WEEE_Cat6,remoteControl,CuAndCuAlloys,0.0944107185478364,,,,,,,0.148071000785863,,,,,,,,,0.446858630879818,0.6893403502135174
WEEE_generatedDedicated,WEEE_Cat6,remoteControl,ferrousMetals,0.0372792314103632,,,,,,0.419141785425276,,0.405405845256207,,0.419421291768219,0.198236156887367,,,0.303839252418616,,,1.7833235631660482
WEEE_generatedDedicated,WEEE_Cat6,remoteControl,otherOrUndefinedMaterials,0.463046017494836,,,,,,,,,,,,,,,,,0.463046017494836
WEEE_generatedDedicated,WEEE_Cat6,remoteControl,plastics,0.35117057823427,,,,,,,,,,,,,,,,,0.35117057823427
WEEE_generatedDedicated,WEEE_Cat6,remoteControl,undefinedAndMixedMaterials,0.527173701591279,,,,,,,,,,,,,,,,,0.527173701591279
WEEE_generatedDedicated,WEEE_Cat6,rotor,ferrousMetals,0.352181839105962,,,,,,0.310063863326933,,0.499683719719408,,0.168490625099603,0.220223836158797,,,0.586393912626046,,,2.1370377960367493
WEEE_generatedDedicated,WEEE_Cat6,rotor,plastics,0.109958845602692,,,,,,,,,,,,,,,,,0.109958845602692
WEEE_generatedDedicated,WEEE_Cat6,screw,CuAndCuAlloys,0.379867395882133,,,,,,,0.329821188771301,,,,,,,,,0.0206596267352122,0.7303482113886461
WEEE_generatedDedicated,WEEE_Cat6,screw,ferrousMetals,0.365109310399628,,,,0.320248648789215,,,,0.530442527272401,,0.362286200869949,,,,0.591791730045035,,,2.169878417376228
WEEE_generatedDedicated,WEEE_Cat6,shadowComponentWEEE,CuAndCuAlloys,0.47498969117393,,0.125051679260233,,,,0.291476087037746,0.571452193023158,0.320463729400124,0.504817935580184,0.0985854485187684,,,,0.278048103648131,0.33951447865363,0.056361152349992,3.0607604986458963
WEEE_generatedDedicated,WEEE_Cat6,shadowComponentWEEE,bitumen,0.522972579971916,,,,,,,,,,,,,,,,,0.522972579971916
WEEE_generatedDedicated,WEEE_Cat6,shadowComponentWEEE,ceramicComposites,0.100502884029946,,,,,,,,,,,,,,,,,0.100502884029946
WEEE_generatedDedicated,WEEE_Cat6,shadowComponentWEEE,concrete,0.0285949795841878,,,,,,,,,,,,,,,,,0.0285949795841878
WEEE_generatedDedicated,WEEE_Cat6,shadowComponentWEEE,glass,0.479553514449561,,,,,,,,,,,,0.173714545586244,0.228856637660387,,,0.175442677530664,1.057567375226856
WEEE_generatedDedicated,WEEE_Cat6,shadowComponentWEEE,ironWroughtAndCast,0.33185201933127,,,,0.574619101334784,,,,0.301255034024699,,0.112570045874433,,,,0.399806991084599,,,1.720103191649785
WEEE_generatedDedicated,WEEE_Cat6,shadowComponentWEEE,oil4,0.0358098166905582,,,,,,,,,,,,,,,,,0.0358098166905582
WEEE_generatedDedicated,WEEE_Cat6,shadowComponentWEEE,otherMetalsAndMetalAlloys,0.145340071889887,0.0080886815420276,0.182741667894198,0.52526182390252,0.561895267514274,0.201129956690575,,0.513789248198159,0.234838190245669,0.0966349596514733,0.0856147801518491,0.473946262235382,,,0.495137640264726,,0.0551823136510633,3.579600863831803
WEEE_generatedDedicated,WEEE_Cat6,shadowComponentWEEE,otherOrUndefinedMaterials,0.408176944883678,,,,,,,,,,,,,,,,,0.408176944883678
WEEE_generatedDedicated,WEEE_Cat6,shadowComponentWEEE,otherOrganics,0.139633447523903,,,,,,,,,,,,,,,,,0.139633447523903
WEEE_generatedDedicated,WEEE_Cat6,shadowComponentWEEE,plasticComposites,0.049242163034837,,,,,,,,,,,,,,,,,0.049242163034837
WEEE_generatedDedicated,WEEE_Cat6,shadowComponentWEEE,plastics,0.572375222225236,,,,,,,,,,,,,,,,,0.572375222225236
WEEE_generatedDedicated,WEEE_Cat6,shadowComponentWEEE,reinforcedPlastics,0.252760198091357,,,,,,,,,,,,,,,,,0.252760198091357
WEEE_generatedDedicated,WEEE_Cat6,shadowComponentWEEE,sand,0.288293541893454,,,,,,,,,,,,0.272030119350162,0.544211334133345,,,0.0883033002965181,1.192838295673479
WEEE_generatedDedicated,WEEE_Cat6,shadowComponentWEEE,steelAndSteelAlloys,0.0227047488130921,,,,,,0.300413809549075,,0.493343517017238,,0.186884396178146,0.55290990699436,,,0.112526545727226,,,1.6687829242791372
WEEE_generatedDedicated,WEEE_Cat6,speakerEEE2,AlAndAlAlloys,0.21142032944477,,0.149569564989855,,,,0.393803066611136,,0.556321646473795,0.584468313712741,0.511391729667525,,,,0.0421489230756571,,,2.449123573975479
WEEE_generatedDedicated,WEEE_Cat6,speakerEEE2,CuAndCuAlloys,0.0470193889399931,,,,,,,0.378712347753203,,,,,,,,,0.282764206078466,0.7084959427716621
WEEE_generatedDedicated,WEEE_Cat6,speakerEEE2,ferrousMetals,0.0554538022808166,,,,,,0.0734732798158942,,0.376069558316931,,0.409456619324356,0.55528300215232,,,0.0581279066162775,,,1.5278641685065952
WEEE_generatedDedicated,WEEE_Cat6,speakerEEE2,otherMetalsAndMetalAlloys,0.106878884248598,0.425526373627479,,,,,,0.279391109048251,,,,,,,,,,0.811796366924328
WEEE_generatedDedicated,WEEE_Cat6,speakerEEE2,plastics,0.322950029580613,,,,,,,,,,,,,,,,,0.322950029580613
WEEE_generatedDedicated,WEEE_Cat6,speakerEEE2,undefinedAndMixedMaterials,0.373409636006023,,,,,,,,,,,,,,,,,0.373409636006023
WEEE_generatedDedicated,WEEE_Cat6,transformator,CuAndCuAlloys,0.0954826636740005,,,,,,,0.207499251206265,,,,,,,,,0.217692354849477,0.5206742697297425
WEEE_generatedDedicated,WEEE_Cat6,transformator,ferrousMetals,0.388795524723251,,,,,,0.0522266195981699,,0.535138439693776,,0.426920309739796,0.469750688772953,,,0.262759365307894,,,2.1355909478358397
WEEE_generatedDedicated,WEEE_Cat6,transmission,ferrousMetals,0.476933387799876,,,,,,0.549837387925655,,0.0431061960887474,,0.585151275673016,0.37488236295023,,,0.0512238823642233,,,2.0811344928017474
WEEE_generatedDedicated,WEEE_Cat6,transmission,plastics,0.272496160247385,,,,,,,,,,,,,,,,,0.272496160247385
WEEE_generatedDedicated,WEEE_Cat6,transmitter,CuAndCuAlloys,0.151150897924645,,,,,,,0.405061399080855,,,,,,,,,0.184870285463473,0.7410825824689731
WEEE_generatedDedicated,WEEE_Cat6,transmitter,ferrousMetals,0.311866252761741,,,,0.0065668703161428,,,,0.507461234381452,,0.34076043696778,,,,0.476768749287577,,,1.6434235437146927
WEEE_generatedDedicated,WEEE_Cat6,transmitter,plastics,0.28523124879419,,,,,,,,,,,,,,,,,0.28523124879419
WEEE_generatedDedicated,WEEE_Cat6,wheel,ferrousMetals,0.0429100382942104,,,,,,0.57156404561418,,0.599513247970066,,0.20148319916633,0.0193901768236991,,,0.500738913644835,,,1.9355996215133204
WEEE_generatedDedicated,WEEE_Cat6,wheel,plastics,0.119830318517764,,,,,,,,,,,,,,,,,0.119830318517764
WEEE_generatedDedicated,WEEE_Cat6,wheel,polymerPA6GF30,0.140359429181569,,,,,,,,,,,,,,,,,0.140359429181569
WEEE_generatedDedicated,WEEE_Cat6,wheel,polymerPPTF20,0.29072812743145,,,,,,,,,,,,,,,,,0.29072812743145
WEEE_generatedDedicated,WEEE_Cat6,wheel,polymerPPTF30,0.0197385890816571,,,,,,,,,,,,,,,,,0.0197385890816571
